ts,commit,count,pages,stations,duplicates,changes
2020-10-01T13:18:30Z,fdde8120c2b68edd73f5def5fa4d01a8b4a759ea,538,22,538,0,1851
2020-10-01T13:21:25Z,3f66d2f00194cee8caed1c5c3dba8c1c3692e0d7,538,22,538,0,0
2020-10-01T13:42:36Z,6d51c3908922e4a14cc3d41d7536c1e68a55a8fd,538,22,538,0,0
2020-10-01T13:44:37Z,55be7c12145e5c68da3152a27cb042b32241d8ee,538,22,538,0,0
2020-10-01T21:25:51Z,fc644fb2ebeeddb6a333033c82d1f535a613cc50,538,22,538,0,0
2020-10-02T06:29:55Z,eab224ec624c5721ba28c9e4f94e7aa8d8a5d88d,539,22,539,0,0
2020-10-02T07:25:34Z,6544700eba80f1d257f19aef7e48ec8b01a4bdeb,539,22,539,0,4
2020-10-02T09:26:38Z,8bb37157bc8a67c2d6d4a4aaf77c5967f7bde090,540,22,540,0,2
2020-10-02T22:25:21Z,3b31e3ef3b34f9305820a2108068b8fd4f700efb,540,22,540,0,2
2020-10-05T07:26:12Z,eed70ffce30728971d62ccc99311f58f4e8eb745,540,22,540,0,1
2020-10-05T08:29:02Z,c4dab01dbc76c03396c4baee2d0ec3a2189c0b00,540,22,540,0,0
2020-10-05T11:24:41Z,11f5d1fcf8b3278aa03a9b866b72def5fcf87251,540,22,540,0,92
2020-10-05T22:26:10Z,470c9462c2a4aeca60d55733f59ada6f20b64220,540,22,540,0,1058
2020-10-06T04:28:47Z,c9baad8c736493432e349354a2b46bb6404dec91,540,22,540,0,4
2020-10-06T05:25:23Z,36cc6e674e4d155dabbb738e5030a9e50b0d2110,540,22,540,0,1
2020-10-06T06:30:50Z,ec6be0fcbc825b455840dd99f417db5de65caf01,540,22,540,0,1
2020-10-06T08:29:38Z,e86c0f9cbaa239909f6132baa45e6a725b8ad48d,541,22,541,0,46
2020-10-06T09:27:40Z,0dd54af3ac82e1751fc878f55fab8c917e05da7f,541,22,541,0,4
2020-10-06T10:27:05Z,2cada0b6c832b2a45a1aee29d6cfa88071bdc8f4,541,22,541,0,0
2020-10-06T22:26:26Z,4365070735064b07b44192403ea12e11f189d905,541,22,541,0,180
2020-10-07T09:27:42Z,f82ebad382dc6082888140d3eba0a343e748d78e,541,22,541,0,6
2020-10-07T14:28:02Z,1fa3577d68c9befaec6e3cb99dbfa9634fba7d6b,541,22,541,0,0
2020-10-08T06:26:21Z,a8dbded6a3c46b14c5da3016c263a7c6e81488fc,541,22,541,0,3
2020-10-08T07:23:02Z,54b75c8f536539aeb114e92ce909e52b042c9d5f,541,22,541,0,2
2020-10-08T09:27:51Z,7b7a05f82c898ac7bda3bb7223ce407c9f0dbd23,541,22,541,0,0
2020-10-08T11:25:11Z,11e968efe98bd67d27c097e6cd58ff4f70055a3f,541,22,541,0,7
2020-10-08T14:28:26Z,4f583ca8fecd7b1e8c7d2c3dd2f2ef49aa135554,541,22,541,0,21
2020-10-09T08:30:32Z,4734c3dc91e6dabee1e5a2d262d437e15fa6a5e6,541,22,541,0,6
2020-10-11T17:25:21Z,f438a26eb6a3da9eac2015ce80cfbf6d929d868d,541,22,541,0,0
2020-10-11T22:26:55Z,3a9284257a9ecc3e71e018c4618db6e724daf6ac,541,22,541,0,19
2020-10-12T13:27:22Z,3131e1705d7a64081d4f0cc6c028066df8f1dc17,541,22,541,0,2
2020-10-12T14:29:31Z,4dee5588d72ab37382df0cc3d4638e603ee85fc8,541,22,541,0,3
2020-10-12T22:27:46Z,db61b303c02122e1364ff59d2f2feb8b8f47d6c1,541,22,541,0,1002
2020-10-13T04:30:18Z,ca99d6dbf0cd3cf26f3c381cbfc8dc403fb77d34,541,22,541,0,3
2020-10-13T06:32:35Z,995b776a28a97f095127828a963728d5d817a51d,541,22,541,0,3
2020-10-13T07:28:03Z,fc4c80e0c0d5fef2f060c1dadf79a838b767518e,541,22,541,0,88
2020-10-13T08:31:48Z,7db41625a5ad4c97112a734a4b3b4ed9f0e35f5f,541,22,541,0,67
2020-10-13T09:29:55Z,576e532d37e7ca46d9efefb40b567078cb9e1c86,541,22,541,0,1
2020-10-13T10:28:53Z,417aff5d17df958fd4b9e960bb16a0ba9d236801,541,22,541,0,1
2020-10-13T22:27:35Z,5a63c23e2355537c1d9a4d300962389410eb2a6e,541,22,541,0,144
2020-10-13T23:26:19Z,3003db1408a2d98df8c8afb339520dacabf36d70,541,22,541,0,2
2020-10-14T06:33:02Z,589f4ca053f5a7fadce948e7975cd16da95acd72,541,22,541,0,8
2020-10-14T07:29:02Z,7ce0fad01f55c25e92efe5cc33c50010db29b3e4,541,22,541,0,21
2020-10-14T09:33:53Z,5d5151bb33ab5baf1aa8779bab51567f93457c25,541,22,541,0,1
2020-10-14T10:29:17Z,319becaae0701372c7374632fc362e63cc6086ef,541,22,541,0,2
2020-10-14T22:27:51Z,ea1b0d707a8c78b5db49db7026f459aef9616d73,541,22,541,0,211
2020-10-15T08:31:47Z,2babaac1de77f6403342ea2046e81fc606063fc8,541,22,541,0,98
2020-10-15T09:30:17Z,4feba71d53355d4bf26a0abf43b69a8ffd7d9fc4,541,22,541,0,0
2020-10-15T10:29:19Z,b07c3980f396d3f417eb580a71572159b2c16f74,543,22,543,0,3
2020-10-15T11:27:00Z,dddfea76311edf71d9f73c0cff3942400dd7d0c8,543,22,543,0,0
2020-10-15T12:38:10Z,f83b66f87b209159815f34ed16c746973e2a305d,543,22,543,0,0
2020-10-15T13:27:35Z,533be802c8b78881960fb18bd2a16f7fec19d79f,543,22,543,0,0
2020-10-15T19:26:22Z,201bb9c6ca2d3ae3d14667568963b27df79ce021,543,22,543,0,0
2020-10-15T22:28:04Z,6069349bba4f8d6722b827841c3fcb06958c1ce9,543,22,543,0,55
2020-10-16T05:27:48Z,d505f1b6ceca73ebcc22c1753c9ad12d5a1b4301,543,22,543,0,3
2020-10-16T07:28:38Z,6293f087f2a30617fb42a6df3b479b25d5e56c51,543,22,543,0,1
2020-10-16T08:32:28Z,daa2bb6b76bc321489bde31740e6eb293687fc91,543,22,543,0,3
2020-10-16T10:29:21Z,6e67ffd41a3805f2c409815beff4b7e8d73efed9,543,22,543,0,1
2020-10-16T11:26:57Z,ddad33e282ccffc3ad338fc9ac60534565522590,543,22,543,0,19
2020-10-16T12:48:35Z,f9095ec2cd7901f3ee6c66b4a58aaef9517d4aba,543,22,543,0,1
2020-10-16T22:27:56Z,b94cfb00889074af4971787f4c26dc92f273d084,543,22,543,0,4
2020-10-18T22:28:09Z,c941377f47c52e9215140cc6a27257495e04e575,543,22,543,0,19
2020-10-19T12:38:30Z,2e048945b052a0fd0990d85d71ef479db2dab950,543,22,543,0,2
2020-10-19T13:28:50Z,3a0913b54d0d445eae62711a79d72642f9bf1e47,541,22,541,0,2
2020-10-19T22:28:46Z,73fe919a62139c58f3cc0f89add0aacfad7fbfaf,541,22,541,0,859
2020-10-20T04:32:09Z,b707d8402b521d984e493b79af36561bf85dc434,541,22,541,0,2
2020-10-20T05:28:27Z,9e53a057aabe773ca6e8da715cf6313e92e9320f,541,22,541,0,3
2020-10-20T06:33:48Z,02a293028cf3a7b17a8b1848a952cd43766afb6e,541,22,541,0,6
2020-10-20T07:29:28Z,d78ad98f7cef488ff94419367c984ef6cb882663,541,22,541,0,173
2020-10-20T08:33:16Z,35d90faf6e9ce20092205214137ab3abd5fde935,541,22,541,0,22
2020-10-20T09:30:38Z,536a3ba31edeba3e4daa0b565296e45f5843af02,541,22,541,0,6
2020-10-20T13:29:15Z,9c01e44e3e3df9ee73843a37d432028685898632,541,22,541,0,0
2020-10-20T22:27:27Z,bd684ae9f40876486570e55e0dbe396315236136,541,22,541,0,236
2020-10-21T04:32:56Z,26ad80f3b6c5013f30be2336395428e0d54b8a01,541,22,541,0,16
2020-10-21T06:34:22Z,f8510819ca0cbb1c88af45120a379f6a7d03b573,543,22,543,0,2
2020-10-21T07:30:32Z,7abc9aef9ae10f877aa2cfedd5e465b67ba2fa00,543,22,543,0,4
2020-10-21T12:38:53Z,d6b77c565dad8f12d9f2e32820491a92ed3688e9,543,22,543,0,26
2020-10-21T22:29:54Z,d05b0ab9922e76adfcb4f34ec90b360bdd8a4880,543,22,543,0,2
2020-10-22T05:29:17Z,08a79f3417ba80ec8b822d8a24d9719c1e5c027e,543,22,543,0,0
2020-10-22T06:34:35Z,3cc050d51131d606633df8fab3483a6b13004e0b,544,22,544,0,0
2020-10-22T12:39:05Z,8825d2a64ee2e6e2c3134795ecc62b3a470ffc9e,544,22,544,0,0
2020-10-22T22:29:57Z,2b31e2e0dd5c89f42092bfe1327bdb6506cad72f,544,22,544,0,2
2020-10-23T04:34:25Z,44f4ab8ca52e2d816619e207c57168fc1c1816d9,544,22,544,0,2
2020-10-23T08:34:22Z,21872801255dd097d813cc715e4b46e02f222220,544,22,544,0,1
2020-10-23T09:31:11Z,866845e6bae92fd1267563c2954951b604092000,544,22,544,0,1
2020-10-23T10:31:56Z,bfbdc13a16b3da0826b32060f9b14ab92671fe00,544,22,544,0,1
2020-10-23T22:30:21Z,2cfef1f136896c3c4edd97abc14ccf9154f9c6f3,544,22,544,0,2
2020-10-24T07:30:27Z,254a709a0c5af4f4647654052e3f130220660b08,544,22,544,0,1
2020-10-26T11:29:36Z,d3fa422d9092f1ee0ad84eb9c25e954aae33e74c,544,22,544,0,1
2020-10-26T16:44:07Z,8d999e2fb2f0a8027e0575111bdb109b2b0e6207,544,22,544,0,1
2020-10-26T22:31:15Z,bf8b309902171ae4a5ba94aeffbe4a9331726e8f,544,22,544,0,0
2020-10-26T23:28:56Z,116494adaffa4cd2d07952e5fc58de9928f4347e,544,22,544,0,1057
2020-10-27T06:36:06Z,346a575941b113ed7c3bd67d8898b3519cc64476,544,22,544,0,3
2020-10-27T07:31:11Z,95162e2d90b4382bce5431184064be5b9a618541,544,22,544,0,3
2020-10-27T09:32:54Z,d2645e3bb770407e34924f1d8b3e848d28f2b847,544,22,544,0,1
2020-10-27T10:34:07Z,087e715e2162d86fd554d7879ef4d934c62cb1e3,544,22,544,0,1
2020-10-27T12:40:45Z,17590e80e5db95c4ff37fd8006742f187a93fea7,544,22,544,0,295
2020-10-27T14:32:45Z,dad8d089a73d061827d103404528ca037388f80d,544,22,544,0,102
2020-10-27T19:28:19Z,e7bdb1cb58d75145576c26191c62018fe0602546,544,22,544,0,4
2020-10-27T22:32:13Z,5673be6079cac9ab623775ecdeed25579a4e1e07,544,22,544,0,0
2020-10-27T23:29:30Z,599ee41f47a2cda1785517a97d2677d7ce9f0d8c,544,22,544,0,185
2020-10-28T05:30:52Z,4d811dd86b0c34b3a93285414ef5079a05067cc8,544,22,544,0,16
2020-10-28T07:32:55Z,e2cd9c0b3f079f1444be3e8bb3756dcdaf4312ac,544,22,544,0,3
2020-10-28T23:30:13Z,506ba736c45a3c08689e136ba3e656cd55a2d7ad,544,22,544,0,50
2020-10-29T08:36:15Z,fed717fc94ef29cae32a167dbcd730057efccf13,544,22,544,0,1
2020-10-29T09:33:30Z,526057bc8ba40b99099f4852d0deff04a63a7507,544,22,544,0,1
2020-10-29T10:35:59Z,5679562722aa2aaec3f778752327a53efce1273a,544,22,544,0,0
2020-10-29T16:42:22Z,33865ce324a1549697482087c0795eaab31fedb2,544,22,544,0,4
2020-10-29T19:19:24Z,9170437f2f463914f4a99c6f2476408b966f6642,545,22,545,0,0
2020-10-29T20:21:04Z,0204c472bda52093e222829d778023e3fae892ad,545,22,545,0,2
2020-10-29T22:19:17Z,4eb33b48aa5c57468ce8f70e2c9d0677ef7721fc,545,22,545,0,0
2020-10-30T00:51:12Z,ffc22b5dcaad7d64f025329284b42911ce8477b2,545,22,545,0,1
2020-10-30T06:22:53Z,6286e6076462a45abcd0e27c6806c6f9a46f6ee4,545,22,545,0,2
2020-10-30T07:19:41Z,4642a70c7a2acb4697dcc077740b8887235e1afe,545,22,545,0,1
2020-10-30T09:19:23Z,b9a652a7155fefac514b89237b25c26f6489f54a,545,22,545,0,4
2020-10-30T13:19:19Z,049d670294f633a454538ef8d353039ff8ec3e83,545,22,545,0,1
2020-10-30T14:19:30Z,8799f5e7c6799341952268b105faa3f976261095,545,22,545,0,1
2020-10-30T22:19:36Z,40621178df73785e654e1d1ef717105d4fe0609f,545,22,545,0,0
2020-10-31T06:21:24Z,a1b6b993a7722c53bd35f8420cf9a5ef718259dc,545,22,545,0,2
2020-10-31T22:19:56Z,e33f268136669a457e935492cbf84bbb41cb336b,545,22,545,0,0
2020-11-01T22:21:06Z,89d82d27eb7769812004bbd5e23dd58a1d9813e0,545,22,545,0,0
2020-11-02T22:23:30Z,eb2002733e7b6b2ad5d771da6b77b060af9a8edc,545,22,545,0,0
2020-11-02T23:19:44Z,7b5c28021e03827e88a83d7f6e7554ea58f3e742,545,22,545,0,1060
2020-11-03T04:27:06Z,7a0c91bb15c22d8e0e3073ec28e613c1367703a6,545,22,545,0,2
2020-11-03T07:22:04Z,6c339ef7865658a0731ed85409b8b6b76f85ac91,545,22,545,0,7
2020-11-03T08:24:25Z,c9c2ba631ba6b31196381a50c915c1c198cb43a9,545,22,545,0,2
2020-11-03T11:19:38Z,23d7d92b207c787ff271e094fccf60ff6cbe9cca,545,22,545,0,2
2020-11-03T12:27:08Z,c9fa08d1d4d7e3284bc302411350f54162bebab7,545,22,545,0,242
2020-11-03T14:20:24Z,42a7fdca2a03044d07f75472159d38012c8f8a01,545,22,545,0,122
2020-11-03T22:23:10Z,f1bd686d11e70f9ea1efd4540f72ce258eeecc67,545,22,545,0,0
2020-11-03T23:19:54Z,58b9800295da8474dbfaacf2b6f0509b48d82f54,545,22,545,0,18
2020-11-04T00:50:09Z,9fb43855e5fb381b1d68ad8ee49456ddb042f207,545,22,545,0,176
2020-11-04T05:20:46Z,598e2b8f768d6ffa7f2ac4368ce3f76ed00e41c5,545,22,545,0,20
2020-11-04T06:23:44Z,71dec91167de3163ef8bcfedc0d78255c39519a9,545,22,545,0,6
2020-11-04T07:22:45Z,23d58bb4bde4bde2d7ec6e7cbd7b963279f82be9,546,22,546,0,0
2020-11-04T08:24:58Z,a09918a8a3970ded4b0051deb65613526202af4f,546,22,546,0,3
2020-11-04T09:26:06Z,13f9d57a7192d6b056aaf2366f403fb722494dee,546,22,546,0,42
2020-11-04T10:24:23Z,a24a5df03dd554e506bb8bd90d34336b9285a603,546,22,546,0,15
2020-11-04T12:28:45Z,6b828be349b1d9c66b051126a1d84fef23e6ecb0,546,22,546,0,1
2020-11-04T14:24:37Z,ae0bfb11641ea5702801a6bc6ab26eaf533c0444,546,22,546,0,0
2020-11-04T19:21:30Z,aba86b8b5cfd75225440056c05e93d75b4310a3b,546,22,546,0,62
2020-11-04T23:20:26Z,8f17fa29d6b6e05fc956e13b802850e3f9d78ab7,546,22,546,0,6
2020-11-05T05:21:14Z,639b86e32e896ea02ca4c907297cfdbcd5832bba,546,22,546,0,62
2020-11-05T07:22:48Z,f9fc7e07a740647f8070d96c8f212c1c1c7e0c59,546,22,546,0,0
2020-11-05T09:22:02Z,5441d09d30316a399a7dea6ca33df08bf548c9fa,546,22,546,0,1
2020-11-05T12:28:35Z,7ef32485df967b7a069ae07b3da95fb18fe57d5c,546,22,546,0,2
2020-11-05T15:27:59Z,c7dbb3166d255e4e0cdb7fffe1a7875f7176a92a,546,22,546,0,1
2020-11-05T19:19:20Z,72a5b2ccff9c6d670705e8bd2fd6b88e9ede008c,546,22,546,0,62
2020-11-05T23:20:51Z,7e80eef25b2882f4c7fa1dfe9415eaca3d0d529c,546,22,546,0,220
2020-11-06T05:22:01Z,f040d1a00fb31b687624d8452f7c461542513ddc,546,22,546,0,62
2020-11-06T10:29:17Z,920edb9d587d43262ec21cc97e1bc5a3fb06317b,546,22,546,0,1
2020-11-06T19:23:10Z,cfa2b448424172cf4313f05783ac4061429d0b17,546,22,546,0,62
2020-11-06T22:25:04Z,a61fac1340080b903beb873e924119eaea31cc3f,546,22,546,0,0
2020-11-06T23:24:13Z,07a134eccbff5d0bfd97fd94f1bc38cdae38251d,546,22,546,0,2
2020-11-07T00:56:55Z,3de2fba7d4a84f87722082ee00d7c44422940682,546,22,546,0,55
2020-11-07T05:21:28Z,5eac842f4c932417be6dce3b47598c1f29fdf0af,546,22,546,0,62
2020-11-07T07:23:21Z,24a1842a17160645df2ff8f308dfbc2643956749,546,22,546,0,1
2020-11-07T22:25:21Z,9314c294530278a5b0a71a9185bbd33ec1dd7013,546,22,546,0,0
2020-11-09T09:25:42Z,2f44b4e97b7637d32fb59bf3410a33975cc0a9dc,546,22,546,0,6
2020-11-09T19:20:07Z,13f6e0087e0616b87be97bf6c42f809737027f7d,546,22,546,0,277
2020-11-09T22:27:03Z,fea34b5dada827435746ad40a3f8c9fd7142863b,546,22,546,0,0
2020-11-09T23:22:20Z,d6f655e6e5592a5c8dfa309b18bdac62863061ac,546,22,546,0,1171
2020-11-10T05:19:34Z,5efd665c9b32892819dac69327b55d31a8319dd1,546,22,546,0,70
2020-11-10T06:22:41Z,10e4acf8b99f66b3efcb11cea2f764fe4cff5947,546,22,546,0,5
2020-11-10T07:19:28Z,4d7c70323491c7057811d38700dc0dee10a4c33d,546,22,546,0,1
2020-11-10T08:21:25Z,a939a890598b0e41876b64b46aa6f80dd954f981,546,22,546,0,4
2020-11-10T09:20:22Z,f17ed3249801fc892829db375ceff0e629327c5f,546,22,546,0,22
2020-11-10T11:19:21Z,6a401f7bdf3047399585c2b61e59d462d5caa3f9,546,22,546,0,59
2020-11-10T19:19:21Z,8d5cb2dc8b707bf16c6f59aa7530a57d5ed746dd,546,22,546,0,62
2020-11-10T23:19:22Z,de4f933a90132553ea2fd98ab3b4e97122906ab4,546,22,546,0,33
2020-11-11T00:46:16Z,3e6d4895798026b634a874878a207144eba96f91,546,22,546,0,197
2020-11-11T05:19:22Z,18c524eb7b0bbe03fa27866349aaadbef10e5214,546,22,546,0,67
2020-11-11T19:19:29Z,7d54688209b9aee26a6a665421f92299afd67796,546,22,546,0,62
2020-11-11T22:22:30Z,bbf980fcad73b0c9b42539554c4b2767fa469602,546,22,546,0,0
2020-11-12T05:20:06Z,74c30b6ceffa6ef123624cb77674fc657adc8cd8,546,22,546,0,66
2020-11-12T19:19:20Z,68c547cbae558ed670b7c106f3083c0c1847390b,546,22,546,0,62
2020-11-13T05:20:04Z,a7ff5a896ce712ae99c7400d1e6980ce2db4b25f,546,22,546,0,64
2020-11-13T19:19:21Z,2848daa0b06d43d8cdc154b94915d520803be06a,546,22,546,0,64
2020-11-14T05:19:51Z,50422f15246ebca1e7e083dd2f3fa97524ff0661,546,22,546,0,62
2020-11-16T15:25:27Z,2b85d470b48258ea42c975fc0008f32c00627616,546,22,546,0,0
2020-11-16T20:21:54Z,e1eb33b67c9b5d19ee785f4f2541ba64301568d0,546,22,546,0,374
2020-11-16T22:23:37Z,b7be25667b64fd23e44345addb466d2fcf978e3d,546,22,546,0,0
2020-11-16T23:19:31Z,cbcb6dc9b3bf086d66aee724d5e0a99a6d433309,546,22,546,0,1106
2020-11-17T04:25:24Z,7589dbb32cbe780765cdcd24d775426d5dcb3f1a,546,22,546,0,3
2020-11-17T05:21:00Z,7af4873ffb056d4235abe96054fca8567899e849,546,22,546,0,80
2020-11-17T06:27:28Z,50b94173173057bfb2ba5185d47bc4b75ba27584,546,22,546,0,9
2020-11-17T07:21:23Z,ee2ebb0582c2e861b3f1f5fcfd41447333671e8c,546,22,546,0,40
2020-11-17T08:26:09Z,8735901b795c208e1e24bfbb9486421d65c0505d,546,22,546,0,6
2020-11-17T09:23:30Z,3af3c756ac5a7ce9532de5c90c1779ec4a48a21e,546,22,546,0,212
2020-11-17T13:20:31Z,d6e4106eb132681a96f96cfca52194a54fdf66b9,546,22,546,0,4
2020-11-17T14:26:32Z,67430cc52a9ea00f3b5bea6a617e64dc46ba8c57,546,22,546,0,0
2020-11-17T15:27:33Z,dd7d022fdac72a344b52700c8b430a8ee34d5d1a,546,22,546,0,1
2020-11-17T20:22:21Z,c525c9a8600b5477afe381634b94707796948388,546,22,546,0,62
2020-11-17T22:24:37Z,ce28339f943af9a507a53b04eb69ba263cfeda1a,546,22,546,0,0
2020-11-17T23:20:47Z,0ca00f56fe7c544b44cfa1c50585d33bfea7f25c,546,22,546,0,13
2020-11-18T05:21:44Z,ca43c5eb7bc53270f9933f04a42cc57754afdce1,546,22,546,0,62
2020-11-18T06:28:29Z,1c408d2f4ce2435b92c6a4a84b19a7bb7b429407,546,22,546,0,4
2020-11-18T13:21:14Z,c3088e95631953a4451eb2fa06cd668a1a5df828,546,22,546,0,5
2020-11-18T14:24:39Z,4d27e9b4b3bb585795b8fe06f5307a35b7f447a2,546,22,546,0,2
2020-11-18T20:22:25Z,bfe57768b010fb083485ddb089eae1dcadf649ef,546,22,546,0,62
2020-11-18T22:24:56Z,cb087de38380067ce58eb4c4587e666ca7c344de,546,22,546,0,0
2020-11-19T05:21:59Z,fb7c90bd3c160d28da5cd3f4d1fbdb1b2558836a,546,22,546,0,62
2020-11-19T12:31:07Z,937bce6c7ceea916c7a8635a4425b476daa4ebf9,546,22,546,0,1
2020-11-19T20:23:02Z,8d14ddbe9b0fb4b293f597355e37e6e10416bef1,546,22,546,0,61
2020-11-19T23:21:39Z,01a686c34153f2c5a28d9cdfa01e46f054f25001,546,22,546,0,3
2020-11-20T05:22:12Z,f916da80540cc1c5b1e05cc3cf72d4f53af46c79,546,22,546,0,61
2020-11-20T13:21:16Z,e09469f4dc3266b184da94ebb0e15878ea8da6c6,546,22,546,0,92
2020-11-20T14:25:20Z,600f9b1864d48ae8e8f156fbc01347040cb25085,546,22,546,0,1
2020-11-20T20:23:07Z,33e212045f1ad3db324162fdd827ab16143db164,546,22,546,0,62
2020-11-20T23:21:48Z,b5830ac6de32d418815c604c533293ca2f5829a1,546,22,546,0,2
2020-11-21T05:21:44Z,f601f595394b9cbcf2aab7afe5af1e1f764fa0ca,546,22,546,0,62
2020-11-21T11:21:26Z,ef5fd34d5d4c5b2c71c529c69320572d987b6623,546,22,546,0,21
2020-11-21T22:25:33Z,3aacfa7b574455c05926921674f6717e01b47854,546,22,546,0,0
2020-11-21T23:21:56Z,7aba37e5ff1b0ce6fa9a3fa395155acf98a10e22,546,22,546,0,21
2020-11-23T20:24:05Z,2ea8f5d41b26379feacd22918c10d88cb80d0c76,546,22,546,0,62
2020-11-23T22:26:46Z,3bb35f8cdd70403200bd96063d9625a067a1dee8,546,22,546,0,0
2020-11-23T23:22:49Z,ea58216b7e686f6f1bb982dfc077f028b7f4386b,546,22,546,0,1273
2020-11-24T05:23:28Z,83c1b116f579e9d90964b8f3e7d876d2895a17c3,546,22,546,0,64
2020-11-24T06:30:54Z,5c83bc71aae1c2575ff2bfca0fae4377a225613b,546,22,546,0,6
2020-11-24T07:23:51Z,0aae47536d4ec9277ae93602c557a22176607c40,546,22,546,0,6
2020-11-24T08:28:54Z,8c25607a2a3aa28fd9b82f8e5671c5b88e194744,546,22,546,0,2
2020-11-24T09:25:38Z,310f5a2bb81ee1de1d457e4179fa832e0e1de772,546,22,546,0,2
2020-11-24T10:26:57Z,a30a81faff048202d0111a1224ef93a1a3e65a99,546,22,546,0,37
2020-11-24T15:28:54Z,302c4eedb4c0b9ecd42e81bb0b5e90c3432f5c81,546,22,546,0,225
2020-11-24T20:24:18Z,1e904d8b57121f529718a26f89c54666897cc6fb,546,22,546,0,46
2020-11-24T23:22:58Z,dc3025995d042f62610eb92d84706d26843177c3,546,22,546,0,10
2020-11-25T01:00:35Z,e37fc3e6224c0973d8d56e8e65dc756bf61802ce,546,22,546,0,1
2020-11-25T05:23:29Z,b6346a239c6290b0e0066d3d6a2cbb2ba2f7658a,546,22,546,0,78
2020-11-25T20:24:20Z,f3cc22d5b4f2cd2a83febd6ccc797868767f2087,546,22,546,0,62
2020-11-26T05:23:43Z,591842e6c86bc3c0f87fc9906939531193280146,546,22,546,0,62
2020-11-26T20:25:28Z,ac594cc518c85b3fb027365defc44fab20069913,546,22,546,0,62
2020-11-26T22:27:16Z,d61851883e86a7fd1eef38fc272f026749f2c48d,546,22,546,0,0
2020-11-27T05:24:18Z,3183abeed9dcfddb28641ef10f2e888ffbe6eec6,546,22,546,0,61
2020-11-27T20:25:56Z,f0b879af9aece2499754bbbca1abc35de5fac9cd,546,22,546,0,61
2020-11-27T22:27:21Z,67f5d2e82860b6a19d4afdd6a6d74334ae9cc91e,546,22,546,0,0
2020-11-27T23:24:15Z,6611e3771185f9c6e933933cc71cd71145984bad,546,22,546,0,21
2020-11-28T05:24:02Z,99f9f099ebae5ecffd3a6234ed9a7b87c1beb4e3,546,22,546,0,62
2020-11-30T22:30:49Z,c72495a43595e09161181997d9eb5df345d85002,546,22,546,0,0
2020-11-30T23:25:31Z,fdd7c7b7765239decb1dc8a9090e841a95a0a34f,546,22,546,0,1310
2020-12-01T05:25:52Z,bcd6cf60c24ba4c29ce567ce79c022428f1ce361,546,22,546,0,6
2020-12-01T06:34:09Z,3d156f1c67f32d15973cb4a4f4dc74c351dba8ab,546,22,546,0,414
2020-12-01T07:26:41Z,431ab3c6f074e016d82bb75350909b86fe792d0e,546,22,546,0,23
2020-12-01T08:33:15Z,7cf2cba179d068ac58e4fcee1e0aa5f663a4e019,546,22,546,0,4
2020-12-01T09:28:34Z,210cec74c4aa50598f6118890e190b0b5c55b8de,546,22,546,0,2
2020-12-01T11:25:27Z,e59305f39f28923566e50c843218e817315e9ee3,546,22,546,0,1
2020-12-01T14:31:34Z,c80902ce2fc57c008d5e77bdce017465edd56c0d,546,22,546,0,4
2020-12-01T21:03:53Z,5ed587dc4e40fd77eca05ef2bdf5a6b768664fb3,546,22,546,0,62
2020-12-01T22:31:11Z,c6c8afa8813cbe1ea8f20ee7303eab5805b057cf,546,22,546,0,0
2020-12-01T23:26:21Z,44fda57aab6003660ae0b26d047ad7c50c9b531d,546,22,546,0,168
2020-12-02T05:26:00Z,0c6269c2ef341f8da33c45f81bf9aa95e2b8f016,546,22,546,0,2
2020-12-02T08:33:32Z,57d13094dcff324376312416eb3dfa1fe7d4ec55,546,22,546,0,62
2020-12-02T09:29:41Z,c0433fb1ef65fdbf9d33740d6b65e0778d89f872,547,22,547,0,4
2020-12-02T10:29:00Z,9b5066ca044a305afc5e51447387f547a36cacb3,547,22,547,0,87
2020-12-02T11:25:48Z,4bf8355281f91a88804f512f8ee9e9215d2a7449,547,22,547,0,0
2020-12-02T20:28:05Z,ed3ba893172704805c87a1e659f00a0d7d02dcc8,547,22,547,0,62
2020-12-02T23:26:07Z,5994abfa76a8d2ee4c25d61fdb99e544d9ccbb5f,547,22,547,0,10
2020-12-03T05:26:36Z,451b20e9dd48b397c7a125052713dd17b7bd3221,547,22,547,0,62
2020-12-03T07:27:18Z,520edb5eb49b3515d4eef54475efde19612c2261,547,22,547,0,1
2020-12-03T20:28:23Z,423c3f86e09704804ac3852064c88c453b4951b7,547,22,547,0,62
2020-12-03T23:25:57Z,3e9cc434e12bc636d0553da47f4d348136046313,547,22,547,0,72
2020-12-04T05:28:04Z,9acf174ee31a8e295b2305e4c087e2e6207dde53,547,22,547,0,62
2020-12-04T20:28:46Z,db53d19c07f7b93f587c1ca7a53d54ab1c3278c5,547,22,547,0,62
2020-12-04T22:32:39Z,1379b97fcaedcbddf14edac5d10693bc33ba8642,547,22,547,0,0
2020-12-04T23:27:53Z,a0e95707ded21ffc7d7e4a6fea46593c317bb376,547,22,547,0,1
2020-12-05T05:27:39Z,fdb0c8d547a16082c301584bce5c27a9fceb8499,547,22,547,0,62
2020-12-07T15:32:25Z,e6f523324318c0781bb9edcdc5d5cb30135a8bc4,547,22,547,0,1
2020-12-07T20:29:52Z,3b99e7f1dd2f295fcb87efb5641f5878332fe2e0,547,22,547,0,62
2020-12-07T22:35:48Z,6e217bf841919a858c9f3c38a2f7ab31b815e13a,547,22,547,0,0
2020-12-07T23:31:14Z,0ca6ec2e19c7b98548ca3822982e0d7d6871a867,547,22,547,0,936
2020-12-08T05:29:18Z,fcbd2acb0a4d0149263a1b6c6d2211539f3f1525,547,22,547,0,63
2020-12-08T06:36:30Z,fa6dbc8e236b8dc8aab2bf6c35696daa083c8404,547,22,547,0,3
2020-12-08T07:30:31Z,f5090c2d896aa326e22ad19df32073f496399ff6,547,22,547,0,6
2020-12-08T10:31:20Z,6a5c67d230637a7346d54122ace5ac12f0b3b0cd,547,22,547,0,2
2020-12-08T12:40:11Z,40fe3366bed8ba0001a590fe9ef21de26dd83d12,547,22,547,0,3
2020-12-08T20:29:51Z,11d1c4e6eadba006f65b74d2d6e04d1597140ecb,547,22,547,0,62
2020-12-08T23:31:35Z,83d18aa7b7362dbdd541c0d66f36b6d77daf0a3a,547,22,547,0,80
2020-12-09T05:29:15Z,18dfd9b1bf33dc5a2f527b0c2625b24212f0e9d9,547,22,547,0,62
2020-12-09T08:35:38Z,e43b43cd9d2355c36b94bd1f9fa1a51be4eae00e,547,22,547,0,1
2020-12-09T20:31:17Z,4edf3799e0f4ca161325238fc3c10752cba8c1aa,547,22,547,0,62
2020-12-10T05:29:38Z,3f47430a1881b2e4423c4859aeb66f9a98304593,547,22,547,0,62
2020-12-10T09:33:00Z,cc38e4d0ab29393ac556582fdfe943ddbce540d2,547,22,547,0,2
2020-12-10T15:34:03Z,1900dc868c653c9e90dde6c9ad2a537b19be1049,547,22,547,0,1
2020-12-10T20:30:43Z,77debe704d5d97c835ed27b5f8caa105c8d4d949,547,22,547,0,62
2020-12-11T05:30:06Z,437d62a3d4d5b866823ba8cf8e779d7bf2e08aa6,547,22,547,0,62
2020-12-11T20:31:03Z,758f739d4d89ce36edefda153af064ed6e1788b4,547,22,547,0,62
2020-12-11T22:36:50Z,55018d019067e929ef11a924ff2ea55a140bbb94,547,22,547,0,0
2020-12-12T05:29:17Z,be61a3cacd6a9e412afdc3847913e51349d6ea74,547,22,547,0,62
2020-12-14T20:31:48Z,e4d8f98a6177a70c53c52e97145544e7bd4e160e,547,22,547,0,376
2020-12-14T23:33:28Z,fbd5a03fd00de24ceccd1fee8c79148385128400,547,22,547,0,1305
2020-12-15T04:37:51Z,4cf21b61f38b846476786d26a4e7cd156e316b9d,547,22,547,0,2
2020-12-15T05:30:41Z,c6d663aaac15db5b222e449e1f85b4fb6aaf07f5,547,22,547,0,87
2020-12-15T07:33:11Z,aa27a5de32c0ea1063facabc0d62ec762aecac69,547,22,547,0,9
2020-12-15T08:38:31Z,45f0eb46e39a75b770ee02bfa06f8cb40f8d5155,547,22,547,0,39
2020-12-15T09:33:45Z,48d4701a080bf2234a673d567b0e6ab2d82a4f74,547,22,547,0,3
2020-12-15T11:30:34Z,f29efad46e05a22ce246ab70f566886e86fe0588,547,22,547,0,46
2020-12-15T17:38:18Z,8b601b2534b6c0358cdecb1faec3031f1fcf886b,547,22,547,0,3
2020-12-15T20:32:12Z,b8fa4efa2c8f82b14475d9b61414ad2dfa4ee1e3,547,22,547,0,62
2020-12-15T23:34:09Z,b453f52b2d2a721c50ca6f1ea325838d8ecefdd8,547,22,547,0,31
2020-12-16T05:31:43Z,ff09b2b8b8ea9a5be2bc65ec5ca4d7f44eab9352,547,22,547,0,62
2020-12-16T12:43:49Z,d67ea772e0a6391190ef7a79542fc250de65f26f,547,22,547,0,3
2020-12-16T15:35:32Z,a99d1cfd3be64f149b055b0d5f7405aa95891b8e,547,22,547,0,0
2020-12-16T20:32:39Z,f4ed1d350f1d91a0d9ebee64bd005d84a11293b3,547,22,547,0,62
2020-12-16T23:36:48Z,6362699f0f9339bd04ebb8b9d9ee3b16cfd99736,547,22,547,0,6
2020-12-17T05:31:45Z,c84dac435dbc3471b89b9fe2c1d52e7ffd0f7db7,547,22,547,0,62
2020-12-17T11:31:45Z,b60a35a7c3091d47b8d1a18a179f69e0753812d3,547,22,547,0,10
2020-12-17T20:30:18Z,09397f5db6022b6344d31c39ab4642e5d98e5fd8,547,22,547,0,62
2020-12-18T05:34:46Z,2286bd476d214e9121e964b12cf284a1a440b5d8,547,22,547,0,62
2020-12-18T20:34:05Z,cb527039660e9b4e47c3142b4055b60296c1c592,547,22,547,0,62
2020-12-19T05:33:38Z,68360e5f0763053645265d6317447876da48c1f7,547,22,547,0,62
2020-12-19T21:30:25Z,a05ff8fe6944deb34b7ccd1ab87ce3565164a1a0,547,22,547,0,62
2020-12-21T05:35:51Z,fa6c16d720a186cf77ecb39a21498889c1f46c35,547,22,547,0,62
2020-12-21T12:47:59Z,f5e2727025f032dd7e4885e7872a09de1515e525,547,22,547,0,0
2020-12-21T23:41:40Z,000d2144c4cf008e653fa88361a0c413b0279f16,547,22,547,0,1307
2020-12-22T04:46:35Z,e48462595bee1c6b9a6d7692d283bc72c1e5c9c8,547,22,547,0,2
2020-12-22T06:45:53Z,aadbad9ca9bad94e89a93aaaeb3a1539844b498b,547,22,547,0,5
2020-12-22T07:44:05Z,4b1f21b7d6ac03fac0eb5cc4eb9067f4873923e0,547,22,547,0,74
2020-12-22T08:46:29Z,e9d8e6467d1b42106db8d459e759ebf97a0b1a98,547,22,547,0,366
2020-12-22T10:41:28Z,0847bee1a18be9aa9e97385a1ec928dae82f450d,547,22,547,0,2
2020-12-22T12:52:01Z,345e7bbdc2c7e4b79f5f38bee00f1c01448fa96f,547,22,547,0,2
2020-12-22T20:39:01Z,eeded0429d452107db5e0e4a355fa5ac2cdca15c,547,22,547,0,62
2020-12-22T22:46:24Z,2bb3177857fbc5bde33cabaa1fffd8609f8d7b72,547,22,547,0,0
2020-12-22T23:43:51Z,698c1ce2a64c0d7ccac7f219a96e0407a94987b1,547,22,547,0,82
2020-12-23T06:46:48Z,0c0506f8ddeeb1d63f45cfafbf071b1332bd7c63,547,22,547,0,1
2020-12-23T08:46:48Z,ed0e73b4add677df95838bb34c1a88f801f97b4b,547,22,547,0,2
2020-12-23T10:42:53Z,278c5d703668703040699a47da6f07a01415c9d7,547,22,547,0,1
2020-12-23T23:45:42Z,a58d69c420dd4bf1ffc37a696594b3d63c96b1f0,547,22,547,0,1
2020-12-24T22:45:48Z,1dbd9e579fd1452a9fd8b3aa30ae2a778bfc12bb,547,22,547,0,0
2020-12-26T05:39:53Z,a23603aa1b8c6382d052a2ed09ea17589cc28842,547,22,547,0,62
2020-12-28T20:38:54Z,c087627cd96a943ad5e1c10849f942caf649ac01,547,22,547,0,100
2020-12-28T23:47:36Z,e349a686f30de10ff32ce37fe4c259a728e5cb59,547,22,547,0,1134
2020-12-29T01:35:52Z,24a6fca2ad316f39e987c4d63a0b23fb08bd6365,547,22,547,0,2
2020-12-29T04:54:10Z,f0280bc3b88d27697220451d6ccffbdcee4dcb97,547,22,547,0,2
2020-12-29T05:45:21Z,d0bc7ee886d1caa3ff86f07e1b89cd812b309396,547,22,547,0,64
2020-12-29T06:46:34Z,aa2adf781d5d74fbd89b5bc75fd054681078688b,547,22,547,0,1
2020-12-29T07:48:05Z,00f9d4f0f4c0a1a3e5885aa2608bd7687bcaec0c,547,22,547,0,10
2020-12-29T08:48:23Z,fc094aa60d44522b125ca535a92c3474d16e7851,547,22,547,0,36
2020-12-29T09:46:46Z,2a899fa7a45141ce2f67c07638860d6deaf2acb4,547,22,547,0,40
2020-12-29T15:43:30Z,fe4a01d4ad6971c208c2f8906ec7d90efc0235ce,548,22,548,0,1
2020-12-29T20:42:29Z,be5956580ea72afa6fea9679d4605f3cec8d8324,548,22,548,0,62
2020-12-29T23:49:31Z,c6b9b6d750cc87006c21c4ba1e8ff18f9e3a5035,548,22,548,0,20
2020-12-30T05:45:22Z,3914091949c7defea2fb73ca8518e53f0bfdaf60,548,22,548,0,62
2020-12-30T08:48:40Z,a211056a7896b37962440813bc10a8170adbd65f,548,22,548,0,2
2020-12-30T09:46:56Z,8d605c9eb65654f45dea69046b216541e614cbc0,548,22,548,0,1
2020-12-30T20:43:17Z,3526045aa1c88c3785f3ed882f729c247e60a3f8,548,22,548,0,62
2020-12-30T23:49:26Z,05dba737fd3128a634f5e02ae74d615940d82bbc,548,22,548,0,87
2020-12-31T05:46:25Z,7184a8a36781a60776c8aedf432dd2f7f8b7eeee,548,22,548,0,62
2020-12-31T14:44:40Z,0faf667cc54d4e48dd602d2e3732683be8c8b21d,548,22,548,0,2
2020-12-31T23:49:36Z,54b3bfef67748afa0c14066d9278d6281861ddd2,548,22,548,0,92
2021-01-01T10:48:51Z,edcb25854c7c12f98c651e1b8b5e33bcfc7ff93c,548,22,548,0,0
2021-01-01T22:49:25Z,29ffe8ca5e349852adf047972023ccfbd00462a2,548,22,548,0,0
2021-01-02T18:59:14Z,1ea54f747252c1c8edfc27fefc79040a492d09c1,548,22,548,0,62
2021-01-03T22:49:51Z,65d81577021f23c1751faa91452eff8ee91fc84e,548,22,548,0,0
2021-01-04T05:47:52Z,fdbb5449401d86435c181685fd9eb756cfad6f42,548,22,548,0,4
2021-01-04T20:45:18Z,efbbd53e007d59c3aa01692ca98bcd642158d877,548,22,548,0,206
2021-01-04T23:50:21Z,3e24235bcaedfb516b24624f17129b5d73e71b7a,548,22,548,0,931
2021-01-05T04:57:24Z,c45db72867b8fe3315b91afb1646aafec7308461,548,22,548,0,1
2021-01-05T05:48:53Z,2d3184ca3822791ce7e756eb38eb4b5226078c0e,548,22,548,0,11
2021-01-05T07:52:48Z,a5ade3321a2488ee0db9a0e097c75c93bf4789da,548,22,548,0,8
2021-01-05T09:51:57Z,9317fbd75249db0a0915449dd19b1d2828cda597,548,22,548,0,92
2021-01-05T10:50:46Z,d3bce4f7328d65319e24bbf6c91fda9c1028a545,548,22,548,0,2
2021-01-05T22:51:21Z,a01de9633b6f6ed8ddbbbe519c25bcb43e78ec2d,548,22,548,0,0
2021-01-05T23:50:23Z,412d5f1ae16f83d38c31904291518e450c798661,548,22,548,0,80
2021-01-06T05:50:19Z,345bfd3ad96a056c4488d7a31a6feab77ade1467,548,22,548,0,3
2021-01-06T06:52:15Z,90bda81a9f20bc4007afa717f3c4f7d396572116,548,22,548,0,1
2021-01-06T07:53:16Z,481f3aadb095a8cfb97d3facd46762c93fceda5b,548,22,548,0,1
2021-01-06T09:51:34Z,baa2e96b0e1bff70b8bf496bb39e2c5f6475880d,548,22,548,0,1
2021-01-06T23:51:13Z,2e09d1395332cf308524ec2393270d94c6b89c2c,548,22,548,0,1
2021-01-07T22:52:39Z,fd2fe31ff621aebd815783e2ffb036501b884bfa,548,22,548,0,0
2021-01-07T23:51:05Z,ea51fc4b676e10e0814990d6dd039281e36a5145,548,22,548,0,53
2021-01-08T05:02:50Z,4e626e3bec011594f675d21867b6bf3f9819f379,548,22,548,0,2
2021-01-08T19:44:39Z,fe3fc0e8d6b6a7999b0eebef495344808fbfd9c8,548,22,548,0,2
2021-01-08T22:54:48Z,dbd72a3f70fa1e6083e3e2824a35601f06692f20,548,22,548,0,0
2021-01-09T12:58:52Z,7663a353afae853bca6468018255e0ac92605419,548,22,548,0,2
2021-01-10T23:52:06Z,8274b87ee3e761d1c927931fa871dc3d4992f550,548,22,548,0,92
2021-01-11T09:59:09Z,bd4735612dc1f217b9b562857373d0caa758637a,548,22,548,0,62
2021-01-11T22:58:19Z,72b93d2e53e4e9dbc0d83c9ec26d8170fc9c6045,548,22,548,0,0
2021-01-11T23:54:37Z,8770aad357d501bfcac2b8b140246c4ce089dc66,548,22,548,0,1303
2021-01-12T05:05:40Z,69ccd4aa3336bc4ecb118ea71bc207b8fa258f53,548,22,548,0,4
2021-01-12T06:01:00Z,7b447a7dbf5b89fe80bccd7994be9c31c49a34c2,548,22,548,0,8
2021-01-12T06:58:27Z,c1dd6fa63473129d590a04c64594ff2f15b5988a,548,22,548,0,4
2021-01-12T08:00:29Z,d13e32adcb9bb020d9f647fe913e9403636a43a6,548,22,548,0,335
2021-01-12T09:01:18Z,c03f7a890333509e63348c9847298df44569546b,548,22,548,0,1
2021-01-12T09:59:24Z,1d9e4eb80b76aaee27aca6c6b5a07b0be047cc9b,548,22,548,0,98
2021-01-12T13:07:13Z,278efcfd432c89ce872556d7baea70e052c28cc9,548,22,548,0,2
2021-01-12T14:02:33Z,06da499e02e69137bafa5da6570ae21fd05e0e59,548,22,548,0,2
2021-01-12T14:52:12Z,8cca1a34fef6eab8bb2cbacde446100f101eb1bf,548,22,548,0,2
2021-01-12T20:52:18Z,3dbb6efe11f2729493dd4a60656182579600fc06,548,22,548,0,62
2021-01-13T00:03:56Z,e1fe49400634037a437f23a0c8cec03ed430e9af,548,22,548,0,255
2021-01-13T05:08:34Z,1cf9b0b36d89584536a4a3f733a544213f91deb3,548,22,548,0,67
2021-01-13T07:04:26Z,8e2e5b9a667dca8132d97de931daab0532d0b989,548,22,548,0,1
2021-01-13T13:10:46Z,394fc296138b695693ae939a1b81573d4e02f276,548,22,548,0,3
2021-01-13T20:58:32Z,69df32b4adc838ba1ba46bf0c3f55627b2b120e7,548,22,548,0,62
2021-01-13T23:03:52Z,4a095c62faa8588c8eee1467f848f6e06a36bc4d,548,22,548,0,130
2021-01-14T00:11:00Z,e1dc13203aa2dbfd07e6d11bf341ef4865617416,548,22,548,0,13
2021-01-14T05:11:40Z,1bcf0f0234cfa527818963566dd2e2665c914db2,548,22,548,0,62
2021-01-14T06:07:38Z,683ae67c5457a406f82224bf5ecabd945c3ae5a7,548,22,548,0,4
2021-01-14T07:07:24Z,3fa04e4ce5f1357ab9ecd0b6babbae040f0d02c0,548,22,548,0,2
2021-01-14T10:09:43Z,251f251a1d4c448796b6d931cdd48854574dda9f,548,22,548,0,48
2021-01-14T11:11:36Z,3ea37ac8ea01e99bd8976587bc02819779e3b4e6,548,22,548,0,42
2021-01-14T20:57:58Z,44b2f0b66b9eb1a6316d997d23e3b152f6ecaa50,548,22,548,0,62
2021-01-14T23:02:30Z,8c420b9a80c7e853ee4e2b17357fb128e2b57934,548,22,548,0,17
2021-01-15T00:08:51Z,887b70d6a4a3700a2a653104122855ec07c17ab5,548,22,548,0,8
2021-01-15T05:11:25Z,ab512fbd78fbd280b1d66cd231e54bf909e7ebb4,548,22,548,0,62
2021-01-15T07:06:34Z,baf9af36dde49a0112d5a5e5e9f0c0adc8ee87fc,548,22,548,0,2
2021-01-15T19:15:52Z,a461108ad92229cea7bc7fd3196f61c4cc6f357b,548,22,548,0,2
2021-01-15T21:00:37Z,3c3425e2b3a000f2ed2b6925e6ea64db296b793e,548,22,548,0,62
2021-01-15T23:03:44Z,f8a8438c8a21a051a786b3b68ba1ae5d9ea4373f,548,22,548,0,1
2021-01-16T05:11:16Z,4ed8e58665ffafc73cf5a883a9753bee5ead4828,548,22,548,0,62
2021-01-18T10:10:33Z,0477fdb7943554e5edc9997b09f96e062140029b,548,22,548,0,413
2021-01-18T11:11:50Z,0df2fabc86e898353966f58c09844691b89fc0e6,547,22,547,0,0
2021-01-18T20:10:36Z,997c2b0d71de7a641f5e0e17abbe9d647f004eae,547,22,547,0,373
2021-01-18T23:02:52Z,53ad36067f368851954b2920f617edeb6db6dc1f,547,22,547,0,1125
2021-01-19T00:09:25Z,0cf09c88122f522750ca34f86a25f0254253b993,547,22,547,0,195
2021-01-19T03:31:20Z,1633bed76a757184d91580b4bf5b33862f7faaf0,547,22,547,0,2
2021-01-19T05:12:54Z,4a9e5bd0ab1a6e73f8e5931d0ed831b1223fa602,547,22,547,0,6
2021-01-19T07:08:31Z,cda7d35bd4f0f481351e28302b125e5266ac73ac,547,22,547,0,10
2021-01-19T08:09:53Z,7787d9f62626922913f7a4b7a6ebc8b38a8f8291,547,22,547,0,8
2021-01-19T09:12:25Z,4140ecb29aa2ed0410e270feefcf1e6f3ebaa037,547,22,547,0,2
2021-01-19T12:04:00Z,a6f999674657b9657877e93e4c3716d427cfd4f3,547,22,547,0,2
2021-01-19T13:15:53Z,ddd799b65ea83932758f488f324e5bec772a2aec,547,22,547,0,1
2021-01-19T23:03:58Z,adae78889fc1b35827bc5e5216a24e5ee1a50e36,547,22,547,0,18
2021-01-20T00:10:42Z,3bfe73c0645072b0d51ec80273b6bb92d0bd7ced,547,22,547,0,115
2021-01-20T09:13:23Z,967a55a920c16946d1d5239010baf352439545a6,547,22,547,0,37
2021-01-20T11:13:35Z,2dbade4b074ca8e7aeaa22af9e37a3328b755deb,547,22,547,0,2
2021-01-20T23:01:43Z,ff68de0922a8f2b6d04cc04722442e51a9435134,547,22,547,0,4
2021-01-21T07:09:45Z,0fd4e96e66c3dd91b204d489fbbb496a1322dff0,547,22,547,0,1
2021-01-21T09:13:26Z,e28ae97e495939ac7ed39e0a09a2b3c84c66aec7,547,22,547,0,4
2021-01-21T23:01:50Z,cdc4fc6dfdd747f068f2f888c1433f59b45d51b9,547,22,547,0,19
2021-01-22T14:12:46Z,e91629981e615752fae8733b275d5a59ad21b04a,547,22,547,0,2
2021-01-22T19:15:25Z,4778d64cd2004e52b407f2711d704da7bcdf97f2,547,22,547,0,2
2021-01-25T20:09:33Z,4e58d9b44e2277e6159697008837a4eb9776e0ea,547,22,547,0,87
2021-01-25T23:44:32Z,401ed101557700a18d35643847f0e2c2979dbd01,547,22,547,0,899
2021-01-26T03:41:51Z,92bbfcd76541cf490797dfba4705c473608d36c7,547,22,547,0,1
2021-01-26T05:36:55Z,d24c75d5807600acb11e13276f15f083c1127311,547,22,547,0,9
2021-01-26T06:40:47Z,579e64f1d8c4b1c9558863ac47e12987d68107ea,547,22,547,0,2
2021-01-26T07:38:02Z,e187e8d0cec57b856e09d68bcf538c7f4dd6b90f,547,22,547,0,9
2021-01-26T08:43:28Z,d054085faab3eac7c773bd2ced57dc745b2ff9e1,547,22,547,0,3
2021-01-26T10:38:44Z,ed427124ec2575fcff063f0bafa940b0168b207b,547,22,547,0,3
2021-01-26T23:39:36Z,99d88e07b2360e98d35ccf73d5d4c972be633463,547,22,547,0,63
2021-01-27T05:37:28Z,4c98751e60c9696688c468fbf6b5be309bfba686,547,22,547,0,3
2021-01-27T06:40:49Z,5c7655c0bca8f2d003b3aa02acc4c7c3bd643fee,547,22,547,0,1
2021-01-27T09:39:47Z,1e98df63132440563b16ff29db5315eee7553ebb,547,22,547,0,13
2021-01-27T10:38:59Z,9ba7b7ef4cede72e9d9a13a4fa1ab409769f1437,547,22,547,0,6
2021-01-27T22:40:39Z,a36d0814e23a720f0f5ed0da7a9932131c95ecde,547,22,547,0,0
2021-01-27T23:40:44Z,21fcaafc464bc0d2261182ab19ab249a699cf5f5,547,22,547,0,2
2021-01-28T08:40:06Z,9d206c8c0685cef45a9dda7b79b3ea72e35b8847,547,22,547,0,2
2021-01-28T12:50:45Z,484e75d40a92f6b85ab349d3a29872288c630022,547,22,547,0,3
2021-01-28T22:41:55Z,1bee85b4ad9bef1f47ae5d214d67f285fc3e8034,547,22,547,0,0
2021-01-28T23:42:03Z,b73bd29c5de19569f621b021197d5f31ffd4dd9e,547,22,547,0,3
2021-01-29T21:33:12Z,28052e59f348abae4e545f83d74aa9d789e60faf,547,22,547,0,2
2021-01-29T22:40:46Z,ef62dcf65ddc72eb9f518e157d76b4e4847e16d9,547,22,547,0,0
2021-02-01T23:41:55Z,3646953bd00a9923a132b4d181dd9d1a6f80b0bb,547,22,547,0,797
2021-02-02T03:43:49Z,18e9a412e32c69e652b6d5b0c0212a4488135662,547,22,547,0,2
2021-02-02T05:39:59Z,12436c3fe285429a024cfbab08fd95d9908dfa96,547,22,547,0,4
2021-02-02T06:41:44Z,fa518aea9b3c1d832433585c0e84f848954a9f21,547,22,547,0,3
2021-02-02T08:44:07Z,75bdaefca931e7ad32c319c8475bc613a049cd30,547,22,547,0,4
2021-02-02T10:40:24Z,3e187ba30e611444c0e07779e17349ccfe042e4f,547,22,547,0,5
2021-02-02T20:34:34Z,2d9edd0237521bb17f93ef14078978e6a189d73f,547,22,547,0,37
2021-02-02T23:35:05Z,d5c4bc7ec56b7532a0c64ddb5d9094451a29cd19,547,22,547,0,18
2021-02-03T09:35:27Z,2b3564078e19f7a0e91e1051e359cb1a2540a66c,547,22,547,0,1
2021-02-03T11:31:31Z,c9834c3636f28b4a81237c339ef120eb175ccfd9,547,22,547,0,42
2021-02-03T23:32:57Z,f7ff140c244acd9697bd1d3a09890aee2a98dd0a,547,22,547,0,87
2021-02-04T20:31:13Z,5b1e17f6ec357801f5083802898ba14da22e474b,547,22,547,0,2
2021-02-04T23:33:38Z,ba18a22b48942e6525109ceafc5fe31b8b286413,547,22,547,0,130
2021-02-05T19:24:49Z,1a12d97f2b76a97ac2a703b763c8a2eeb155288a,547,22,547,0,2
2021-02-05T23:32:56Z,5b17c60858408b2ce2fc7dd55600583f63915326,547,22,547,0,8
2021-02-08T07:29:43Z,cbfee14c581e0f895e4ad0331bbe85ff9d0fa6fd,547,22,547,0,32
2021-02-08T23:33:00Z,f19617a09503aab72247be6b212df026618ee7b1,547,22,547,0,1087
2021-02-09T04:35:53Z,4775a2e1ce3e0e751c6834d4bfae0d509f2bfc1e,547,22,547,0,2
2021-02-09T06:34:07Z,a62b1232c2c62cecab9bdf73b82cc563fdc5b959,547,22,547,0,6
2021-02-09T07:30:42Z,719ed5d3f3b20a4f155f1e3473d6210111ab30d3,547,22,547,0,5
2021-02-09T08:36:31Z,d110d877cf8c74aee1a85ccae43996d25c4db664,547,22,547,0,2
2021-02-09T09:31:47Z,1a3d7e77309869b4e94f9b68ebb37ae1a6ed70ad,547,22,547,0,327
2021-02-09T11:28:24Z,f0800588fec5ed48d91fd278e4ceb5ce59e10d22,547,22,547,0,97
2021-02-09T14:43:37Z,55a31dfbdd36359cb7baca7e862756a36ecb7341,547,22,547,0,1
2021-02-09T16:52:51Z,e0bac0fd4d6c85e6e4acaee4fd844db51f921b7b,547,22,547,0,3
2021-02-09T23:33:15Z,511045ded78c55d2fec23ec88535099585fb901d,547,22,547,0,234
2021-02-10T05:29:50Z,980a05935d7325d0a435127a9247f79ab9f0714c,547,22,547,0,2
2021-02-10T06:34:39Z,25047336211c541fdb099be1efd543e154feed1a,547,22,547,0,1
2021-02-10T07:30:37Z,226302943987ac260c13c86683977e5fec4499f3,547,22,547,0,1
2021-02-10T09:32:15Z,baa4cd55e08af81167f7323d1893140e79b24d46,547,22,547,0,2
2021-02-10T11:28:33Z,ad4bb1fd4e9e1e67eb8b8a024f1b2285ead85c7a,547,22,547,0,46
2021-02-10T12:41:51Z,62d8a413f56feba31cfcbdb0c4e7139a7351d6be,547,22,547,0,2
2021-02-10T23:31:13Z,fff15d62b7c23fe4a311712b6ca2fd19602e35bd,547,22,547,0,6
2021-02-11T05:29:40Z,b7e13e85be9c5ab3532df7dd0083b1e3b14f124a,547,22,547,0,3
2021-02-11T23:32:55Z,ec71cea77ceff0f83337d3126a08964ec2b85c22,547,22,547,0,229
2021-02-12T06:34:32Z,c43938475f2bf099af5673a3b9fe4aae5299e90e,547,22,547,0,1
2021-02-12T15:31:15Z,2e07c466a652fe7d5731fe914b62d0ecd4aefab8,547,22,547,0,62
2021-02-12T20:31:33Z,dbbbbcd547df9f79dbebfc3114fce8643548a523,547,22,547,0,17
2021-02-12T23:33:00Z,20c68c75a075a9d21d5d65d81d7cfec110159697,547,22,547,0,2
2021-02-13T23:32:35Z,596a8c2dd1e77a1110da4925eddeaa805820cff7,547,22,547,0,8
2021-02-14T23:33:08Z,d4ad5873d122f550cc44ef6569fd0711f6906f4b,547,22,547,0,130
2021-02-15T20:31:15Z,e7179df881dc1fb60debc71a01694bd8f6829c22,547,22,547,0,393
2021-02-15T23:33:49Z,fa77da6dbadce9a4e6e23ff90e7e88e6873f6c68,547,22,547,0,1330
2021-02-16T04:36:26Z,d2a34f5107ac6f96317ebb4d9f8ea6132de6f28f,547,22,547,0,2
2021-02-16T05:29:51Z,9f83216f946b431b12e47edf169d3cf18f425b61,547,22,547,0,9
2021-02-16T07:30:39Z,d58032e189002c45b0a3d4262d9b4dc1b28d483c,547,22,547,0,14
2021-02-16T08:36:10Z,820305b8e2a3e1a846259bc7682a8d0331b87fc1,547,22,547,0,6
2021-02-16T12:41:50Z,85454ca29760279f288295876f736a7024714edb,547,22,547,0,4
2021-02-16T23:34:02Z,e725f925ad632acd78beee89cb540a0ef0914f0d,547,22,547,0,63
2021-02-17T06:33:28Z,3e1a0041def7ab02ced4f2028ce1e9b9bd6b70aa,547,22,547,0,4
2021-02-18T07:30:52Z,2ac430740b6f0c562b989a66b20aec47cc8c7dea,547,22,547,0,2
2021-02-18T19:24:53Z,b671cf4f2096ac50ae9d7ffbd9dc596fab115979,547,22,547,0,2
2021-02-18T20:31:31Z,8c1b3a0225137184583ac115462c333057aa07ae,547,22,547,0,62
2021-02-18T23:33:40Z,ab1d3c70a577317d0c0bdb2761e6f0563ac324dc,547,22,547,0,130
2021-02-19T20:31:38Z,86b3abb30a5a0700e7397718458d270cd089a85e,547,22,547,0,2
2021-02-19T23:33:36Z,94f3b9574aaf6ed8b4db5db7e158f2b48f72b94f,547,22,547,0,8
2021-02-21T23:33:28Z,25446b83ea3c4c8fab8a8a1afe9ffe3d64f73301,547,22,547,0,130
2021-02-22T05:30:30Z,c7a9151a6da33edd88708eb84a23af51f5e2f06c,547,22,547,0,62
2021-02-22T20:32:35Z,132f05c0a0f7710e7fd8ad8c482010e25f9597d9,547,22,547,0,406
2021-02-22T23:33:52Z,e2de729993811017e046be8da6d459de68be5438,547,22,547,0,1331
2021-02-23T03:32:55Z,8e279ed1026ed5fdb8f7794f2123f65a27537741,547,22,547,0,2
2021-02-23T05:30:35Z,7f5503101f8da739c655cf93057251af0eb885e9,547,22,547,0,8
2021-02-23T06:35:53Z,0b242bdd2e5febd3a187cec82ac9c5b50683391c,547,22,547,0,8
2021-02-23T07:31:06Z,c27c3969beeded9be17d86b2dc6deeef3d304cc1,547,22,547,0,2
2021-02-23T08:37:47Z,7008392b4211402d7f43eebafcb114193ba67267,547,22,547,0,217
2021-02-23T09:33:19Z,de9a0368454f7ebd4aed1f4b3cdcedc44799ba40,547,22,547,0,3
2021-02-23T10:34:42Z,6963f405ed2b382c5f413d8f5d722421fa5da860,547,22,547,0,5
2021-02-23T23:33:58Z,b9fcd7a407fb730c8f61738968b7f0b9bf5ef36d,547,22,547,0,220
2021-02-24T06:36:29Z,1ebf232beaee86f034763a0399c93198a2a613f7,547,22,547,0,2
2021-02-24T09:37:57Z,534dfbc1516f39d83fa1d8c67bfbbea72e21c99e,547,22,547,0,4
2021-02-24T22:31:38Z,25eafbe6ba8123b7b4d890104326a4f34fa51a94,547,22,547,0,0
2021-02-24T23:33:40Z,149bc2216f6cd65ecc2105a2c59b36c2206e95b8,547,22,547,0,21
2021-02-25T09:38:12Z,c30828ff6f3afb1ae7d24f82504e8895901d4b26,547,22,547,0,1
2021-02-25T23:34:11Z,8d4551e1001452c69eb6d6929162124b512e315b,547,22,547,0,134
2021-02-26T07:31:06Z,ae73717070a31eb7ac556d7b6608ee7ddd267739,547,22,547,0,62
2021-02-26T13:31:04Z,b55080bde319b9199411559188891afaf041f09e,547,22,547,0,3
2021-02-26T19:25:27Z,a516768731d81ff79889fb0f05495b41ed473383,547,22,547,0,1
2021-02-26T23:33:58Z,ccb6ee311cf52755058f9d585742bb03ecc954ed,547,22,547,0,10
2021-02-28T22:35:16Z,1f77daf4e7968301fbb97bdd14c51f330dac2e38,547,22,547,0,0
2021-02-28T23:33:56Z,6e2281592f284b5360ce1dad2732af028777e566,547,22,547,0,138
2021-03-01T04:39:20Z,49ffc00a4b51b0750cf3423810aa3c8772fb3379,547,22,547,0,3
2021-03-01T08:38:29Z,f90b3bd24a4dca163196be035eafb0dda3bb9a9c,547,22,547,0,3
2021-03-01T10:58:06Z,eb019f8aae78d9f277b2a94b950838c3bbde06f0,547,22,547,0,7
2021-03-01T20:33:33Z,07b1d490541b6b432e273eeb96f4490cc05edf01,547,22,547,0,374
2021-03-01T22:39:22Z,a2b3d097e0e2a67b99b9910c791c0d25f65b06bd,547,22,547,0,16
2021-03-01T23:31:59Z,f15b00e71814e26f4c45d6bc381f7d21fae36582,547,22,547,0,1315
2021-03-02T01:00:13Z,cf254c1d4faacc76f187e1ec77caf39e2c54e07c,547,22,547,0,2
2021-03-02T05:31:36Z,6a3bd0be6d12793594d2120980a6bbf879383848,547,22,547,0,6
2021-03-02T06:36:21Z,1b524305b37f38231fb0356414ed0514c94ac97b,547,22,547,0,10
2021-03-02T07:31:34Z,f77ac34f9ab7bd4f1d6211436ef3fa9acd87d5a8,547,22,547,0,8
2021-03-02T08:37:20Z,1361988501c40156a4add9406e34099d7ab5be75,547,22,547,0,5
2021-03-02T10:29:32Z,a2f099313c1215e0dc61e4e71956cbbaa112d9e3,547,22,547,0,1
2021-03-02T11:25:35Z,fb320a51b97a13abc7580bb514151549f4181c69,547,22,547,0,2
2021-03-02T19:23:24Z,36c435d04bd37caaf85e5cea59a398c40083fb3a,547,22,547,0,2
2021-03-02T20:32:59Z,c0f3d6602830f180cdb4994c531d5287607bc30d,547,22,547,0,62
2021-03-02T23:34:11Z,66b7368252e4f112e7cfd64772c37d335b4adab1,547,22,547,0,74
2021-03-03T05:32:26Z,f5b566616946d9f45bd696e2197d01cf264167a6,547,22,547,0,62
2021-03-03T11:30:34Z,444fd1d36ca516a5d11ec633cb11a87ec390087e,547,22,547,0,4
2021-03-03T12:43:46Z,5afd311466bea1ced8657509790f7692921d2609,547,22,547,0,2
2021-03-03T14:32:17Z,84780f566a96b5d4752bc1ad02e458c328e72f21,547,22,547,0,1
2021-03-03T15:33:02Z,da7516734fd804abde01b3e41f063a4c85c3f12a,547,22,547,0,2
2021-03-03T20:33:31Z,cf8bf31ef21fd677443574bcab2ec1094733aff5,547,22,547,0,62
2021-03-03T22:36:50Z,e71d7ab7623fc6a61ab1f015258072e62adecd7a,547,22,547,0,0
2021-03-04T05:31:13Z,6ac4f16117290f52870ca18d4e2e55584c56c2bc,547,22,547,0,62
2021-03-04T19:26:24Z,23b2eef6e9867dec45834d54aac03e4cf41c5630,547,22,547,0,2
2021-03-04T20:33:34Z,af6e8750bd799c41cdcbae6180233c3cd64f6207,547,22,547,0,62
2021-03-04T22:36:52Z,5ee99a53ab27d49689c5386e077ec106849ce909,547,22,547,0,0
2021-03-04T23:34:49Z,0f326e5d3916a6f6e387c554b07c027fb734616b,547,22,547,0,138
2021-03-05T09:34:32Z,1e75d467b333ec20eddf6e041b3ee672ff72a459,547,22,547,0,0
2021-03-05T19:26:07Z,08d9e304681bee20556f120dc1b6736342f251c7,547,22,547,0,2
2021-03-07T23:34:42Z,b67c6fc384b54086842022e45cb81c2a03eb1647,547,22,547,0,138
2021-03-08T05:32:51Z,73f5f4f2e79eac7327c9e9a2fddaf8c461c65a16,547,22,547,0,62
2021-03-08T07:32:07Z,2ce99804a61955845e2ca151071cf86c2bbdba48,547,22,547,0,1
2021-03-08T19:26:24Z,2500bb56009c7bc56719a1914349199dffd000c4,547,22,547,0,46
2021-03-08T20:33:48Z,63860a60dcd093ac05f4ece54d79fe70efd17342,547,22,547,0,229
2021-03-08T23:35:09Z,ff2b73328f5d5128ad149f5a792c43cde78b8490,547,22,547,0,1300
2021-03-09T03:33:46Z,cc177c7352b1c639ae4744ed427af1f40e9a2976,547,22,547,0,2
2021-03-09T05:33:28Z,427b89e78f86a0a33672c486cc05028bbb4efb34,547,22,547,0,68
2021-03-09T06:37:15Z,9a761b1d0406d6c428bb2154c34142036e89d3ac,547,22,547,0,6
2021-03-09T07:32:17Z,eaaf33877c13196f92346e9fdd1f8e039f83037d,547,22,547,0,4
2021-03-09T08:38:28Z,cb0b9798982eceee74a707a524c9cee306eb1107,547,22,547,0,5
2021-03-09T10:36:02Z,0ae39ea9e2cbbfa5828659d54d3b56da7fd8918e,547,22,547,0,1
2021-03-09T20:33:44Z,d54a5f0d73a9abf438bf4c43c40f3f30979d2b2c,547,22,547,0,62
2021-03-09T23:35:15Z,f581303458cadaf603e5a1082613bcb8faef32d5,547,22,547,0,174
2021-03-10T05:34:25Z,031f78a7fecc7cda9a88f217cd3798346f18e1a5,547,22,547,0,62
2021-03-10T20:34:33Z,08d45959ed1a94af23aba569cb2c36c3d364ef1e,547,22,547,0,62
2021-03-10T23:33:46Z,3d8a1e56d414d4dfa98936e2bacc4455d5450669,547,22,547,0,130
2021-03-11T05:33:40Z,39e515e7968f0e13e0c63ffd5fdbe1b4124c5d8f,547,22,547,0,62
2021-03-11T10:36:43Z,3fa70232afbc17f965affe2bf57cc18fb76fa48b,547,22,547,0,1
2021-03-11T15:38:53Z,84b1b3c4cfde8e7996c8b2b3cca23fecf5c3e923,547,22,547,0,1
2021-03-11T20:33:22Z,ceaaedb36b7aea18cebc6f8022821848a01aac24,547,22,547,0,62
2021-03-11T23:35:24Z,700a7739811a22412cfa545894b34fedad9891f2,547,22,547,0,14
2021-03-12T23:35:07Z,6a15836669366efa5b04c22d6e727e537b88f2dc,547,22,547,0,99
2021-03-14T23:34:17Z,dfbbe9d68f75c3266dd959a8ea97f7ce55728cc7,547,22,547,0,138
2021-03-15T07:31:58Z,5b94b019e1563c8a463a4d98030c60b5beb8ec4b,547,22,547,0,1
2021-03-15T21:40:52Z,b729d9e224a66a0178e09228f265d8885365bd31,547,22,547,0,417
2021-03-15T22:35:51Z,551ab9493175982a769e6648530b8322f60bd18a,547,22,547,0,16
2021-03-15T23:38:36Z,55cc69a8669cf3ea956414046a9cb9fe13f82df6,547,22,547,0,1303
2021-03-16T01:14:56Z,35ec78a3033a1ef1dc58676bad84422c63fe7347,547,22,547,0,2
2021-03-16T04:41:03Z,930f27da056963a4f91a6798bec88e45b45f7853,547,22,547,0,2
2021-03-16T05:33:36Z,f09a98153dc9013521166acc5dfcb6725623610e,547,22,547,0,2
2021-03-16T06:37:07Z,0fe0876accd2cbb14f694f802585dfc2c9871a62,547,22,547,0,14
2021-03-16T07:31:18Z,2bdc487ee124fe0fbac0f0de363990b28049d021,547,22,547,0,4
2021-03-16T08:37:35Z,a575da66b8c751bef62982a2246e109a62337bf1,547,22,547,0,15
2021-03-16T11:32:02Z,788839d3a4f2c41bdd1c93566cdcba6d119a152e,547,22,547,0,42
2021-03-16T13:40:00Z,97af52f0b24cc957343e84af2f99cc0554f62a3d,547,22,547,0,4
2021-03-16T20:32:36Z,28f025742c9e6f605ba5042a1f4ee94733bc2c2e,547,22,547,0,62
2021-03-16T23:34:17Z,f2fbeb130dbbce4f5f60a836796967fd9ce019eb,547,22,547,0,96
2021-03-17T05:34:28Z,5ae1f040cbb240613fea4f63c34a0c2269cc677a,547,22,547,0,62
2021-03-17T07:32:06Z,13453b6d1df0ba156c82196cd657375df1d77ac3,547,22,547,0,4
2021-03-17T12:45:13Z,63cba5635c959f15d9d0e11b211d7a06dea8f202,547,22,547,0,1
2021-03-17T15:38:58Z,3c4cb62640229a469e223745b5a962a41f3826de,547,22,547,0,62
2021-03-17T22:37:04Z,4c6dd44dd7a1cd36fcc417a150c63a01c0ce936a,547,22,547,0,0
2021-03-17T23:34:09Z,998fe4eedfe6c2d7462ccc1a106d0040864aca49,547,22,547,0,213
2021-03-18T22:37:08Z,7e68495e3ed320136f314a9fad987cba72635eda,547,22,547,0,0
2021-03-18T23:34:19Z,779d789bab9095b3bbd722b021d65e603b73d33b,547,22,547,0,2
2021-03-19T11:32:10Z,eea9aa5e90d00a0b35aa9220284242b9a00b0ad2,547,22,547,0,62
2021-03-19T22:36:58Z,9061286f6ac0eb6c26c65a84b3eca3d3b840de0b,547,22,547,0,0
2021-03-20T22:36:22Z,7bd02f952f499d8aff1a6c19a82abae78a90a05c,547,22,547,0,0
2021-03-21T23:36:00Z,59580277fc622cd237863cd806951ba2bf7d9d03,547,22,547,0,154
2021-03-22T05:41:51Z,f78a417c9c84cd22bf6e3a3331a865e173379e90,547,22,547,0,62
2021-03-22T22:37:46Z,7e981db5c2999fc1de250e883890477b637bec17,547,22,547,0,0
2021-03-22T23:36:19Z,deeba382582468d24c22ea1d8629767c2ccac43e,547,22,547,0,1498
2021-03-23T01:18:22Z,95d7688f4200565cfc34484a94bd1a1231b1cd93,547,22,547,0,8
2021-03-23T03:38:09Z,8927a633f25fcdb64e769621d5ded5141b02dd91,547,22,547,0,2
2021-03-23T05:37:15Z,783909ac5b6888e42bcd3c6466b203b50ccbbc3e,547,22,547,0,10
2021-03-23T06:38:44Z,e535af5507ec1e0c6e552e6fc153ccd63f7b884d,547,22,547,0,24
2021-03-23T07:33:42Z,a0c7d375d2c2ac6827d685089a0d98c3c782416b,547,22,547,0,5
2021-03-23T08:40:18Z,77c2caf0055b91cff809ba4d6ae03345094e480b,547,22,547,0,2
2021-03-23T09:36:22Z,3a6236275d100a3ff121509b54f39acf0f686e40,547,22,547,0,1
2021-03-23T10:37:23Z,6f68ecfc90b656ff0e872e6a9f49e17ceaa1fc82,547,22,547,0,77
2021-03-23T11:32:54Z,d2ff4bc89e9c100c2f4b833348abbce15ea115e2,547,22,547,0,4
2021-03-23T15:41:26Z,0b29550056aef507c73c5197733963370f688938,547,22,547,0,2
2021-03-23T20:35:41Z,a2c7548196cc9a20cedd4467e152fc0666755fd1,547,22,547,0,62
2021-03-23T23:36:49Z,12b4f54d2c683f39ab7fd46e70efba5d257e481e,547,22,547,0,80
2021-03-24T05:21:18Z,fd0ce831e400fe211567590a99e364269ab391d3,547,22,547,0,62
2021-03-24T09:25:55Z,77c22ac13fd92bf2c396c08146b3a2d668fdf7ec,547,22,547,0,0
2021-03-24T20:20:53Z,ebc5ad792dab80cb82afbe3b40235109a1727420,547,22,547,0,62
2021-03-24T22:20:48Z,f8b8489b6966360717b5b858fb4985f241e039cf,547,22,547,0,0
2021-03-24T23:20:58Z,17e2d08ee125b639a256b318b7d4ce99002e4942,547,22,547,0,146
2021-03-25T05:20:59Z,70562ebb450eca1e1f63c891d076c7ffc4663854,547,22,547,0,62
2021-03-25T08:20:51Z,64bd7e2998b4dbb5d0924f78b1bca1a7a7c57a5b,547,22,547,0,3
2021-03-25T20:26:16Z,47e48805de4ac81be541c3bf574137bc0853a917,547,22,547,0,62
2021-03-25T23:26:34Z,f646b2da99849d7b007da1087008d09e9789daed,547,22,547,0,26
2021-03-26T07:26:11Z,dcd49b49170cf7be459673e9c8ce096dede00e31,547,22,547,0,4
2021-03-26T23:26:33Z,8987ff76379a4029701f7e97f0f7f287f14c42c5,547,22,547,0,2
2021-03-28T22:26:51Z,9f63b9d1053d7284bc9ab5ba4960869c60619f93,547,22,547,0,154
2021-03-29T04:27:17Z,5fbdeac7cedf32b8b6183b774efaba5f08fa6895,547,22,547,0,62
2021-03-29T22:26:50Z,48fd857d276bbe9abb4052ca43b873f01dbc43ba,547,22,547,0,1543
2021-03-30T04:27:08Z,7762b371a5a9a03854c3c6e55c1ed152c4eaf6b3,547,22,547,0,22
2021-03-30T05:26:58Z,3d9da51fed7bbf0f5fba95305565c96ac1aa5da9,547,22,547,0,9
2021-03-30T08:27:06Z,87cdb3b65fbb76537e2a55ee449365d352ad608e,547,22,547,0,4
2021-03-30T09:26:47Z,cf2efbbf6da0d51fb32c780b7590eaf82db119dc,547,22,547,0,1
2021-03-30T10:26:44Z,029c8d0bbcf4e67767ec6b8dd96811fc117d502e,547,22,547,0,2
2021-03-30T12:27:24Z,c05ff07011944c691c56dec7a9a488721abb7c06,547,22,547,0,32
2021-03-30T16:27:47Z,7f4c8a63759d5a3af20d438d9ff8c2c429c7f778,547,22,547,0,4
2021-03-30T19:26:29Z,b58190ca17b720c79fd0f0c8afaa0000d6989e37,547,22,547,0,62
2021-03-30T22:26:52Z,3e9762e3c075ee5fc7bd4bc4d8aedbfbe4254dbd,547,22,547,0,46
2021-03-31T03:27:08Z,d8fd8ca602436b096bbda1a5ca90e18e0d328f9a,547,22,547,0,6
2021-03-31T04:27:14Z,0f665b8a95cc4f41d03971031c1cf39362106475,547,22,547,0,62
2021-03-31T19:25:13Z,bc2190e655266b1038d34ace32277fcafe4bfa85,547,22,547,0,62
2021-03-31T21:26:10Z,eae92d7b344970284575ea607e34000fd52c8d07,547,22,547,0,0
2021-03-31T22:26:51Z,ea0858d946e10d6ef4f0876f85bd51e937005f65,547,22,547,0,100
2021-04-01T04:27:07Z,7a83f265a4628658323bb08c08b978a4d4ddc49e,547,22,547,0,62
2021-04-01T05:27:08Z,170aa4da27e20e2ee5aff07e80b38112a4dfce5c,547,22,547,0,1
2021-04-01T19:26:53Z,e9157cda41517dfb888bbeab4ce6d6a4397b46ea,547,22,547,0,62
2021-04-01T21:26:17Z,bf60a67a6395c1069763041aceca5214611d16aa,547,22,547,0,0
2021-04-01T22:35:52Z,edfdb8fc64f8e3c79860094325ffe317151fabbf,547,22,547,0,16
2021-04-02T04:27:17Z,ab169f66bc07f8b07c604285cdce40b5827f77e5,547,22,547,0,2
2021-04-02T10:26:52Z,21dcc7d77a850a115c90f833710a69d72d333c38,547,22,547,0,187
2021-04-02T18:27:50Z,c5beee07fbef173b7147c4cf33214c742b06a679,547,22,547,0,2
2021-04-02T21:25:47Z,c82839ff1394a18c1a4222d6223ca16e1366d6fc,547,22,547,0,0
2021-04-02T22:26:49Z,1341ee078c4d70f3579c886f2c11e802faf1314e,547,22,547,0,4
2021-04-04T22:26:51Z,6895e04f974026c061be1be0c247dbe2797a38c6,547,22,547,0,24
2021-04-05T22:26:55Z,77357b63ef4772eb330e4d940e60b185491c214a,547,22,547,0,1055
2021-04-06T03:27:16Z,d09824f7724fc442a41cea0a8cbdfbef88036ae8,547,22,547,0,2
2021-04-06T04:27:08Z,bbce00eaf0efc2489bd9e7d144b1eb33c5fbad3a,547,22,547,0,64
2021-04-06T05:27:02Z,55f1970eac606895fd9034bd3cd85d8b359e07f8,547,22,547,0,7
2021-04-06T06:27:00Z,aca8fd4c9c6feb0eb10f6fbcfaf6f3e028757e51,547,22,547,0,5
2021-04-06T08:26:53Z,412f7d27fe0eec9543de4c86a4e4de90b618b46b,547,22,547,0,21
2021-04-06T09:26:53Z,4f0c4da77fb36a3fa57870286a6b679c66af130c,547,22,547,0,411
2021-04-06T14:26:39Z,9c643ac451eaab1cd2bea5af18dd6f729cbb8906,547,22,547,0,4
2021-04-06T21:25:48Z,2f2d0398d091541e40079a7b9bb44ccb7e43d8c9,547,22,547,0,0
2021-04-06T22:26:40Z,c23e59200aefce5096eca47361818326db4958ae,547,22,547,0,223
2021-04-06T23:26:40Z,31c1cf0592f873e14fa87f23053a04b7eeb8a27d,547,22,547,0,2
2021-04-07T05:27:03Z,63cc000ce33761bdc4f92d80776736b215394e24,547,22,547,0,4
2021-04-07T08:27:00Z,428a028e7f8c90bda82ce2f97a74768763418f88,547,22,547,0,2
2021-04-07T19:25:51Z,403373bfd61f7373b287a335fa7b62d82b7b6205,547,22,547,0,62
2021-04-07T22:26:50Z,9a70ce5f9f31f8aab62686fed30ec23c4d41decf,547,22,547,0,22
2021-04-08T04:27:11Z,2fa63c777ebb43bcffe8beb8acd87e77b3049383,547,22,547,0,62
2021-04-08T19:26:13Z,02c49302227960778a0eb29ef80d0bb22110d17b,547,22,547,0,62
2021-04-08T22:26:53Z,3904ddb58bc695519644f7c6e2a5f76eca8e3aec,547,22,547,0,26
2021-04-09T06:26:59Z,926abd61373b2740bbba5f0f20b205d3a99800b8,547,22,547,0,0
2021-04-09T21:25:34Z,2a5ae34fdece0e97f7c472e5399b79b304570dd3,547,22,547,0,0
2021-04-09T22:26:54Z,c5bb7bac17545f0f71226855284e4e4cf47fdd50,547,22,547,0,2
2021-04-11T22:26:49Z,743b11f48e5bd3900c5f471931a72b2e2d931d4e,547,22,547,0,24
2021-04-12T04:27:10Z,02df8cd64b9c4036d1a1d70fbd39934b8ebb6918,547,22,547,0,62
2021-04-12T22:26:50Z,9398304fabf2c4bee4bed5a39faf84f25bc68cb2,547,22,547,0,1538
2021-04-13T02:31:53Z,3a4dc53dd6b04dead7e398bfca8e62daf67362ce,547,22,547,0,8
2021-04-13T04:27:04Z,9ad8f371d7f23bcabfe37bf038c3d85a4d5636f3,547,22,547,0,41
2021-04-13T06:27:03Z,1931d126f9779516aa51a183d3ddc19c947dd963,547,22,547,0,2
2021-04-13T08:27:03Z,a64296d7dfbbf5dd9c5939c4143569c33e9a5a69,547,22,547,0,1
2021-04-13T09:26:40Z,56ba097adb2181ee9c8f949e6190aec927e56a98,547,22,547,0,1
2021-04-13T10:26:43Z,3f58aa2603f085fc92dfb55dc155b1dbde567455,547,22,547,0,37
2021-04-13T19:25:41Z,92e4d49adda41ce5307d264eae21ec66122fb3be,547,22,547,0,62
2021-04-13T22:26:57Z,9692a642bffda4227331e7352f0540efad52855a,547,22,547,0,211
2021-04-14T04:27:02Z,034c62699a13f583c0aabc7685b27c60c0e73bf3,547,22,547,0,62
2021-04-14T07:26:18Z,3f4d699d90fd5b41d9e6c0f753bffe362ed371d7,547,22,547,0,3
2021-04-14T19:24:39Z,56f75b0414fcd62f780f8b7d17dc0cc0c0a6ad9a,547,22,547,0,62
2021-04-14T21:25:15Z,b60e44451878dadbbcc12f68b5591c7139e3679a,547,22,547,0,0
2021-04-14T22:26:43Z,5fd54d7e5f89bf527c0cb5ee2c843cdcf42478cb,547,22,547,0,146
2021-04-15T04:26:58Z,29bc206ea41d024eb6b931195cb4f88c28ffc339,547,22,547,0,62
2021-04-15T18:27:38Z,8bea97ba23d42d26c2e53ea8ae9e2b6a02b5a52a,547,22,547,0,2
2021-04-15T20:26:25Z,f417f6c2e2c73551d1e3581bc222c1d93855a748,547,22,547,0,62
2021-04-15T21:25:30Z,404c52314128572b5946c745ecaa4855f9ab9453,547,22,547,0,0
2021-04-15T22:26:51Z,8f3cbfaf9f6fbc02836fd70cff12ac1881a1edfa,547,22,547,0,24
2021-04-16T18:27:34Z,29c95888114da87c87bdefad38cdade35deb8691,547,22,547,0,2
2021-04-18T22:26:48Z,ec0869f4016535357bb968ae7e5ed6084171e234,547,22,547,0,154
2021-04-19T04:27:09Z,40c12033e1f346ea5537517d56218a56b21bc1fd,547,22,547,0,62
2021-04-19T19:25:17Z,b119919edffe916af0a3f62931088667246f29f8,547,22,547,0,372
2021-04-19T22:26:53Z,59ee54aed366356b6c9e1bf9154963de22ddf1c8,547,22,547,0,1310
2021-04-20T03:27:09Z,723fc12176b51148f56ed00cac4e933b03222f97,547,22,547,0,2
2021-04-20T04:27:11Z,b44a70a004840288ab2ca4cc3d8025977b29a440,547,22,547,0,28
2021-04-20T06:27:05Z,7a03454adbb979816576d344faa809093d324e2a,547,22,547,0,2
2021-04-20T07:25:57Z,757e2ab5e92620c24ca0bbae2a8649556cd65a00,547,22,547,0,6
2021-04-20T08:26:54Z,9ba71e8d31f3cc762fa264626331c6d47efddcc5,547,22,547,0,37
2021-04-20T19:25:57Z,020ebc9f916fd2d78a57e4f5b198ef17e39f687f,547,22,547,0,62
2021-04-20T22:26:59Z,1ea26334ad37ad351a850c047ddcdadd1ba132ed,547,22,547,0,61
2021-04-21T04:27:02Z,69c9d66b7103dd980cb66388dcd2276c25fe2653,547,22,547,0,62
2021-04-21T11:24:59Z,4b1ef71e996c31c0ea8cb9ae45c1918c2daede9b,547,22,547,0,2
2021-04-21T12:27:56Z,a5c2b5d465816594cc1d8d31408a8b84457ec7d0,547,22,547,0,16
2021-04-21T19:26:29Z,44e25b81f7aeb19acf17e19acf0c8c3cf96405e8,547,22,547,0,46
2021-04-21T22:26:55Z,90face18236c4b8b1265767892a7281c54190648,547,22,547,0,167
2021-04-22T04:27:12Z,a8d6694da68e4fc683aea7513b2f02680152d20e,547,22,547,0,46
2021-04-22T10:26:45Z,4556dd20295e713d64c19a89c31559113e003d08,547,22,547,0,62
2021-04-22T19:26:37Z,1a28e0a909986ef3dbbe642f54a59b7a12b3aad1,547,22,547,0,206
2021-04-22T22:27:00Z,7a03b33c211928b04c45fb669fbe9d5149377338,547,22,547,0,24
2021-04-22T23:26:34Z,471985f0c38b1ba6331026bc2d4e57a0363386ea,547,22,547,0,2
2021-04-23T04:27:06Z,e2b2cdd79ec8e89a0f8627521973df545189a416,547,22,547,0,8
2021-04-23T19:26:35Z,dc9529275da64c3ec811465c33168b9f8903ecdc,547,22,547,0,2
2021-04-23T22:27:03Z,ffa306d1f628b5068e9a12dc3fabeeafee92300e,547,22,547,0,126
2021-04-25T22:26:58Z,18f6898f18e99f58a1d1c13fc6ef09b1be51b778,547,22,547,0,24
2021-04-26T22:27:04Z,8d2c92c76ee00412550e11307453541752aeb5b6,547,22,547,0,1041
2021-04-27T05:27:24Z,0a01512193c2d0dfa83e9a843f35f5f75e23883b,547,22,547,0,1
2021-04-27T10:26:47Z,1bc85697a3bc8a1cfa037d8a5e1eb550ae391b75,547,22,547,0,4
2021-04-27T11:28:35Z,7d8583c10a5d559d762ba682df549308728d0c23,547,22,547,0,2
2021-04-27T15:26:52Z,2e809b8d9133cac144c59aef1396c173726d8a24,547,22,547,0,2
2021-04-27T22:27:00Z,5ba187ae468bb32baffeb3e005e894eb61bed076,547,22,547,0,4
2021-04-28T05:26:52Z,869600eb5ad4f5c2294b37d0c039c1eb7a6f813a,547,22,547,0,6
2021-04-28T07:26:37Z,6285e0292d53ea75f5b70bca1da2904acb9373e1,547,22,547,0,3
2021-04-28T08:26:54Z,5b625186143b3b0e12be5e359b3f69f31ca5dff2,547,22,547,0,3
2021-04-28T13:27:16Z,1986182a96c04639beb41b17991472fe3f54809a,547,22,547,0,4
2021-04-28T15:26:58Z,28f3e2b560dfc226f5938b587b7e597e39dff768,547,22,547,0,174
2021-04-28T22:26:31Z,4cf62d1550ba10a018de093105deaa11739c6375,547,22,547,0,16
2021-04-29T22:40:23Z,acdcaac90a88761d6e7565589be44c89e29cd32a,547,22,547,0,16
2021-04-30T04:45:01Z,cb3548c35d33bae637f2e66a6c42a9155778068e,547,22,547,0,2
2021-04-30T05:38:05Z,62635a803606c3ba0ead3537005359c5239e0ce8,547,22,547,0,1
2021-04-30T21:34:39Z,ce2b0c06834a78532df44c6188f9b324de2ee5a8,547,22,547,0,0
2021-05-01T21:34:18Z,dc53e1c563ea7750187960cf47d3e31bc4a58d2c,547,22,547,0,0
2021-05-02T10:36:11Z,6fd6b3dbc0468ff92f81a0525bb59f4c418888d7,547,22,547,0,3
2021-05-02T22:39:34Z,34594a6769aa51a17f407e90d5d0db63e4c07ec6,547,22,547,0,146
2021-05-03T20:33:44Z,1f97c83880de0c5e8d21b4003088064a6b59c3ac,547,22,547,0,136
2021-05-03T21:32:46Z,84c9addf4f24d53ba929cf276a16199f33aa3f52,547,22,547,0,0
2021-05-03T22:39:35Z,6d44250b2bc8afa6442deec18c1cd2666b804594,547,22,547,0,1307
2021-05-04T03:41:35Z,f98545ecf1798d1c69af00d6d3966cad8b7d3a1d,547,22,547,0,9
2021-05-04T04:43:10Z,62dbb2534855497865ee6238a7da88a6f62d0b35,547,22,547,0,8
2021-05-04T05:36:15Z,e2f07200fff5c275029a475bfa27209159b938ca,547,22,547,0,5
2021-05-04T07:34:21Z,aedcfb2754e021fafe5a9df1298e52b9cdd6215c,547,22,547,0,2
2021-05-04T08:39:18Z,6c423e103d29cbdb3e1c57209bf43858db90279c,547,22,547,0,1
2021-05-04T10:35:44Z,e7cdbbc29c181d0c4caed7da77af0531572e1ba6,547,22,547,0,0
2021-05-04T11:31:19Z,0f853d62a3c7c4a1ddcd79465bb142f4bd04b5cf,547,22,547,0,1
2021-05-04T15:39:32Z,477a416010f9b81802f66700bf91347e5d33764b,547,22,547,0,4
2021-05-04T20:33:43Z,5d2c1d51000027ed699c4359d05287cc5a44ec55,547,22,547,0,62
2021-05-04T22:39:26Z,b54dbe8c0406e0c05ae1c64aa8c60bf36c2dcf6e,547,22,547,0,10
2021-05-05T04:42:45Z,423a68de0cfdb15dace8c0568ad6683931ecb56f,547,22,547,0,62
2021-05-05T19:30:58Z,41eeea661d44ea46d264af4e0c0c006af8fa3084,547,22,547,0,62
2021-05-05T21:34:32Z,cd3d51df8654c034d145ac36a95ae9e340432aa9,547,22,547,0,0
2021-05-05T22:39:33Z,edf36186bfd7482a14d121f99c68515473bff4a9,547,22,547,0,163
2021-05-06T04:42:55Z,b34b9abe4810fe8d1e46589bf994fb2230db5731,547,22,547,0,62
2021-05-06T07:35:04Z,66ded59be825ae159dd4edcd09a87d89cccde3c6,547,22,547,0,37
2021-05-06T13:40:58Z,6103db025dd833f4c6ad95c77008b6694b7f5708,547,22,547,0,6
2021-05-06T19:30:07Z,f6e26bd477f43980a700f793ab940529015c4c87,547,22,547,0,62
2021-05-06T21:32:52Z,d1d0019b4cc64b082ce16531a15f20c04282e218,547,22,547,0,0
2021-05-06T22:39:38Z,b8ea08d536e5b732731a9b8101cc9a17915c4de9,547,22,547,0,22
2021-05-07T20:34:08Z,d0766105f9ed9f7b5be5e61ed006c506b380b93d,547,22,547,0,2
2021-05-07T21:34:08Z,1be052e77165cef73c077b9017cf1daf11138148,547,22,547,0,0
2021-05-07T22:40:34Z,ea4da44fd5b4f4842433e2194071074c7be542e3,547,22,547,0,10
2021-05-09T22:40:11Z,235933e07420a2b6cebd46274733e9b50b9673e0,547,22,547,0,251
2021-05-10T04:46:19Z,a39305e820ddaa627b03d2a7872199393f74da7b,547,22,547,0,62
2021-05-10T12:51:30Z,6ad475681c93425520a5727ab2c48eb85cf00147,548,22,548,0,0
2021-05-10T20:34:49Z,2685caa8d43cdb573f671374cc5edf21e3f6527f,548,22,548,0,389
2021-05-10T21:34:44Z,88677e41f356477547409e70efc117a017147cf8,548,22,548,0,0
2021-05-10T22:40:28Z,c8b6f299c9c504054868a9824daaab7abdb66dd8,548,22,548,0,1332
2021-05-11T02:55:23Z,0e3147a077ab809cc010940e014b9ed5df4fe0b2,548,22,548,0,16
2021-05-11T04:45:27Z,6149ac155c8b57a5829d4e589fa61671af5d4814,548,22,548,0,18
2021-05-11T06:43:48Z,521902205ff52dbbc35cce11b57109032569f7f4,548,22,548,0,4
2021-05-11T07:35:59Z,53d5f16cca4b766222ffa2c8f13cefe72672c517,548,22,548,0,180
2021-05-11T08:39:59Z,7be841223d876d2993b81dee4ddc8a7219b0333d,548,22,548,0,15
2021-05-11T09:37:21Z,575b73d87f0040838945b981a02c5d402036c50d,548,22,548,0,19
2021-05-11T10:36:38Z,9ba08bb2724fd2923aa5f28d0489715d3e92ee85,548,22,548,0,3
2021-05-11T17:59:07Z,effb3f5ebd8e84624837502b080299158bd5f829,548,22,548,0,2
2021-05-11T21:34:16Z,6f7d29360f2699236d332d855297cd71f95edba0,548,22,548,0,0
2021-05-11T22:40:41Z,d5bf69af2e7b9c845f00227407afb1e85b0d98f0,548,22,548,0,166
2021-05-12T05:43:42Z,6bff1803875e2f6ebddd0978624048d76150683a,548,22,548,0,1
2021-05-12T06:45:27Z,6aed6ae28a6d4a7945ad9fe9384358f54cf89cff,548,22,548,0,2
2021-05-12T08:40:55Z,9dd8296ce8ed22268bd0f5dc9ef29551ec7eed16,548,22,548,0,2
2021-05-12T10:37:44Z,ca7923dd60c53a8d7c8a8ef8ffd447f11d69e548,548,22,548,0,2
2021-05-12T14:34:20Z,9e83c904ea93af9c189de90519aa87c98abd2dc7,548,22,548,0,74
2021-05-12T21:35:07Z,83d1cb1ab8a813f7bbee9fde1244a5ca45036e05,548,22,548,0,0
2021-05-12T22:41:59Z,8ca9ba11659386a94a641c61e676d5b64ab1c24f,548,22,548,0,146
2021-05-13T20:36:26Z,4029d99b55e9c9c7537dde3582ee3db678514ba3,548,22,548,0,2
2021-05-13T22:43:09Z,67c7a5598bc7583c51d26fc2d0ff169623a5d13a,548,22,548,0,25
2021-05-14T21:35:39Z,e2d576cbad4f40c1455826245a2d99cf8a929de6,548,22,548,0,18
2021-05-14T22:42:59Z,58ef1cb390b13f5c0908893a4d8eefe95621f4f6,548,22,548,0,8
2021-05-16T21:34:54Z,59c8ccd04c5ad946200c9049935a0d899b076356,548,22,548,0,0
2021-05-16T22:41:37Z,1f04577207dd0ed5fb877af5cfef160da767f4f9,548,22,548,0,216
2021-05-17T08:41:33Z,30f76a5efc7a7f698a4d0ad23f8488b97b237247,548,22,548,0,0
2021-05-17T22:42:51Z,5e6363fa11b8d14e2bf9ec78fdb045277e85c831,548,22,548,0,1453
2021-05-18T03:01:25Z,7ac8f03cd742465df0fe7938a20aec8730f6e78b,548,22,548,0,16
2021-05-18T03:50:30Z,594d2f80d1a275f7ae43a48a20c749400659f35f,548,22,548,0,2
2021-05-18T04:52:52Z,13470bece14faa8b23ced53f54e48e4ec6907804,548,22,548,0,10
2021-05-18T05:44:00Z,26051b03bc774468d05705508409070a21414eb7,548,22,548,0,2
2021-05-18T06:46:04Z,02271f2040348f4fc50966204549a763099d31b4,548,22,548,0,2
2021-05-18T08:13:12Z,297f9b809e01efed29100d85b7e078e655eee3dc,548,22,548,0,2
2021-05-18T10:10:31Z,a2522654732b2edc1011e057253a902b00d621e0,548,22,548,0,0
2021-05-18T20:40:35Z,d97e276253c5faa503a223ebd479277f71984012,548,22,548,0,62
2021-05-18T21:34:42Z,dd7d14b01f01e7376a6cfd8df6012ea3fa12482d,548,22,548,0,0
2021-05-18T22:42:46Z,e4ece59e8f9de26670b8ee2096bbd9faae406517,548,22,548,0,81
2021-05-19T04:49:15Z,91b469a3aad01fee10df1feea76ba5b903aae3c0,548,22,548,0,62
2021-05-19T20:36:06Z,e758f5807ac6ad93b39c1560a309aa9d7b6dfe69,548,22,548,0,58
2021-05-19T22:42:27Z,05e1148c09223b677366c17ce4f002912b7a5b62,548,22,548,0,146
2021-05-20T04:51:19Z,3731dc194ed7d393c63852813e44d06889ddc34f,548,22,548,0,54
2021-05-20T20:33:58Z,f0145d2600992179a12945102084aefd121ee555,548,22,548,0,39
2021-05-20T22:41:05Z,8d110bec6e5eb6ea100cdca2b4a3c64cd78695cf,548,22,548,0,66
2021-05-21T04:53:01Z,a45d2cd93731737c7933873452205cd072fdd5df,548,22,548,0,1
2021-05-21T05:43:27Z,cdaa87f65d7a8efa684049f9bb4742ab795e2d67,548,22,548,0,1
2021-05-23T22:37:50Z,8ed9269635e533b3339d53c9373bb7e5932d18a6,548,22,548,0,24
2021-05-24T04:56:55Z,bd91d471733ad504cc6bcb87d6f2b7cdb2cef611,548,22,548,0,43
2021-05-24T19:48:01Z,1cf4ee85c50c75b4ce8de99f7d4ca6e87fd38211,548,22,548,0,4
2021-05-24T22:39:42Z,98cc9922c996b7e1e7b66c4f1067e71d0a88ca9f,548,22,548,0,1706
2021-05-25T03:15:15Z,6fdf9cc40bf12344f3e4f08983bc63eea3d23209,548,22,548,0,16
2021-05-25T04:03:35Z,58d9827cba4acba0943af743bc110fff1690777c,548,22,548,0,4
2021-05-25T05:05:25Z,27cf2bc89addb2b26b2a9ca856f49c0e8082768e,548,22,548,0,8
2021-05-25T06:57:00Z,954d13ace175880acde7082aadc62829ce545496,548,22,548,0,34
2021-05-25T07:49:15Z,b3b1615b18f4884800e14ae50368ff68f3c8fa88,547,22,547,0,0
2021-05-25T08:50:42Z,bfb60457fb673a6374866e41ac35e067a58e5e70,547,22,547,0,2
2021-05-25T11:43:24Z,8c018cc6ee274a9bac54263beaeda6c2167a3ba3,547,22,547,0,4
2021-05-25T13:02:18Z,93735b6878e9557954e3b458bc3d102076e8eeee,547,22,547,0,56
2021-05-25T13:54:29Z,369a61fbb97873cad4e5a6fe14eedba3a148a4c6,547,22,547,0,118
2021-05-25T14:47:48Z,9fa191652ccb9bc78fd746dec85becf642a203df,547,22,547,0,1
2021-05-25T20:42:07Z,236c22cab4dc64c18d4692f736d72d97509e0392,547,22,547,0,62
2021-05-25T22:43:57Z,a4c94d4e7a5f92bf4611834e6ac7d62c16900e04,547,22,547,0,35
2021-05-26T05:15:20Z,3ae3f52d7298854fa70f45fa77295099c1b9f102,547,22,547,0,62
2021-05-26T20:50:22Z,aa9e87adc6d934ab3109333745de35c5ba5dc8be,547,22,547,0,58
2021-05-26T22:48:59Z,9930316ec438e7cccede5fe918b0998592dc2040,547,22,547,0,181
2021-05-27T04:23:27Z,584cde64bce5019a764d151091ee6dbd252637b6,547,22,547,0,62
2021-05-27T20:50:14Z,8f7346406bd181d1d9c6ade1bf6d00ecb4e333e8,547,22,547,0,62
2021-05-27T21:45:57Z,2fc404694ea885c0670657ddad91039f792106e9,547,22,547,0,0
2021-05-27T22:51:50Z,83c94f4fd6cb7e9cf24de615b86149c10d2c42f1,547,22,547,0,75
2021-05-28T04:55:13Z,585cd2ae5da8ea0b9104197246115ca973133434,547,22,547,0,2
2021-05-28T11:10:59Z,a063d463fea523f293d0ceb54a5cbf344de989d1,547,22,547,0,0
2021-05-28T19:36:07Z,e7eb9a04c2f5b5e7745da6955192dc0d4f2c8914,547,22,547,0,4
2021-05-28T22:56:29Z,7c03c4645caaeac64826d2133be77c091bb0ce70,547,22,547,0,24
2021-05-29T21:50:57Z,c0b0c840e89920728f2a96511e2bb995009ca12a,547,22,547,0,157
2021-05-29T22:56:07Z,a8a9269abe6c0f4a4587a12902ba9f78440ec352,547,22,547,0,157
2021-05-30T21:52:18Z,a700f284c67f03c0b49998d7248a799b5de67570,547,22,547,0,161
2021-05-30T22:58:53Z,5fafa82a441d076a4cfdaa84a99af3ccd2b590e0,547,22,547,0,181
2021-05-31T06:13:17Z,48d8a4d4bee1e52b25a18342518e7c6f8cbbc5df,547,22,547,0,62
2021-05-31T08:04:45Z,c1388f9fa2e07de9f2b9893e7aeb87f9e3571ae2,547,22,547,0,0
2021-05-31T09:33:41Z,ad2b0a316278f1739fcc98bda83718ceb9c84935,547,22,547,0,0
2021-05-31T11:24:22Z,a55fa3e8260bd706acd5f4c11148714b9114c462,547,22,547,0,2
2021-05-31T13:33:24Z,09fb791b3b92f606038b01947abeb7ae8adc189e,547,22,547,0,0
2021-05-31T20:39:07Z,59914325560e2d27e4040c8109208b515b88a867,547,22,547,0,347
2021-05-31T22:04:03Z,3e768cf1632da653f12070939ebe4ec71057879c,547,22,547,0,1177
2021-05-31T23:08:51Z,02c76687d2dd3a3114bb274a2d9d6e6869767877,547,22,547,0,252
2021-06-01T04:00:29Z,1b543293ee9061219cbf94374ee5265b961d9a62,547,22,547,0,2
2021-06-01T06:38:33Z,89cb5182db4866ffce4ee687b48a0db553ddbf3b,547,22,547,0,35
2021-06-01T08:54:47Z,0c7cb697abd16ea2ffc4153eff7be3ed6acd043d,547,22,547,0,17
2021-06-01T10:18:05Z,bbfa792d53005005f344e10d054c1efc2e142f7b,547,22,547,0,0
2021-06-01T12:12:13Z,8d627b37f0b2775e4cb0232a059080cfa27d945b,547,22,547,0,1
2021-06-01T15:09:42Z,aec0bc656fbb712da8e90d572ba41ae432a29362,547,22,547,0,3
2021-06-01T20:02:45Z,d1f5dd0e1d6ca0520f216cd6ab63f780644fe26b,547,22,547,0,78
2021-06-01T23:15:16Z,42a95f859447faf4ed42ac47b96ed2773179ce10,547,22,547,0,116
2021-06-02T04:03:05Z,cb25b24a8cff3e2521f398f845f7959dfac658b1,547,22,547,0,64
2021-06-02T19:57:08Z,8fdad79b4fbc6f47d9638ca4613e0e2e8efe67e3,547,22,547,0,62
2021-06-02T21:43:37Z,887f75a367c24d2392bd7e2704ec679452e8cb79,547,22,547,0,91
2021-06-02T23:14:10Z,b5f98fcb65ddc1e13612b2d63e84ff997690a242,547,22,547,0,180
2021-06-03T06:12:53Z,836ba1e67d0f4d57669df868cd9da52469da678f,547,22,547,0,62
2021-06-03T09:29:42Z,8547f707ddd28ae48eaad981583e4769a271f376,547,22,547,0,0
2021-06-03T13:34:46Z,861c8bfb61ffada82b2374af8ca9a5d08c5d91ea,547,22,547,0,0
2021-06-03T20:44:39Z,c3c9bd03be7e7c6d94188a588f8687de06f410d5,547,22,547,0,0
2021-06-03T22:10:00Z,42abbeced1369fcaa5c6418956f68a5ce3c909a5,547,22,547,0,16
2021-06-03T23:17:50Z,2e8457fd4b2ba77ccd81db4b794f604ff2c0a281,547,22,547,0,10
2021-06-04T07:13:23Z,7ccd039db667d2d36ac6bab43f40f9654165c124,547,22,547,0,0
2021-06-04T10:47:44Z,6b035e46884c9509c8f2494d141e2bd3a4382441,547,22,547,0,0
2021-06-04T23:06:29Z,2bca6501b5b6c638e28432ebfd917a3010f3866c,547,22,547,0,15
2021-06-06T22:53:26Z,d1534a121c0ab3c290818e3f1fd8c6a3c10ca2c4,547,22,547,0,186
2021-06-07T04:47:26Z,e0ba41cc9d4e996abe2b0ef1ce31a9f3998ac189,547,22,547,0,16
2021-06-07T06:59:36Z,f9d9e2bfb29fcad395f72e289aa8dc2dc7fbe576,547,22,547,0,0
2021-06-07T20:41:39Z,44d88226e1d276190c0670fd45f840a69b45d4ab,547,22,547,0,252
2021-06-07T22:05:42Z,21bec0a73620c3c74273d6a531734028d4dabc43,547,22,547,0,1156
2021-06-08T02:09:38Z,885e23e3cc3c3a664e7eb9411878302fee317314,547,22,547,0,16
2021-06-08T05:23:17Z,bf51cfaaeb40f0469dc5dd88c6535b27622c94a1,547,22,547,0,14
2021-06-08T06:58:21Z,8946b09bafd0f688abfe8c43312c0fb37af4d63d,547,22,547,0,241
2021-06-08T09:45:48Z,3fb4c149f6f6ba1d2fb46c4fd87b2db71608985c,547,22,547,0,4
2021-06-08T10:44:04Z,71e30d9413f2178b99eeaf879fe7c4bfae6ce27b,547,22,547,0,1
2021-06-08T14:39:16Z,f5078dbbcd9d428a5311272df957895692db69f3,547,22,547,0,2
2021-06-08T19:51:19Z,8d3db63b148ca9872f16848a0c64a2d6f8743127,547,22,547,0,4
2021-06-08T20:41:27Z,9d10c08728cf93a146bd61952078080250e48f61,547,22,547,0,285
2021-06-08T21:35:12Z,bba0ba201fe124ccc817b33bfd38dcf7becde171,547,22,547,0,16
2021-06-08T22:38:18Z,39acd066693ea6ad435425ccd657d267fa1ac335,547,22,547,0,139
2021-06-09T05:05:44Z,71b2620ac9d50101e9dde7303ef45073c196f92b,547,22,547,0,62
2021-06-09T05:54:41Z,5e5bca3482f68474420880f23b283b032276caca,547,22,547,0,4
2021-06-09T08:39:40Z,b1e09b722edef5b8cf356881861d5a911fe2a20c,547,22,547,0,1
2021-06-09T09:40:02Z,215a5144016c06a6db98f93ef3ef8221808b97ef,547,22,547,0,1
2021-06-09T10:40:03Z,c07f581e8bccfded210444ab74af03f9aba30ac9,547,22,547,0,3
2021-06-09T13:49:50Z,1b3c136394ad229642491871ef5a1251d464e88a,547,22,547,0,4
2021-06-09T20:34:02Z,39621237973d1695702bb6be383c0acbd9b3dc7f,547,22,547,0,62
2021-06-09T22:37:21Z,76b11b1a6fcdfdf9d9932fe92ac135254831c27f,547,22,547,0,280
2021-06-10T05:01:25Z,65f1946a2e71ce72ebbd710c94ac189ef6a2f3cb,547,22,547,0,58
2021-06-10T09:40:52Z,c26ebb31c63732011ae1ed33f1d4f988e9ca6b98,547,22,547,0,0
2021-06-10T10:41:00Z,f8b7dea24cdb58f4cfa5950e10e62131047fd364,547,22,547,0,0
2021-06-10T20:32:46Z,03a23478d4c289488b80df2a9391fe7d9425a7e2,547,22,547,0,82
2021-06-10T22:33:32Z,23b6d21363251a92a873b5ce50eea5e58eb02b4b,547,22,547,0,49
2021-06-11T22:34:33Z,b97723241967f9028e6bd5a92722ad0990e5beac,547,22,547,0,2
2021-06-13T22:33:57Z,aeccc2c5f5f4da0456785f0715e0fe7520efccb4,547,22,547,0,186
2021-06-14T04:45:33Z,285eabf9efbeb8f4ca1e6fe90d217adb7a9de38a,547,22,547,0,84
2021-06-14T10:37:08Z,a72e1e4d573c358f59324b3272643eb1dc70d52a,547,22,547,0,0
2021-06-14T12:52:51Z,5cd45bc9045d99704c94560e66574aced6fa3053,547,22,547,0,0
2021-06-14T18:42:12Z,8c0df62bd6dd3e67608967a6b7645871555ef5f9,547,22,547,0,0
2021-06-14T20:32:24Z,73b57eb4e103217b70b8c781b5fab3cbebd5b2e7,547,22,547,0,409
2021-06-14T22:35:27Z,263391ad2a95ffaf2ae65f4504efb7f8237b7f41,547,22,547,0,1389
2021-06-15T02:51:30Z,2eedfb989b611177d1751916fed6e84c75843dd9,547,22,547,0,16
2021-06-15T03:41:24Z,580be085d47988647b792f34927f6a2d16cbeb7b,547,22,547,0,2
2021-06-15T04:45:24Z,9e5f64d42fe7987fdb4b301098cc96a349f07dcd,547,22,547,0,7
2021-06-15T05:34:18Z,2db3fc49335a7451915afe7be53f57c2af933c1c,547,22,547,0,4
2021-06-15T06:43:13Z,c87a00ba823c63c4a70622448fb6fb858a60f7e9,547,22,547,0,4
2021-06-15T08:41:43Z,4ca5a98dbcbca1707f08d81168f5e1fe9e19db05,547,22,547,0,6
2021-06-15T09:35:53Z,e1e1b4f443e753af4e26dfbf9e3d79c30ba99d54,547,22,547,0,1
2021-06-15T10:36:50Z,9933bd9edee1c0459e394ce69ab48fe5d4f323c3,547,22,547,0,2
2021-06-15T12:53:05Z,258cef5f515550883712b3de841828a215ee5b32,547,22,547,0,2
2021-06-15T15:40:33Z,c7fba351bbb850385689cee0dd5ec3d2c0874663,547,22,547,0,2
2021-06-15T20:32:24Z,ec91193df52b1a3d36a4c4db21eaa531d00df60f,547,22,547,0,62
2021-06-15T22:34:53Z,daa099172b7bb925390dcf4152f88885b332d737,547,22,547,0,4
2021-06-16T04:45:32Z,721617896c3b778711e543f89dae7480f12161b4,547,22,547,0,62
2021-06-16T05:34:23Z,4e9c30beb1b6218ead5cb6e2425570e486d1d04a,547,22,547,0,4
2021-06-16T08:36:00Z,0e805351e07233f208f91e0cdc7007ef9f6e4236,547,22,547,0,37
2021-06-16T09:35:29Z,6c9bb18b8d00ba1fdcc377136a989d7ae3e1c566,547,22,547,0,0
2021-06-16T17:48:11Z,381e62c0962b33a92ccca6eaa593b842ca56d1d5,547,22,547,0,2
2021-06-16T20:32:34Z,88be232bafa573d27e96763e4d7fdb6223236d18,547,22,547,0,62
2021-06-16T22:34:21Z,1fa27b210a7088539d551b98b4a37032142ac3dd,547,22,547,0,178
2021-06-17T04:45:02Z,341fc2ed26fa365e4291653088651e516dd816df,547,22,547,0,58
2021-06-17T06:44:11Z,8c95f6037909040bc6fca14938f4bc808df481a7,547,22,547,0,4
2021-06-17T19:27:31Z,64b7794de26cff1ed156287a999e94cf0e337a8c,547,22,547,0,58
2021-06-17T20:32:32Z,97a20ef7dba2fdbfaaad4e8c8c7f30c1e04473fe,547,22,547,0,11
2021-06-17T21:33:34Z,ac7903b422391dda395a26988e8c63fbf21187ff,547,22,547,0,2
2021-06-17T22:34:46Z,9d0e3d325cccedc66d8f78dd7e7676fbe823a20c,547,22,547,0,27
2021-06-18T07:34:06Z,8df9ed01c35525d7b5031eb70e45775d427f09cf,547,22,547,0,1
2021-06-18T16:59:25Z,87481dc769a627d0e9317af3e641ac138ac8b031,547,22,547,0,0
2021-06-18T18:42:16Z,e22d6ac425a4ce492a1bc20bd1c5a12f73754087,547,22,547,0,0
2021-06-18T19:26:09Z,ba6a0d4b16c3d2857fa616106a05c18c18301a7a,547,22,547,0,2
2021-06-18T20:32:45Z,7a2862bc4c1a891b0e7e596b2197f352b3729d31,547,22,547,0,2
2021-06-18T22:34:01Z,65049454c244677aa8f4ec7f8b105d20374444f1,547,22,547,0,1
2021-06-20T22:33:19Z,2124bdbab7bb8ed7239fb80c9ed4ebeeea73f4c2,547,22,547,0,24
2021-06-21T05:32:26Z,c1ec0717f12471d962142cdee78b0fe3ea08e326,547,22,547,0,2
2021-06-21T06:44:25Z,4c9a7468be5c19cd66fe72baa6acf2e782ac22c3,547,22,547,0,0
2021-06-21T11:28:30Z,6b3e64cd91b5351cab7863da91f2d43e46d075a4,547,22,547,0,0
2021-06-21T12:53:18Z,abbe4ebff048873c5452ed3bdd46e5355e297bd0,547,22,547,0,0
2021-06-21T19:25:41Z,a97a6b08ec6c981a0f5b2575dc52ac9c1d98551e,547,22,547,0,4
2021-06-21T20:32:09Z,db3c5cd56cdff1ed3e1aa99d40331925f12e97aa,547,22,547,0,323
2021-06-21T22:34:00Z,14b669efcde44a4a0f15e00ed4c6dce636130416,547,22,547,0,1386
2021-06-22T02:45:57Z,3d7d0075e7bd4f348cc2fb58e4db7ec2890558f2,547,22,547,0,2
2021-06-22T04:44:32Z,9d4e3e137da8af42f95d138c36a41ed43715b339,547,22,547,0,69
2021-06-22T05:32:30Z,69b478622c98266be3c165ccffb120ed7b377b77,547,22,547,0,12
2021-06-22T06:43:22Z,59e4ece81f8d99c340d0c833a63606b9ebcaa2ba,547,22,547,0,3
2021-06-22T08:37:12Z,caad99ead31de7e0c819101cbf686892e5bcebb6,547,22,547,0,195
2021-06-22T10:36:33Z,ed033e8c1aa9ba17aa03e65af529ead5a476d3a5,547,22,547,0,0
2021-06-22T12:53:11Z,ca95d3b779c565af22a6b9f2dff2f6118231d1e2,547,22,547,0,1
2021-06-22T17:44:42Z,7339996520632561b1e918d11c4c731fa6a155df,547,22,547,0,0
2021-06-22T19:25:31Z,e1b05da0790ac830e8ff5e3e93509790f54e4b71,547,22,547,0,62
2021-06-22T22:32:23Z,37ac8136caa11e54529f3ad730fbc3574d6365ea,547,22,547,0,148
2021-06-23T04:40:57Z,f40f5e1477acaafa1ebd34ce05c111b9b4b3fdf8,547,22,547,0,62
2021-06-23T08:33:21Z,6aafc8fbb55bfdd57810ee2a6328d85085054b3f,547,22,547,0,4
2021-06-23T11:28:29Z,07eafcb15b9321f857afcf7a81cf19ea20904a95,547,22,547,0,0
2021-06-23T12:44:03Z,e7a2a58927b28633d806f0f62b7cabd2daded97e,547,22,547,0,1
2021-06-23T14:26:45Z,25d870fd57abb4cf0a5de266451e3a027c690c9e,547,22,547,0,0
2021-06-23T17:35:47Z,4d7b39d15c8716522d914a9d0c2b115e533234e4,547,22,547,0,0
2021-06-23T18:38:30Z,fbaa5dc06be702d42dc470ff2aff0afe9fe793a5,547,22,547,0,0
2021-06-23T19:23:21Z,3e00f5a70702babf17c1c166df73ad8e214968ac,547,22,547,0,51
2021-06-23T22:30:38Z,9579fc0acd32a3f90cc742ea3a6d9fd43320ae1a,547,22,547,0,16
2021-06-24T04:41:49Z,9fd21e2bbff991c9381c99bc5b884353beef0006,547,22,547,0,35
2021-06-24T10:34:58Z,1836cc84f53453e155ee4f0271288bdce121f54e,547,22,547,0,46
2021-06-24T20:26:50Z,8d62e0434fd046cfaa5bf92839509ba176ecf79d,547,22,547,0,24
2021-06-24T22:32:36Z,0a42fdfba61330559f1435ae60bae5b105e9c738,547,22,547,0,18
2021-06-25T22:32:11Z,9b2bb7df7d638643b538066bb7d5a8e0f2c78df9,547,22,547,0,2
2021-06-27T22:31:36Z,fbe8e5c5c78ef942069d72b3c1c2ceb2486ab04a,547,22,547,0,178
2021-06-28T04:42:21Z,eaa57478fafd01498dcc7b4999cdb8a8b3356fab,547,22,547,0,19
2021-06-28T06:42:12Z,565c483b4d7f38b56ceeabaa98d214d902c1d32b,547,22,547,0,3
2021-06-28T07:28:04Z,924d50ec45dfe9528c61fdf91ab298c0396d72f6,547,22,547,0,4
2021-06-28T19:25:41Z,8bc996ac40ce048f166b7a321852c51281434181,547,22,547,0,4
2021-06-28T20:30:28Z,89e69cb9430e2d4bc505d08a8e9d99836b03b5a2,547,22,547,0,337
2021-06-28T22:30:49Z,9b4e7ce4c1cd7866e67f96b707576b70aed7777e,547,22,547,0,1389
2021-06-29T02:42:12Z,4d86d3588927e6e1579b0a41d96e352cbab4bdfd,547,22,547,0,18
2021-06-29T03:35:22Z,c628c84f1eaa53b66d18da84a9cf9c35d1194a74,547,22,547,0,4
2021-06-29T05:27:55Z,effbf6d7349bf0cb554da53be4050e20c74ff4f1,547,22,547,0,5
2021-06-29T06:42:17Z,875e8f64105bbd41956d968cfc22086812b206df,547,22,547,0,8
2021-06-29T07:28:04Z,29ac0854ad7560fe87a9613f5b2c58d090c30b64,547,22,547,0,4
2021-06-29T08:38:47Z,8e330bc6fb364b2b7acdc4a60d017cd464122fb5,547,22,547,0,58
2021-06-29T10:35:44Z,74ed6a897903c6b89a9b1243d1487c9882cc7170,547,22,547,0,10
2021-06-29T11:26:55Z,c7ea589ff372a4cce507b0d8855a27586e4958fd,547,22,547,0,5
2021-06-29T12:55:45Z,19d9eb43041cf37c437daf0c9879b4304c4173ed,547,22,547,0,2
2021-06-29T19:24:31Z,595ee2c783b4cc186f969b93b409d525c8d877ec,547,22,547,0,53
2021-06-29T22:32:17Z,3b414b7e43b57c7b0f62f8bb123b18af3c47c493,547,22,547,0,95
2021-06-30T04:41:57Z,c3386de34d96fbe4982d2784289d3f9e1fb7c6d1,547,22,547,0,55
2021-06-30T06:42:04Z,2d79622bbc62fd2c9005964a72c19c5e70da0831,547,22,547,0,4
2021-06-30T08:38:52Z,452e5c1813eda70e4d37109066cb31d757f72b30,547,22,547,0,0
2021-06-30T09:35:46Z,61da8833c69830f8e14c124e9c22792e05ebbf69,547,22,547,0,0
2021-06-30T12:55:06Z,03bcfbdfff370bbeb5701531902885dc00d29922,547,22,547,0,0
2021-06-30T19:24:21Z,b9627889b969b7f58b37b352b149bad7a4317d9d,547,22,547,0,58
2021-06-30T20:30:40Z,d1f0eca0cc8cf0c8cfbae80b08d30659439b09d7,547,22,547,0,25
2021-06-30T22:32:08Z,79c58a84aa49ae1b842919ec972a6ce099cc6709,547,22,547,0,148
2021-06-30T23:29:42Z,8d721c285fdc2d7518b08ffc5a103d4cc66f5c5e,547,22,547,0,0
2021-07-01T04:41:55Z,5c57ac950462512800a4c76908f63c489e41eda4,547,22,547,0,50
2021-07-01T05:27:15Z,36f7fa31005a260c449cf47daf692dbe2cb40ac4,547,22,547,0,0
2021-07-01T10:38:44Z,e7cb2159874a6f78337d3128abb6b56bb885d261,547,22,547,0,54
2021-07-01T19:26:07Z,2abd5a0f30233bcccf1090828c232a9b8057e087,547,22,547,0,47
2021-07-01T22:31:42Z,066a7b89135d7b3c8aaf716d16094ff1180a144e,547,22,547,0,58
2021-07-01T23:30:28Z,4343326362d54ea87c8275e0b1a79f9cd794beac,547,22,547,0,1
2021-07-02T04:41:28Z,ffe1ca9e82486d5cafe394835b1f87fa57e02517,547,22,547,0,0
2021-07-02T09:33:38Z,2cd87f062d98bfd45c5753444580994bea5d9024,547,22,547,0,7
2021-07-02T11:26:25Z,e5c27229d19f0e70035c9140867fb0fba43b0d90,547,22,547,0,14
2021-07-02T12:49:17Z,d36f3c9d2ab8be3f1f7b029ad45934e391d03113,547,22,547,0,0
2021-07-02T22:36:23Z,08ec655c785c493a65aaa99a67be1a78cc65b7ae,547,22,547,0,19
2021-07-04T22:30:48Z,28ebfa5a21c053b7c24a4fd0473af557b092e1f7,547,22,547,0,56
2021-07-05T10:34:07Z,934688f6e803dcc77912e4a525a7007d9a71f37c,547,22,547,0,47
2021-07-05T14:31:45Z,3471cd868937d79b592ffbd1fd1dc276d9d79252,547,22,547,0,0
2021-07-05T19:22:47Z,e7ab1f6f461a35789476e1859a9d603a18e1d0fe,547,22,547,0,4
2021-07-05T20:29:35Z,53d83f87ad2b1dd63b13ece1921279478037ac69,547,22,547,0,347
2021-07-05T22:31:11Z,9ae5313cc6390dec08294193c5869d12dd00e4b5,547,22,547,0,1324
2021-07-06T01:31:44Z,e6a40edfc1269c1ac4e52f076c4bc37fe3769ad1,547,22,547,0,16
2021-07-06T02:39:24Z,37b165e86e3f35ef4f4cee87f76e421aa04e8774,547,22,547,0,2
2021-07-06T04:41:30Z,522fcc8de99514b3df4d5097ec0e2c230dc2bcab,547,22,547,0,6
2021-07-06T05:26:59Z,6f690e92aa85f22a37f78b280cb0ca69791049b0,547,22,547,0,6
2021-07-06T06:41:01Z,1cea23a36557aa824222f1f51c8f3991ac1bb075,547,22,547,0,1
2021-07-06T07:27:39Z,d555856137880bdf03de4c676ae18f352ac12e9a,547,22,547,0,3
2021-07-06T08:33:45Z,26719e7e1ff3903dad5ce4e05980eea40020763b,547,22,547,0,44
2021-07-06T09:34:33Z,8edbbb5f610b307ab6f92b9171628255845cad7f,547,22,547,0,3
2021-07-06T12:53:46Z,ae127c63b61f690fb2b49a788a28f723073039e4,547,22,547,0,3
2021-07-06T13:32:20Z,226122d861b2e2b1107023de00f7a8bb58a037f4,547,22,547,0,1
2021-07-06T14:27:12Z,c4300a92091e524688b660ba86041cc4d7ba0825,547,22,547,0,4
2021-07-06T19:22:48Z,f97c9ee890d8d4244bd58792f68777bcf86bac46,547,22,547,0,54
2021-07-06T22:31:25Z,421ff07ed766cfd14712a2f0bb2d0bf92a0e8c3e,547,22,547,0,200
2021-07-07T04:41:45Z,fe13c095527e5adb3bcc1331b1c29644b1b0ca1c,547,22,547,0,50
2021-07-07T12:49:23Z,a28e901d1e6a92caddcdd517138e828bd35c8a88,547,22,547,0,2
2021-07-07T19:22:51Z,cfc83736d09e0c0b1de22db5dbc6b58cfbfcba31,547,22,547,0,50
2021-07-07T22:31:21Z,01840555e12c50bac276dae7f2552a7b7874f220,547,22,547,0,17
2021-07-08T04:41:44Z,35d6aecfc30f12b0df043da61952e3eb272e13ee,547,22,547,0,46
2021-07-08T19:22:55Z,94ef877ea8ec9e50332d65da5ae517fe24c023c5,547,22,547,0,54
2021-07-08T21:31:06Z,1cd2a800b0949535da1041ed2d0c861fea9ccf7c,547,22,547,0,2
2021-07-08T22:31:30Z,bdc15417f759d580a0d6a8489073ef2e0bd0d102,547,22,547,0,114
2021-07-09T01:31:32Z,5a995a247630037e72c5219cc58cf8e2c93ebab9,547,22,547,0,1
2021-07-09T05:26:49Z,b6be153ede161616ebbeb84e9892250af6ab4af6,547,22,547,0,1
2021-07-09T06:40:24Z,0d891d4518a2819387e7038cebc6507d4e418999,547,22,547,0,4
2021-07-09T07:27:52Z,f8c16c0ba90bf65a6cee1d2f8b0128ff1bfe1c12,547,22,547,0,3
2021-07-09T11:26:29Z,861eeff733ae789607591658638b1384a323d2a7,547,22,547,0,15
2021-07-09T15:40:08Z,5778c31dd165e6d48a7823d7f10aed88e3415f8c,547,22,547,0,1
2021-07-09T19:22:50Z,8fe8a204b4ed5cd1a8937bd928bc1805ec95af2f,547,22,547,0,19
2021-07-09T21:31:27Z,a435a5dcb7be585f660bfbfb2836977352cb2142,547,22,547,0,2
2021-07-09T22:31:33Z,d153579021dcf16426f86f2d2ecc1c8617474ce4,547,22,547,0,23
2021-07-11T22:30:54Z,9f62ee3827ea3aff11b214d4134fd4eaa47ae9a3,547,22,547,0,36
2021-07-12T08:33:49Z,e392209bc02ddb7f244aafa15b9cc62f9eac2206,547,22,547,0,1
2021-07-12T10:34:13Z,526a84a170fcfc623036056c95f679fd47c23e26,547,22,547,0,70
2021-07-12T11:26:18Z,a98264a36e3e676f1cf46e8ff2dc62dda787946d,547,22,547,0,0
2021-07-12T19:22:51Z,b05297434aec4eec5e7aac7bf5fd96c2c458a06d,547,22,547,0,4
2021-07-12T20:30:19Z,56873de798d2421b9166979377b9c30b2769762c,547,22,547,0,239
2021-07-12T22:28:22Z,8d15daf8d10fdfc29bccf2933dca61f48a6afc12,547,22,547,0,1354
2021-07-13T01:31:46Z,5991223017ff557e812f68c44f12b151b42f7b60,547,22,547,0,16
2021-07-13T04:41:14Z,e15a8aad3fccc7bf1cf14b68994731d5d1cd823c,547,22,547,0,5
2021-07-13T05:26:56Z,a004cbb000124d089b6ff5c095f16d73e2e4e973,547,22,547,0,9
2021-07-13T06:40:56Z,55ad8cd18d61b47149093e12e3e1973549bac1e6,547,22,547,0,4
2021-07-13T09:34:43Z,b00cfb05a689fd868b9dacf711247f903d698196,547,22,547,0,30
2021-07-13T16:53:15Z,6ae0cbf1aab4a4fe1117448641820a8d8fd50b91,547,22,547,0,1
2021-07-13T18:40:49Z,6ef650ed81d62758e9311aadd04efc73b7d4ffa5,547,22,547,0,3
2021-07-13T19:22:57Z,4eaeeeedfa76bf9fa05a3cc51664b67d127cc714,547,22,547,0,42
2021-07-13T22:31:31Z,046a7d8c528d6fac35c2228b393ab589fe0b463a,547,22,547,0,96
2021-07-14T04:41:40Z,83aa84b6c23ef9d7d520c950c3cfe32579369ac5,547,22,547,0,38
2021-07-14T19:27:33Z,2704400743acc55dadfa871a826db31fde138fc2,547,22,547,0,58
2021-07-15T01:31:07Z,66bdce7e02a18d28ab890a5e05383995bdd72a60,547,22,547,0,16
2021-07-15T04:41:51Z,4dc804c02636ef720a242ceafe9503ec2e16770c,547,22,547,0,62
2021-07-15T14:30:15Z,c180c9dbfb86b5b8cdf8a260e921bec99faa4e5a,547,22,547,0,1
2021-07-15T19:24:40Z,f446c22a184bc6b8a60adde42084daab82a551cc,547,22,547,0,62
2021-07-15T22:31:29Z,792df167168a5db6f73253ad37cf4fa1cd46b8c7,547,22,547,0,16
2021-07-15T23:29:51Z,ef0280736157445f920f6f63a5191a09aed94703,547,22,547,0,2
2021-07-16T07:27:59Z,f4e489d344613232102090f8bd85cbe766c86147,547,22,547,0,4
2021-07-16T11:26:57Z,eef251212cc124826e558bb85c2c071267710dc7,547,22,547,0,17
2021-07-16T19:22:59Z,4f5554831ee14950d907bfb1091dd0982415df59,547,22,547,0,2
2021-07-16T22:31:23Z,59140656cb2a58c37d45328edd466b262994f9a8,547,22,547,0,29
2021-07-18T06:40:07Z,f583d1eb0bc0272174f9b7884a64cc5bc54f99a3,547,22,547,0,0
2021-07-18T22:31:06Z,5f8a1a60595760cb7fbdbeb6f05ee62569eff66f,547,22,547,0,26
2021-07-18T23:29:41Z,e35db8cb124f48daa5df713903c10f7434c41a01,547,22,547,0,16
2021-07-19T08:34:10Z,3614e0a91f917c152010444e27468d2df0e66f9b,547,22,547,0,0
2021-07-19T10:34:26Z,bb2c3ef97649ede908573c0e5b48d2d7a17d96f1,547,22,547,0,83
2021-07-19T19:23:10Z,8019e5166e5b98a8bede681ccc81b8eab4e27e79,547,22,547,0,4
2021-07-19T20:30:18Z,2b3a69aab1b1b36acda59567ee722d35037873fd,547,22,547,0,372
2021-07-19T22:31:46Z,46bf887a30d8353ae27bd0da39afbad842b6e021,547,22,547,0,1380
2021-07-20T01:35:33Z,6fd52a9db2b2848b1eb369b8fd019fcca83b574f,547,22,547,0,16
2021-07-20T03:34:28Z,346d948c3f51c17682f2708255e02b7acef3c52a,547,22,547,0,2
2021-07-20T04:42:03Z,f19cf0406e8f29cca2922cb83750991e56a4d824,547,22,547,0,2
2021-07-20T06:41:06Z,caf3cb7ec6d646dfef6a499a0ccbf06acec3691b,547,22,547,0,46
2021-07-20T07:28:04Z,8beae225589d0bf1a9b4d83b461609fa4eaad4c7,547,22,547,0,4
2021-07-20T11:26:30Z,6ab96dbc6284d6bcd10f28470431e8a00f6ce7ca,547,22,547,0,1
2021-07-20T15:42:43Z,e41d46472a6c9895d7b63bbc40e76ebb07a655b6,547,22,547,0,1
2021-07-20T19:23:15Z,5c1ae32f8796cafca9e4a2e44e10afa430870ab1,547,22,547,0,64
2021-07-20T22:31:52Z,f65769293c44e8640326eb50cf3bdf07327bc0e1,547,22,547,0,146
2021-07-21T04:42:03Z,dc82d7dad381abffc703aef89c64e5b10e2ea398,547,22,547,0,62
2021-07-21T19:23:05Z,0deebdbb0f63ad7edd778b43e37b6f8e8f48ccdc,547,22,547,0,62
2021-07-21T22:31:40Z,a2e61cf27cb4cd3b10d4af9e3bf4433e0e651116,547,22,547,0,16
2021-07-22T04:42:10Z,52cec0d21581a49883578fe73bf5520c00f4f3b6,547,22,547,0,62
2021-07-22T19:22:56Z,85715135dced8ee501fd92652c30d8637eef2c26,547,22,547,0,64
2021-07-22T22:31:31Z,4b1725ff52d7a3367fac1b9a57855cbe446b7299,547,22,547,0,16
2021-07-23T11:26:35Z,f64e7ef5d30490f44eaffe0666b712d94046a467,547,22,547,0,52
2021-07-23T22:31:32Z,c3f0add62932ef1ff2cb05e8c8bbf6babc1938be,547,22,547,0,8
2021-07-24T05:26:44Z,0ad28bef1892fd604590db4319e52fea2c73de44,547,22,547,0,2
2021-07-25T22:30:59Z,dbfe237f5d05d1188c5cf644604635b3000f03cd,547,22,547,0,24
2021-07-26T10:53:35Z,a385e03515e535f96d7920752409bc28416d98eb,547,22,547,0,110
2021-07-26T20:30:55Z,128a4d31f26846e2bddff4e01386af405af67123,547,22,547,0,4
2021-07-26T22:32:09Z,2f496d4845edf64042664bdb88d4524b4a819225,547,22,547,0,1747
2021-07-27T01:35:23Z,89a5942967d861207297aadf469471374f584337,547,22,547,0,16
2021-07-27T03:34:48Z,a81eef636deca593b9a8aaf8af668ee15e4c7d8e,547,22,547,0,2
2021-07-27T04:40:02Z,8e8ef1baaabb2cf82ffb3e6d9a9a8d44ef1081fa,547,22,547,0,6
2021-07-27T05:27:23Z,85f1adeb54840391bf0f9654b9463037ec569f98,547,22,547,0,5
2021-07-27T06:41:12Z,b584002391ac09349cab065b97f808d40e8c2d7b,547,22,547,0,2
2021-07-27T07:28:03Z,8cbe0adfdb28e133df76121093632b91ff193a72,547,22,547,0,3
2021-07-27T08:34:25Z,643c419807547f368aa6e304b95f241b2e794792,547,22,547,0,275
2021-07-27T09:33:37Z,81b7b9e3eeb18d76e7791d3b5693c3c0c815993b,547,22,547,0,1
2021-07-27T17:37:11Z,6102b352f4d97d8225cf95126cc30d5099a62248,547,22,547,0,2
2021-07-27T19:23:13Z,c9d051068ae0fbfd84f17510ebd753d0f36ca9be,547,22,547,0,66
2021-07-27T22:31:48Z,1f90bde62565733b2c753ced9ff421174c18d77a,547,22,547,0,201
2021-07-28T04:42:46Z,c6a536f0bc6a462b881b10e46e026549e3f044a1,547,22,547,0,62
2021-07-28T19:23:13Z,e91f47487580b23b477a2bdebdd2646b2a1570c5,547,22,547,0,62
2021-07-28T22:28:07Z,aec71be7de33c6bf00e16966eca9e04f3d71365e,547,22,547,0,122
2021-07-29T04:42:04Z,9ce19c8193cb2c85887b0e02e4bdf94a00056073,547,22,547,0,62
2021-07-29T19:23:04Z,fa001cf7b13e416a497e060732c634ee17b75128,547,22,547,0,62
2021-07-29T22:31:15Z,52a76d6340d465d1ef780c40ad8e5cc3c0ac6e78,547,22,547,0,58
2021-07-30T11:26:30Z,766e8b746e69224287f0dd576a6b5c6ba922ab50,547,22,547,0,52
2021-07-30T22:31:15Z,9694d10792bc3ea90a7aa957a9d7eb6f868a6fa9,547,22,547,0,8
2021-07-31T07:27:36Z,a8ce09b6f4f3e57ca14035ad3a5a6d8e10166d79,547,22,547,0,0
2021-07-31T22:31:33Z,a7105f0a7d31559463b33830bb6e6fdc0152678a,547,22,547,0,0
2021-08-01T22:31:07Z,13812b716732e4c7681366f2602c1f298a7970b2,547,22,547,0,8
2021-08-02T06:40:37Z,f93a95e24569b67b0427695ac3c62e041f92665b,547,22,547,0,0
2021-08-02T10:34:04Z,03174c1fd719f3844409102aed93e9a36f5b4d3f,547,22,547,0,114
2021-08-02T19:23:28Z,d103f9aac88222ee8f1d9834651cd0e43fceedbb,547,22,547,0,4
2021-08-02T20:32:13Z,4c5065e0167e830e523c7ec72ce4357b5cf061ea,547,22,547,0,421
2021-08-02T22:31:36Z,8b9230247fc7f96ab132c2c311a4516ae579d5c6,547,22,547,0,1372
2021-08-03T03:33:48Z,86c7547b15d9daa5be46a13983ca43b742032ed1,547,22,547,0,2
2021-08-03T04:41:57Z,414d91f4b14fd90ed6457f6e6328b445247e6797,547,22,547,0,6
2021-08-03T05:26:46Z,303580906c8b0724fa957941ac66c12482d0daee,547,22,547,0,7
2021-08-03T06:40:02Z,f11ee78e16685c74a174ac77a292bd1146ccfb00,547,22,547,0,1
2021-08-03T08:39:14Z,aae56a1562660be71be464af948ba976173ba933,547,22,547,0,2
2021-08-03T09:37:47Z,8865d20835812941943b935379cc4c0320dced91,547,22,547,0,4
2021-08-03T11:26:19Z,4717ac6e2f11b43cac899faa56500ffc4f36a7a4,547,22,547,0,5
2021-08-03T19:28:15Z,e7a4f66810b3bece4daa15e04f6565a2a0a7d772,547,22,547,0,62
2021-08-03T22:31:45Z,9d2f4a325105205924308b124f262c4956ce5d35,547,22,547,0,98
2021-08-04T04:42:14Z,e93a2e398b0d3545ac94d275d885d09072994ed4,547,22,547,0,65
2021-08-04T19:29:44Z,7f56d52d3680a7b17c2557368a522e08912c3645,547,22,547,0,58
2021-08-05T04:42:16Z,7c2170e07ba11b0c4d0d335b1b992fad709dcac7,547,22,547,0,58
2021-08-05T15:47:20Z,854b1939d52e6c48e541bd3b9d125f1c6ec28c13,547,22,547,0,0
2021-08-05T19:26:36Z,64807e1b54f749407eacdf6fd1098b1308410641,547,22,547,0,64
2021-08-05T22:31:21Z,ec891443af51b1ce7d644ff6816ef6620fb6eba7,547,22,547,0,52
2021-08-06T19:23:06Z,518448b3eb7bd7b9d82d255eea06c8e271ea5bcb,547,22,547,0,2
2021-08-06T22:31:21Z,2e757d11516d3b21217b487162d133ec712d193f,547,22,547,0,8
2021-08-07T06:39:06Z,7efde2def9c80cc374f3d32588e8463f0693ffab,547,22,547,0,0
2021-08-08T22:30:38Z,e4a0da1032acf417b2c57b56dce1237ae7dd24c4,547,22,547,0,8
2021-08-09T05:26:43Z,d09671b66f416086cb0e58f25f2730d37c12337d,547,22,547,0,0
2021-08-09T07:27:40Z,7215c7c6e1b060894937a89ab4483636fde719c5,547,22,547,0,1
2021-08-09T22:31:03Z,958b76b79db5ec2b0e52832efd52051ac549a49f,547,22,547,0,1488
2021-08-09T23:30:16Z,3959384da8819cadbc85d0bf9ddd02dd6a69ac41,547,22,547,0,411
2021-08-10T03:33:33Z,f785a0b7c6875e999424874d0596e839021a1560,547,22,547,0,2
2021-08-10T04:41:45Z,869528166cadc62c90d256808a14054d8f6e3532,547,22,547,0,8
2021-08-10T05:26:50Z,8fc90de790b67654696cf94501d11d2464a1afdd,547,22,547,0,6
2021-08-10T06:40:18Z,ad9ea8e764047c54b1e4c1bbad4b26c78ac24e7c,547,22,547,0,4
2021-08-10T10:35:02Z,6c1b253dca2738493f005c9f74d9b755b85b8962,547,22,547,0,2
2021-08-10T19:27:48Z,2d3792cede86a986627136eec22a8609c4e96d35,547,22,547,0,66
2021-08-10T23:02:05Z,761a909ff318616ec293e827c44ab8e19bf386b4,547,22,547,0,16
2021-08-11T04:42:47Z,5c636cde0fac76c4e86f0e200a8ddf11c14c5156,547,22,547,0,62
2021-08-11T06:40:36Z,d7bc67b41f3a339683d2487959e32ad49a4b7710,547,22,547,0,1
2021-08-11T19:27:43Z,cb32920e9c1795f797bdfe3a8b4cf45c9d9ddc53,547,22,547,0,62
2021-08-11T22:31:43Z,37222fb37a50ce624d8c72d15625ecb6d4018980,547,22,547,0,97
2021-08-12T01:28:14Z,a656d4ef9b54fabe21ef0ae8a80d001f8d4f259e,547,22,547,0,1
2021-08-12T04:41:55Z,1295ce49d72d2fe05fb862eef0b44628033bd808,547,22,547,0,62
2021-08-12T06:40:22Z,82be2d633bf961119742f334480481c30174a27c,547,22,547,0,16
2021-08-12T11:26:04Z,70d5b38acdec67d850920e11bbebd314ca97605a,547,22,547,0,2
2021-08-12T19:27:49Z,ba9a50054bd0dddb649bc8b8d2185b8586f40232,547,22,547,0,62
2021-08-12T22:28:13Z,60405f0fbacad71aa72fb386136ee7dc33ec4489,547,22,547,0,54
2021-08-13T11:26:16Z,3c5880b851aa4d6db1b06ff90d2c9f66bd4ec954,547,22,547,0,1
2021-08-13T22:31:17Z,22ba2a1b89ec379a53d828b44f533bd1715da8c6,547,22,547,0,23
2021-08-14T11:25:36Z,bdfa49b0066c3839ca1820a621fe6d82fdee3adf,547,22,547,0,0
2021-08-15T22:31:14Z,d9bcebaad807060acd37cfe2c45c1de9608f9355,547,22,547,0,8
2021-08-16T05:26:53Z,c19c154768fad2b084f6f3891d4a6a5721864d30,547,22,547,0,1
2021-08-16T20:34:40Z,91caaad416c30150c161b9317a20363107c44a7c,547,22,547,0,3
2021-08-16T22:31:45Z,6b1ac4086b9d3f95d3106ff1ce8d2c46324e03dc,547,22,547,0,1301
2021-08-16T23:27:49Z,58905f23b1b6470216055e8bb09b90e9c86678a6,547,22,547,0,219
2021-08-17T01:25:27Z,9be6aee96e773445a5f4adff3247d82f40e96f03,547,22,547,0,2
2021-08-17T03:32:38Z,d5aeb1e91e451fe5bab0b76cf842803ea5020115,547,22,547,0,62
2021-08-17T04:42:18Z,c703af4532df2dccd016572284cb1bca36f13f00,547,22,547,0,14
2021-08-17T06:40:51Z,4c2c75fa26df3e76ffd8a1bad3680fc451527515,547,22,547,0,7
2021-08-17T09:36:48Z,cb352586c66c16200a7e14aa6de77184405b2d0a,547,22,547,0,5
2021-08-17T11:26:17Z,e0970a821d46f055828b292a2452f99036ecd023,547,22,547,0,1
2021-08-17T19:22:50Z,3a053c69b076936210d7cad3a4f538e40f77cb86,547,22,547,0,66
2021-08-17T22:31:43Z,a7d01be3878f484ad0af35174c7e7ec989b6fe69,547,22,547,0,65
2021-08-18T04:42:31Z,39d739923e4921d72019bd6394d4d50a1f4e0133,547,22,547,0,66
2021-08-18T12:51:17Z,6927e1335a39608a37d39f8fb651223a7469a2ff,547,22,547,0,62
2021-08-19T04:42:22Z,53aedeb9522a2c6c2be8bf3942a585dae8a39d80,547,22,547,0,62
2021-08-19T12:54:40Z,fb3164da5c0376ccae755e0410e099ab4ac5fa7a,547,22,547,0,62
2021-08-19T22:26:35Z,0cf1167266610e5a923e6088771383b3c5acd8ec,547,22,547,0,60
2021-08-22T22:31:12Z,4a9c39d31942d1e23fdb5b53ab8fd40a9d83e30a,547,22,547,0,8
2021-08-23T22:31:58Z,a8f540a58f841a3e7815af72c1b412bfd72bca30,547,22,547,0,1383
2021-08-23T23:30:31Z,3ba8aacd69448037e9cf70e4059b040a593211e1,547,22,547,0,363
2021-08-24T02:37:21Z,0d0a4245828892f009854251e6c53fc46a1c8a5e,547,22,547,0,2
2021-08-24T03:31:09Z,1e509715994e05cfdb3497367196cb0b09918aeb,547,22,547,0,62
2021-08-24T04:42:32Z,01a30c20ea8ec8a878183e7a74d6a08144aa49da,547,22,547,0,66
2021-08-24T05:26:49Z,fc9c93a55b0680eb1fced752ea988049c025f0cc,547,22,547,0,2
2021-08-24T06:37:35Z,a8c58f46de6a9d16c8d296378664a460313729c0,547,22,547,0,10
2021-08-24T10:33:46Z,d5e8ed81c1e0092da0b90a0bde7e8c91eaf62e91,547,22,547,0,2
2021-08-24T12:53:01Z,addec4c71c3718e3375f84691b5414a3125d6435,547,22,547,0,62
2021-08-24T19:23:27Z,560adef98e9c2578ff82bde3e13c4507366f6468,547,22,547,0,4
2021-08-24T22:29:37Z,0f993b40362dc666df44640ca21a1dd1d8889853,547,22,547,0,160
2021-08-25T04:42:21Z,9d68fa66991f32a0135e726a8b34b009ffb05a35,547,22,547,0,62
2021-08-25T12:52:47Z,3c60208c294df3b4667fb20385a6b223d5c5c493,547,22,547,0,62
2021-08-25T22:31:36Z,00d296bccdef567013f4fc0d7abcb15bfbbc06e3,547,22,547,0,1
2021-08-26T04:42:04Z,04583c8abe544d5c31f57b47cc9e8e14ed3a8535,547,22,547,0,65
2021-08-26T12:53:42Z,802ef683201ff04620844e01861057db247a67ae,547,22,547,0,62
2021-08-26T22:31:32Z,74b9a8cb6a0b91727a78dd93860414405fccd2cb,547,22,547,0,54
2021-08-27T22:31:25Z,c75b68c5764d5f3ffaedec916126bfb785b02a0f,547,22,547,0,10
2021-08-30T18:40:45Z,fd54cfb8acb985436a3ffd27e5af48b93fc098df,547,22,547,0,114
2021-08-30T19:27:44Z,15e8f7d336772497eebf665cfd522f4e32ba7d57,547,22,547,0,66
2021-08-30T20:35:51Z,7662526f60dba0b3da150acd4fd98e94b245c538,547,22,547,0,405
2021-08-30T21:28:04Z,9c8ece55c7fd43d43dbae3a62119bf3c274067fb,547,22,547,0,16
2021-08-30T22:31:15Z,2bb399a019cf4127c562a02c134c94e47dc957bc,547,22,547,0,1401
2021-08-31T01:26:42Z,633b04aa4f0e2afa7ec9a36c9abf7221c9b6169f,547,22,547,0,1
2021-08-31T04:41:55Z,fdac3880bb004ce2598ac1d11a508d81fa958702,547,22,547,0,66
2021-08-31T05:27:01Z,9cd0b52046985a479bdbef6884ae1f7773a6959e,547,22,547,0,14
2021-08-31T06:37:13Z,c333f109b450a49e6616fd4ee4461d312ab6efd4,547,22,547,0,2
2021-08-31T08:34:20Z,5265163d64feec9e89f5b907238a7bea95bfbc9f,547,22,547,0,109
2021-08-31T09:30:08Z,42fb8f3bc48a33940f93bb5df9566f9e2240cf64,547,22,547,0,2
2021-08-31T18:40:43Z,4cf7f55c5e37c0a0b6667050f92218cbd19d81f2,547,22,547,0,0
2021-08-31T20:31:42Z,835a6cee086717214d83e1330896437193a3affe,547,22,547,0,61
2021-08-31T22:30:17Z,10912fcfa11a604f6e0001b7417a2aa7e01a4e97,547,22,547,0,117
2021-09-01T04:42:45Z,0c2c2489563c968e166817296b002dc47cdc40fd,547,22,547,0,62
2021-09-01T07:32:49Z,b8a2b3263502f5db3334c0cdca250722b8be5615,547,22,547,0,0
2021-09-01T08:38:49Z,7c56e4535be6d8e4f5aa1868a49a3b5a1dda4d28,546,22,546,0,0
2021-09-01T09:30:37Z,d2711091fa0b11addc5c4e7f65e9bdb1d9ea75d8,546,22,546,0,3
2021-09-01T18:37:25Z,5cc8f84e339dcf5253f66ae90444ad6e2b1c948e,546,22,546,0,2
2021-09-01T20:36:34Z,edeb836c1d6b495c086bd732245741b821dba072,546,22,546,0,62
2021-09-02T04:39:45Z,cc6748c9d3e3e6e6c6f29a2b58af561280831964,546,22,546,0,62
2021-09-02T08:37:53Z,fef69cd1712fdee7acfb5e6b5500766c09108bdf,547,22,547,0,5
2021-09-02T19:22:59Z,cdb2573f8254689292030f5d2fc078ab9d2ea371,547,22,547,0,62
2021-09-02T20:31:17Z,d9a03fee6bbc396875366fb16b4a2209eb398859,547,22,547,0,0
2021-09-02T22:32:19Z,9984a880320c7073affeb5e133e7b1fb9fd38f73,547,22,547,0,109
2021-09-03T13:37:45Z,b7a4db6dc3a2ef6b61ee9fd4d41bed820f1ca490,547,22,547,0,127
2021-09-03T20:31:16Z,da2ee29bf2998e01c51326563e149b7b9a1b9764,547,22,547,0,2
2021-09-03T22:31:41Z,ff7aae127c971ea146b7015e25833d2febea698a,547,22,547,0,8
2021-09-04T17:34:20Z,f275ffa7258f6258bdc794d5b7a9308024c7f6ca,547,22,547,0,3
2021-09-05T22:30:58Z,5d8a4ce65780fa02a7c641bc799c1277eaac26eb,547,22,547,0,227
2021-09-05T23:29:48Z,2f6e85308b653961b851ae97c9ed8670accec95d,547,22,547,0,1
2021-09-06T07:28:49Z,f16f55f416d2f99d3f92b2b57742eecf3f1d7059,547,22,547,0,0
2021-09-06T10:34:29Z,8c8cc16b681785026347ac2d1656504043de706f,547,22,547,0,0
2021-09-06T18:35:26Z,53808c04c4f8a0c65b7747fd56627f8be950c63b,547,22,547,0,114
2021-09-06T19:23:05Z,a8c03684860b1b18c33ecb50ea566d47de60faa6,547,22,547,0,66
2021-09-06T20:30:49Z,55b88145465b52ecfd60c95371414176dc016ccf,547,22,547,0,417
2021-09-06T22:31:19Z,64765b5e77dbd64a8c6cadc83aaf800006ba65fc,547,22,547,0,1379
2021-09-07T04:42:27Z,7eee03e6d879389ac5945705f3528d631cd2c702,547,22,547,0,73
2021-09-07T05:26:57Z,ab728dd3ec943de62454a1043eefedee38f9ba6a,547,22,547,0,12
2021-09-07T06:37:01Z,6cb773ce81ab871148eced3f26647ba29be5f7ca,547,22,547,0,1
2021-09-07T13:32:45Z,f9e7d940074f025f45fa63134d5c98efebf69de1,547,22,547,0,4
2021-09-07T16:51:54Z,5ee3e006f8cc6c97437698e20170d502a6d1ed35,547,22,547,0,2
2021-09-07T20:31:15Z,481986d9eb75744a10aef474c7b83967118e6ede,547,22,547,0,58
2021-09-07T22:31:28Z,a9070b78f74cb4cd00050cb4c408efea45a0bfb7,547,22,547,0,80
2021-09-08T04:42:40Z,4d922fbed0a8ab7174e53f860af378a3ecc83fba,547,22,547,0,58
2021-09-08T05:25:08Z,63855b39b1a387a0a8b727b6b494be7c6bf89506,547,22,547,0,1
2021-09-08T11:26:22Z,d259410bdc71d7799ff6f3a710c51e1252677571,547,22,547,0,1
2021-09-08T20:31:45Z,b829d79760d4c67a6b8635821968c76a6be3f80c,547,22,547,0,62
2021-09-09T04:42:48Z,3b3ff99fa99ef93f0a3b40ee06b0658c7bdd04a0,547,22,547,0,62
2021-09-09T19:22:58Z,81821ae414cb8695378593ae8c17b26d2eb07827,547,22,547,0,62
2021-09-09T20:31:19Z,13434890daea48e77fbe7422dcefcba46b9e6cd7,547,22,547,0,2
2021-09-09T22:30:55Z,d5efb75b454a3f3e9ce42dfa3369d160887f7d51,547,22,547,0,58
2021-09-10T13:34:01Z,5571aa619ca5b3096b48b3eb2d2631fd8971aa04,547,22,547,0,130
2021-09-10T14:28:23Z,c26ca51e4df25e4f613db19bbc942c58c6fa6e40,547,22,547,0,2
2021-09-10T20:31:08Z,2377a525a49e5f8cda100e32dcea3fa3d9927af7,547,22,547,0,2
2021-09-10T22:31:03Z,4935439c1a137276c87e95a6a907a98f71a3b571,547,22,547,0,13
2021-09-11T22:30:42Z,9f86791d906dd57ebe55657fc5d0eef2edb1c1e1,547,22,547,0,1
2021-09-12T22:32:06Z,df0edc14a8bfb750da8b3a0059e30f5a8762ede7,547,22,547,0,137
2021-09-13T18:36:38Z,61461d5bf5614fce646f17fbe290fa1a1c5361e6,547,22,547,0,114
2021-09-13T19:31:04Z,6f56e9fa864edc51457653aefbd6c2df4f3fc702,547,22,547,0,41
2021-09-13T20:31:32Z,91c4baba5198fd936185e509906155d749333c35,547,22,547,0,222
2021-09-13T21:28:04Z,023f467af17afee34f31260481e9ea6d3f618b23,547,22,547,0,1
2021-09-13T22:31:17Z,4df0c76fb5ed53af26324b79f972130a87b52193,547,22,547,0,975
2021-09-14T04:42:18Z,5319fb51130d74c6a6ca2afed2e8dd3ec112998b,547,22,547,0,3
2021-09-14T05:27:06Z,7ba7e6f116327706e5ece489afe236580c9d786e,547,22,547,0,4
2021-09-14T06:36:39Z,de3813b53120e63dc53b28d84148bf7c15e6b5e8,547,22,547,0,3
2021-09-14T08:33:55Z,62488ed02ecc64cee51308954f55192600c4a761,547,22,547,0,18
2021-09-14T09:29:56Z,fbf6314b4f75c2adce07abbab2498d41618f9574,547,22,547,0,1
2021-09-14T22:31:01Z,48a4cf1fdbc44bbac5ddd2f7b5083b1a5edb60ab,547,22,547,0,2
2021-09-16T04:39:50Z,0b4920a2550048cac6def35f06c130606f16dbc3,547,22,547,0,1
2021-09-16T19:22:53Z,2665eb27b97a3841f26d5158919ed169b6e1af3c,547,22,547,0,62
2021-09-16T22:31:13Z,c7a315dee1f363882fffca165c5b1562b945961e,547,22,547,0,8
2021-09-17T04:41:21Z,b46704cb0c82840604beffa9de5f76cf0317bd76,547,22,547,0,62
2021-09-17T05:27:03Z,4e4e3bc4ccc32e322f5159f5b93dc8728b8f4683,547,22,547,0,2
2021-09-17T12:48:33Z,9890ed528c462f542883487203737984a17925b4,547,22,547,0,64
2021-09-17T13:32:49Z,a91da8f4c2be173e46a013c31656a4a13a785e3c,547,22,547,0,130
2021-09-18T22:30:31Z,c4db0997cc104c7432106d926698f11e2f1582c2,547,22,547,0,0
2021-09-19T22:30:37Z,527f861260fb740aeab98f1e82e030121508c0bd,547,22,547,0,138
2021-09-20T04:41:38Z,5a5ad8b8127f2f88e10f05ebc50fd1b80087ff8b,547,22,547,0,62
2021-09-20T06:37:00Z,122bd7271b0f0773291022c647158a59667f4af6,547,22,547,0,1
2021-09-20T19:23:22Z,cad9f274e7a807182a599dec435e380fd50d08fc,547,22,547,0,62
2021-09-20T20:31:34Z,93ce10cf313027d568a963edc3b6d51e1834f389,547,22,547,0,421
2021-09-20T22:31:15Z,6d3f04b1e79d6222009c777edc761c8735b30c7e,547,22,547,0,1380
2021-09-21T01:31:25Z,fd8b7cdb597dfb4243cd406a5e68837d896b549d,547,22,547,0,2
2021-09-21T04:42:56Z,6f67b765fc059bb94e4e579f4bfe36049f2780c6,547,22,547,0,70
2021-09-21T05:27:25Z,b2dc0e1c5122ff35ee9516e6dc07d5abf26acf8a,547,22,547,0,5
2021-09-21T06:36:59Z,0f37d688536ffbc139636c3ead217336f099c7c3,547,22,547,0,4
2021-09-21T07:28:30Z,fa474f37bb253b34638738aeaff19cad067dc120,547,22,547,0,1
2021-09-21T14:27:57Z,1a013960a7b350b38fa43f7d435ee9c41094c5eb,547,22,547,0,2
2021-09-21T20:31:17Z,53a3604734eb932cd0a647b1cdd42f21e0bf2724,547,22,547,0,62
2021-09-21T22:31:23Z,07020b88763f1c73ef1d14b97604edc75d93539c,547,22,547,0,111
2021-09-22T04:41:28Z,b6b0b6139dc0e0668634282a22a7875bda130c00,547,22,547,0,64
2021-09-22T20:31:12Z,368eaf3e5a39590a373670c2ec34cc15cc2e70c9,547,22,547,0,62
2021-09-22T22:31:21Z,4bd192fc1afbe3015e063f8dc181c9c91fef1992,547,22,547,0,0
2021-09-23T04:42:11Z,15928d836f0b872aafe8d098a6d565ae6c77fa9a,547,22,547,0,62
2021-09-23T06:37:17Z,83d140c0b0a2c0c50ffa886f1cada11b0e32a374,547,22,547,0,1
2021-09-23T07:28:46Z,a241fe7e17062b94099dd7ebfbe103bec959d239,547,22,547,0,1
2021-09-23T20:31:09Z,c9e24e2218110d86bbf82a57d95557ef5dab4352,547,22,547,0,62
2021-09-23T22:31:11Z,649dd0308378c55080a95d0641a53193b74605df,547,22,547,0,2
2021-09-24T04:41:31Z,c3a58e77f1a46a95b27bc827fff8949889ad5b09,547,22,547,0,62
2021-09-24T12:47:50Z,c521f595c10d7ac1d17e91bea08c0044299fed1c,547,22,547,0,62
2021-09-24T13:32:06Z,20a592cd7032cf8abeba1d6f30c2d9e2b35e2d73,547,22,547,0,130
2021-09-24T22:30:58Z,d8aa891ff3a982d9bd254c473a0f92cf5d3d460e,547,22,547,0,2
2021-09-26T22:30:41Z,3aa23f1df89f960d40464efbfbd1597cbe643ae7,547,22,547,0,130
2021-09-27T04:41:39Z,a4014b16c8e61cadf8042e6773cb64543b74fa53,547,22,547,0,62
2021-09-27T19:22:55Z,5a133215814a02c99e887a076626a4cece74914c,547,22,547,0,62
2021-09-27T20:31:00Z,366d85f6c1aac6ce4e87b0dee48065e5d5d6bc61,547,22,547,0,421
2021-09-27T22:31:18Z,d170a41622f0eae4dcb37699f5bb123f48058031,547,22,547,0,1383
2021-09-28T04:39:39Z,814019712393f72e0d33bccbaf585b8b6afd007e,547,22,547,0,71
2021-09-28T05:27:32Z,2c1e41ba8c2fe1df0f088b2db52dce332fe7bec7,547,22,547,0,10
2021-09-28T06:36:29Z,2697be508ce8ef29af6ab536634c3e815acd57cd,547,22,547,0,11
2021-09-28T07:28:36Z,8fad9be4be98d1a81ab19d7e3e3ac557f717b167,547,22,547,0,2
2021-09-28T08:34:10Z,3dd67ab3574c49b964550636f6a850a2bd089fd0,547,22,547,0,2
2021-09-28T10:33:10Z,38bce21d81f7e7a3f898b110780f9687bf997de0,547,22,547,0,3
2021-09-28T20:28:03Z,c6d5047c5b694daf957f23047a9519d43fe09ef2,547,22,547,0,62
2021-09-28T21:24:11Z,7ac2cc241579bcfe01497bad79e655ea9f5aeeb5,547,22,547,0,2
2021-09-28T22:31:09Z,8ce09cde368d067f8348bf01ba135e1731111b65,547,22,547,0,92
2021-09-29T04:41:12Z,b0f5dd07a324e995fd7fd9f2ac3c19868fd2958a,547,22,547,0,65
2021-09-29T07:28:35Z,0f66cfda694ccf583dd0b30e2eb2c82cd2452933,547,22,547,0,2
2021-09-29T08:33:52Z,699d0ad0688cb7341fd2168af8bd1481104c899a,547,22,547,0,1
2021-09-29T20:30:34Z,91316e18c6ab0fb8f23b5cf4dabb839c9e4314f2,547,22,547,0,62
2021-09-30T04:41:07Z,6b1cafcf0804de2c14a4c80694dd8964f5d2e53e,547,22,547,0,62
2021-09-30T19:23:15Z,b3bca2ca7309881aed5868369a8ac9e205e02a5d,547,22,547,0,2
2021-09-30T20:30:31Z,57e3e66079c15a9a3a405aa9e285738df2fa7da3,547,22,547,0,62
2021-09-30T22:30:20Z,6a19dc8e780564012cf0cf0d366afa81cc593866,547,22,547,0,0
2021-10-01T04:41:16Z,6c68004dc0799f859be6264b79c0b91218a77e04,547,22,547,0,62
2021-10-01T09:30:12Z,73aef5a0786783881f708c6dd11007c896677c8c,547,22,547,0,0
2021-10-01T12:47:41Z,4d767fdc3b394e35633c65ee680420b6391df71c,547,22,547,0,62
2021-10-01T13:33:06Z,9578504e2fe0cb65204854fe91b6fd1f4ce2ab51,547,22,547,0,130
2021-10-01T19:23:11Z,8d8660c0e057e103f8e10a78a26dfe19c9e0a766,547,22,547,0,2
2021-10-01T22:31:04Z,7d31e15d2497725cb1ad1415c2ee007a20258e51,547,22,547,0,8
2021-10-03T22:30:27Z,f75976f47a454a216a19904aae815c54c2ac5b80,547,22,547,0,154
2021-10-04T04:41:15Z,952649fc3c172ced4b2db33ce1cc15eecdd533d1,547,22,547,0,62
2021-10-04T06:37:08Z,c5080668aae92dd0828a55021339af4a30f35737,547,22,547,0,0
2021-10-04T19:23:14Z,29aa30712a09941f714006cce1e641614eacb28a,547,22,547,0,66
2021-10-04T20:31:01Z,d1284440a183b1ffe9c3292009c4d2e9dc072ed8,547,22,547,0,401
2021-10-04T22:31:20Z,9c22e9cb33b9500d807c3a04c445e9711ad44f32,547,22,547,0,1397
2021-10-04T23:27:11Z,54ec55e402fe2a10d39eec3aa106b0dace2768a6,547,22,547,0,16
2021-10-05T02:39:49Z,02c16b439f567dbf6500fc28b228788bff41c70d,547,22,547,0,2
2021-10-05T04:41:49Z,bf607dde313c11e59dc7e9912bc854b12fafb830,547,22,547,0,74
2021-10-05T05:27:26Z,d83f6451d09a7734d137e4f891e65068015ba096,547,22,547,0,5
2021-10-05T06:36:25Z,1ca1f62a0d0cb7b83db9ab7fc4041c45b4911de5,547,22,547,0,8
2021-10-05T07:28:37Z,0554000803d0ee7d04d35a7b324366f48fefbfe3,547,22,547,0,6
2021-10-05T20:30:12Z,d67c323f67d8cf1dc190d6f3ad82fc066357b63b,547,22,547,0,62
2021-10-05T22:31:23Z,2cfa5699d8d04c2307aa9a7a153c8d2a832cb7fa,547,22,547,0,72
2021-10-06T04:40:36Z,63299282987bba298e3a65d62f00c5014ae4fc6e,547,22,547,0,62
2021-10-06T06:36:31Z,3df2b9bc880a2988d829b170fc21144df5f498ae,547,22,547,0,2
2021-10-06T20:30:27Z,aeb8bef3acbec77e34fcab128ab509004273e823,547,22,547,0,62
2021-10-06T22:31:12Z,a7166b591ff97e9c07980bc58a96552ab1a14ec4,547,22,547,0,16
2021-10-07T04:41:33Z,7d647dd96cca2860e76f2822b2fa851cb57cdfc6,547,22,547,0,62
2021-10-07T13:34:58Z,2cf5a7fc2aa3e805add28145b012c3983cd61e33,547,22,547,0,3
2021-10-07T20:29:13Z,01f92b9d0d1ad94d7320f06298550ca17179d338,547,22,547,0,62
2021-10-07T22:31:22Z,d6b27939aacefcbd419dcb92dbd9baf8d2fe21f9,547,22,547,0,114
2021-10-08T04:41:11Z,cc1082d6fba6987ac136d96910d6396b5a379023,547,22,547,0,54
2021-10-08T12:47:29Z,6b2d7e1f81f5b855544ec016743f932020fbd97b,547,22,547,0,54
2021-10-08T13:32:37Z,a71713dcc2c4ab7a489febeb91a3969887bda974,547,22,547,0,127
2021-10-08T22:30:23Z,b84629ed24ab60a3b9b2b5279892b94d0d0827c6,547,22,547,0,25
2021-10-08T23:30:33Z,b60c633e77d5a2a5c029ed8ac52eeec87d7683f4,547,22,547,0,1
2021-10-09T23:29:43Z,37bb582d8a1d4cda9f0342e964c7f9841ded20ec,547,22,547,0,1
2021-10-10T22:30:33Z,8e5c8ddac231c9913e7a99009e75b65d32e62284,547,22,547,0,151
2021-10-11T04:41:00Z,ef254efe7e62eadbeab39e8e3e0a396aed7cd4e6,547,22,547,0,62
2021-10-11T10:34:12Z,73754b5f12d99716ba1a0a47e3fb396a48e8e477,547,22,547,0,1
2021-10-11T19:23:18Z,7f8c19179b358c0a67ac969f430ec431538cfaed,547,22,547,0,66
2021-10-11T20:30:27Z,fae3412eff3fc4f1bb778ee21b2b51f7210bde8e,547,22,547,0,401
2021-10-11T22:31:17Z,f693f6f011d92c4829066c215e4d66c151ed24fc,547,22,547,0,1410
2021-10-11T23:29:59Z,bfc8969946a3b61aaea50bb3e22b0ace5823f94a,547,22,547,0,16
2021-10-12T03:31:10Z,d51187e7125f2c99bdaedc365d2e367903aef9bb,547,22,547,0,2
2021-10-12T04:41:14Z,fd9d4dadb89ca094b3ad1d6d996bdf6e2f06b4cb,547,22,547,0,73
2021-10-12T05:27:24Z,f64edcfc3c87830a3889d7f81527dab42d27cd62,547,22,547,0,13
2021-10-12T06:36:16Z,d1b920912db35bde8c29d895ece76a2d3c7742c0,547,22,547,0,3
2021-10-12T07:28:36Z,008734c821338654339b0ae0db1e3779eda057da,547,22,547,0,6
2021-10-12T09:31:15Z,019fb1a9951dd933f198d0f81741c211b78aeaf3,547,22,547,0,4
2021-10-12T12:48:01Z,4f7a32caa8ac7d3f9b1bea258b3db9144980acf4,547,22,547,0,1
2021-10-12T20:30:48Z,63d6fad4a321406b4d51cc8c4029ea38e460a4b0,547,22,547,0,62
2021-10-12T22:31:18Z,7fdda14d27ed3b64327da51f109491e57aa9b71e,547,22,547,0,57
2021-10-13T04:41:25Z,57f46851dd45fb367177937f9303397cf1c41796,547,22,547,0,62
2021-10-13T07:28:52Z,467e42654d27864bcb276647d3475f49097beb52,547,22,547,0,1
2021-10-13T20:30:37Z,78eb2a7d949b47ccc449a6b8f922766fa6d3e30b,547,22,547,0,62
2021-10-13T22:31:12Z,75e867bc14f0b5909335d51fbe6e92abcf7ae484,547,22,547,0,17
2021-10-14T04:41:12Z,36b89af496df31423265b94338f37cbf20f058cb,547,22,547,0,62
2021-10-14T13:32:51Z,af26f70196d5ff01efe1519694a9a7d992f7ab5a,547,22,547,0,1
2021-10-14T20:30:48Z,fa61ff6297d08347ee0e902535e4a93949613096,547,22,547,0,62
2021-10-14T22:32:20Z,ce9f4977bc088740b11576cf8bea76e3b4767f05,547,22,547,0,18
2021-10-15T04:41:29Z,eca7ce9a94191583652c9b550d28f0e7b5b1ff1c,547,22,547,0,62
2021-10-15T12:47:48Z,e9b4dc1422f31407960f307ee9d84d0f8cd42c29,547,22,547,0,74
2021-10-15T13:33:10Z,d317490ffd48ad7da64bdc97670a7a69d28b7d09,547,22,547,0,132
2021-10-15T22:31:16Z,e953d43e56ca44cef04548036b62e7e403691db3,547,22,547,0,9
2021-10-16T15:32:52Z,f4ba42bfc1c646e9acbed8dd34c9a2a3edbd2941,547,22,547,0,3
2021-10-17T22:31:03Z,3bbc7d785889b92c4a24f9b3ffeb72fe47e4410d,547,22,547,0,154
2021-10-18T04:41:36Z,9fcf7fbb135f6aaef2c40a662b37f40d878266e5,547,22,547,0,58
2021-10-18T17:36:56Z,6cf8830992d1b25dab99ec83880ce8e39b3c49a5,547,22,547,0,2
2021-10-18T19:23:46Z,8b5cc9c5c89e4d63a5026de80d9e69a16feee67f,547,22,547,0,66
2021-10-18T20:30:53Z,ca3c2ba754ed89d552c8430cb77b50ead95c040a,547,22,547,0,400
2021-10-18T22:31:19Z,3f369f4c2e4682790eb24051251eb954cd3d9e61,547,22,547,0,1157
2021-10-18T23:31:43Z,b1db271e4ca46712d3e4454f6a811bbd79d75f5f,547,22,547,0,16
2021-10-19T02:42:25Z,3c9bb274feb631dffa3c0df87fe99ca165873544,547,22,547,0,2
2021-10-19T04:41:22Z,2938e5ea65c05ecdab2d90d491327d9dd0011eff,547,22,547,0,64
2021-10-19T05:27:39Z,5682b4598353448a2ea147b551bb82583c328d5d,547,22,547,0,7
2021-10-19T06:37:17Z,5b0a5211c88e3741ee2275910dd0329f80858d3c,547,22,547,0,17
2021-10-19T07:28:53Z,304038541e64f82ee56a75d496127dcd216f0318,547,22,547,0,245
2021-10-19T08:34:41Z,f9c9641c4774338fbd4d3b562b869aeacf5f4452,547,22,547,0,130
2021-10-19T09:34:46Z,df9088b421cc9adedf5efc4403dcba2831613ddb,547,22,547,0,2
2021-10-19T12:52:44Z,395cb6ff342f57eb2aff86fcd76f3ba40e95c5c0,547,22,547,0,1
2021-10-19T13:37:47Z,f52d7c02305c3c946dadb8c4c2394a5a133abcc1,547,22,547,0,82
2021-10-19T15:38:50Z,7632fc371492234ccc4e18fef64b894314d18725,547,22,547,0,1
2021-10-19T20:30:53Z,bb16df10799c2604d28cb78b459f840033bfddc0,547,22,547,0,59
2021-10-19T22:31:30Z,bb0e106b1359c5446f79b72dc88ecf8aeddc1fde,547,22,547,0,86
2021-10-20T04:41:40Z,f88ef616f63816ef3437c2240d41c62069bd624c,547,22,547,0,62
2021-10-20T06:36:59Z,5ffd0044171d52c1eb36fb6bb8e4a22b6cfba150,547,22,547,0,1
2021-10-20T20:30:51Z,3f37531b683ac532612cf85ecc119a8fdc47e7a3,547,22,547,0,62
2021-10-20T22:31:26Z,a110c12abc67040f54bcbcb592939f301239a8d1,547,22,547,0,16
2021-10-21T04:42:08Z,f4c6d5357b238a1372a87bd57d6bc01001a84726,547,22,547,0,62
2021-10-21T16:03:51Z,cf5f1443a0e3d28202f1d7839a02397fe56ec245,547,22,547,0,1
2021-10-21T20:31:21Z,aec4e339eef897e98920ec947a99eedb7e10d51f,547,22,547,0,58
2021-10-21T22:31:57Z,9a0b986ab40c37410c12f4488529a26bdbcf1757,547,22,547,0,18
2021-10-22T04:42:00Z,de5cb9399adda6036410d87a43563ced71019d7b,547,22,547,0,58
2021-10-22T06:37:24Z,690d08871854afdd64b41b430a07616922a3e13f,547,22,547,0,1
2021-10-22T12:49:37Z,7945c0fcf7db417714fe2ead2ef522b1806540cc,547,22,547,0,58
2021-10-22T13:34:22Z,54390fa35a2ba7c3a61994bd3b7d55a9b1fe8b68,547,22,547,0,130
2021-10-22T22:31:46Z,cffdbc6e3fd025f99f4a3d6d45a8dc926bf4197e,547,22,547,0,10
2021-10-24T22:31:04Z,4e317a6db896f2749e3cc806a6c96bb9ec7cd762,547,22,547,0,154
2021-10-25T04:41:34Z,b8e0bcc19c5af7e12b86c8a01f1958b42e0a201e,547,22,547,0,58
2021-10-25T06:38:13Z,9dbe56a766fa02f00bfeb080b53b01e9a8f54f3e,547,22,547,0,1
2021-10-25T08:35:07Z,48e20aabfb5c38bcd99335c3d600b0a92a8199c4,547,22,547,0,1
2021-10-25T19:23:42Z,97f87a98069041ee04d1b868107ee7e0436b8c5d,547,22,547,0,62
2021-10-25T20:31:02Z,f5653311129d5ed6e429903d9918f7d8c1866a01,547,22,547,0,364
2021-10-25T22:31:49Z,3a4f8e224b08903c583c872c38b9edae8356d8f0,547,22,547,0,1369
2021-10-25T23:30:51Z,111508398d18829b33101e8679299804b5d6e2e1,547,22,547,0,16
2021-10-26T03:31:46Z,b92f5cc6f84475c2a6cd27b01e402b693e2590fb,547,22,547,0,4
2021-10-26T04:41:44Z,7211efaa334e49a2d4693c9eb508d505063cfdcc,547,22,547,0,66
2021-10-26T05:27:49Z,6f705cfd1ca59bf8143c1f1327f3c0bba02b4b67,547,22,547,0,5
2021-10-26T06:37:19Z,d4da779e4e7d515f5ba704ce01f9d20b98a164db,547,22,547,0,4
2021-10-26T10:33:54Z,53c68b96e00132f33b83a323f657a058fcf89751,547,22,547,0,1
2021-10-26T20:31:20Z,5f2b4cb827fa9c457973f05acb289d7ca189f21c,547,22,547,0,143
2021-10-26T22:32:14Z,95e53dd3bb52c6da9dfac8d8b12679e941275aa0,547,22,547,0,24
2021-10-27T04:42:06Z,f3ca91e79245a9c4e71ad004e8bd28b511ad9521,547,22,547,0,62
2021-10-27T20:31:01Z,ee64af61370a4e0bfc30998b61946def566c805b,547,22,547,0,62
2021-10-27T22:31:54Z,18cd405ed7124a716992390041fd352b88c1088c,547,22,547,0,16
2021-10-28T04:41:46Z,389370c7d61827e1e83706cd67a2f5c5a92166c3,547,22,547,0,62
2021-10-28T06:37:35Z,3d0d22b00a64059e0d83d4268465b38e881d9970,547,22,547,0,3
2021-10-28T09:31:20Z,9fedf6d94778f2da67b057895ad51b73fc1be2b8,547,22,547,0,0
2021-10-28T10:34:23Z,27bab11e10483d4f5399cfd1a8932cdccea9e9b3,547,22,547,0,0
2021-10-28T13:39:11Z,ec85b1c45f448253b5ba1e660dc98ac7739c896b,547,22,547,0,1
2021-10-28T19:24:15Z,b6b8c3fd880ba1666d7e744f3bd035717db9b428,547,22,547,0,2
2021-10-28T20:31:10Z,5ba7e4007f5389b32f1485086f88e8eeb2ebdf50,547,22,547,0,62
2021-10-28T22:31:22Z,8b30dc566018705675300dd47f06fcd2e6a23b5b,547,22,547,0,16
2021-10-29T04:42:21Z,68420b7677dc9b0eac94258080dff3bbeb50cf4d,547,22,547,0,62
2021-10-29T07:29:24Z,1fe747ddf82a359abbc0fa43cc0177b31ac9ac3e,547,22,547,0,0
2021-10-29T08:35:31Z,9462b8c4786d88b01e7b1e5443f91912bce9d91c,547,22,547,0,0
2021-10-29T10:34:52Z,0ffdae02722972d0f9715529e8832d74b5af9273,547,22,547,0,0
2021-10-29T12:48:17Z,90737b2c1b3f0597cc119725bc3248aec18c8bbe,547,22,547,0,62
2021-10-29T13:33:48Z,f218a12bd9fc7694b432813996154dff2b82250d,547,22,547,0,130
2021-10-29T16:50:53Z,8103d4afe7c784cb9a943132b06af49b6bdee6c8,547,22,547,0,0
2021-10-29T22:31:38Z,1fe79e897d7203f778bc27be4db67fb06d833176,547,22,547,0,8
2021-10-30T07:28:31Z,9ac4169ec5af69870b75670a377b84e2dfc9bea5,547,22,547,0,0
2021-10-30T22:31:12Z,4a400d950a651824962e7a9f99af76e9e16d5601,547,22,547,0,0
2021-10-31T10:33:17Z,073d563c88ab23719300ceb65ab1bc29a40d31af,547,22,547,0,0
2021-10-31T11:26:56Z,7e421c8daa2ab6574711b3b5ee636da02f8c7663,547,22,547,0,0
2021-10-31T15:33:07Z,20e697c6f090f0b3773606d1e506064f1b8a8f33,547,22,547,0,0
2021-10-31T16:49:20Z,427a04f95fa2677ffcafd28009999666f5b63153,547,22,547,0,0
2021-10-31T23:31:00Z,37f32d8bce249ec429b7bb2ae7d3f3b118020a9e,547,22,547,0,16
2021-11-01T12:48:54Z,0ba50f6c29ccd55ede450649912ed613f09489e4,547,22,547,0,0
2021-11-01T23:31:06Z,79309cc5a1e0acbaef2e56a2f7eea9be077eaf52,547,22,547,0,146
2021-11-02T05:27:57Z,e593126f534db6b90900552b1aedc4942d60a058,547,22,547,0,65
2021-11-02T06:37:08Z,22747e6cfc59b07d559159ea4cc15b020cbec45d,547,22,547,0,6
2021-11-02T07:29:17Z,79d39afaff6af0af5c9a2e87b6da54eb21a6ed35,547,22,547,0,0
2021-11-02T11:27:55Z,63feb7ffda035d7f1df6ab61e085c3f0f206d0f1,547,22,547,0,0
2021-11-02T12:52:41Z,9a57be7a6db02043560ad9bd2c3d3c946f4e140b,547,22,547,0,0
2021-11-02T20:31:17Z,9c3df0a4ae67544991ba3ebb4f96591b986a32f9,547,22,547,0,2
2021-11-02T21:29:05Z,cd28e074496f2dde6a0547a0d0fb4f9445947723,547,22,547,0,16
2021-11-02T23:31:01Z,a4efd488694814a0960788c6afbff9a50db634e3,547,22,547,0,1340
2021-11-03T04:41:59Z,04b6e23377d28f69198de7d72eab5da2ff8315f0,547,22,547,0,2
2021-11-03T05:28:13Z,f6ce591db9e3fe7888381275e57e4395ab732cd9,547,22,547,0,49
2021-11-03T06:37:03Z,632facd16b0aed0f49a2da7dd7f0da17af9a6202,547,22,547,0,13
2021-11-03T07:29:28Z,6c4b0ff8ed1631cb12f3a96afb27e75da5972df8,547,22,547,0,336
2021-11-03T08:35:12Z,eba63dbe1c66754e0b2fc253ed8c7e22b9726b5a,547,22,547,0,8
2021-11-03T09:35:42Z,ac694b2b07ba17b530ced85b7efbe707d803abf7,547,22,547,0,1
2021-11-03T16:54:47Z,f5dbb6a2ef8688ba53fefab4fbf21d8ea0f46ed9,547,22,547,0,2
2021-11-03T19:24:17Z,b410ac70180aef9d0e610553b02f937e57c20982,547,22,547,0,16
2021-11-03T21:28:29Z,6270209f78239bc8c0fcdfbb1a57cb540d1e0d9c,547,22,547,0,139
2021-11-03T23:28:16Z,ba59b85715031318cbeff0673235251050b1210a,547,22,547,0,23
2021-11-04T05:28:00Z,31cf81c35e867c98440fc8ec20a020328af36271,547,22,547,0,62
2021-11-04T07:29:12Z,4bda1b6789575dd5f0a9eb33e7f53a8de8ef9535,547,22,547,0,10
2021-11-04T10:33:57Z,d03f09fd953b8eb4433514998a3fa29bb619bd43,547,22,547,0,1
2021-11-04T13:37:51Z,4dd10cc2f4cce23dce4fdbdb4f8969f26a79a3a0,547,22,547,0,0
2021-11-04T21:28:41Z,2a4e09291648bca9ac04791ad55755b3adaf3e0f,547,22,547,0,62
2021-11-04T23:30:55Z,a7929253f23a3e9570fea5c8ccc67ddbb0655efd,547,22,547,0,16
2021-11-05T05:28:11Z,f3a9658b92692b1c68609c7a9b61d97ef298218a,547,22,547,0,62
2021-11-05T13:33:33Z,3061bc6342a8a4ed0ffbbf346c7fb31a7a2019a2,547,22,547,0,62
2021-11-05T14:33:05Z,d0ff3ae3e82fc838aed50070774868573a607839,547,22,547,0,131
2021-11-06T14:27:51Z,3cc851e2fcf5896377f3f81e0519550097f9bdfe,547,22,547,0,0
2021-11-07T23:30:44Z,04e0d22534909c28cf5f9332502540381cbe8735,547,22,547,0,146
2021-11-08T05:28:27Z,e2a251c05e17cf598c825407092e21dd0922162f,547,22,547,0,62
2021-11-08T22:31:57Z,40e5c5d2c805490467c9b196b67fba77d9335e0a,547,22,547,0,4
2021-11-08T23:30:56Z,13eec629e2053ecae59de26b06766af1908652d0,547,22,547,0,1786
2021-11-09T01:28:27Z,a43096a9d0c7d60f48d6c36ce48ff849aa2ce944,547,22,547,0,17
2021-11-09T04:42:06Z,1bbecb4463e570834466cd408f39dd2895fef9d9,547,22,547,0,1
2021-11-09T05:28:00Z,7029cfc3fd8e2cd69f3753fc675beb006b7b3908,547,22,547,0,49
2021-11-09T06:37:29Z,71fa80d8c235a4f17b006fda781d3559a82d1563,547,22,547,0,15
2021-11-09T07:29:25Z,716381d54fd5e1b7a134991959976f5a6997c51e,547,22,547,0,5
2021-11-09T08:40:51Z,c0a943858c801eacbf0a85e74e7585a61fb3a4a6,547,22,547,0,6
2021-11-09T10:38:51Z,4e887692ed9f275ba02b1e9e6bbd168516fed720,547,22,547,0,40
2021-11-09T11:27:19Z,aaf1d57fd045fee2c9ef51c10c8eb547beaa025b,547,22,547,0,2
2021-11-09T12:53:42Z,be3da9e160f817253c49118fcdc755fb9a687ccd,547,22,547,0,136
2021-11-09T13:38:46Z,def59b1688183689f44f253ab1e24f1af0166950,547,22,547,0,0
2021-11-09T14:34:01Z,3ee50bf07196c31995792b514705813cb87195e0,547,22,547,0,0
2021-11-09T18:36:31Z,70a7061f54eabcc20c0a3e4c6f60c94a36baa156,547,22,547,0,0
2021-11-09T21:28:50Z,2d61017ea474f006cf44f0b7dab50d5de72bc3ba,547,22,547,0,62
2021-11-09T23:31:08Z,f15e3fad90f0861ba5337c1e913de9da9fe41c79,547,22,547,0,3
2021-11-10T04:42:18Z,b26fdc7fa88add8315af5a0100dde91e573043ab,547,22,547,0,4
2021-11-10T05:26:33Z,fe8b947b8906d04efdec19dbff74820ca12fb666,547,22,547,0,64
2021-11-10T07:29:04Z,1dcbbb6f0b862699f9b40308a1b50b2b088c845f,547,22,547,0,1
2021-11-10T08:35:28Z,78bb1a84cd55a1770badf8d074a766cf13d4385b,547,22,547,0,0
2021-11-10T10:38:48Z,70782de6cbcdb46a118762d0123e4537753ba66b,547,22,547,0,0
2021-11-10T11:31:49Z,ea9607df7533a82ea4eea6ba547f7eb34b57ceed,547,22,547,0,17
2021-11-10T12:48:47Z,e00e9cabaeb3dba40515575281eaef1ccf03f8e4,547,22,547,0,0
2021-11-10T13:38:53Z,ac712c8d9c9ac7d12c9c1ffb02d46df503b787ad,547,22,547,0,1
2021-11-10T14:28:55Z,966e4448641c2d9a5063baadc4957f987a32231a,547,22,547,0,0
2021-11-10T16:52:41Z,84c6e25498cdeba51459d10ed6d713188bb09862,547,22,547,0,0
2021-11-10T21:27:53Z,f68ca52a7467130b1be4f5a783c6fa92754c47c3,547,22,547,0,62
2021-11-10T23:30:49Z,8b31a87cf11678e2a77c78a828251a564132e180,547,22,547,0,29
2021-11-11T05:28:23Z,5f908f2286cbb7fb51ba18c5442166d1cdbc80d0,547,22,547,0,62
2021-11-11T12:48:12Z,0a4ed10805ffaac8c4a1be934af503b5cadde648,547,22,547,0,1
2021-11-11T21:28:48Z,80afa8845a7b0c202fa4efc205c84c2119768c99,547,22,547,0,64
2021-11-11T23:31:06Z,4a6035d28a90ad6e047588f919bb45e006025754,547,22,547,0,17
2021-11-12T05:28:29Z,c99f3bf37dce7e949012bf0c2554bbaa3076341d,547,22,547,0,62
2021-11-12T11:27:25Z,adcf8e541851f704cff024e2d6472528d4b37ac4,547,22,547,0,11
2021-11-12T13:34:02Z,9a05e67702261cec457d1362016fb4310c437c28,547,22,547,0,63
2021-11-12T14:28:55Z,2b9817272ff1262ceddcaeb0b1601406761f921a,547,22,547,0,130
2021-11-12T23:29:45Z,7ca59212e7cf601ad2d9db36d3496e3e1d568b77,547,22,547,0,1
2021-11-13T10:33:22Z,470875dea1f30541a511c27604d957a731922611,547,22,547,0,1
2021-11-14T07:28:48Z,35ba09befc2fbdb4c0f67667e28a6659c78868ee,547,22,547,0,2
2021-11-14T18:35:04Z,3eca26deeea6cda9f594ffc9d28d1d254384f30e,547,22,547,0,0
2021-11-14T23:30:51Z,2bae0d36dcc8c69d0666080b568319d5c6de4471,547,22,547,0,146
2021-11-15T05:28:39Z,3562dba8b6477047cf24d79f51ccf3555aa14822,547,22,547,0,62
2021-11-15T14:29:09Z,1db80d16d24617ac069ac7ce4c7addeb128bafee,547,22,547,0,0
2021-11-15T16:51:31Z,dd166efb87986a6b7d733a59e6f4a7327020690c,547,22,547,0,0
2021-11-15T20:31:38Z,affa0dbf482feb0a080768adaaf15b6728374321,547,22,547,0,50
2021-11-15T21:29:24Z,8af7c20942a7f1710a0d9b717cf47e90464f7310,547,22,547,0,368
2021-11-15T23:31:04Z,23a9fad0cec13cc9060ca35b5d057bf26637b4c4,547,22,547,0,1133
2021-11-16T01:28:35Z,48406339ddd55402639e0c53093d42056e47e475,547,22,547,0,20
2021-11-16T04:42:14Z,cc2e41796964db2838a6ce9cfc4ea9eea81cb03b,547,22,547,0,2
2021-11-16T05:28:08Z,3c67cd505e15d90b0b73cf4b8df97cba88d830bd,547,22,547,0,67
2021-11-16T06:35:36Z,d128f7b88a2196acf338a8b7b9efa2a03547b21c,547,22,547,0,7
2021-11-16T08:35:51Z,cf8ca23c54efdfe64dfb09aea342085c5d2f2d62,547,22,547,0,3
2021-11-16T09:31:55Z,533fcfecb8fdcde514514e860858a8a8350e0563,547,22,547,0,2
2021-11-16T21:28:53Z,0e569088d0d0660ec8ec67094dd08511635ea555,547,22,547,0,136
2021-11-16T23:30:57Z,54e2a2802b80072e390e4bfa7d9ffe3f2afa0706,547,22,547,0,8
2021-11-17T05:28:06Z,e0f518203b7487c82f6a10db277262af8c93e9fb,547,22,547,0,55
2021-11-17T06:37:41Z,72ee59477feb53f9e3205f571a6c3fd1a7520a17,547,22,547,0,4
2021-11-17T07:29:05Z,45ae1e25270227d981cd7aef8ea97068948b9782,547,22,547,0,0
2021-11-17T10:39:02Z,17b762d6589c470dadb4463afee33c8234320928,547,22,547,0,2
2021-11-17T21:28:14Z,f4ab5c38870180a00338279d552707095fa03148,547,22,547,0,62
2021-11-17T23:30:24Z,4484244239bec90737617966ba34fa79ea3a16b9,547,22,547,0,16
2021-11-18T05:28:22Z,904dd5f15132782bb85a7171bdcd2010f4bb366b,547,22,547,0,62
2021-11-18T21:26:08Z,7575c2adcd467140959a220dd69791f06ae2dd52,547,22,547,0,62
2021-11-18T23:31:17Z,0dc3f9fa0ad7c330bfa7569bc871679671278941,547,22,547,0,18
2021-11-19T05:28:15Z,6a95cdccc5eabf4963487b5a1a3411da51a08e99,547,22,547,0,62
2021-11-19T06:38:05Z,9b605e1c537c4ae27c263eac51b090c035c9a34b,547,22,547,0,0
2021-11-19T08:35:18Z,4ad4d78be4b39528cc18834c111b50e1c5d267bb,547,22,547,0,0
2021-11-19T12:48:10Z,aa6b1972ea4701289abafb60039314161c80a98e,547,22,547,0,2
2021-11-19T13:38:49Z,4752813f8bd4e5a66e8e5804e199801186867685,547,22,547,0,62
2021-11-19T14:33:55Z,c31e391039a46d68fda85326195a6e56c5519acf,547,22,547,0,130
2021-11-19T23:30:58Z,53cd0ec4b27c4b4e55a8c86efde21839ef2a09f9,547,22,547,0,2
2021-11-21T23:30:39Z,f1406b8fb35c23c521a84ce7891f3a75704a7f56,547,22,547,0,146
2021-11-22T05:28:46Z,8f9b543c07bd113f244e2768f98e8f547c283764,547,22,547,0,62
2021-11-22T06:38:25Z,e789b0230dd6dc4a889e2a798d62f12f31ea2edd,547,22,547,0,0
2021-11-22T11:27:51Z,638b01593b81b8c7e1b4621148b949f5986a82f9,547,22,547,0,0
2021-11-22T12:49:36Z,3f50c549b5d330388f537722ee9738e43d99ce51,547,22,547,0,0
2021-11-22T21:28:43Z,47bf87316a715d7d3b6cb36ee5f37d291a33464a,547,22,547,0,4
2021-11-22T23:31:03Z,cbe28e303f38292f4fbf891d3a50947078bebf85,547,22,547,0,1744
2021-11-23T01:28:13Z,3d0a3e382171ac26768a55c8a04950d220276893,547,22,547,0,16
2021-11-23T04:42:26Z,d68c8759844cc8493a109b8b6db509751aa6caba,547,22,547,0,2
2021-11-23T05:28:19Z,616c1ff7f1e58ef85bb8ea97015aa9f45a334d6d,547,22,547,0,7
2021-11-23T06:37:26Z,8ba13e072e2c9b1f1b589ecda65d633d5d266b37,547,22,547,0,12
2021-11-23T07:29:11Z,36e3d0173b8cf8e4771bfd45d2fe685c7a30af90,547,22,547,0,6
2021-11-23T08:35:53Z,7191135654f0b9371a6c2e4615f2b37978a37651,547,22,547,0,2
2021-11-23T09:31:58Z,4846312f5193d3a4052b23b953157969bb256024,547,22,547,0,2
2021-11-23T11:27:23Z,6ec34a79e9a2a05b7a678c66b3e79eb3b59a990f,547,22,547,0,2
2021-11-23T12:48:32Z,493bf44050b48540fe0007b42cee6618ac780406,547,22,547,0,2
2021-11-23T21:28:46Z,56ac342d184f0ac1b4439c658c8ab22bf762b115,547,22,547,0,52
2021-11-23T22:31:51Z,bb6a90b2df0bfe7ec39ad5365d24f23cf857da01,547,22,547,0,38
2021-11-23T23:30:56Z,6e8d97076048ae2556342c4c192d08885fd01e89,547,22,547,0,0
2021-11-24T04:42:59Z,58ba2240abaa9e9abff90d8c6519847dd0f4604c,547,22,547,0,4
2021-11-24T05:29:01Z,cbb34c8e2e852dd5d0bd56430f9eeac12be666f2,547,22,547,0,55
2021-11-24T21:28:40Z,4f06734bbcdfad72c93ac5168a93fe47749cfa78,547,22,547,0,62
2021-11-24T23:31:12Z,17268cc03eb4d18f6bbc6ce6a3aa33a09a725b8a,547,22,547,0,16
2021-11-25T05:28:39Z,86e1f7eaee66e7a3fa2b544f38317e6293203df0,547,22,547,0,62
2021-11-25T20:31:43Z,70444f5a81b72e086c7c0648b7200bc960c4b533,547,22,547,0,2
2021-11-25T21:28:46Z,33ef3bbbbd8ac4117a15ef88186c3bac8d984c4a,547,22,547,0,62
2021-11-25T23:30:37Z,852810fd1246d37a712e5e7a33ee7951ddab5fad,547,22,547,0,16
2021-11-26T05:28:23Z,daf272f112b2c10ab09126cdbd23237329b7080e,547,22,547,0,62
2021-11-26T10:34:09Z,998552d686f199a08d47081bc3fa91099ac3045f,547,22,547,0,0
2021-11-26T13:33:47Z,d8fe41237b3f7cbec005fb73f4363e5310787084,547,22,547,0,62
2021-11-26T14:28:53Z,a0764672746d2e06720e410a8846ddc693dae215,547,22,547,0,130
2021-11-26T21:28:38Z,dbc896f070ec8b304897545514af9cbae50fa7ff,547,22,547,0,2
2021-11-28T23:30:45Z,ba977737d0f62b720a4cc5988f7b4f2780683180,547,22,547,0,146
2021-11-29T05:28:49Z,d8f9402b5799a7f8fe9ae9701474101ba9863197,547,22,547,0,62
2021-11-29T11:27:30Z,57bb04d692aba19921f54aec482a59c93e78ebc1,547,22,547,0,0
2021-11-29T23:31:07Z,1037bc73abd064c0a01de5b6738c043f7152c525,547,22,547,0,1312
2021-11-30T01:25:29Z,183e6397f9f1bb52cb28d27e52b7856f6c1d2d94,547,22,547,0,8
2021-11-30T06:31:27Z,3732d9674556aecd39dbceeba229b9c88ad08a6f,547,22,547,0,6
2021-11-30T07:24:58Z,f2f33488d00488db60739829e676db9ddcb8fb4f,547,22,547,0,5
2021-11-30T08:30:22Z,3759947cd36d9f2a2e3db6ac5ec482919064b705,547,22,547,0,2
2021-11-30T12:45:47Z,b95a26c2536cfefefe58fc23a9e21822030493e3,547,22,547,0,9
2021-11-30T14:29:07Z,aa35c63732a3111dd29b545836cf9b7c949853f9,547,22,547,0,0
2021-11-30T16:51:42Z,4c48dc980ae5e1c733dcc594bed9677531406aac,547,22,547,0,0
2021-11-30T20:32:07Z,a504b9d689e621fb6f0c0a2722daa8eba85190eb,547,22,547,0,2
2021-11-30T21:29:18Z,09e44593ee81d914a5d5103358a590a40a13c6f7,547,22,547,0,62
2021-11-30T23:31:14Z,fc0fbdae358b5217f2e28752a0aa3dad42532518,547,22,547,0,13
2021-12-01T05:29:36Z,51fb2cf1bbb6f8db53230c102f092b6e2a391501,547,22,547,0,62
2021-12-01T10:38:52Z,1297e57f98b2459dd7c2b6f7d03dbf8be09cce38,547,22,547,0,0
2021-12-01T14:29:45Z,c16949877b8af9ca004f9ca9b315f076880a34aa,547,22,547,0,2
2021-12-01T21:29:15Z,d4e8209fca6f8dc248586d9cfc5e1053c942bb84,547,22,547,0,62
2021-12-01T23:31:20Z,8de3aa1327ba99b1acb857106b303fc81c026c76,547,22,547,0,97
2021-12-02T05:28:51Z,61a5d44f86aab657d78b77c87d3a8a8b4c8f3b24,547,22,547,0,62
2021-12-02T06:38:22Z,74d1e8083e92de1c2e4cac37a5b2669d700b3de9,547,22,547,0,1
2021-12-02T07:29:36Z,0e92938d152d0dba0de1dc1c1d126ebcbde4685e,547,22,547,0,2
2021-12-02T12:48:18Z,d4caae0434a371ac365bca7a3b0174990c25ce7b,547,22,547,0,2
2021-12-02T21:27:55Z,6f636e3e1085163db4703b15b709a47076b2c2e3,547,22,547,0,64
2021-12-02T23:31:14Z,e995e99c1a2fae820f815dcb417c0e238ff6e231,547,22,547,0,16
2021-12-03T05:28:52Z,0ff7b47b90e829736d18691a4bd5c92fa17f2890,547,22,547,0,62
2021-12-03T13:34:24Z,06973dc6c258b8434efb96a5bd48ed0b06e95706,547,22,547,0,166
2021-12-03T14:29:14Z,762a9ac2de6f950e78a62853dcba448e92391306,547,22,547,0,163
2021-12-03T17:38:49Z,33952536416f27a5de180fd136069982ec0cc669,547,22,547,0,1
2021-12-03T23:30:45Z,78cfd9fa73c5d1a4c6e1e476a7ae13b4294fcb8d,547,22,547,0,2
2021-12-04T17:38:40Z,240f70ed609ec3dd7ce7f488084725655e5beba8,547,22,547,0,0
2021-12-04T23:31:59Z,1753427d59a6601a4d5ce5664e321679b7dac80f,547,22,547,0,1
2021-12-05T23:30:42Z,51fa365fe5ffad5e71e4f73835643f14dd9660fd,547,22,547,0,180
2021-12-06T01:32:23Z,aaabaac1e9f3d0f5270b56c020fecc18a3a38065,547,22,547,0,1
2021-12-06T05:29:34Z,940a71f53a021cca8908e6ee2dd97412d6d93dc1,547,22,547,0,62
2021-12-06T08:37:11Z,f0139c21a80005463084686ff421514722b7e9af,547,22,547,0,0
2021-12-06T10:35:23Z,46b4d388337cc6d5faeb3fa6673b978a8f827f04,547,22,547,0,0
2021-12-06T12:50:09Z,0243e0e54a67231e76dedf86ffd9291d034540d5,547,22,547,0,0
2021-12-06T21:30:02Z,9963d77f594b20fd78ab6dfe917eb588bc1168b6,547,22,547,0,4
2021-12-06T23:32:46Z,cb420d1426a1fc184ce5f7879a012839528d3f18,547,22,547,0,1770
2021-12-07T01:34:54Z,f5471d9277512e3e95bdb06cafdde1834cef0526,547,22,547,0,16
2021-12-07T04:44:07Z,2b524b4337237d1dd6c283a82b35f80fa12269cf,547,22,547,0,2
2021-12-07T05:29:53Z,939ffecbe53002b2b6593c9bcc2ab260c73d9a24,547,22,547,0,3
2021-12-07T06:39:27Z,fc0fd6772d03dd5ed4be4f5c3f4421f4c44d33a6,547,22,547,0,6
2021-12-07T07:30:33Z,c6fd3a059bd2eee904cf162aad454a4fc37c2d62,547,22,547,0,8
2021-12-07T08:38:27Z,cd0c475217ad8666f839dbbfdf55f58c61de029f,547,22,547,0,3
2021-12-07T09:33:50Z,edec013a82216683042d209d762821fea384fe20,547,22,547,0,2
2021-12-07T18:38:11Z,9f9bce83af8a47105da52f5daa10bd78c9b5ede6,547,22,547,0,0
2021-12-07T21:30:07Z,83aea52aab6d6287b00e81788fc7796ed4bf4bb6,547,22,547,0,62
2021-12-07T23:32:00Z,088c49fa2739dcfd16140c6e4e9326550eb6015c,547,22,547,0,10
2021-12-08T04:43:22Z,ca027718519b12ecadca71a15caef5bb230c0905,547,22,547,0,4
2021-12-08T05:29:37Z,f578331be849a538e7097c27dabf4d6b8a04afb8,547,22,547,0,62
2021-12-08T06:38:53Z,e51a9dc37e286b520b029192436301de6b0fa609,547,22,547,0,4
2021-12-08T08:37:07Z,d196afba0a2e3717878772e8942fe44860cf4a3e,547,22,547,0,2
2021-12-08T15:35:28Z,8b1997302e38caacd5fd578fffc485c983bb5837,547,22,547,0,0
2021-12-08T21:29:36Z,7d7a00b5c61204c78352f312e15cd2eab069b490,547,22,547,0,62
2021-12-08T23:31:48Z,a21983cb27f9ea394f8878ef98b32f6374ced870,547,22,547,0,16
2021-12-09T05:29:42Z,9232d9750a608e5110b31e6efb8629d76392b70c,547,22,547,0,62
2021-12-09T09:32:33Z,bcbea27cfc1c407e902696ad527bf6961ab91ac5,547,22,547,0,97
2021-12-09T10:36:58Z,e6c5286c36a999fb42bfade1344ce52490ac2e72,547,22,547,0,4
2021-12-09T12:49:57Z,316cab55875e597e0ca654079b1fceffed42faae,547,22,547,0,0
2021-12-09T16:56:45Z,1860e15639000399b79ec85d54d22a66df5bff9f,547,22,547,0,0
2021-12-09T20:32:40Z,541e092bba89caf7e44aa251c8a50419319ac070,547,22,547,0,0
2021-12-09T21:29:30Z,8faad2e2b787e9d099253baf692920e475fccda1,547,22,547,0,62
2021-12-09T23:31:20Z,45579ee46fd544afb56f9771513625c161bdf461,547,22,547,0,17
2021-12-10T05:29:00Z,df3daca52ccc8cbd4b0dd284ec0b15fee4547764,547,22,547,0,62
2021-12-10T13:34:34Z,038318e55e1bdad10011e39627d5e80e8bce20cc,547,22,547,0,62
2021-12-10T14:29:36Z,fd92487530851173b6060fca0495470ede5962ef,547,22,547,0,163
2021-12-10T16:52:04Z,195e7d027b01bc15f31df70d0beffa401b5d7e11,547,22,547,0,1
2021-12-10T23:31:10Z,a45f2d159f4ce5fb72841e43327db7601bc6eb7c,547,22,547,0,0
2021-12-11T01:29:47Z,8e58db98d608ef0547164803e356c0afdfd1fde2,547,22,547,0,1
2021-12-12T23:30:53Z,00851af5ca842b50b4f82c3a1119686b2c6297f4,547,22,547,0,180
2021-12-13T05:29:02Z,fc2deef17c8d8dd3ce2a0e913f468f7410b4b1ff,547,22,547,0,62
2021-12-13T07:30:02Z,489267518030d123eb1acd96b6667fcbefc958ce,547,22,547,0,0
2021-12-13T12:49:43Z,091838033ee96e7a7617cfc1afc94642909049c6,547,22,547,0,0
2021-12-13T20:32:11Z,e7a6f5326237ca425adcd304538f5e7a0121a8e0,547,22,547,0,66
2021-12-13T21:29:14Z,5fad6399904ec76a76763dc819fa6f87a3243ce0,547,22,547,0,303
2021-12-13T23:31:11Z,73937970cd3e31ecb16eb54bfae2e0d52873d5a2,547,22,547,0,1153
2021-12-14T01:35:13Z,acf9c4ce7cd03c63ae7c56614f14e9fd20a83a51,547,22,547,0,16
2021-12-14T04:42:53Z,1c136ca81d7e22831286b0e7a23fa67d9a301bb0,547,22,547,0,4
2021-12-14T05:28:56Z,7efda0ae9b62197b780c83375a1fba87dfb1b883,547,22,547,0,2
2021-12-14T06:36:53Z,4459c85eb9098fb81b2ef3d7f7ead56e0cf2c52a,547,22,547,0,9
2021-12-14T07:29:45Z,d5390817f77cd1b8f5bd00d32154ca9d88df1944,547,22,547,0,6
2021-12-14T10:34:35Z,7b50f9f125002524bf675fb1464fbcdd402acb21,547,22,547,0,0
2021-12-14T12:49:07Z,906547bd34144366901a5f178a77d2b6c4275998,547,22,547,0,1
2021-12-14T20:32:18Z,529e0bd78fa1b1a75f47fc84017582fdcc1cd68d,547,22,547,0,1
2021-12-14T21:27:57Z,ad057a963508640128605dad8c3011d0037f93b4,547,22,547,0,62
2021-12-14T23:31:29Z,83c54088c4e757d928cf886e1dba8141db86edcb,547,22,547,0,2
2021-12-15T05:29:23Z,24e5b89b69f97e7b62a402524649421eae956f5f,547,22,547,0,65
2021-12-15T06:37:39Z,f2330d247841521f9b3e43a8c9b7306929a5b3d3,547,22,547,0,3
2021-12-15T19:25:21Z,48b5e9fb28e14b3d28b9c1d8ba017727221f6a11,547,22,547,0,0
2021-12-15T21:29:24Z,a9e8ba754335934d04f4899ba8057dc7fd9924ba,547,22,547,0,62
2021-12-15T23:31:35Z,3a0dd61562d7daedc4688f108cdf39b7fa386370,547,22,547,0,22
2021-12-16T05:29:04Z,825d16042cb8c970ba6af5d9d132e7921a250a2e,547,22,547,0,62
2021-12-16T06:38:22Z,82cc8e03d2b13e383810c5ed0a91c149ca8ff2ec,547,22,547,0,34
2021-12-16T20:31:47Z,d19e82777d578f8ebbb9106785a0ada7eed511f9,547,22,547,0,2
2021-12-16T21:29:43Z,75e0038160f20c45e3765a760cd44d3f6f95c9e7,547,22,547,0,62
2021-12-16T23:31:34Z,3d184274b0996e5f2e40134223ea4577b6528b4e,547,22,547,0,16
2021-12-17T05:28:56Z,79e0e9483f18e361d3337bd9c29baaefafff571d,547,22,547,0,62
2021-12-17T13:33:09Z,a53663e96a1fa8159b906f974e55b3a524c6d62d,547,22,547,0,62
2021-12-17T14:29:10Z,e3c65a554a8296f30120948fab4065e244fba11f,547,22,547,0,164
2021-12-17T21:29:15Z,ec71583efea2581cb9aa412f0d1c05ec3c114fb8,547,22,547,0,2
2021-12-18T23:30:51Z,3c14cfdb58f19c02bba6616fa8f7961a0d8357b0,547,22,547,0,1
2021-12-19T23:31:04Z,f5ceea29388ee9a87aaf9faff76b900abf7abea2,547,22,547,0,181
2021-12-20T05:30:38Z,ef02a511d8eb37bf26a717c1450aa0fb1a6390b9,547,22,547,0,62
2021-12-20T13:36:53Z,6567c6037083222b39a716b13fff66e3d633a92e,547,22,547,0,2
2021-12-20T20:33:15Z,ad3252d3acb9100ff0fc663d2354d1f4070ec16d,547,22,547,0,4
2021-12-20T21:29:31Z,7cbd248a27d5d04c894faa575863c6e0c1d109c4,547,22,547,0,334
2021-12-20T23:31:50Z,04a347640afe759feafbfa5d269898fada4e4ba8,547,22,547,0,1331
2021-12-21T01:36:28Z,ac0399b5271575d6f2c30028ce98b664c9fdce55,547,22,547,0,16
2021-12-21T04:44:18Z,fb478586dbe31d5f4a210c126db0878271ac055f,547,22,547,0,4
2021-12-21T05:30:38Z,f77a15df42ba6afa9c7438f08ae05a6ee8dfb0f2,547,22,547,0,7
2021-12-21T06:39:18Z,ef88303a5cae790a46a7e1812aff43cfafde9b7d,547,22,547,0,45
2021-12-21T07:30:22Z,07c94f527fb0d33583fa1d45e62abce38370fbce,547,22,547,0,6
2021-12-21T09:32:30Z,d5a0f2820dfb10e7888d8af7ef16e840b546f614,547,22,547,0,2
2021-12-21T12:51:19Z,3daaad4b13cfaa1ff7d12075c80e92c61ea8a3fd,547,22,547,0,4
2021-12-21T19:25:12Z,554b35c17d4bf9b58992188752658e42288d3fd5,547,22,547,0,2
2021-12-21T20:33:09Z,43a875ed1f6133fa16549b4fa98a9c54cf2db4aa,547,22,547,0,2
2021-12-21T21:29:13Z,e2b6378f3bff078ae43c50afdfae1f838192b75b,547,22,547,0,62
2021-12-21T23:31:43Z,00e2cb28c85f43f6d3da76e2f50401b364ab264e,547,22,547,0,37
2021-12-22T05:30:10Z,2029e6bb96b00c5517842c3850b628797db40a3e,547,22,547,0,62
2021-12-22T21:29:33Z,10b9cda440a1a8a2ec60d2d59beb5920d522a949,547,22,547,0,62
2021-12-22T23:31:59Z,8bac37265ed677a02002836414700efc452d6a00,547,22,547,0,16
2021-12-23T05:30:43Z,7937323f6cdc79d56e1c432e9cc4260d15d162fc,547,22,547,0,62
2021-12-23T06:39:21Z,927a6cfa9fb8a92aaf6fae478a1890d119ab98a5,547,22,547,0,32
2021-12-23T10:35:33Z,b057572c621dcd990c8ab4d8020d06f525573744,547,22,547,0,62
2021-12-23T23:31:51Z,f311c7fd6b3a3b81a9fb8bffffa74a2a71e8811c,547,22,547,0,179
2021-12-24T01:32:52Z,338bfbb13952de68dc572577f5b4a868db8f3656,547,22,547,0,1
2021-12-24T08:37:55Z,54779e41598519a1dc988d9ba119145ea2c7374d,547,22,547,0,2
2021-12-24T15:34:33Z,2407bbafa04c368246a001d08427b4f6e398da49,547,22,547,0,2
2021-12-24T19:24:52Z,d1af4e502a023d82005908b8369cf5a643866d06,547,22,547,0,0
2021-12-24T23:31:43Z,95d65ecfc9399802d55cb0f20602fc55ed9aa67f,547,22,547,0,8
2021-12-26T23:31:22Z,7aeda9cbe5579f6615e00be59e35efd598e58a27,547,22,547,0,24
2021-12-27T05:30:39Z,44883d52d6500c5c8eb34a24a91ff419ec9d3c91,547,22,547,0,62
2021-12-27T12:55:54Z,11716ef6cfc82a80c4b273ffe8ac99396aef48a8,547,22,547,0,0
2021-12-27T21:29:16Z,84acebd14c80305c79477bfcfdb96e00b6d21f1c,547,22,547,0,4
2021-12-27T23:31:29Z,bb689646f7b9ffd56a4424cee862dc2b710cb68d,547,22,547,0,869
2021-12-28T01:33:22Z,c4b33860aca0f71be939f7d32e6abc82135174f7,547,22,547,0,8
2021-12-28T04:44:10Z,6641e522be086d4f1b8c74dd0da0578dc3269300,547,22,547,0,2
2021-12-28T05:30:12Z,165d66263e24dfa2d6d5bd5b3648660f2940f2a6,547,22,547,0,35
2021-12-28T06:39:23Z,aa4059c3b52220a3cf4867f983a24f3a4720c4d9,547,22,547,0,5
2021-12-28T08:38:15Z,42a5608b0253cd5c35c3b0f15a8e22efa9761884,547,22,547,0,101
2021-12-28T09:32:30Z,f61c96768e041f3e8752cbf513399bc2da0876ac,547,22,547,0,1
2021-12-28T13:35:42Z,a086af0cd4028be7e3b12bf6700c523fc4c75d11,547,22,547,0,2
2021-12-28T21:29:08Z,d59c90deaa8008c0afdb82473d47f2ac6a692d6a,547,22,547,0,62
2021-12-28T23:31:36Z,617339f0799ab0724138209d40d89002f03c9b38,547,22,547,0,43
2021-12-29T03:32:15Z,cd761a71ec0362ab2f006f27068dbe163a11b91b,547,22,547,0,2
2021-12-29T05:30:19Z,759895e7ab54830771589f0d2734b41e88e1d17d,547,22,547,0,62
2021-12-29T10:35:04Z,002c1891d40b544dcaf4e736ce03868f47e152b7,547,22,547,0,3
2021-12-29T21:29:35Z,fe47637a786ed29be77c39084ea0c82f0bed8b13,547,22,547,0,62
2021-12-29T23:31:47Z,546196de847c474de189c40c53ca494d2d88ab92,547,22,547,0,16
2021-12-30T05:30:12Z,cbc09789952ccf61537008ccaa8e768265e18911,547,22,547,0,62
2021-12-30T13:35:39Z,9e0d1d979d79f968a7109c12e56afa86dc78c99b,547,22,547,0,62
2021-12-30T23:31:55Z,fe1ae13af750d4dca9d2c278450e1775fef846b0,547,22,547,0,18
2021-12-31T23:31:38Z,f6635a87db10724264d7ead4a53e3837fe58bbb3,547,22,547,0,2
2022-01-02T10:34:01Z,f136d3d911728ef5787cbeebc8908213e7c6d1ff,547,22,547,0,0
2022-01-02T23:31:31Z,7624f2dac8a98b6f5af998d6e1e8e408029b94af,547,22,547,0,180
2022-01-03T07:30:35Z,863fdd8dbffd78dedc7e55813966787d245784e9,547,22,547,0,0
2022-01-03T11:28:21Z,1b3307ee93ae989cf809328287c36fd01fdd08fa,547,22,547,0,62
2022-01-03T12:51:12Z,90730c698ae0ffbbf8c326237d9a8f2ba5073123,547,22,547,0,4
2022-01-03T14:29:45Z,2c8179143f5ea8ae8b53f3558a1c317cc10bd883,547,22,547,0,1
2022-01-03T20:33:25Z,e2846d71be6b77b0cd7bf19cbf37bc43df5f96c9,547,22,547,0,66
2022-01-03T21:29:33Z,a58c3a34da790bc168bea9dd7f004a3221926b93,547,22,547,0,343
2022-01-03T23:31:58Z,35958720977f8ca210c650ab74e19aba9ae03c6e,547,22,547,0,1364
2022-01-04T01:35:56Z,ac0bc6f5e396cafded33071bcff341258082fbc2,547,22,547,0,16
2022-01-04T04:44:23Z,bc8d591cb8d44df63c7752533113ad89d5ab3544,547,22,547,0,2
2022-01-04T05:30:37Z,91050b76176d81b041672c5def5575b6d06406cc,547,22,547,0,11
2022-01-04T06:39:22Z,e310f8c3aff005322ed932205569dc2d022f86c3,547,22,547,0,10
2022-01-04T07:30:26Z,da02a95ab19b5cd623cd5df21b873a6a0f809ebe,547,22,547,0,1
2022-01-04T08:38:24Z,42edc2ee79ab6ddc593b8c6c9274620d3809e770,547,22,547,0,60
2022-01-04T09:32:34Z,817392e1e2d2be29a34d27243afb3be6cebaf9e5,547,22,547,0,5
2022-01-04T11:28:23Z,8bc71a72b567332e20ddf891fa8112e5421402b1,547,22,547,0,0
2022-01-04T13:36:14Z,8ee7a997dd695bc22babd5b9fc61439eef7fe7f9,547,22,547,0,0
2022-01-04T14:29:37Z,abcc3db5761c560e9e31aec6a278e523cb9ce294,547,22,547,0,0
2022-01-04T19:25:28Z,1bf52e3ba283c504b3f6ab6242eddbe8b3532c9d,547,22,547,0,0
2022-01-04T21:29:31Z,6c9a83232971942f7b0565c1eaca4e74b042f64b,547,22,547,0,62
2022-01-04T23:32:23Z,45c694efce4e49e9a8f54e6e2d676cc212baf6d4,547,22,547,0,129
2022-01-05T05:30:49Z,ba48bcd1f22b9fb56b175cc77b17f8f39b54123f,547,22,547,0,62
2022-01-05T06:39:54Z,33def1e51f4f1fc73932c9b9ecb6c8a56df8d693,547,22,547,0,7
2022-01-05T09:32:58Z,4cb5352ac436483134e6b4d885b3cff0f87bfea4,547,22,547,0,4
2022-01-05T12:51:49Z,6287d221fc73fe26f6951f92b751edb3ffd376f1,547,22,547,0,0
2022-01-05T21:29:58Z,f834a588bed8fa2d46ba600e1ef0dfcefb6b5e8b,547,22,547,0,62
2022-01-05T23:32:21Z,57b1bfa2b64f90bd4bd3f66bfbba7bf6d29d1418,547,22,547,0,16
2022-01-06T05:31:43Z,0c06a0bfba7b8077bc58e6c3cc847d9ec927e632,547,22,547,0,62
2022-01-06T10:35:53Z,ac3f4478ea9d73424f311c54d3607fb3fbee731f,547,22,547,0,1
2022-01-06T12:52:11Z,55a29ae9f4382e3fb3e344817f96d1b2d262e228,547,22,547,0,1
2022-01-06T21:29:53Z,f82df9bc2629bc2e417cfc210226d43c12a97654,547,22,547,0,64
2022-01-06T23:33:19Z,f9268b9b642c7132513ab4aef66bd6dd734ae9e9,547,22,547,0,113
2022-01-07T01:42:29Z,1f506f2564d1a66e62a96e7c44a93b3f674440fb,547,22,547,0,1
2022-01-07T05:31:05Z,f593c8eee37d70f79bc18a34f67734cf987955ce,547,22,547,0,62
2022-01-07T11:28:35Z,a76a110d8a1c2e70fbf8779bdcdbabd79ccdbd18,547,22,547,0,0
2022-01-07T13:37:20Z,8eeeb990c1ccd3e7f801d0f03b29c3261ab0bba1,547,22,547,0,62
2022-01-07T15:36:05Z,078044ec3b2e17d00a26ef351e733e1a74c6654b,547,22,547,0,2
2022-01-07T18:38:38Z,d9dae48f51f7d1fd94ffe77e75ace9e521fb6cc9,547,22,547,0,0
2022-01-07T23:32:26Z,d09769b747c431e31d31657be8092c582685ffa5,547,22,547,0,14
2022-01-08T02:51:02Z,b1b3ef01e776ab988ae254851277b894f9879d1f,547,22,547,0,0
2022-01-08T23:31:35Z,a22b2ae531f5d30d70ca62999c8f61dd7edda78b,547,22,547,0,0
2022-01-09T12:50:30Z,04e61e15c86f4622538dcedc0595b17707490512,547,22,547,0,0
2022-01-09T23:32:01Z,2f9db5727aa0165c4ca16531d5f875b6b54fb438,547,22,547,0,179
2022-01-10T01:35:03Z,cb3e05f62c457add5ecb5f10d87e0a8c3f666012,547,22,547,0,1
2022-01-10T05:31:48Z,ab3d92f1cfa0f38551eca34a1f90199fd540a0ee,547,22,547,0,62
2022-01-10T07:30:59Z,4f9bde82958fe47aaa2662f4e89a7a19ed758a32,547,22,547,0,0
2022-01-10T09:33:33Z,287e926c1d6fe985442f800755f620f46ee51633,547,22,547,0,0
2022-01-10T16:57:18Z,cbefe1e4bdb1e94b50dc302baee6d7bb460373ac,547,22,547,0,0
2022-01-10T20:31:35Z,2c3fb256d823db45dda9492b6432f36f60c284e9,547,22,547,0,4
2022-01-10T21:30:09Z,463a1ed18e3388a50f1ee50035b18e73197dfe37,547,22,547,0,369
2022-01-10T23:33:36Z,fc91d3b9543a32a5eb7d3f249c7ad3b36b0e8411,547,22,547,0,951
2022-01-11T01:37:49Z,ac0bf3ab3e762ca0e14eb6251415f80c82f84d5f,547,22,547,0,16
2022-01-11T04:44:08Z,95c203802141f17ec6a358740b2ad9946b1a73ec,547,22,547,0,2
2022-01-11T05:30:55Z,f743620e4687bc4dcd2045fcfab863a847458207,547,22,547,0,5
2022-01-11T06:40:58Z,777aa65b954696927613d447dea59819237da057,547,22,547,0,12
2022-01-11T07:31:01Z,35a2d6decd4dac91c99a02f07f3381a40e7762ef,547,22,547,0,0
2022-01-11T08:38:10Z,4e8abb437f87bf18bdcf49f1e25bbad26d8429bb,547,22,547,0,5
2022-01-11T09:33:31Z,dfa8146e7d5a7d9fcc48c95cdd813123f9626d2b,547,22,547,0,48
2022-01-11T10:41:45Z,5cf712d10f11b544b7f0e87990de58a25de0f27b,547,22,547,0,1
2022-01-11T12:50:56Z,b93b27adc82ec89a578d5d1d658dfd945ab34ab7,547,22,547,0,1
2022-01-11T13:41:21Z,bc1335954b81b38a9b6998cb688e9321c34c2093,547,22,547,0,2
2022-01-11T18:38:35Z,2b1507874c7d1ce32643822763421c0d96cd870d,547,22,547,0,0
2022-01-11T19:25:45Z,ba459baacdade7da80d044fd1728ad85444ddf09,547,22,547,0,0
2022-01-11T20:32:23Z,301768fb657bf6df2e4b8417f1741d7400a77572,547,22,547,0,0
2022-01-11T21:30:33Z,e61f7dcb0a4438fd84a145a05fd91d6d458394a9,547,22,547,0,62
2022-01-11T23:34:01Z,8db297046a971477ce5e6ece4012cf055c0fbbe0,547,22,547,0,15
2022-01-12T01:36:44Z,a69a1aec715188fff9927179703fed8c2bdead57,547,22,547,0,1
2022-01-12T05:31:26Z,c068482b764b48581b6b3d1386939640f99008a3,547,22,547,0,62
2022-01-12T08:38:08Z,35d77e5b211393f5816bdb311135c88e28fca12e,547,22,547,0,55
2022-01-12T11:28:42Z,d6ff6399835afd806ab19cdf6bfed43f1e6ff7d2,547,22,547,0,0
2022-01-12T21:29:48Z,b69204968d03984e78255dd884f70cdb524d33de,547,22,547,0,62
2022-01-12T23:32:16Z,dad2f90a89a83adc3ed37492cb78338501b834ed,547,22,547,0,22
2022-01-13T05:31:31Z,92fc9602095bede7f88476630e55c1069becc3d2,547,22,547,0,62
2022-01-13T16:59:53Z,7635f6d33b0a765f077edac63e3b3bfe80e1a428,547,22,547,0,0
2022-01-13T21:30:11Z,e56f2dc5e39de3bd146ee3b0d8edf4a1c529823d,547,22,547,0,39
2022-01-13T23:32:37Z,170ad782b63b36072b5d718aca877c205ddd16d9,547,22,547,0,141
2022-01-14T01:38:12Z,ede2d31567a912de7c37f64616da4d9d9920fcb1,547,22,547,0,1
2022-01-14T05:31:29Z,6b0dacb0119daa5ea4c2533dc86ae111738dcb91,547,22,547,0,43
2022-01-14T13:37:14Z,c3cfa43e639493d4ba77d85dcb6ea8a8dc6a6957,547,22,547,0,62
2022-01-14T23:32:24Z,071defb044fff914c254bdee2b31d05d84a04342,547,22,547,0,43
2022-01-16T20:33:06Z,b1ffddd7d59a53ea2bd9b33199ea88903649a66f,547,22,547,0,0
2022-01-16T23:31:46Z,3174b815b443f90acd73bb56b4ed7d43391014ba,547,22,547,0,142
2022-01-17T01:37:55Z,e39a050d41c8c124903bfa3f65ab59c00871b968,547,22,547,0,1
2022-01-17T05:31:58Z,e8499fd4bbb299f21aa9f20e9bffb334acb0879c,547,22,547,0,62
2022-01-17T20:33:50Z,909874a5ba3457f1f190e1aab30e9168d6debbb5,547,22,547,0,66
2022-01-17T21:29:53Z,b05ba49cea867e75f1d35695530b51b34a3864f8,547,22,547,0,405
2022-01-17T23:32:25Z,8720aefd6ae3021f219c17bc694fb63a2ea7941d,547,22,547,0,1366
2022-01-18T01:38:50Z,d3f6e464594aaaa5963148d5868c18897c434227,547,22,547,0,16
2022-01-18T04:45:15Z,7d29c702e91f9851b1c0f018c82ad2d525571dc9,547,22,547,0,2
2022-01-18T05:31:50Z,1112378ab914acc53655d5f319c6e7a7bcad0ba0,547,22,547,0,74
2022-01-18T06:33:51Z,9c7845d9d3d5e20fe021daea685e79c2d21875a9,547,22,547,0,4
2022-01-18T07:31:18Z,1a78f0493466ea3ce78514fcd219edd50646eca0,547,22,547,0,1
2022-01-18T08:39:37Z,32c03d3e07c995ac1c8567647a4b1679ed559370,547,22,547,0,109
2022-01-18T09:33:25Z,c7fa371fbc995e0ebc6daf3ed284b4d02812541e,547,22,547,0,6
2022-01-18T10:36:13Z,8b32e7258c585871d06c48f4494fdbb1f468a8b3,547,22,547,0,2
2022-01-18T13:42:48Z,030d232362b9665d92d2b57e09588b758719ba12,547,22,547,0,0
2022-01-18T14:34:47Z,5979dd0d3f54ef1f6f2d4d3ab3d47afcebb97948,547,22,547,0,0
2022-01-18T16:59:22Z,e3887142d58ebb9edd6407e098386dd3712d2be0,547,22,547,0,0
2022-01-18T21:53:33Z,d64cb43f94051c8642f7a2d7b0cc096385f6abb2,547,22,547,0,62
2022-01-18T23:27:04Z,915b6408301ca4f304fd389a93eddabe48b21594,547,22,547,0,152
2022-01-19T05:26:53Z,6bf0c3a25b314248496d690376bddd34f3a5618e,547,22,547,0,62
2022-01-19T21:27:44Z,cb18e65d710e58687b47a814818517c00cdca43e,547,22,547,0,62
2022-01-20T05:27:32Z,c98008cf578bf1e15cf5aca26477e4498e4fd186,547,22,547,0,62
2022-01-20T11:28:18Z,4c8d8a54447f8fa53fb0a80003a7b9c5e4b375ee,547,22,547,0,0
2022-01-20T21:27:03Z,9b56cad7c1db6c53d2d4853420e81315c54eb4d2,547,22,547,0,62
2022-01-20T23:28:32Z,b794b38fff6f84ee1629570a3517d60b2b6df779,547,22,547,0,127
2022-01-21T01:28:42Z,a7306946e70d642af334c403dc9e55ca85e8cbf7,547,22,547,0,1
2022-01-21T05:26:45Z,2643121933ded8aeedd3911a82669628885bd25c,547,22,547,0,62
2022-01-21T06:40:08Z,17a3cd3c01a8293324f09a3690d8976d81e023af,547,22,547,0,0
2022-01-21T09:29:48Z,e8a4cb3a7d7153971fd341594ea44ec48b561ed8,547,22,547,0,0
2022-01-21T13:29:57Z,10afb5643589a9969994af11e21414c19522177a,547,22,547,0,62
2022-01-21T23:28:31Z,a397e14979ac7db037ccdb4a1e74698864c9fa87,547,22,547,0,59
2022-01-22T18:33:17Z,8782e36a4e03dd6bc34cf100551dbd7271920bc8,547,22,547,0,0
2022-01-22T20:29:05Z,b87c2e86fa0bb6fa9dd080aef39987e160265051,547,22,547,0,0
2022-01-22T23:28:59Z,e3f46fb71da2073146fa7c053fc4d6361c5e3dbe,547,22,547,0,1
2022-01-23T11:26:18Z,86a53b2a0d13a489e96c4b7b77269b4eb8da18a6,547,22,547,0,0
2022-01-23T16:46:53Z,5f7216eafa5c2e78bce1a649d796de38f3935b2f,547,22,547,0,0
2022-01-23T23:28:52Z,fd2dc86dfffee6370d01ed3d32ab9d6e68e1c07a,547,22,547,0,125
2022-01-24T01:33:46Z,38e36acf1d1a1a3443526bbc301c4ac718f2dc9a,547,22,547,0,1
2022-01-24T05:26:58Z,b89a30ca9cc2ea17fcef77e85501b6335c435b9e,547,22,547,0,62
2022-01-24T14:30:23Z,61061401b218449f8db9faf8bfb1a661bf84b20e,547,22,547,0,0
2022-01-24T20:30:29Z,14795396c6b772c3267b1b4d354b500f9f14e1d0,547,22,547,0,62
2022-01-24T21:26:13Z,c7a8178c0abec4e43468f351db090ec70dce4767,547,22,547,0,323
2022-01-24T23:29:19Z,a68e20c97cd725bc5edd57c7078ea144cd2f6007,547,22,547,0,1134
2022-01-25T01:36:59Z,86e07a53840dbd1a93b12967d8cb96d29292e062,547,22,547,0,1
2022-01-25T05:26:50Z,7531f1dd855a17576767a45ac10dfe1958a948b1,547,22,547,0,7
2022-01-25T06:39:38Z,94cfd0a6dc6b8f42f374fa7748a0163eeae9cc2f,547,22,547,0,11
2022-01-25T08:34:36Z,68b7dccbfee891ebd489a5251f2deae4d5d28ed5,547,22,547,0,0
2022-01-25T10:33:00Z,88d3ec1f5794e7697b3d008052d1be15a2cd1515,547,22,547,0,1
2022-01-25T12:47:22Z,2bcb0cd850f7ac5a3bf7568619aedaa67b6ec6b7,547,22,547,0,3
2022-01-25T14:31:49Z,85b864b569ce7e6e871f635974218665d9030e31,547,22,547,0,4
2022-01-25T23:30:44Z,458aa409b7733f5ef40408431e94f5632f8e8f22,547,22,547,0,4
2022-01-26T09:34:58Z,41ba24d1a19bb378eb3442e82736a6593104fb42,547,22,547,0,0
2022-01-26T23:29:55Z,2b3626c846cda1cd77c10f75aa7249c26559f102,547,22,547,0,1
2022-01-27T11:25:54Z,58a021a941d7d8de4e7f71ca086a372ba635d736,547,22,547,0,0
2022-01-27T12:48:13Z,7efb9bc8cf3c6a904f824a25ff61bc92a37ed401,547,22,547,0,0
2022-01-27T21:27:34Z,5b082e05daa564539eafde36a9a591a6b3795aff,547,22,547,0,66
2022-01-27T22:29:52Z,bdd3db427fbbd09c0cbf38a86c0a3af5daab38cc,547,22,547,0,88
2022-01-27T23:29:48Z,372f8922276fdd81501e4b427f9d820d7801b5e4,547,22,547,0,125
2022-01-28T01:31:18Z,b39a6efd1c0dca37371199a6bd3afef5f7e7ccea,547,22,547,0,1
2022-01-28T02:43:55Z,005f01656258a9077172ecffafe54c3dffed76b3,547,22,547,0,3
2022-01-28T05:26:45Z,1cf3b0362df4e230a0be99e2077fb7559022fb49,547,22,547,0,62
2022-01-28T07:27:53Z,adc0858a5d09fa139edac07ec6bf25ac4067919b,547,22,547,0,0
2022-01-28T12:45:37Z,c9eeee1d504f7793f662736a3e854b00b8cc025c,547,22,547,0,0
2022-01-28T13:29:47Z,786b07e378b1213e449c6ed4decfef50ee431489,547,22,547,0,62
2022-01-28T23:29:58Z,438343ff1b5392219a8f2a194afdcbcdb8ba90b1,547,22,547,0,10
2022-01-30T23:28:45Z,f3006a6dd39887aadf589b06b764b33f4b2a4324,547,22,547,0,135
2022-01-31T05:26:46Z,3e4676f0160ef68edf3217e20af852019df5c620,547,22,547,0,62
2022-01-31T06:39:36Z,9bdddc25fc39e2c8276310318e7bef1b785c8182,547,22,547,0,4
2022-01-31T07:29:01Z,555ebb2ae2420f25e5109ac6a1aadf2e00ff5f9d,547,22,547,0,0
2022-01-31T09:30:08Z,72276785efa09bcd29ab91d2cf12e8bad1ecfa18,547,22,547,0,0
2022-01-31T10:32:40Z,a8e730fffb3db1778450f3b694a6451a44d83f51,547,22,547,0,0
2022-01-31T14:27:19Z,d43db606191d991c2190ade5b89444501c0d1619,547,22,547,0,0
2022-01-31T21:26:34Z,b6e086c467d387fc0a5cebb5d2ba9d2fe7a9d7b5,547,22,547,0,4
2022-01-31T23:29:27Z,c2942fc9cfc944c6a4bf2624ca3e2d2fd2f315de,547,22,547,0,1754
2022-02-01T04:39:24Z,c50e0baf98f16fe9f8b03b973ddb84c937ce8b64,547,22,547,0,2
2022-02-01T05:26:57Z,9195b9b070deddaa33c1bbd49cb3c14430e2874d,547,22,547,0,6
2022-02-01T06:39:29Z,8e344a6f3dc974e7b94d12554675a80d7ab82d50,547,22,547,0,6
2022-02-01T07:27:31Z,99e73acd04f37cc1629fc8e058ad682fc85b989e,547,22,547,0,1
2022-02-01T08:34:22Z,8b2a66c09102e069cedc6de0aac796ac373b4ee6,547,22,547,0,7
2022-02-01T09:31:53Z,6eb2ccd901fa473fda1192637d8219dfd38ab8d7,547,22,547,0,2
2022-02-01T10:32:47Z,287cd49be431d55364e2de7521963f22c7a167b9,547,22,547,0,0
2022-02-01T11:27:49Z,7d12ea5c35b2645157cd35390b792b2cc52281ed,547,22,547,0,42
2022-02-01T12:46:32Z,6ddcc8ccf939dcc1b3d54dba87bec91b37c3865f,547,22,547,0,2
2022-02-01T18:34:45Z,0bec7deca0d67a92df09409f586e2c643eb2d9c0,547,22,547,0,4
2022-02-01T20:30:16Z,85458a8a4ecf40e19c5f19e1adcc83f7ae8a999e,547,22,547,0,57
2022-02-01T21:28:32Z,e69ac52c3724f8383e7665bc7391511706a15ed5,547,22,547,0,58
2022-02-01T23:29:28Z,bd05fcdcca00c4d6a235ca841f8778832492c532,547,22,547,0,31
2022-02-02T01:31:41Z,0f58cd8d2d38680b6ef208208b768fe41ba29ba3,547,22,547,0,4
2022-02-02T03:29:00Z,c933ce26b7d0d3a40d5051a6fda1354acbb0cb10,547,22,547,0,4
2022-02-02T05:27:01Z,c94824a720f3a9449f250289cdaa1e029e937426,547,22,547,0,58
2022-02-02T09:29:07Z,74d9f21748377e45ee754952ba8d9724131234fd,547,22,547,0,4
2022-02-02T11:26:29Z,92ff5dd2ebbd91a647a824ead1ef3c2b782b27cc,547,22,547,0,21
2022-02-02T21:28:01Z,6d58921380b40408b90fa13c72921c7eac5ee8d7,547,22,547,0,62
2022-02-03T05:27:04Z,139f8d4d993bc0a0f80c95e5ad6b7b83a9c3143f,547,22,547,0,62
2022-02-03T06:35:38Z,55054b4134bdf920bade9dacec46dd1d0ad525aa,547,22,547,0,0
2022-02-03T07:27:48Z,99d3019dad072bfdd51f38bb9433e774e5745ba8,547,22,547,0,3
2022-02-03T08:34:04Z,22fe485926cfc7776e2e444654a5952ac5d751a4,547,22,547,0,0
2022-02-03T21:27:13Z,543b3f510cdc4955b76b79e4953b3dedc59f7ed6,547,22,547,0,62
2022-02-03T23:25:09Z,93ee042c55988461bce683609d5c728e9dd2e3ab,547,22,547,0,166
2022-02-04T01:25:51Z,0ece5c5c93285bb38a0ca822f66f5f6b403a790c,547,22,547,0,2
2022-02-04T05:22:55Z,0dfc0f4d9b47795ddaafb43bf06b112db50ac004,547,22,547,0,62
2022-02-04T06:29:18Z,66f98ee691c661423db7ab34c12714c1346765d5,547,22,547,0,0
2022-02-04T09:26:21Z,ff8b13293873c74a50eb853eb931493a3520f3ea,547,22,547,0,0
2022-02-04T13:24:18Z,63662db7369b4ce278adfe2936da9cdfd40cfa0c,547,22,547,0,62
2022-02-04T23:26:04Z,081aed9626a89ebf96f6f52872e76a3f89f79b30,547,22,547,0,10
2022-02-06T08:32:03Z,c0edbbcf7e10aeaf2ca2b318419a3e90fe007997,547,22,547,0,0
2022-02-06T17:30:22Z,2fd010650acd541e4d0e169c36c3df471e1a193e,547,22,547,0,0
2022-02-06T23:28:25Z,ae079b04ee93854347f3bb0b4cfa817b61ce79c6,547,22,547,0,0
2022-02-07T05:26:38Z,d5a8f8649cd7a09fc2dc9b8989c517b3f0b27f54,547,22,547,0,58
2022-02-07T06:35:35Z,810bd65994922a6a579926c6ccc8352126e464a9,547,22,547,0,58
2022-02-07T08:34:34Z,97b84b127910fcaedba3d9df3cc985eaa829fb15,547,22,547,0,0
2022-02-07T13:34:58Z,263559df1f835f97caa8c32b92aef4f22b0489c4,546,22,546,0,0
2022-02-07T18:38:24Z,ea465884aab8593c237ac25d6b4ba7be7e049d75,546,22,546,0,0
2022-02-07T21:26:59Z,b62d51f365b93927406182d4e105d9efaabb0d1d,546,22,546,0,66
2022-02-07T22:30:15Z,8de4e2761c20311cf16d46fba51c03c159f39ee5,546,22,546,0,323
2022-02-07T23:30:10Z,0e139b77cc4d0b5ea5cd1d3e41c583c3f87943ad,546,22,546,0,1331
2022-02-08T05:26:41Z,360e6282e2d4d43aec22b4a4d0214b52cef25a51,546,22,546,0,2
2022-02-08T06:34:45Z,71d1291b34efdf84cbe13d7413f115b016ef924c,546,22,546,0,2
2022-02-08T07:27:42Z,9537b1ca3dc866df14ecd901376614b79d0c8f49,546,22,546,0,4
2022-02-08T08:36:57Z,e33b03ab91e96d09f975ceb4a07f03cc3d9b4d30,546,22,546,0,4
2022-02-08T09:30:17Z,4d7c5e54c2f6b81c5bb575a98d20c8bddd956350,546,22,546,0,4
2022-02-08T23:30:15Z,d627dc7d51bbb841f3b4a7b9cc4833d26802e1ab,546,22,546,0,164
2022-02-09T01:38:10Z,bc25955a1dd406413e52c930b2b2a5d242de4865,546,22,546,0,2
2022-02-09T06:36:15Z,281c293c7f19700d863f12e1f9530f91cd75f6f7,546,22,546,0,6
2022-02-09T07:28:11Z,198b1c0e4a84352b666d56ad4933e1b75c59dca5,546,22,546,0,8
2022-02-09T08:34:34Z,7cf5c4593bb8f259bfc0293e04eddef15d3cb344,546,22,546,0,59
2022-02-09T09:34:13Z,a3dd39877fdd4e5d8bcb37a43d676943ed5e066c,546,22,546,0,0
2022-02-09T15:37:00Z,be9ac66ad0ff0156dc1d0edc1efb07b7b9dd3044,546,22,546,0,61
2022-02-09T23:29:14Z,e99a1cc93f33c93e6afd3894d37b4ad38afccf5c,546,22,546,0,139
2022-02-10T08:33:07Z,b3357e6ead9e415da91a15604387affb880364d3,546,22,546,0,2
2022-02-10T11:26:30Z,ce07422aafb4019ca64354fe175f4bebd07c3246,546,22,546,0,64
2022-02-10T15:37:01Z,0e6de72f6aa09f4447825c1d3b25644f46469aba,546,22,546,0,3
2022-02-10T16:50:50Z,591015c805984ad86a87da0896e021791deeca67,546,22,546,0,3
2022-02-10T17:33:14Z,b08fa4fdf9609edef819f20da764163fa747b63f,546,22,546,0,2
2022-02-10T21:27:59Z,643e9c5f33518c4b603b87e53499418cbb6800a4,546,22,546,0,62
2022-02-10T23:29:37Z,2a4ca314779aceeedc1d6df773c2c1d150fd5735,546,22,546,0,165
2022-02-11T05:26:59Z,24ec7f369f20fe8be0328115b90e8588188369ce,546,22,546,0,62
2022-02-11T14:31:52Z,1826124dc7fc53d8f002c36d6cb8974b4cb9e460,546,22,546,0,0
2022-02-11T16:40:29Z,5334bb93bd18d59b57577c5bfba4154b702a5906,546,22,546,0,62
2022-02-11T23:29:00Z,5c0864c8a2faa0a974325c184886b4ccc32f3bcb,546,22,546,0,0
2022-02-12T23:28:33Z,c572b2f7e4982e7d618f48823253e928a4602068,546,22,546,0,0
2022-02-13T23:28:46Z,0fa41ff7132abde0d238b3e56c30b6f32813f979,546,22,546,0,164
2022-02-14T01:29:22Z,85caef119d3a122e1a5aa34124b4969059cbc0a2,546,22,546,0,1
2022-02-14T05:27:21Z,89a97eb1724050ca30265358345ca450dca9245f,546,22,546,0,62
2022-02-14T07:28:08Z,34311663ccd59a4449d56862156dbbe45502e7c9,546,22,546,0,0
2022-02-14T08:33:52Z,7f22c7e4ab5c83c18cf72962a46968a4a222e607,546,22,546,0,0
2022-02-14T09:28:55Z,84bd0291a0c05b8b2bf21047eadb1d0e08c37935,546,22,546,0,0
2022-02-14T13:30:01Z,c1f2d9b674c2212c20d484a12e0959d528fd55a0,546,22,546,0,0
2022-02-14T20:29:48Z,7ebf7fa90d27978ac8b598ca3418c30f1b96c2b8,546,22,546,0,62
2022-02-14T21:23:31Z,e4d2d2e8aaa82dd582e0a21557a24c6d3710d095,546,22,546,0,417
2022-02-14T23:29:14Z,7cbe2366dc81329b2d53a9ea4fd16592bc6ee6ab,546,22,546,0,1348
2022-02-15T04:39:08Z,e0e1a1edc25f64d586b0c30cd6c3f323fc19ee5e,546,22,546,0,2
2022-02-15T05:27:16Z,bdf7a59df6f47aaf174467b7e0a7ffe3e918c474,546,22,546,0,63
2022-02-15T06:35:31Z,b492f1c87ad789df70ac9c16b9cab58c25431e36,546,22,546,0,20
2022-02-15T07:27:34Z,9b3c6cc40070b8f0862ba4717b74732c6273ab89,546,22,546,0,5
2022-02-15T08:33:33Z,4bcdb80648a4b5f1db6482fb421f117c0068b88b,546,22,546,0,4
2022-02-15T12:47:00Z,5f6bd11a377ab7ef8ef7c7a57f18409111baa5e5,546,22,546,0,2
2022-02-15T14:27:17Z,66dc606ccfa60bcaa5867e93fa07ca09b4c5ace9,546,22,546,0,5
2022-02-15T21:27:39Z,513e63f0221dc047817b0d71720bf8583752a282,546,22,546,0,62
2022-02-15T22:30:56Z,75e609e2f8ecbc81f1d8d10ed62ad253d5f26593,546,22,546,0,16
2022-02-15T23:30:01Z,d30995a30daea9fd3ce891d1059c12ad041d0e75,546,22,546,0,114
2022-02-16T05:26:59Z,236801af96182fc7ec300e85220e6bea0d88a9be,546,22,546,0,62
2022-02-16T21:28:21Z,f055d211d12711b0fdc53cb4f450bf87ce2dbd7d,546,22,546,0,62
2022-02-17T05:26:53Z,2dd6d6dea7c6f4158a6dc85526a2624f4759f50d,546,22,546,0,62
2022-02-17T21:28:39Z,3b676a551fbbdc2d43d927a2aca0bccc68ff0586,546,22,546,0,62
2022-02-17T23:29:03Z,130e082b81fc8a734a136cb9627371b7165815c9,546,22,546,0,174
2022-02-18T01:39:40Z,59965c933b4902eb769bea115e036e16c9ad6791,546,22,546,0,1
2022-02-18T05:27:00Z,d180420ec31cc021b31bb895d9b198d3e9b76462,546,22,546,0,62
2022-02-18T12:46:22Z,d2c60c8ea2300f3cba9b56756b07a6ec4efebf19,546,22,546,0,0
2022-02-18T13:30:22Z,4c0d20bc7badc7526e013b96e1e242241b78dae9,546,22,546,0,62
2022-02-18T23:29:10Z,a4e3b96dfaff52ba74a3627de92a22c4433917f1,546,22,546,0,2
2022-02-20T23:29:11Z,49c4307176d4404203506a834af9c090f71c906e,546,22,546,0,8
2022-02-21T05:27:38Z,29580eea575e0a6ef64c4ea293ec1a2c21c393ab,546,22,546,0,62
2022-02-21T06:36:43Z,b9d64d32c7c1780c1223eb888b44ccdfdb25f7e5,546,22,546,0,0
2022-02-21T12:47:28Z,ff64475b0ca2e5adf8d0e34cc640aedfd9cc1095,546,22,546,0,0
2022-02-21T14:28:23Z,f274e13662b5bc61b8e26a5820235b635b332910,546,22,546,0,10
2022-02-21T18:34:22Z,63470a5a45c1d125a19be5fc5a19ad1259d26f13,546,22,546,0,0
2022-02-21T19:23:25Z,5ac2abb1161d03629f68424df4e15a0ca6f22711,546,22,546,0,0
2022-02-21T20:30:28Z,93c197616042b58516fa1959368ee25b3ac4d0b1,546,22,546,0,66
2022-02-21T21:27:26Z,22595cb52b9a76e5e44686fd08c642289889f3b8,546,22,546,0,385
2022-02-21T22:30:24Z,2fd199aadcee8b8b1f3ce05f00d9e196ff2b9ce5,546,22,546,0,0
2022-02-21T23:29:28Z,a739060b52c5c44b4e70dda8ae930b26c4ecbdfd,546,22,546,0,1130
2022-02-22T03:31:25Z,54536f3bfb2ab62e8c49db9819d830277918fd11,546,22,546,0,2
2022-02-22T04:39:35Z,ec95e0482df0afc55ca5828ac1a91cb8c29e9e0c,546,22,546,0,2
2022-02-22T05:27:05Z,4d7ff77c933a305df5234a350aba6fac003a93d8,546,22,546,0,70
2022-02-22T06:35:50Z,5c919466034647ccbf17bdc37e182f526a6f7cf7,546,22,546,0,9
2022-02-22T08:33:51Z,a5f8f9551c00644230cf8a0acd16e61138dee04c,546,22,546,0,95
2022-02-22T09:29:38Z,6a72943abee54f1cf12b1307e3c72069a76c1c0b,546,22,546,0,1
2022-02-22T10:34:07Z,5f007c345deb4718d0d66381e6826580f67fa953,546,22,546,0,1
2022-02-22T11:26:59Z,e9eff810d83588ec1d698d4437ca25d7e17c4ba3,546,22,546,0,2
2022-02-22T12:48:36Z,5858b4977da35aec1cd22ee5df8b60bb637a7a14,546,22,546,0,4
2022-02-22T15:33:09Z,a60579d76ee81e879cfee7fb2ab9badaa4fce307,546,22,546,0,3
2022-02-22T21:27:39Z,ea8254b92179b5a322b5887f69edb7429f1fc06a,546,22,546,0,62
2022-02-23T07:27:55Z,17508c7867edf97bc6d42f42627023a7a6cbf33f,546,22,546,0,0
2022-02-23T12:48:03Z,e2488f4741e7b804930ef09826456e67795bb092,546,22,546,0,0
2022-02-23T21:31:13Z,d0a41fa024be2692bb3047d5be25b2265a165510,546,22,546,0,62
2022-02-23T23:30:26Z,a0b161ef351030a7da031737c8af5cf6f0cefb9c,546,22,546,0,59
2022-02-24T05:27:43Z,cf4abad80ddd563ea991da08a9f5440af8111fea,546,22,546,0,62
2022-02-24T21:28:27Z,1e6d68a7c7eaeac1238fd5d9b16f414260918b8d,546,22,546,0,62
2022-02-25T05:27:34Z,d23eb65af5f3e863bd75d5cb46605553576c7309,546,22,546,0,62
2022-02-25T06:36:34Z,e5e3f47865a8fb20524dc1f9f5188e5da3297ce8,546,22,546,0,0
2022-02-25T13:31:17Z,6192c7674753e6694bece106920b2afecabd2bba,546,22,546,0,62
2022-02-25T23:29:54Z,9f2a71d69835cd316770f3cc7d2fb433b81e9273,546,22,546,0,8
2022-02-27T23:29:22Z,ae0fdbb63377a838bce4fc039186e88c6265a862,546,22,546,0,8
2022-02-28T05:27:45Z,faf151a95bf1aa325ee87c1026af59de77ba720d,546,22,546,0,62
2022-02-28T10:33:23Z,43704ea3015e153aa996db6d78ab2703f87ec427,546,22,546,0,3
2022-02-28T12:48:05Z,e2e9096ff7280fe861c6f18858c275fc9d85d081,546,22,546,0,0
2022-02-28T14:28:15Z,9bcdc084dc98e34e47fe0d5a045b5bc717959a44,546,22,546,0,0
2022-02-28T20:31:02Z,f93a7f2ff3e7132f97599313cb04ba4595cfab91,546,22,546,0,66
2022-02-28T21:27:47Z,78a45f7c551fea83f72fc3b16526c8ace6551c16,546,22,546,0,421
2022-02-28T23:30:42Z,0c47ef0f7acd400f9e4869225fa34516563f79ec,546,22,546,0,1346
2022-03-01T02:54:34Z,a6c9cecb8f8709d94498a5c656b2dc44e1f6d5ad,546,22,546,0,6
2022-03-01T04:40:28Z,d564a0328d28bbce593f9d2b848ff6415c5e1580,546,22,546,0,2
2022-03-01T05:27:44Z,edc3d37dbb19b46efb2d04183db1d2d7b3b2841b,546,22,546,0,66
2022-03-01T06:37:12Z,4687cb81f61c25377235ceaf4805b1bd498f48bf,546,22,546,0,9
2022-03-01T07:28:19Z,f24fd60ad57d05aca08c8dcfc10a363a47f1c191,546,22,546,0,4
2022-03-01T08:34:40Z,70d8890b611c46801644004d5e7c34df8fac5e76,546,22,546,0,4
2022-03-01T09:29:57Z,a3a38d0b53a2fabc385f4e1f0018458011dce657,546,22,546,0,4
2022-03-01T10:33:03Z,1f9a3477b4ea26cecc134d75a220b0c2754724fe,546,22,546,0,0
2022-03-01T12:48:46Z,75f0cb35c552f720cf579a7f36bbecd876461822,546,22,546,0,0
2022-03-01T13:32:04Z,f9df62d224c8280402ef6bb955286398c1539867,546,22,546,0,0
2022-03-01T21:28:33Z,1479e01be32a8a7edfd54a99ce8ceb27f1fa0281,546,22,546,0,62
2022-03-02T05:27:36Z,f81d3d922603e2ab0c120fd4d153655f3fff6cb9,546,22,546,0,62
2022-03-02T08:35:16Z,3c8c6cd41d7723c66642f54aa8e3fbd0ebc98b8c,546,22,546,0,4
2022-03-02T09:29:48Z,78285fbbd96fef36d2e60f2b804054dac8c585c8,546,22,546,0,0
2022-03-02T20:29:54Z,cf0e9c9b756b296e2f1e270afe86f43e1503b054,546,22,546,0,66
2022-03-02T21:27:17Z,d6a644858143bb1b19b901a4cd64b75f6c43f1c9,546,22,546,0,385
2022-03-03T05:27:41Z,4634770fc9ec8644fdc86be775e626479190e071,546,22,546,0,62
2022-03-03T10:33:29Z,997076a0e312dc0a7e0c202420de6408839faee5,546,22,546,0,4
2022-03-03T21:28:35Z,bd010476ddd2e5c0fb0fcdb2829e9d87785d48c7,546,22,546,0,62
2022-03-03T23:29:58Z,b2cde91f3d88f8fb57e6e0a11ebec17089282c6d,546,22,546,0,20
2022-03-04T05:28:26Z,63b11ad440df746e52e040a7ead5d017f98c47f2,546,22,546,0,62
2022-03-04T06:37:06Z,1c30588ca573534dcd87b5cc478047b061359bec,546,22,546,0,2
2022-03-04T07:28:21Z,8df78c392c381c2233b5b646e9a2e52d220dfda0,546,22,546,0,4
2022-03-04T08:34:26Z,b84d161dc65a1a395d76fee567fc7837bbccd2b5,546,22,546,0,17
2022-03-04T12:48:31Z,336bc5cbe67deeb1fe1b541c0831614366fde868,546,22,546,0,3
2022-03-04T15:38:34Z,3f4980a78e43fcb48bf404a858f9c520c3f08612,546,22,546,0,387
2022-03-04T23:29:53Z,84dd9b5ce1cccc80ed7582208d79c367bf47efb3,546,22,546,0,95
2022-03-05T11:28:26Z,db3f3fe1b8aa6213a5761715b82ce0413204b140,546,22,546,0,22
2022-03-06T23:30:00Z,1bebbe23e95970f89ccf9999721368180d63b7a6,546,22,546,0,33
2022-03-07T01:45:49Z,012e834990c5c963b0792e9f3ba813d650ed46dd,546,22,546,0,1
2022-03-07T05:27:59Z,0237421e47e8a7b030ac1dad46941449e41337ec,546,22,546,0,2
2022-03-07T08:37:24Z,96b5e8ac4e8efe1398754b02521b3beba5f34fcd,546,22,546,0,2
2022-03-07T10:33:18Z,8194bd57f5092a6977344ab117cef8449c335eb2,546,22,546,0,2
2022-03-07T11:27:09Z,84e1d08613d5710b0ff24a029e99deb84648e37e,546,22,546,0,0
2022-03-07T12:48:44Z,e14ceb63ca71b5f3a9fd059682e259dc5bf5bee8,546,22,546,0,2
2022-03-07T13:32:40Z,3f94a8691342ed2c01005ee79effbefd09fa1b6a,546,22,546,0,361
2022-03-07T15:33:07Z,035fc87b2c18fd3a042bc502aa1c503686da8ac3,546,22,546,0,1
2022-03-07T16:49:04Z,1e0dee7b64f5790acfd7808d6524911d3c27eb82,546,22,546,0,8
2022-03-07T17:32:48Z,879445ce2a794f96c248bd21ad3f057e2512189f,546,22,546,0,4
2022-03-07T19:23:47Z,c9a56c3695029f6e1ad5309454cc377ca5b1f1e9,546,22,546,0,1
2022-03-07T21:28:43Z,db5bf235022b38d26e2f8a2193b5b9b4bf896314,546,22,546,0,328
2022-03-07T23:29:50Z,00ac3eb950ca7cbc1d1eed6b6598c23ce8e56903,546,22,546,0,1242
2022-03-08T04:40:43Z,5b092878606dbdc75b8d096b3b283e8b41d1d19a,546,22,546,0,3
2022-03-08T05:27:38Z,756671641f845c315c6041f006f08ccfad440a6a,546,22,546,0,6
2022-03-08T06:37:04Z,e5c14f69c1dbf1d6478a72d19d43fb05f26138da,546,22,546,0,11
2022-03-08T07:29:04Z,1a7584e3f7fa19da622a32819037ade3de0c8cc4,546,22,546,0,7
2022-03-08T08:34:59Z,03a8e0af5dc258f991af5cf161f8bbf2923dffe6,546,22,546,0,2
2022-03-08T09:29:53Z,d3f2aa1ad64a93b5222f5c9e53983585bee4b075,546,22,546,0,2
2022-03-08T15:33:14Z,8b59af33b2de8dca54c4604a430ae2e81e8dccfa,546,22,546,0,4
2022-03-08T23:29:58Z,f64b57b06f1b7b403f7f71aaa5225be7ed72d134,546,22,546,0,16
2022-03-09T08:37:18Z,3f4aaef29f1abe7a454a7f13926333b546388f1e,546,22,546,0,20
2022-03-09T09:34:57Z,7fbceaf640f5a8ec21c3fa363f75f995845297fd,546,22,546,0,1
2022-03-09T11:31:48Z,5c4f6766c2ab142cdfa5bdc8dce8940117d91b57,546,22,546,0,4
2022-03-09T12:53:26Z,13d7f242936285c9d69d3a0c6cbc37d541d53b0d,546,22,546,0,320
2022-03-09T18:35:53Z,c36d3842ba5c353a2e966737f4a03baa9ae44f2f,546,22,546,0,2
2022-03-09T19:24:41Z,e471bcbf5aec92b8551d60e41918c3f633a2b014,546,22,546,0,0
2022-03-10T09:34:04Z,89eb85eac19035316ea31e72ae40245a3bcc7d99,546,22,546,0,351
2022-03-10T10:33:26Z,36d4a283ab994f81d2167aeb94d711b44f78db57,546,22,546,0,1
2022-03-10T11:27:27Z,ddda0a8c7567d4832ddefa546320d4b35b8e83fb,546,22,546,0,17
2022-03-10T13:37:50Z,afcc95e5053619c9241c81240db61d50834e6d8f,546,22,546,0,1
2022-03-10T23:30:29Z,eae6f9d312063481d3b097af7ee2464b233d68f6,546,22,546,0,195
2022-03-11T04:41:38Z,7dfcec6b01b142946df3eb64a5a4c8cd9486b0ba,546,22,546,0,2
2022-03-11T06:37:39Z,07979d7e8d9049ae3d8ac21a49313d5a9f5a856c,546,22,546,0,3
2022-03-11T08:34:43Z,7e9474435f493ff3f3c800864ebcd5f75a68ea90,546,22,546,0,3
2022-03-11T10:37:48Z,b9fc2a2c8a242470d1f41bb8983ad439d791decb,546,22,546,0,2
2022-03-11T11:27:00Z,2fa566403ea787b36565f24b1670ce9102bdb166,546,22,546,0,8
2022-03-11T13:32:20Z,2956f31d191cb14b12c75e56057b34f16736438c,546,22,546,0,3
2022-03-11T15:37:45Z,e98c8c92a45ab87323b83171b4dfb9db3c53951c,546,22,546,0,2
2022-03-11T16:47:29Z,33e32878602a78d5a9ad7d5ab5dee96e31a69e65,546,22,546,0,2
2022-03-11T23:30:00Z,3edb1cec595c1ee1117b698d5397bf1a42574a1c,546,22,546,0,1
2022-03-12T08:33:44Z,303b93dbeeb72e93332c28f7af691cc25509018c,546,22,546,0,2
2022-03-13T17:29:54Z,7aa676b4d278d2eb915f9a81d29f3f9778872113,546,22,546,0,4
2022-03-14T08:37:07Z,ca876d6a9d5006e8f15f4458ca7fdb466adddcf6,546,22,546,0,3
2022-03-14T10:33:55Z,285a951638be30a82524ce10720cc36867bb3a8d,546,22,546,0,10
2022-03-14T11:27:45Z,8ebf8824a7e93d071a97ce92437f826c6181bcd3,546,22,546,0,3
2022-03-14T22:31:28Z,5cc95c3601a4373179b41ad82134a19942e71383,546,22,546,0,4
2022-03-14T23:30:53Z,2a62f7dc9eca4d79f880753a1230baa7cf9bab02,546,22,546,0,1751
2022-03-15T01:49:05Z,d4f17bc66c563aa7a6c6e52a8358b8883b2a5653,546,22,546,0,16
2022-03-15T05:28:17Z,3f9a741863187608683f6ce0450116281bbe656e,546,22,546,0,11
2022-03-15T06:37:36Z,a4eaf414c4490ede0137e05a2507ee42f4ecbee4,546,22,546,0,18
2022-03-15T07:29:15Z,88f03df7dff1da4f0c4730047f2130366fb4a9a4,546,22,546,0,1
2022-03-15T08:39:45Z,b1c868b558745b1f162dfc99cc483de972efb9a6,546,22,546,0,9
2022-03-15T11:27:36Z,9176560b0437b8b3bfd1673ee26d82968f561bd2,546,22,546,0,5
2022-03-15T23:30:27Z,0ec69cab922b7b2d4862004cd04808a70100f83d,546,22,546,0,36
2022-03-16T10:32:37Z,41e2bb345d35711848f0d55b98be657872f648ee,546,22,546,0,0
2022-03-16T12:53:42Z,677950fe0d7e602decb021eec4cc1f03d1829be2,546,22,546,0,0
2022-03-16T23:30:21Z,6768dec0f311c568e84f6ffa880e71ec9a3d04ec,546,22,546,0,96
2022-03-17T09:34:48Z,d64841d6028b44a8e28f52b0afe9c13a8cc65637,546,22,546,0,5
2022-03-17T23:30:09Z,de311df6f49eb3882c10da4af0b18e5065a6432d,546,22,546,0,2
2022-03-18T03:34:22Z,631c66f4faebf7220edf3df76d31e7a3a34bd33f,546,22,546,0,0
2022-03-18T11:27:18Z,65d229567c3358ca89f2bca9932cb237c320a72b,546,22,546,0,0
2022-03-18T23:30:27Z,f4eec98ada404e7d5e10aaf41857b358a4782e96,546,22,546,0,13
2022-03-21T06:38:36Z,0bcb3638c5705e01456152a51df8469ec79c6d1a,546,22,546,0,0
2022-03-21T08:37:05Z,9f4efdf73ed8835f34268c30dfbb50fdef6046df,546,22,546,0,17
2022-03-21T09:30:51Z,ecb8b6ba90efddb3388920e86618a634f4b0149b,546,22,546,0,4
2022-03-21T10:38:48Z,1c3b3abbf0ed4285d649697d2d71245e95aac464,546,22,546,0,1
2022-03-21T16:48:22Z,a90b632c2c28d3f2cf422889cc0701ef1f26172f,546,22,546,0,1
2022-03-21T23:30:39Z,ef8fb890271a519384a2d371d1856d7c1103a350,546,22,546,0,341
2022-03-22T05:28:08Z,4ae4a85b1c0801e5852ef31a67b98deff35b5675,546,22,546,0,2
2022-03-22T06:37:38Z,9f9241cd33ba786bd00b397996958cd2681de0a1,546,22,546,0,1
2022-03-22T11:27:19Z,ad3079336e114d1d75e4c54b81398c8d03263df1,547,22,547,0,0
2022-03-22T12:57:44Z,2f09dbc0365f84cdd044be84b56e4cf4773ce97a,547,22,547,0,1
2022-03-23T05:28:15Z,28b1f0c7102f17327988b5711005bbdc41fcfa58,547,22,547,0,1
2022-03-23T12:56:46Z,a1ee079d38bc125a2606847365a62a11b4341614,547,22,547,0,3
2022-03-23T18:37:04Z,eb68ad780a8ee701f20b5caffb8f04fba7cacd90,547,22,547,0,4
2022-03-23T23:30:34Z,f1e94b5299f16a759bcb5850cf510fca58e3ea3b,547,22,547,0,1
2022-03-24T11:31:56Z,b86838bbdb9925a1431ae10845d925a7c955f188,547,22,547,0,1
2022-03-25T07:29:02Z,2210a22837f75bba4828aa22b3fd689a7fc20578,547,22,547,0,0
2022-03-25T13:29:13Z,a2b2a85397e53062947130ee45a5c8e6d1afd2f2,547,22,547,0,1
2022-03-28T08:42:59Z,6c32becc74a838ed95ab18a88f5a884736bca5c4,547,22,547,0,3
2022-03-28T22:32:00Z,2caf5b923e9ddf5655ed52981a4e78091378042b,547,22,547,0,612
2022-03-29T04:40:51Z,bdf5b4b51e713e41410dea3245f76cbb131d0ddd,547,22,547,0,2
2022-03-29T06:38:58Z,4ab807ada2ce79c3eeb3bba971f37233e8a00f34,547,22,547,0,1
2022-03-29T08:40:55Z,5be9bdab9303a947f23db6f2ceeae76d378854c6,547,22,547,0,4
2022-03-29T22:32:13Z,1f91d05cb9c966503991529befa03f9682f7ef0a,547,22,547,0,0
2022-03-30T06:37:41Z,e17e7ecc6318f232673bc626665fd1f2d06c559b,547,22,547,0,0
2022-03-30T09:35:56Z,af5c223d655b87f543484addbf2ee66b83983847,547,22,547,0,0
2022-03-31T12:59:49Z,d4005f03d4ef69be7a96fdb8bebf213134c1199a,547,22,547,0,11
2022-03-31T15:38:19Z,c98ca2bf30dfb5c9c189959d3d8d9c02d0ac8560,547,22,547,0,0
2022-03-31T22:31:59Z,fe7527f1a5bfa8bbe0cec0d6e5a5222ee420d26a,547,22,547,0,70
2022-04-01T11:28:41Z,9b34cb02f713ff2947e39e788bce1b84ff0a48bf,547,22,547,0,2
2022-04-02T09:29:51Z,489765dd65268faafdd39c336e1ff2985cad008e,547,22,547,0,1
2022-04-02T22:31:12Z,fdbd7e03f57f82f6ea42180d08f5746942c0fc68,547,22,547,0,1
2022-04-03T11:27:42Z,a0ca584cc47266a74394d37ecbe711c5e2c2122a,547,22,547,0,0
2022-04-03T22:31:25Z,c6b0431e646623c5062367b78bf924d0ed07288d,547,22,547,0,69
2022-04-03T23:30:16Z,7249710731d552b607cf7ca6caff61fd51c96cd1,547,22,547,0,1
2022-04-04T07:30:09Z,c077ed0acc9e00d5af15065dd364bee1c78b23a4,547,22,547,0,2
2022-04-04T11:28:35Z,943f51852e8941a8c91a24bd4b95f49bd45b1ae7,547,22,547,0,0
2022-04-04T22:32:23Z,e1e63e09a9b1d512ece5d7b511ef7cc523c77a12,547,22,547,0,353
2022-04-05T04:40:03Z,caa105ecd7141cfcb659f78ff9b83639aa0a6e37,547,22,547,0,1
2022-04-05T06:39:18Z,73c513c7fecde411f7c100def0e52c44a33e185e,548,22,548,0,2
2022-04-05T10:31:48Z,7c70b28e7327419176aa6cb416043159cff9a689,548,22,548,0,1
2022-04-05T22:30:14Z,f4ce3fd8ce2997a18fa5c1d169902937bfc13547,548,22,548,0,2
2022-04-07T22:32:08Z,0e3e55274351a66a5e43162b934e98c478e24c78,548,22,548,0,70
2022-04-08T23:32:38Z,5d1a78f6ca1a64794f76776c07eb06f651488054,548,22,548,0,1
2022-04-10T22:31:58Z,f98c52b4a6c7c0867c80b6f6571000f2f091c7cf,548,22,548,0,69
2022-04-11T02:17:20Z,b28cca519e1c17c5f1d1ce2c8e739ef9a5c538d8,548,22,548,0,1
2022-04-11T10:37:58Z,1a1866e2db3cc22d9dae019b99dc3e8cd8ba5dc8,548,22,548,0,4
2022-04-11T15:35:30Z,0fe1a1c294c23a5857c4c252c3189bf4bf000476,548,22,548,0,1
2022-04-11T22:32:09Z,de7ca6cf731cf73506f770a8ad840e31bb02e142,548,22,548,0,582
2022-04-12T04:41:24Z,a5048748747e7b9ef8ba54c709304bf0596dec9f,548,22,548,0,6
2022-04-12T05:29:14Z,904ab6f1577f88dee4d2eb370d834bb18592616f,548,22,548,0,1
2022-04-12T07:30:35Z,b474d99d7a0448c1ebb5539eb99f6cd3e3d81fc4,548,22,548,0,3
2022-04-12T08:41:57Z,296a3088ee0f5cf5a33cb099a60f0a48fa1fc0d1,548,22,548,0,1
2022-04-13T14:23:20Z,f6ea6e797ee0e13f7aae926f6d881b9b18ed83b6,548,22,548,0,58
2022-04-13T18:37:55Z,e701bbc060f64793219b94c3f52bddf7b95fe628,548,22,548,0,1
2022-04-13T23:31:08Z,5cddbb9087c9fc7b95c83e0fcaee244386542c3a,548,22,548,0,544
2022-04-14T07:30:56Z,dc40cc3b88f0218d1f3dff6e20a60159387dbff6,548,22,548,0,267
2022-04-14T08:38:09Z,f1a586276194fda33ef37baa27c1b2fe6171bc86,548,22,548,0,275
2022-04-14T10:36:16Z,a2ac5e9ba34a4b721eb9e6759d9af2e99dd482e5,548,22,548,0,2
2022-04-14T22:33:40Z,656b8bc75b6e36f6c5285b6e8d6704a627d69f22,548,22,548,0,67
2022-04-14T23:31:35Z,9b6570d5ac92559aa21fbb109b383be795cfcd5e,548,22,548,0,1
2022-04-15T06:39:32Z,c211bd77ff9cd14c5ada5b5185e85ae9c765886a,548,22,548,0,3
2022-04-16T01:59:02Z,10d69171634f804a08a272bef137b32b58488f8d,548,22,548,0,1
2022-04-18T22:33:21Z,b53e271ea8ac930ece8e8a28b6d77ddc5f40ffd3,548,22,548,0,69
2022-04-19T10:39:54Z,581bbc92a1f8e477ac655231280fde5c0f19f561,548,22,548,0,96
2022-04-19T22:34:14Z,f9fed65355999f0001c7b2b8d9ef319c5a618501,548,22,548,0,250
2022-04-20T06:41:44Z,1316faba3fe040fb9ba8ca8a0d9618b264a1c71b,548,22,548,0,2
2022-04-20T07:32:19Z,e55bfd0f7f21e0786b66ccd1b405f9d37336d60b,548,22,548,0,0
2022-04-20T08:45:53Z,0092f3c27ad13eec918f1d5a664f178ccbe60b9a,548,22,548,0,5
2022-04-20T11:32:05Z,4f709ea65c3725a7792ed0865628a978ca5c6435,548,22,548,0,1
2022-04-20T22:34:59Z,a726119e299441d569dac706e1750dd82abe3589,548,22,548,0,5
2022-04-21T22:32:54Z,d031eb94864d5995195269a88b2bd66722db539f,548,22,548,0,68
2022-04-22T23:31:58Z,1d8ffce4d9ef43404badcc410a9fae563c4189d5,548,22,548,0,1
2022-04-25T22:33:17Z,885872034bc6b016ebc1c4fb9875567b1c180a46,548,22,548,0,601
2022-04-26T05:32:49Z,6e10383b34eb6e41d180c8a9185fd7b24f897b76,548,22,548,0,1
2022-04-26T06:43:03Z,2a5742dcae71c61d530269ba0d303854d69d142a,548,22,548,0,4
2022-04-26T07:31:58Z,72f002f8ed70e20862492b32ca0811ef6a734257,548,22,548,0,1
2022-04-26T08:44:51Z,64b75bcfbd78707a0b7f6954d0bc7b7f48419313,548,22,548,0,3
2022-04-27T07:36:44Z,43a9738a44c4d8aa453575b1183c010e02ba4035,548,22,548,0,1
2022-04-30T08:36:33Z,45a27f0bec722a92cb90721d87149d7bea108c84,548,22,548,0,0
2022-04-30T09:31:21Z,e6a26200c89251248137337e543b0fa795943938,548,22,548,0,0
2022-04-30T10:34:21Z,fbdc0b4deb3508ed47ea96d00f3995afdb0f82be,548,22,548,0,0
2022-04-30T12:50:50Z,a7b05341003b96c243a615d3830d7f7f8e07081d,548,22,548,0,0
2022-04-30T13:36:27Z,dec6655a4b51581e6df8a52bad1ec171378af4a6,548,22,548,0,0
2022-04-30T14:29:32Z,42b84a8354f00dbad19324127f1375a3ec677898,548,22,548,0,0
2022-04-30T18:37:46Z,2b1c52661ff2b64797ee721d7d64d789df347723,548,22,548,0,0
2022-04-30T21:30:37Z,4fd61522377146b0d9b424c5a6286a0fc9e1ad8c,548,22,548,0,0
2022-04-30T22:32:32Z,851ecc2d0ff39d19952009706d0f0ae6b35b3d5c,548,22,548,0,1166
2022-04-30T23:31:12Z,93e7b010667593f79d1c547222d1438e27483557,548,22,548,0,1
2022-05-01T02:46:18Z,cf940f62d02c7f0d76621724ede88f12adb10bee,548,22,548,0,344
2022-05-01T04:54:38Z,98cf94ffb226c87de7e40c6f301de69fc9457214,548,22,548,0,5
2022-05-01T05:35:19Z,e1f90032f51b9ee76109e92483dda40b4c2af281,548,22,548,0,4
2022-05-01T06:39:43Z,57feccf6f9a5a9e1d4fd38e930c43501a83f6576,548,22,548,0,1
2022-05-01T10:35:07Z,7ddd4c9334eb1de7a5b0dab36ea222c1d3aeeea6,548,22,548,0,4
2022-05-01T23:31:41Z,ce39edc150fad51bd0c563d3c9ea54e910d1b958,548,22,548,0,1
2022-05-02T04:26:13Z,eb29f9a37b10979a681488e26f4b347668e79d63,548,22,548,0,4
2022-05-02T05:43:00Z,e616e445da4d8f209c7a6d690d44c7b8e19e15fd,548,22,548,0,2
2022-05-02T17:38:56Z,2dfbf59b1ae7b0a4ae72a4b89c04545395309f1c,548,22,548,0,3
2022-05-02T19:31:50Z,4a5f1b7fee9ff36bf89a67e00034f8de141c4bdc,548,22,548,0,0
2022-05-03T05:33:47Z,47882a6ee54dcc06a6719cc9efc5b6b5b9da685e,548,22,548,0,0
2022-05-03T06:40:46Z,67d97daa86e4e7b1c221e3425162ed3b1d115663,548,22,548,0,0
2022-05-03T07:31:25Z,12924566fd51c510ae1f02d1c56a3be8abb117bd,548,22,548,0,20
2022-05-03T09:32:24Z,78a9edfea8098a682bf57430aa54ce2e3db7dfd6,548,22,548,0,2
2022-05-03T11:34:54Z,5ef523fff813e24d83283c4bf90a3627532af28a,548,22,548,0,0
2022-05-03T13:09:01Z,e04d1c5e6b3e703043447cfe17383fba98246d69,548,22,548,0,0
2022-05-03T13:50:04Z,f66753532874d2047beb1b3fe45ecc0e9895f267,548,22,548,0,2
2022-05-03T18:43:48Z,8110410f3dfd9a7c6ca7273bff3d3f3120879b31,548,22,548,0,0
2022-05-03T20:37:55Z,8a29bce1dd21631ed455cd5e0e1021c2dbabe334,548,22,548,0,389
2022-05-03T22:33:23Z,fc1119f6b0f278244be8f58f0abe2542a3c70b00,548,22,548,0,1113
2022-05-04T02:29:49Z,8c82ddc25735603a6bbc95fe7ffeb777946114b1,548,22,548,0,1
2022-05-04T04:49:33Z,568eed0c89b7eb91a59c0720c0d7c6cd664e94f6,548,22,548,0,2
2022-05-04T05:33:53Z,c8bba87d41f0c33d57f93de2215d8906655188ff,548,22,548,0,9
2022-05-04T06:41:58Z,b0d0a964a0fb8abb94971910924f32d76c16272f,548,22,548,0,2
2022-05-04T07:30:57Z,7ce813ff20d9b85a09d7da27163c3a0e8a9d1392,548,22,548,0,5
2022-05-04T08:38:39Z,c81a1138650940820e3dc80313c5bb746d4000e2,548,22,548,0,1
2022-05-04T09:34:10Z,863e17062b9292d8a861228818dc75e8f1c3248d,548,22,548,0,0
2022-05-04T10:36:08Z,76b454d8b7780116d7e488a972508f697f9a1d2d,548,22,548,0,5
2022-05-04T15:37:13Z,baf69f593547bf8bf47fc226faa0acfd80d36c83,548,22,548,0,2
2022-05-04T22:33:56Z,e7f81f675746315c6372cfee8c45cf3aba3a50b5,548,22,548,0,19
2022-05-05T04:04:12Z,1ac5f149aa4ae0b3ba5b3ab265c42a3d5cae98e2,548,22,548,0,1
2022-05-05T04:52:33Z,a85570d8c583678846b8839e90e9093f19b46aa4,548,22,548,0,4
2022-05-05T05:35:33Z,3b46a9500b222114c90ab5a7125b6676ebf5bc4c,548,22,548,0,4
2022-05-05T06:41:37Z,e78e53cd407ab64f089aa1ca024fbb8acb28597c,548,22,548,0,0
2022-05-05T08:42:15Z,0296b3a5ecea49a60671974f2ae35876e15066bc,548,22,548,0,0
2022-05-05T20:33:28Z,7dafd9f3f25ee9bbab949365c7d77de34428eda0,548,22,548,0,7
2022-05-05T22:34:04Z,9d3c9a0f27c00ca704d77346127dc3093b6020f0,548,22,548,0,68
2022-05-05T23:32:46Z,1a2a0cee47accb6eb484cdef1f652a30f6e88ee6,548,22,548,0,1
2022-05-06T08:38:57Z,8029e1bae5a450e31bb1938e2ac4f03b65c7e9f0,548,22,548,0,3
2022-05-06T12:59:20Z,bb6f0f5b528f852fdb8dbd63017e45e618ee5e17,548,22,548,0,186
2022-05-06T20:33:35Z,a8eb94ec1f758b1bc8dea745e9c171b4d11a8b4a,548,22,548,0,18
2022-05-06T22:32:53Z,654b1c14e892802cfed865cb3d6b7ff932a466fa,548,22,548,0,1
2022-05-08T22:32:31Z,fe69f961ecb71d964c04dcac550615e243a13ec3,548,22,548,0,68
2022-05-08T23:31:42Z,22b4916ce38e700414fcb6f3da839bc90331113a,548,22,548,0,2
2022-05-09T19:26:58Z,42b2322136a80ca398218a8626f258f117638292,548,22,548,0,121
2022-05-09T20:33:51Z,533a88ae10783315f804005aa2475cfa59d0e65d,548,22,548,0,189
2022-05-09T22:33:19Z,73edd9aaf673298a24d277dc1592aa0763217316,548,22,548,0,1313
2022-05-10T03:41:39Z,9713056f07d5c3d1d89794246b49e5b33d144388,548,22,548,0,2
2022-05-10T04:43:32Z,dad8f6d8288f47459c05da23378a2ee6ae08b608,548,22,548,0,2
2022-05-10T05:31:11Z,72e253d40c5c5ddafa813fa27e92bf67eb9d2556,548,22,548,0,17
2022-05-10T06:41:00Z,c71ba9e43e9b82bbb0cb300b6c649422ad4dbf8b,548,22,548,0,9
2022-05-10T07:36:02Z,3cec574273f8830bec341d4171affd7f9de42618,548,22,548,0,3
2022-05-10T10:36:24Z,0b4daabd95db9736be56aa7c90cafb438636281e,548,22,548,0,2
2022-05-10T21:31:04Z,c4f4eaa5244a51bb6d344d13744448395e81271c,548,22,548,0,4
2022-05-10T22:33:20Z,3a56b41856b5408faee7c89715063b28d2576872,548,22,548,0,1146
2022-05-10T23:34:12Z,b9e3afd1d2922a6a6454dcc04a8d53519527a283,548,22,548,0,3
2022-05-11T04:02:03Z,f9882d766fe7708f0359a754a5e794122f8c2062,548,22,548,0,8
2022-05-11T04:57:04Z,adeddae05920707fa1c8ff0911c99caf7358d40d,548,22,548,0,7
2022-05-11T05:40:25Z,d94e5321453baaf69501acfd549c13b6428396c1,548,22,548,0,14
2022-05-11T06:45:17Z,108274b582181cf17a33c5af52ca456a255f8e38,548,22,548,0,14
2022-05-11T15:37:26Z,f6d6c57420f65ed393496666ae2b5cfcdd83c97b,548,22,548,0,0
2022-05-11T22:32:54Z,f6312154b3f125ac95a66820f8cd060038cc6e22,548,22,548,0,95
2022-05-12T03:53:19Z,01666f4a71936f441cb7d6247b3b1ace116a7dbf,548,22,548,0,1
2022-05-12T22:35:39Z,bec9721038d649df9ffb1c4ca3176dcf37ac2fed,548,22,548,0,68
2022-05-13T02:39:48Z,5fdc1d4920a4eab5d7f85b4e90a0bfabada8184d,548,22,548,0,1
2022-05-15T22:32:44Z,90df6dd571e586b237dd7f8cbb91ad161e29d1c8,548,22,548,0,68
2022-05-16T20:35:37Z,721d88186d6637e8e3985602467951ec814a95be,548,22,548,0,97
2022-05-16T22:33:34Z,c0eb8d41488378757286cf7ee8a2d464d6e884e3,548,22,548,0,255
2022-05-17T04:02:18Z,29e27fd961934c9fc36884eda3ed1f5eeca57b88,548,22,548,0,1
2022-05-17T04:51:29Z,62291b7bc1a404141b348173ead44d2500ec02e7,548,22,548,0,2
2022-05-17T22:34:15Z,03583062daf1755b527e1a468bada26a9818a71c,548,22,548,0,1
2022-05-19T22:32:48Z,425bbe35ab0298e140f07214b2337c1c187a6db9,548,22,548,0,85
2022-05-20T09:34:13Z,b595bbbbce5bd6409054eabca6be33bc131f8258,548,22,548,0,2
2022-05-20T22:34:27Z,089e053acee12df954d2def6ba863ef51cf2b754,548,22,548,0,13
2022-05-21T22:32:45Z,f82819b8d0f74907e7a950c7fec1b1ff2e20430a,548,22,548,0,199
2022-05-22T22:32:51Z,f82d922556ae3dbc3c580250c8fe23445f3d6b78,548,22,548,0,68
2022-05-23T04:51:56Z,500ea4e0ee382f83abb514847e63b15b17071f60,548,22,548,0,1
2022-05-23T09:34:04Z,a6a825c3c204a6446879effbd63bc1dac804b0ac,548,22,548,0,2
2022-05-23T13:00:22Z,4e2b9c268487420d2d00d7d458e1ccc57899f2e9,548,22,548,0,36
2022-05-23T20:34:27Z,8b2ff17d0f48ec6ae756819e8db3cedd95bcd9ad,548,22,548,0,97
2022-05-23T22:35:40Z,1eb6f512605f7168c200042e931be9d0abb55ca8,548,22,548,0,265
2022-05-24T04:01:53Z,3e046f7672ed4ff501a266d0c193ed125106871f,548,22,548,0,1
2022-05-24T04:52:19Z,5815e1ddd6d66dcb7dbc226aaf2a28c158f6a17a,548,22,548,0,1
2022-05-24T05:36:31Z,5184c59a3c459a0250d8d372ed8dbfd57f32d411,548,22,548,0,5
2022-05-24T10:37:04Z,b1443fd9c7381db3722c479f408d7a36e8c126ec,548,22,548,0,2
2022-05-24T11:29:44Z,7261ee73ccfd0012d182029cf470e9efdfe4ac7f,548,22,548,0,2
2022-05-24T22:34:07Z,6b496dcc065fca3ddc35752dcdb731d3f040359d,548,22,548,0,62
2022-05-25T09:32:56Z,649fc5c8dd303342bd18992b97d912d8baf7fa06,548,22,548,0,1
2022-05-25T22:34:18Z,ac4a649feee720fb5c19ca1468acd762471d1029,548,22,548,0,68
2022-05-30T13:04:21Z,2ed0582cd07879d3d48d4a59a0c7a5ac4cbefd4a,548,22,548,0,0
2022-05-30T20:34:19Z,7ecde3854ff578b2261658f522bdca8ea8e853f0,548,22,548,0,122
2022-05-30T22:34:40Z,f76a8d58da3e4f5fd1c8a3492f6ca2d3cf38bd4c,548,22,548,0,499
2022-05-31T04:51:41Z,4a3372cabda48f0036948930181a7f664aacb6ee,548,22,548,0,1
2022-05-31T05:37:24Z,eeb27e15994538e47db33000dbf48158265d0605,548,22,548,0,4
2022-05-31T06:42:25Z,99781b0957f153dc75acc4b7a616d769411c7410,548,22,548,0,4
2022-05-31T08:42:25Z,4483cd1c1617698646fd376a6d97004663db1abe,548,22,548,0,2
2022-05-31T09:33:35Z,b031477acbea7c1a6e502d4c93accf676d6ad469,548,22,548,0,7
2022-05-31T10:39:13Z,40ab6bd6dd6aecc3d587f51491bbd7bdf7de65b4,548,22,548,0,4
2022-05-31T13:02:26Z,ce82467f01ff3b8bdec8d3e094407704d81a7675,548,22,548,0,1
2022-05-31T22:34:12Z,d635110965d3b3904fed5f8d741cfabe1e22c0fc,548,22,548,0,0
2022-06-01T06:47:26Z,2503f7b58f67f8b2f3019f7b97311445dd70c5e7,548,22,548,0,0
2022-06-01T08:45:55Z,c04a78cfba7801b034ee2d629e0d0c04927b3b4e,548,22,548,0,1
2022-06-02T22:31:28Z,f9f3ba49eee266ec1e9c726ab214d4fe04748305,548,22,548,0,68
2022-06-03T04:40:48Z,4b747030505b14d9157a078f75c08c52fd526b9e,548,22,548,0,2
2022-06-06T20:30:04Z,709a5cedbd6bf57fdffc857d85606b34878b6986,548,22,548,0,24
2022-06-06T22:32:35Z,35d3f648d0ac31c2df65ea2e2fb3c46990c02ec9,548,22,548,0,494
2022-06-07T04:03:44Z,2bb3626c467823804aa9e1423a20bcbb5715fcd4,548,22,548,0,3
2022-06-07T06:39:01Z,e6415fd7459b9010385e4c603cf40c7c21c112d4,548,22,548,0,2
2022-06-07T07:29:50Z,1d98535f55e224bfab265bc5166a36300edbdfc6,548,22,548,0,2
2022-06-07T08:39:00Z,f0e69493ef200e362d7dcc6eece19c58badab2c8,548,22,548,0,117
2022-06-07T13:00:57Z,96b85310673aad58c17ed4066c9a07d2e2fe8dab,548,22,548,0,1
2022-06-07T14:37:45Z,0bf55cbd806318241b69d31819f123021fc64afe,548,22,548,0,1
2022-06-07T21:33:05Z,4f0469ebb493202032a5e497876df0fe18a26aee,548,22,548,0,1
2022-06-07T22:31:08Z,d84134199c08d7a5b8c01d8b8d100b28815e5425,548,22,548,0,9
2022-06-08T10:35:09Z,99b89d445d4154077c30e3f827c71a8c57dece54,548,22,548,0,1
2022-06-08T22:31:56Z,8a8222dd2fa1ea23f16eb97993534aebedecc355,548,22,548,0,62
2022-06-09T06:39:03Z,f30a443242c09b313b82fe15aba9fecf5500a929,548,22,548,0,1
2022-06-09T22:32:52Z,e4227911f14915a39e687898185f892104a7ea8b,548,22,548,0,66
2022-06-10T10:34:46Z,71f75fec31725548fc27b78e2d9fd6972c6aa122,548,22,548,0,4
2022-06-10T16:50:36Z,c7084f3d428c8a57f3960f9b937827638c197629,548,22,548,0,5
2022-06-11T17:29:06Z,6e585a9a881c19cba1078fdf0a7744d922f40999,548,22,548,0,5
2022-06-12T10:32:15Z,4574ac2b17b87e8957d9d0cab0069372dcc8ebc7,548,22,548,0,1
2022-06-12T22:30:41Z,083328966196bb341ede4ef9026916f826f71efa,548,22,548,0,68
2022-06-13T21:30:38Z,7306169adcbb0b1f8c44d42b955b23ded065faa7,548,22,548,0,1
2022-06-13T22:32:25Z,154adae131a0a6067fb4fba69a762dd2c0f4b3ae,548,22,548,0,597
2022-06-14T04:26:15Z,3d5a3e981236bdd215eb08eb3207fb2bd9966650,548,22,548,0,1
2022-06-14T05:43:19Z,8f34ff5e8bc567c1476ef1248f8e0fb7cdb13d9c,548,22,548,0,7
2022-06-14T06:40:20Z,264e2b537279ac3246d3c3bb9b02572e277d36a1,548,22,548,0,2
2022-06-14T07:29:45Z,62c27f3bbfeb420155115344eb2a7dc026557bc8,548,22,548,0,1
2022-06-14T22:30:15Z,b982ba8566de19d52fbce6ccb5b103d315eb286b,548,22,548,0,0
2022-06-15T08:39:53Z,65655e907089049bc951b4786d435a0cbeb461e1,548,22,548,0,38
2022-06-15T11:29:53Z,43ee6b7ce131c62b0e2da539278efea2abdbbbb8,548,22,548,0,0
2022-06-15T14:29:12Z,39f065f2e43131e2c0a8d18bf108d9cd5817dc4f,548,22,548,0,3
2022-06-15T22:32:37Z,a0705e8a8f2afc688fd3c4592f794f8e9e6b8a0b,548,22,548,0,68
2022-06-17T07:29:30Z,45d93446460046960d6b0bf687beab59d707fc76,548,22,548,0,1
2022-06-17T14:29:49Z,05f5cf17b5ac179fab533285f9c825f4d831af61,548,22,548,0,1
2022-06-19T17:29:51Z,d1a06a27aca683d6ce95710d3035bb7173107062,548,22,548,0,0
2022-06-19T22:33:11Z,f51487f2d8f40a731ef19947ab232d14851ef647,548,22,548,0,68
2022-06-20T13:00:46Z,1c661ca941d9da5ebb1fc1f2fabd17c05dec5fba,548,22,548,0,0
2022-06-20T13:49:52Z,248dc5fb0420e2532aed6dbab5e3994da6c36c1f,548,22,548,0,0
2022-06-20T20:33:24Z,3e83a81904f23c33a639b77f1cd328ebb6912618,548,22,548,0,4
2022-06-20T22:31:26Z,58aca5f32fad3158e41aa3089b2bba69c2c3bf34,548,22,548,0,1723
2022-06-21T04:06:02Z,fc64d20c028162d84fb5cef762c02fa7cf07e697,548,22,548,0,10
2022-06-21T04:54:09Z,7c5e1a7cffd1b9152ed46d6a6b16b92e7998f5f3,548,22,548,0,5
2022-06-21T05:34:15Z,314ea1ce23c501c3452d79bce255b3b96be335dd,548,22,548,0,8
2022-06-21T06:41:11Z,a513cc1ccbcaa659891d0194afba933266a6b3ff,548,22,548,0,8
2022-06-21T07:29:37Z,262a0834f92314780f17516a7f5810ff79fd0c6a,548,22,548,0,1
2022-06-21T08:56:18Z,cd4be84c4cbd9e6ab9133e15354909b68547cf5d,548,22,548,0,11
2022-06-21T13:04:38Z,f426c4131cdcc08a161014e4983cb710aef26025,548,22,548,0,19
2022-06-21T22:31:08Z,c0413f5f31a697aacf88a05efdf87cb641372c87,548,22,548,0,5
2022-06-22T05:33:42Z,aabc03f4caf7d1757e22de00f3346ba03df9ca23,548,22,548,0,1
2022-06-22T09:31:28Z,660fb45a31e4610a5603938621718312e1662b4d,548,22,548,0,3
2022-06-22T22:31:51Z,8cc07d67f5c28a0170ab49871925eb37ca6b8244,548,22,548,0,0
2022-06-23T22:31:30Z,e8e9f2cc7d96c3350132e3c01144080080c01ab0,548,22,548,0,128
2022-06-24T08:41:08Z,4dc77cb56b9be0b9711bacba570a8dcb338981e0,548,22,548,0,1
2022-06-24T10:36:33Z,5eff66eb665798c21d070d45beeb63159c50d15b,548,22,548,0,1
2022-06-24T22:31:11Z,f70d3c713f010f8bf798c94a419e83a0b47b953a,548,22,548,0,0
2022-06-25T05:29:02Z,a6375b5a95b82dd415b0cf56b8d7507e7826c46c,548,22,548,0,23
2022-06-26T09:29:58Z,3915a6394af06b6d838aab34dbaccd0c289a7424,548,22,548,0,0
2022-06-26T22:30:40Z,4fc73e4e3789d55f5b8b7fbedfe4a1523e7e0d5d,548,22,548,0,68
2022-06-27T14:32:44Z,858782e4ca0c8c5c3325efab5ca9b4aa38f09a38,548,22,548,0,5
2022-06-27T22:31:45Z,f8019adc76d60d471c89f4ccbf68996b0547789f,548,22,548,0,270
2022-06-28T04:11:06Z,32da4dc088ef9a4a4d4e353ca99fa8f913453bf9,548,22,548,0,2
2022-06-28T05:39:17Z,e4495ab81ea06450c3a3bc876e2276802e5665d0,548,22,548,0,1
2022-06-28T07:30:00Z,96822704ecbdefa8364163d38fb1698f129e371f,548,22,548,0,1
2022-06-29T06:39:46Z,d640bb4a596d4d45c3153252d17e16f714343ae3,548,22,548,0,1
2022-06-29T13:03:03Z,458ea658e7ee64c59768d9bc731988cb5974eaf8,548,22,548,0,1
2022-06-30T11:28:44Z,4c623773ab6da5633daa9337bfd15dc6814c8b6a,548,22,548,0,3
2022-06-30T16:54:51Z,a12456eec1362fb51ef932424776fa40b09d0fb2,548,22,548,0,2
2022-06-30T22:32:09Z,f64a2b01080482c89de38302047e3d123ab009ea,548,22,548,0,0
2022-07-01T07:30:37Z,8e06959bb8e1b01278c240ebe019865f6f779d9b,548,22,548,0,1
2022-07-01T11:28:18Z,a0b6de948698ec4004592bc0572f14d22a828ee5,548,22,548,0,0
2022-07-03T21:28:31Z,9c6a33b6a2661d495c7348510e7639c020fd352c,548,22,548,0,0
2022-07-04T20:31:41Z,47accec8c085800ae7f6038d709d892a461d8d49,548,22,548,0,4
2022-07-04T22:31:20Z,765cd7e57e13dc0f7032fbb672c637e5db1988e8,548,22,548,0,1479
2022-07-05T04:09:00Z,137c6a40277cbd999532385202f9bf96ee7188b4,548,22,548,0,11
2022-07-05T04:53:05Z,bf96be3fb542c49271d83adb3349e3d64dbfd1f5,548,22,548,0,8
2022-07-05T06:39:32Z,bcbe26ec983b1a78d507a4c695fe24c8b277bcdc,548,22,548,0,67
2022-07-05T07:29:51Z,d19f88b3b73c51b970ae7b0e334a2caf2ad67d30,548,22,548,0,4
2022-07-06T15:38:51Z,98fd23076bec21f84c2377b7912f88af49bd2b27,548,22,548,0,0
2022-07-06T22:32:44Z,1e8e4bb6933dbc90b81e16e43eb443ff13aa659a,548,22,548,0,0
2022-07-07T07:30:47Z,19d2628d97775fafe63dfa8e7a8ac7e6ccf0eefb,548,22,548,0,0
2022-07-07T22:32:36Z,8b8b7da6934ec0ef4d49df87a5bacf3abda2eb0a,548,22,548,0,0
2022-07-08T08:41:03Z,afdc9719f6d27a37d1e1d7264d6570ec1209741e,548,22,548,0,1
2022-07-08T09:33:34Z,a84c5195e6ebca78714520a8c0cea3bab97d3247,548,22,548,0,0
2022-07-08T11:29:25Z,bfaddad23fd9fb992a17ffb9c3bf951717bfa441,548,22,548,0,12
2022-07-08T14:36:48Z,c1151866d648ccffad76766246f40c6fee8dc192,548,22,548,0,72
2022-07-08T22:31:32Z,c6bc68d2053adda586373496a84e26cbaafe304e,548,22,548,0,4
2022-07-09T07:30:07Z,29dbb848dcf8c7ff8542172c6f9d831eaeb69ef8,548,22,548,0,2
2022-07-09T22:31:41Z,bfa852b55a4a832e8d442f217cd10b35ebfa797f,548,22,548,0,0
2022-07-10T22:31:33Z,6e033c1c91c0ec1beef25ce5b31a0fc72d5c34bb,548,22,548,0,4
2022-07-11T06:42:13Z,c9a9feeac9f4af8e645019c6dcfd68fafc81bf51,548,22,548,0,0
2022-07-11T10:35:42Z,ab58d90b77899ee274b464e98d5de71af57a984a,548,22,548,0,0
2022-07-11T22:31:53Z,2ff789b6bb9cf9fa2f31687a0b05d9a6e08aa766,548,22,548,0,209
2022-07-12T04:36:03Z,5f899e0f70595a937395a5fe329ea0ea5fc3c087,548,22,548,0,1
2022-07-12T06:42:09Z,096ce5602b81ac00090a7eddc1403a18ad4a8256,548,22,548,0,3
2022-07-12T10:35:37Z,3a8ce789a1048b736f0728e5988779237266b564,548,22,548,0,1
2022-07-12T11:28:49Z,b75f09e0d9fd96486606983dcfa1ee96f6dfb545,548,22,548,0,2
2022-07-12T15:35:25Z,19258d8208c4b684193e5f7e0d07a1f9a297ba6f,548,22,548,0,0
2022-07-12T22:32:20Z,cba8316abb3d28c53e2163b6e43dc1e77787dc6c,548,22,548,0,36
2022-07-13T06:41:49Z,3271657b007c427a8c9379f9f76c915154a19b9b,548,22,395,153,0
2022-07-13T22:31:44Z,fe6e3600d2de7a9f75019c991c51917c6de5037b,548,22,395,153,68
2022-07-14T22:33:38Z,595778a524569dab20c7d21f79f932f44449455e,548,22,395,153,1
2022-07-15T15:37:59Z,ee56f55ca1dc0d6bd84a02d661214520a0643b9d,548,22,395,153,10
2022-07-18T08:40:39Z,ddc0910a89ad6fcef325e9120e709c211f4fb5ca,548,22,395,153,0
2022-07-18T13:56:37Z,3c8328d906a93d6b313b74959bf694f1f21ad7d6,548,22,395,153,0
2022-07-18T20:33:44Z,9116c1fad35d7502d7d3e7222a890d9a867b58ad,548,22,395,153,4
2022-07-18T22:33:26Z,164659aa0b1e3156d41f4a8e7d4f05b7730e89b7,548,22,391,157,1217
2022-07-19T02:57:53Z,a02991ff00d63cdfba0641fcbb56b3a30f5fe9df,548,22,390,158,10
2022-07-19T04:45:24Z,eeab63dda9118b79697cfacc4fcdaff534a2d4bc,548,22,396,152,40
2022-07-19T06:40:35Z,8be5f0c827b8a3df1ae201eb3e2ccb0dabeec4fe,548,22,396,152,11
2022-07-19T07:30:19Z,f0fce8a1ed18a0c0589a05143ec0f194a3c1118f,548,22,396,152,1
2022-07-19T08:38:36Z,708f38d1d24d69331d3fb87c5c5dfc5ea372314e,548,22,396,152,6
2022-07-19T11:29:20Z,31b0a9f5bc0bda7d39180380fc9c67d84dc4840d,548,22,396,152,7
2022-07-19T13:03:05Z,2be26cfad99477e07a31821cbd5dfd03b02a06d2,548,22,396,152,2
2022-07-19T22:32:40Z,f505406463d7d1b5e3512e845f6c7bad5b165d2a,548,22,396,152,59
2022-07-20T07:30:15Z,2b6f50deedd83784f9b0d89e9ab88fa6f64c8936,548,22,395,153,6
2022-07-20T10:37:19Z,107dec4668c1dcd5b2483248e86a2c95bc9437a5,548,22,395,153,0
2022-07-20T11:28:33Z,f42307b43fc95c3b9271e506c5f506aba6668138,548,22,395,153,0
2022-07-20T22:31:23Z,da11323de18a8854c9b871ce9b18faf35761ad90,548,22,395,153,0
2022-07-21T09:32:12Z,0a781419572c06bda8ccedc9748ba8009a6192a6,548,22,395,153,0
2022-07-21T20:34:44Z,4aecd93519bb86f1fd0866ce9ff98ffde77ee1a8,548,22,395,153,0
2022-07-21T22:33:27Z,075fe0e343c2e752cf0e1de21db53d980886581e,548,22,395,153,0
2022-07-22T11:29:54Z,83b98792845cba857aea783e20af2eb50ffe6cc1,548,22,395,153,92
2022-07-22T19:27:11Z,2d4b5391641fb34bda954341fbcac44b4ca95459,548,22,395,153,0
2022-07-22T22:33:29Z,c10b19fc64f72c7913e47bb7726bc8c0289461cb,548,22,395,153,21
2022-07-24T17:34:10Z,7445a9edf2fa5ef6ac9790c82242c0355431c7e4,548,22,395,153,0
2022-07-24T20:33:07Z,30ac8d1212875a113eea61718b60a1ddc4bd7c59,548,22,395,153,0
2022-07-24T22:32:37Z,0010f92f28ce1b1cf11b9cd69b0ebe77b9451a04,548,22,395,153,108
2022-07-25T10:37:54Z,8497ad23f92a77ffbf367bd337f81eb5dc9aba77,548,22,395,153,0
2022-07-25T11:30:37Z,fad09d8bf461071b54119678b0b650abd1542515,548,22,395,153,0
2022-07-25T13:03:37Z,044a99e0820cb8cacf8133993ada47c44e840d94,548,22,395,153,0
2022-07-25T13:54:27Z,66031d1bbcc812f340c495010aef19eb22dc602a,548,22,395,153,0
2022-07-25T18:41:35Z,88f28d98c5e1193c1ae620584af0bce4bbbc1986,548,22,395,153,0
2022-07-25T22:32:00Z,e4cb0972225ef795a0f083e00dee49680b3034ea,548,22,395,153,214
2022-07-26T04:45:02Z,4dfa40590c3aa23f5bb70380b12c044e47a0b910,548,22,395,153,1
2022-07-26T05:50:26Z,6066e33ff6f9103722d18d3b4ccde3142742cd16,548,22,395,153,2
2022-07-26T06:42:25Z,371557db00140ca147a7aed5b814809188e80cd9,548,22,395,153,2
2022-07-26T07:30:24Z,177d0129f267e5276758ae710f0be5052d2fab2c,548,22,395,153,0
2022-07-26T08:37:35Z,72197883422d32d01811746080b9b4d44e650c14,548,22,395,153,2
2022-07-26T22:34:25Z,0062b662915e995a5da1ad556705350e778f1aef,548,22,395,153,104
2022-07-27T13:04:57Z,c9ce810e4c3d1765123d9a291f06709316c79f83,548,22,395,153,0
2022-07-28T06:41:17Z,5c2a1b19a4ee819e55111896966c486c29ccc984,548,22,395,153,0
2022-07-28T07:30:31Z,6eaed63cb2abaaf25db704e965e41af06a6e5078,548,22,395,153,0
2022-07-28T22:31:54Z,6800974c31edff3a57541d50a5793d7ec8379574,548,22,395,153,0
2022-07-29T10:39:28Z,acd42dd6f875c054b8c68188eacfe5a88eda59b4,548,22,395,153,80
2022-07-29T20:34:50Z,9ec76a9bf16202f256a1e976ed6ecebe502fcc0c,548,22,395,153,0
2022-07-29T22:32:33Z,37e0d3d0ded53be080295ccc57900247b449340a,548,22,395,153,0
2022-07-30T20:31:23Z,7baf67c6c8d3775ea6c5af63fde4b0015d034fbf,548,22,395,153,1
2022-07-31T12:53:58Z,5bad5b343cd086a1df87a1584492a403421dcd01,548,22,395,153,0
2022-07-31T22:31:20Z,0ec8f95f8fda0328f4d3ee736a08ab5a0bac4665,548,22,395,153,0
2022-08-01T07:36:20Z,f4d472785d1cdd09610453681eb04f1e54c90334,548,22,395,153,0
2022-08-01T11:29:26Z,66a757746e1c5e39f3cc13adae8572cd070eca1f,548,22,395,153,0
2022-08-01T19:26:23Z,81dd4042e66740ce389c7f0e0db596cb4706169c,548,22,395,153,4
2022-08-01T20:36:32Z,8f091663025c37866f954cb7606e4864517654d2,548,22,395,153,0
2022-08-01T23:17:20Z,21b9d23b2702fd3d33ed9f1b8cfa8ae6751c5bc0,548,22,395,153,169
2022-08-01T23:35:22Z,1e1cdd60fce35dc826559ff0f3c187d60f227cfa,548,22,386,162,989
2022-08-02T03:01:28Z,667ba885b2053eb0dd5bd0a36e03b066ef689d47,548,22,387,161,12
2022-08-02T04:44:44Z,b6dffd991822d982627bc87f746fea349ce41d57,548,22,388,160,17
2022-08-02T05:52:05Z,60167777dca239e8cdff487e7f12fa7ff629fedd,548,22,394,154,47
2022-08-02T06:40:11Z,a3d180c873918e295eacc10eda638ddd36228555,548,22,394,154,1
2022-08-02T07:31:33Z,3b429e404aaca208fe6c27b7ff2b274aaffde7cf,548,22,394,154,1
2022-08-02T08:42:29Z,a8b578137afc5a6fd1d5dcca7840e4bbfcd5fe46,548,22,394,154,2
2022-08-02T09:31:50Z,aabc8e439cd9651c90fb2a84e02038fc6b8bb081,548,22,395,153,7
2022-08-02T11:28:47Z,53d3c7cb7f386dbe5fa213ac35e488fb0e02b3eb,548,22,395,153,1
2022-08-02T22:34:56Z,16aae40b83b09226993823a2fa2c0b290d7ba89b,548,22,395,153,0
2022-08-03T05:49:31Z,486a93e39471d1fc6fc64cd69f28c2ddfe86b49e,548,22,395,153,0
2022-08-03T11:29:00Z,bae213a1330305e320bc5920addfa4f000d25d3d,548,22,395,153,0
2022-08-03T22:34:10Z,795a99cb3ae523cb205af5cd67976bdb4996ed45,548,22,395,153,0
2022-08-05T10:34:58Z,5cdfa5d42ba6bf7453e25d46dcc2e1b35bf3ee66,548,22,395,153,76
2022-08-05T21:30:09Z,656965fed2f913f82f4a9729148ce762c20ab9c6,548,22,395,153,6
2022-08-05T22:32:12Z,9977f0c666af6bfa26af7595d92fcdbea2a608bb,548,22,395,153,32
2022-08-07T06:38:16Z,cba5d3217bda7c95427a17676b3dddee447ddab0,548,22,395,153,0
2022-08-07T18:37:20Z,8cd87b5895a484aaf33411fa626ec0047522d3dd,548,22,395,153,9
2022-08-07T22:31:49Z,074b869f267e62c0df3c58578f0d34404441cfc1,548,22,395,153,0
2022-08-08T04:52:44Z,8d8f25402661d70a11adb642732de668e579aed6,548,22,395,153,108
2022-08-08T06:43:26Z,ee9eb96007d96523f522f139cc44da59e14c6679,548,22,395,153,5
2022-08-08T13:53:51Z,584b01cca88ddd3e693842bb5e5fcb8f0ec0cee5,548,22,395,153,0
2022-08-08T22:34:53Z,9a9a0d5cf0c8ae57f7873048a23a095149a10995,548,22,395,153,214
2022-08-09T04:58:28Z,10afd8169e9618a24dccc568709f8c4dab1de965,548,22,395,153,2
2022-08-09T05:36:44Z,89b74ca07ec6a050b61f590893a42fdc28236f92,548,22,395,153,1
2022-08-09T06:42:02Z,3a2f05b1e6f481017d7ec0ecf26afdb431de9f25,548,22,395,153,0
2022-08-09T07:30:19Z,a65f22f1cad10a0676cfa0843ff230224f80059a,548,22,395,153,1
2022-08-09T08:37:41Z,e2d491a8d4149d57dd43d9833d1f46cd1452443e,548,22,395,153,1
2022-08-09T13:05:43Z,ff74019bbbc07f200ebf8736782faeb814a23a51,548,22,395,153,3
2022-08-09T22:32:52Z,d4c029e3b95e85263491e76458bc2feaaee0fff0,548,22,395,153,11
2022-08-10T11:29:00Z,ecedf6e5d12358d258c955f657f97e7fddc8e41b,548,22,395,153,0
2022-08-10T22:32:34Z,bd65fd21d5f67b1237bcfefe708c29f89d3dfc1e,548,22,395,153,0
2022-08-11T06:40:05Z,fc87486291b388c2f7adead2d0e329121d43e7d1,548,22,395,153,0
2022-08-11T14:30:07Z,0aa66c39e180ca72ff6f7acd87de765f2215585b,548,22,395,153,1
2022-08-11T22:32:15Z,f847fa3e4e2c57b5afbaed905b9129296a5b76cc,548,22,395,153,32
2022-08-12T10:38:58Z,98d2ddba25fa38757a0c937c9d4ff1a1d23f5c2f,548,22,395,153,76
2022-08-13T13:38:09Z,47df14b66ea8ef7667fb4b2407902d6bf169449b,548,22,395,153,0
2022-08-13T22:31:59Z,7bfe1dd907bda4f01b361216745b48cfa1205e42,548,22,395,153,0
2022-08-15T13:04:42Z,aa0111a3f596f023de2c22b89d358a450dddc48c,548,22,395,153,6
2022-08-15T22:34:06Z,e59c448ab399b9041fdee4c367d504eb27132094,548,22,395,153,108
2022-08-16T08:33:15Z,8019059030a40b144a399bc40f477965e43e96e7,548,22,395,153,0
2022-08-16T20:32:15Z,1d2e8db430281891dd43a5ae54fd82b31e50f2a9,548,22,395,153,4
2022-08-16T22:34:22Z,a66c2b2ed64f97069f8ca6cad9839b01edd13d54,548,22,390,158,1184
2022-08-17T02:56:59Z,af8bbe70d6039edeb404ecba6f6d1731eb09199f,548,22,390,158,10
2022-08-17T04:42:50Z,06ac9be1822ef8eae354fe8442436f0d81a9c311,548,22,395,153,30
2022-08-17T05:49:14Z,c2ad663d667d2213c1cda0ed34306b9469c6f692,548,22,395,153,1
2022-08-17T06:43:51Z,016488e982cc412771258ace97e3cf2e520149f0,548,22,395,153,7
2022-08-17T07:30:13Z,7861736f71bc7ed3b7bb9a38208a8765bd310a49,548,22,395,153,1
2022-08-17T08:39:48Z,cc19505048d22a8b558f2ece8ba4093328348b31,548,22,395,153,120
2022-08-17T15:38:05Z,288092df7c7b8b7b59eaeb1fdabd9a5bd3f86630,548,22,395,153,2
2022-08-18T08:38:47Z,9e63c5ddc1ae772cfb6153607398d5f003d4bde2,548,22,395,153,6
2022-08-18T09:33:38Z,8a5706e0e0b92f717c2cd1ed9d7da7845b8886f1,548,22,395,153,1
2022-08-18T13:05:49Z,d2ff4b48cda5bc2ebc0e7a5cc84f7da4ae96cd94,548,22,395,153,7
2022-08-18T22:33:26Z,842f2567042c042659afbef52d088567c0a02811,548,22,395,153,32
2022-08-19T09:33:10Z,fc28082129aee524ce09f19bfa9c35c4ec0a3bb3,548,22,395,153,114
2022-08-19T12:26:37Z,8741f1ae30503ff5ec19387b3d5e4dee0f360873,548,22,395,153,46
2022-08-21T22:32:19Z,8838143f3a739d3f2695aeecdf6eb9b21ef944b6,548,22,395,153,146
2022-08-22T20:32:50Z,ec638cca8393ca91307067b03d76b6078439d07f,548,22,395,153,80
2022-08-22T22:33:44Z,dd185ef155102e2d9a0df256754f2772e7a2598b,548,22,395,153,384
2022-08-23T04:54:39Z,3ae450919da04f5a520e52693b5ba2615b84e663,548,22,395,153,5
2022-08-23T06:03:45Z,787998eb838e9e1f204fa29036f6f0021b5fcc3a,548,22,395,153,2
2022-08-23T07:35:07Z,d45044bc21a4e181efb968319edbffb1746bd631,548,22,395,153,3
2022-08-24T05:53:15Z,d317147b78ce1d209a37da4bc69f1e04a02714b5,548,22,395,153,1
2022-08-24T14:31:14Z,796451b3765ea060efe91fe2d1e4d31b66f06bfd,548,22,395,153,0
2022-08-24T15:36:13Z,5d9a0362059ef33cf04dfaf19cc08329f0d5d0f4,548,22,395,153,1
2022-08-25T22:32:42Z,d50f15e8e6a203f145826e528b7e535f9c318a7f,548,22,395,153,32
2022-08-26T15:37:01Z,0c3827bbcb54ea8ffbbf68be426cddc8e8662011,548,22,395,153,114
2022-08-26T22:33:12Z,b27199aba6fff26f821c7e81105ca48265b85635,548,22,395,153,19
2022-08-27T22:32:15Z,b2f5baa2acb8c07f9ccdee1a08eea0d027507828,548,22,395,153,0
2022-08-28T13:40:16Z,695c52e9d207c1da70c65fbc03cb643126054d36,548,22,395,153,0
2022-08-28T22:32:26Z,e65d67a2c2a6944a2bf2b3df376c5276b968f4cb,548,22,395,153,32
2022-08-29T10:39:19Z,6cddcc53693c1b83d9503d5f04b01d0775d14110,548,22,548,0,526
2022-08-29T11:30:14Z,0a71a87a2a584b06c8f52c27869bea433fb98eca,548,22,548,0,0
2022-08-29T20:34:12Z,0b760750fbf7378cc3af5a802b841aceba214770,548,22,548,0,4
2022-08-29T22:33:37Z,4c6afd71dbd67c4b15bbad38906114deaed4789b,548,22,548,0,1756
2022-08-30T03:10:48Z,a90a700db83c19d121a5d6d8c33e76f7df0b78db,548,22,548,0,6
2022-08-30T05:10:06Z,4d0a906d2880d13bceffe79fa8207b6a6d151806,548,22,548,0,16
2022-08-30T06:33:13Z,353622d06496908c57c95073af9096caa28c69e6,548,22,548,0,9
2022-08-30T07:39:38Z,d978557faf763f44e11eb3bc1b073fd1fc18b81a,548,22,548,0,6
2022-08-30T09:33:01Z,7d3465c33659ebd26861037ca244231ae5698b8b,548,22,548,0,2
2022-08-30T13:04:51Z,66b1a3fbe12335448feb17d9f39d478297bd42bd,548,22,548,0,3
2022-08-30T16:51:57Z,99f7edd0607a0ec465159303f826a6adc5136683,548,22,548,0,0
2022-08-30T22:34:02Z,ae9f260f339d993b012dda52cd2e1136aa01fd77,548,22,548,0,9
2022-08-31T07:08:48Z,02a3d23e7abe58bc75fb9173f61c6ae8d074e19c,548,22,548,0,0
2022-08-31T15:36:06Z,be53034f8ca5555723bdea86877794a89d64b829,548,22,548,0,0
2022-08-31T16:49:34Z,2721fa7a839d9aab62e06362677fe7c729a47c7f,548,22,548,0,2
2022-08-31T22:35:33Z,5a94cfbd5e0d0510e12876a2bd6bc9aeae03e17b,548,22,548,0,0
2022-09-01T11:30:19Z,4b99570254c999ae04e92926313284edf81da231,548,22,548,0,0
2022-09-01T22:33:06Z,e7a63b312a1c191e71ef94b4f673300c9fe946cb,548,22,548,0,32
2022-09-02T06:57:19Z,f62539cead82174657096212fff5477fea6a0d8e,548,22,548,0,0
2022-09-02T09:33:04Z,cd47f7a25f6d1312d12ee21e080f5f5f64ae7533,548,22,548,0,114
2022-09-03T09:32:10Z,2435547cf9c65fae0dc52c043a1e1fa0453c6a4b,548,22,548,0,0
2022-09-04T22:33:21Z,04ff80278bcae41f1390a50c4d81fabc08dbc55a,548,22,548,0,146
2022-09-05T06:15:07Z,8ba9a2a87906e0e26029984cc0b76fb66dc4a965,548,22,548,0,0
2022-09-05T22:34:34Z,5969cfec2214961a57e423a1e6dc6af7fcfc7933,548,22,548,0,335
2022-09-06T03:13:05Z,cbce490100f8ed39964b8bba7c2fa3da50ac783a,548,22,548,0,1
2022-09-06T05:10:07Z,58f438f259eb9121a49a1b413c565b2b0373a890,548,22,548,0,1
2022-09-06T06:38:00Z,ccc81204b970cb06a676e7d962d7772ae7efe721,548,22,548,0,3
2022-09-06T07:48:56Z,39482eea204497749d1e9d2486582221f26c5404,548,22,548,0,1
2022-09-06T08:44:40Z,2e1ff58dd3732ab547a76a02cc28e5f7ad110030,548,22,548,0,2
2022-09-06T22:35:19Z,23230d1604d6c9de4265a5d99c45698ff74538cc,548,22,548,0,15
2022-09-08T22:36:23Z,76da5d4b3ad749589331546c589b3a491c52d029,548,22,548,0,147
2022-09-09T13:07:20Z,ae01eb818396f218d5227430bd955d83c297bac8,548,22,548,0,32
2022-09-11T22:35:53Z,abdc06c64c01764183a4e9bfdd6ebcdf7ed12891,548,22,548,0,146
2022-09-12T10:40:37Z,021b694c966a0ab862893278090ad79fc778b0be,548,22,548,0,0
2022-09-12T13:59:46Z,43ef9ea1bf86831f371f8fe39582b2b7f7f60395,548,22,548,0,0
2022-09-12T20:37:07Z,33f1bc45b05f073c700d170b912728cf7afb55f4,548,22,548,0,4
2022-09-12T22:36:36Z,e30ff6535cf72b7ba29a75e0891138afbf20b539,548,22,548,0,1631
2022-09-13T03:13:45Z,cfc70e510eb82d8d8a6e04fe444f64e0c20e21c8,548,22,548,0,6
2022-09-13T05:03:49Z,775f498f9014c3b4ae5ad995e6a018c8fb1ff0c3,548,22,548,0,10
2022-09-13T06:34:25Z,4f9c6a2f89027e601e40110298de5b4f9b2dc809,548,22,548,0,11
2022-09-13T07:49:08Z,fc73975084111130d6b3c243cea6595148938036,548,22,548,0,1
2022-09-13T08:44:10Z,f8592746bbb5633ea4b704209b69745a125c7951,548,22,548,0,4
2022-09-13T09:38:08Z,e967d68a4c200077e744a3277eff6468e4cc03b7,548,22,548,0,3
2022-09-13T13:09:03Z,d0421db68680b5f4f90bc7b23d76f159bca9e30c,548,22,548,0,0
2022-09-13T18:44:07Z,c68c32533423f49dba6e1ae827eb5f3e5b97492f,548,22,548,0,0
2022-09-13T22:37:38Z,69e44fc25011183e9549c5e8c9fa1550e44974c0,548,22,548,0,136
2022-09-14T09:38:14Z,203841d533e23b3fdffba075f37cf7014051e060,548,22,548,0,3
2022-09-14T22:36:59Z,f9601da02d5c6901652239e9199682e9a2f69a53,548,22,548,0,0
2022-09-15T22:36:40Z,1ba3e6e2729c620009f450c998bb199fb4088206,548,22,548,0,31
2022-09-16T09:38:28Z,d007c3510869a82129bc535d757f902411c36946,548,22,548,0,111
2022-09-16T11:32:05Z,8c6260dce1e1df668298fde004660e4f83069373,548,22,548,0,1
2022-09-16T14:42:55Z,5c6af58144b16012407da114a7e601a23f815279,548,22,548,0,4
2022-09-16T15:39:14Z,e25e780a2e46102e4c314a2fdfbc1a71de246e60,548,22,548,0,32
2022-09-16T22:38:36Z,cab1d4b21d83a333143e916d18cc724fca7a87fc,548,22,548,0,0
2022-09-17T22:35:35Z,80ccfda36751a1b116537f442d9dd48c1327ef42,548,22,548,0,0
2022-09-18T22:35:24Z,96df30e8b2ae49096843a9126f8528eeff63648f,548,22,548,0,31
2022-09-19T05:48:56Z,804da74cea4f1fe098edac675bceda96794f944a,548,22,548,0,111
2022-09-19T07:53:21Z,616c712d06cae93a69be12da111d6d548f90d6fe,548,22,548,0,0
2022-09-19T13:10:42Z,42b18fa235db125df2355d0ce0612eb81540f4e6,548,22,548,0,0
2022-09-19T22:36:06Z,c53f28bc10f848895fdcfbc66bc272d9eace754f,548,22,548,0,32
2022-09-20T07:41:39Z,0ddbdb6fe5ba59707985e5456c2361ffb0a2b743,548,22,548,0,2
2022-09-20T08:49:12Z,b0bdc331a8c004a3f09b6dabe8bd5626f556a63f,548,22,548,0,0
2022-09-20T09:40:59Z,544acce7e193191dae15254765ae9ed4249022ba,548,22,548,0,0
2022-09-20T11:32:59Z,9316dc25569c75377f05616e6cc0c19772959ad2,548,22,548,0,0
2022-09-22T22:38:26Z,33f40d9bfd09b11bf33a74e712fb6aae8d2fae0e,548,22,548,0,31
2022-09-23T07:49:04Z,18bf64672625f295413ecb8cb862e0b07653b5e2,548,22,548,0,0
2022-09-23T08:47:12Z,f0e408b747b3732836ded6ca55c1584f7304a22b,548,22,548,0,111
2022-09-23T09:39:57Z,ac9f3bc2c01ef8a94e9d32090dbd97c191bcd03a,548,22,548,0,1
2022-09-23T14:03:45Z,5cb95db11653a1438adc8e5f57a53a01033d5f21,548,22,548,0,32
2022-09-25T22:35:48Z,72306b156c35d5bbb2fd8258ae5ed24f94408a28,548,22,548,0,31
2022-09-26T05:49:19Z,e92b08fd184b51a6051076c45ede3fa470949ded,548,22,548,0,5
2022-09-26T20:38:07Z,bc82e196f6cd804527512cfd59eec590ac5573b3,548,22,548,0,4
2022-09-26T22:39:07Z,cd1f223ac5013c5bd191dd2d2afc710a09fdaefa,548,22,548,0,1725
2022-09-27T03:04:05Z,c487e293e079fb0ccd998570e98e03fd8704fa13,548,22,548,0,4
2022-09-27T04:54:55Z,13de1c03aa43d1816ba83df9785b39ec7b435eaa,548,22,548,0,13
2022-09-27T06:15:16Z,22ec77d2645e90e19c0e0f302317042ed7c1569b,548,22,548,0,9
2022-09-27T07:56:21Z,77da57cd21ccfe3f0eb9f6326820f49f04b09da1,548,22,548,0,2
2022-09-27T08:55:19Z,29bc651b4b8238ffbf24c1ffb0c61f34fd7148bc,548,22,548,0,23
2022-09-27T09:45:28Z,cb58e66ab0f875b70084c14ac8e8b32844904409,548,22,548,0,1
2022-09-27T13:13:11Z,04e700ade7299f10da9aa312ac9b51c6e56ab9eb,548,22,548,0,88
2022-09-27T14:09:06Z,07610b9195bc4162e25212d6ecb8f1bd019d4b69,548,22,548,0,3
2022-09-27T17:00:07Z,063ed83fedeb5039e35d257f1efff17be6cf6b9c,548,22,548,0,65
2022-09-28T06:30:55Z,b90af0ad29f6508b8cd5a75f344e02ac416790e1,548,22,548,0,6
2022-09-28T07:49:11Z,d19c25e5c22e8b1e15bcc0a3fe70e3c4d6775708,548,22,548,0,23
2022-09-28T11:35:01Z,567fab48c71f181c9db9d794e88d0b0a1f30baf7,548,22,548,0,23
2022-09-28T13:10:10Z,c874366dd1a9a8dc05ac85422de78eb438adfcf6,548,22,548,0,65
2022-09-28T17:03:59Z,3507f0b7270bc5dec9f4abfd45c1ac54ddec321e,548,22,548,0,65
2022-09-29T13:11:58Z,89c9e4b42db7146654fbf67e2f671d3e54297baa,548,22,548,0,88
2022-09-29T17:00:00Z,65b1ad6df0806794569f6271f7c621e387b98f34,548,22,548,0,88
2022-09-29T22:40:01Z,4fb9e172613315d0d90167c2ed42023487c896f4,548,22,548,0,31
2022-09-30T07:54:51Z,8ff200f67d54969afeebe979c1ed9c4fa7af4222,548,22,548,0,4
2022-09-30T09:44:54Z,eefcc2b9337f46eb03fb72e9c68ecc0cdf0a6667,548,22,548,0,23
2022-09-30T11:34:12Z,060262689f202c4e3d28765d721cb76d33c4cbc5,548,22,548,0,14
2022-09-30T13:14:51Z,44747b43f8711e68303eca8df2f42b3d38ab36bf,548,22,548,0,74
2022-09-30T15:45:02Z,dcdfffc44b0856356963f830072c670db3df09fc,548,22,548,0,46
2022-09-30T17:00:53Z,849948cd5ad83968758c53c22048bc10022889c7,548,22,548,0,51
2022-09-30T22:40:20Z,c53a9a490c61d847a5005ba72cf2d56b37ef5be2,548,22,548,0,88
2022-10-01T07:39:49Z,4702ac34f533ebb3e90b9ef705a70b3ceb98ebbc,548,22,548,0,111
2022-10-01T11:33:38Z,fce6d35d310583a3e02663c8a16cb77d804d7ccb,548,22,548,0,111
2022-10-02T07:38:06Z,bdd8210504137006134593186648f0d0c30a39ab,548,22,548,0,14
2022-10-02T08:45:08Z,2f5272680f7a3e48d0ba75bc0bc417a670fbae1f,548,22,548,0,97
2022-10-02T11:33:22Z,b522efb4c6999059aca716b64547dae3c9a86e9c,548,22,548,0,14
2022-10-02T13:03:11Z,a9e9f896c6ab17ed3a6af577367d9b8a3e139f31,548,22,548,0,97
2022-10-02T22:37:38Z,0acb57048d1252d0d9b658f0635974192193d931,548,22,548,0,123
2022-10-03T05:13:56Z,4be9eeccd8a36b9b84e161f24424af9136d9d854,548,22,548,0,0
2022-10-03T06:58:03Z,8055200cf2829bba97100307860a59dc27dca329,548,22,548,0,2
2022-10-03T08:49:59Z,2fe767d7fc73bd2f112c8673396b9b1c29edb3ee,548,22,548,0,23
2022-10-03T11:35:01Z,790afc9eb9dfce7faa1bf2f37a9ef43a06aa858e,548,22,548,0,14
2022-10-03T13:12:42Z,d7302a617158ee34a689414422c30813f2488ce0,548,22,548,0,74
2022-10-03T15:46:04Z,e4fba8701216245a61bc1cc9799c5bcc802816e1,548,22,548,0,14
2022-10-03T17:02:06Z,9944d92be50a011c5d01fe00cbd85f8f3a6170f4,548,22,548,0,51
2022-10-03T22:42:14Z,32671da465be390d6b25943212d9c1942ccf3e5c,548,22,548,0,55
2022-10-04T06:56:05Z,7a859c40c88d9b5cb5772297f02cfec18bc19a7d,548,22,548,0,0
2022-10-04T08:50:01Z,22d10d95097b0d9ccf600d1e19bcac01af4f7c6e,548,22,548,0,23
2022-10-04T13:14:35Z,8ead85feb19eb368d2a9c7a68bc0018291bdc375,548,22,548,0,111
2022-10-04T17:01:04Z,0926b7a2f04ed97ff350ec001e82bc853a11f366,548,22,548,0,88
2022-10-04T22:41:07Z,5418be3e5b42eb02f13fab5f9b34628185571ed6,548,22,548,0,1
2022-10-05T07:46:58Z,32b01bacc4b75520524a33cc428cfdf6dd3f2385,548,22,548,0,23
2022-10-05T11:34:21Z,7299e760aab1553b4488b5a0367cd84dea1f03fa,548,22,548,0,23
2022-10-05T13:29:42Z,3aa8b7f7caec9e3a2e2b8284c4732825c69c5e0b,548,22,548,0,88
2022-10-05T17:15:06Z,4431aa4dfa54015ac158dc637dca9021215e0008,548,22,548,0,88
2022-10-06T13:12:56Z,46938af7acb693ac15ef5ab18daeffff34a1309c,548,22,548,0,65
2022-10-06T14:09:34Z,ad6caa30179e509f64c5496b199a30a9e9e2fcb7,548,22,548,0,46
2022-10-06T16:59:38Z,f35f76c5b284415850139c741e615ace4ab94b61,548,22,548,0,111
2022-10-07T09:44:46Z,3958e7301e193ee5867f1b83fcb90b31f874559f,548,22,548,0,23
2022-10-07T10:46:23Z,93acd44ed76147ff162ef4a1b795132c0aa0da8b,548,22,548,0,31
2022-10-07T11:36:56Z,96fcf7da3764b2c07ee73b0b8bea7e8d6419e662,548,22,548,0,19
2022-10-07T13:13:11Z,52ada0afb3c24a4a337c5d1c3207dc9ec7dbcffd,548,22,548,0,97
2022-10-07T14:09:47Z,1a126eb4d29fc7c31f07289acbbea9f172d09c1e,548,22,548,0,32
2022-10-07T15:43:48Z,fc1de95bc790a53589766e2a877af1b7f75a30b8,548,22,548,0,14
2022-10-07T17:02:24Z,bf5836802341e46c245be7cb09b54d824f073f1c,548,22,548,0,74
2022-10-07T22:41:20Z,863b42a1754d61c70fc34324a27f608ee3ff6d11,548,22,548,0,111
2022-10-08T07:38:23Z,b8cf259b1b16a4157df1d308d78a49cc4e1acf5b,548,22,548,0,111
2022-10-08T11:32:32Z,b1915d54c4969b4c654e4eaa2727e36b67f88161,548,22,548,0,111
2022-10-09T07:37:48Z,ad22df1524ff456d532a5c49cb92b4e82da500e4,548,22,548,0,14
2022-10-09T08:44:26Z,3da6a3687c5ce5eab981258f7d72509cc0420329,548,22,548,0,97
2022-10-09T11:32:39Z,0e023796920a9f3f2dd8f963a06de8b3db55d43f,548,22,548,0,14
2022-10-09T13:03:16Z,c037dafb48f6b474cbed76f5eb804e3d21ac3e26,548,22,548,0,97
2022-10-09T22:39:35Z,0838d65f0ee2ce8122cb7523d41106f7d0cd972e,548,22,548,0,121
2022-10-10T08:52:10Z,973d80c50426286322ab9befbc99ad111305e437,548,22,548,0,23
2022-10-10T11:34:28Z,462c9277a9d6199330ade662938175f51b3e4ac1,548,22,548,0,14
2022-10-10T13:15:48Z,62ddff4c687108c400419a20149905dacf814839,548,22,548,0,99
2022-10-10T14:51:09Z,cab839f34524a2bb51ce098182b18b8f6c5590ea,548,22,548,0,14
2022-10-10T17:00:58Z,e474ad3de973ed7d5678c98291f55c4c5f7093de,548,22,548,0,76
2022-10-10T20:40:52Z,ab436526e13546cc24b64753d8b950b057859e11,548,22,548,0,4
2022-10-10T22:42:02Z,99e449be568ab3a31277b88827efd6e21a66f026,548,22,548,0,1733
2022-10-11T03:04:11Z,53fb819b32de7eac9c8645e16d16a577c387ade7,548,22,548,0,10
2022-10-11T04:57:00Z,bb4da3082bad466653a0e49607b870a2572a226e,548,22,548,0,14
2022-10-11T06:15:28Z,32039440205c584ceecc267878f28f95811b21a6,548,22,548,0,35
2022-10-11T07:03:03Z,a8a5a79af740e6e4c25abc894dec53166e9be286,548,22,548,0,1
2022-10-11T08:50:33Z,d471410daa88b3632256f9fbab270cae4bb4afb8,548,22,548,0,23
2022-10-11T13:14:05Z,49ff1c161b2d54f1e541fcbc6688b4731160ddd6,548,22,548,0,114
2022-10-11T16:58:25Z,fd3ebae9c2fbba0f6c663fba3810a935b2d23a25,548,22,548,0,94
2022-10-11T22:42:21Z,d9d90b09b38fe17d79e754deb7b37bef4fce20c1,548,22,548,0,16
2022-10-12T11:36:25Z,e7975a25499a8f23e5c195b077b4271e7d216681,548,22,548,0,15
2022-10-12T13:10:48Z,0972328fb786c701573d9faf64d150ef1877aa60,548,22,548,0,99
2022-10-12T14:50:59Z,5674b1b4fed1271e0508c2aba37ad4afe7680f57,548,22,548,0,15
2022-10-12T17:09:25Z,39d4f790efe750581baf3401cdde1f3f56e6d238,548,22,548,0,99
2022-10-12T22:40:57Z,09b81a62d8fb49685631ee8e51b28839447f89e0,548,22,548,0,2
2022-10-13T13:19:08Z,7d666259de75b6e4f1594396777c9a246a30e8d3,548,22,548,0,111
2022-10-13T17:01:47Z,b0b42f54eb46c591f2e8924d8db41d1e65bf90e2,548,22,548,0,111
2022-10-13T22:42:56Z,57171c95edeac03a1d7e2e8cb009cde522f96ac8,548,22,548,0,30
2022-10-14T07:03:38Z,5e455c15196a7513c072684d2bd2ca6b43fea7ec,548,22,548,0,2
2022-10-14T09:42:53Z,93f1bb33f38669f38cbb0512c978243a2fb28781,548,22,548,0,23
2022-10-14T13:16:37Z,c8247e5b920600501c298d2ea45e3cc9fae3d5e2,548,22,548,0,114
2022-10-14T14:48:33Z,8650ecdee1b81086b475e52b812374603a105cec,548,22,548,0,32
2022-10-14T16:58:57Z,9b100b86f863ba1168a8f7d85ad7f3528ff9e2fd,548,22,548,0,86
2022-10-14T22:40:59Z,cdb7db63d25f3d43aa1d84e408f48a6a02782501,548,22,548,0,108
2022-10-15T07:39:23Z,d78126dd27797ceb3a698c12f4fa2fd868e4f372,548,22,548,0,94
2022-10-15T08:46:42Z,738ced0cb3f8dac273956329d5159e1e8541563c,548,22,548,0,14
2022-10-15T11:32:43Z,a93a3b1a09558c812727f5b9c8f4395f178c602f,548,22,548,0,94
2022-10-15T13:04:20Z,12ad9b3d37756d0b9c0ed03c186c2d00975fa061,548,22,548,0,14
2022-10-15T22:39:39Z,a9320fdef6c4201a34e9359e29e365611b8b2687,548,22,548,0,0
2022-10-16T08:45:12Z,4aa29e004d957542429adc28cd05c407d7796082,548,22,548,0,108
2022-10-16T13:05:07Z,dfdc4c47c81a099ae06db47b595bb29500cd054c,548,22,548,0,108
2022-10-16T22:39:28Z,129c28e1d22f59c5ebd36e31781cccf058ea4fe8,548,22,548,0,137
2022-10-17T07:10:47Z,b660fe54968785fcb15068db07e85a7c25e6a3ea,548,22,548,0,14
2022-10-17T08:56:53Z,216bc49dbf17a3d2d07cedd1a777e99d9dad67cb,548,22,548,0,35
2022-10-17T11:37:47Z,2c4ed7dbe09853d682b8f81aaf9174df774f6095,548,22,548,0,14
2022-10-17T13:17:43Z,4994612446c121e2347eaa6d5dade6e62d79722b,548,22,548,0,94
2022-10-17T17:08:01Z,7e4b659837bf7a10d8d1b80bfc571ceb417f9758,548,22,548,0,72
2022-10-17T22:43:11Z,4570ff2efeb0059c15d937bb4463fdb30893429f,548,22,548,0,65
2022-10-18T06:35:17Z,fda67bdb01d61673eb41716a518e10eab4073b8d,548,22,548,0,0
2022-10-18T11:35:32Z,a48ee3575ff801000275e01b68d22dbe329e1955,548,22,548,0,22
2022-10-18T13:16:49Z,68f98fdf1361d4e8c27025c029825db54b60134f,548,22,548,0,73
2022-10-18T15:47:58Z,544247f0a7dc7aa222c494fcb0ba1f05c80d7b91,548,22,548,0,22
2022-10-18T17:03:40Z,f6a00212e148432654557e23c23deec93b96be7b,548,22,548,0,71
2022-10-18T22:41:41Z,1dcdd2fc8ecb4402d624ced875d01a10cfb397ed,548,22,548,0,14
2022-10-19T07:56:52Z,5cc27758a59acf52095ba1844957346843601748,548,22,548,0,1
2022-10-19T11:37:20Z,907292a615b6c64f04bd6fc4b98d8a7e0057e743,548,22,548,0,14
2022-10-19T13:16:54Z,cb441af06a6793689907838150e9426cac04c65f,548,22,548,0,94
2022-10-19T15:46:18Z,559a5d8f6cde9c854d53fdfa6559400012b43d05,548,22,548,0,14
2022-10-19T17:07:24Z,fcf1e25b149bad5503b246b3e7b20f3e916815c8,548,22,548,0,94
2022-10-20T10:46:15Z,367dbe11b788ef8e8e9ac0a269cfb578c92a4d1f,548,22,548,0,14
2022-10-20T13:17:10Z,7698c58d5932a6106cb72f978346d2b337e908a6,548,22,548,0,94
2022-10-20T14:48:13Z,39e7f3399274de262ccf7155544854f5563a99a1,548,22,548,0,14
2022-10-20T17:03:05Z,b90893fff80d7df3c6d41bd1d5e75de56f49b84b,548,22,548,0,94
2022-10-20T20:41:59Z,a47affc4864575f87a52a0e7989979ab3d355d98,548,22,548,0,0
2022-10-20T22:42:25Z,d6a1fb4339a3fd5c670e77ab2358940e8d55a4c1,548,22,548,0,29
2022-10-21T13:14:16Z,9918f8dbabccf8e66ec8e6090d60139327d68364,548,22,548,0,108
2022-10-21T14:14:35Z,07e297df268a7cb335d9e67615c8e0b2d680e389,548,22,548,0,32
2022-10-21T17:00:14Z,13cf360f5e47815a3d027b237ac9bb23eff71b0f,548,22,548,0,108
2022-10-21T22:41:45Z,aadf928a6c4c57f89cc5b679287c2f4b1887fcc1,548,22,548,0,108
2022-10-22T07:39:58Z,262481513cded8df60421e7ba14d21dd93948750,548,22,548,0,94
2022-10-22T08:47:20Z,14c31b02e398b491f9409447295d52e3f56aef3f,548,22,548,0,14
2022-10-22T11:33:16Z,3bf5b911647fea83447fc4277ba869c238412f30,548,22,548,0,94
2022-10-22T13:05:24Z,a34940ee42315d09377edd3695c3d9f93de79828,548,22,548,0,14
2022-10-23T08:45:02Z,14cc533c5f865059b2721083e4b47556406c0871,548,22,548,0,80
2022-10-23T09:40:10Z,8e375ce83d9e76459cec22b2f3922f973207b631,548,22,548,0,14
2022-10-23T13:06:24Z,57c518d99a97c735cee9b01742698689b6dbf571,548,22,548,0,108
2022-10-23T17:45:04Z,b216867b1854a101cdd7354cbfb9b29428984d1c,548,22,548,0,14
2022-10-23T21:35:27Z,03a99c6133e56d92fb53d2d74d81fab5f9c32911,548,22,548,0,2
2022-10-23T22:40:20Z,7efa90223f76eda468bc1655536cb4477ae5e376,548,22,548,0,29
2022-10-24T09:49:17Z,a8ad2bbbb9bdac9a9c505391f6cf7e129801d540,548,22,548,0,22
2022-10-24T13:15:14Z,f13b049ad05fceeeefb6388011c79d2ecf1480ac,548,22,548,0,94
2022-10-24T14:15:57Z,47986c2b7d8c75f547a5609bb78ac8a1f4379e3f,548,22,548,0,14
2022-10-24T17:01:03Z,0aeead2e6e0de0295586e2fc103f40945395cc96,548,22,548,0,72
2022-10-24T18:57:27Z,82a4e944e55b36b2443cb953b47b688a803224be,548,22,548,0,14
2022-10-24T19:39:54Z,4f39f29777981b2ced442087013126278d9845aa,548,22,548,0,4
2022-10-24T22:41:45Z,a32fe811553f1df8c0ee3256d9ae5271344bb319,548,22,548,0,1777
2022-10-25T03:18:19Z,0a657fd9e8c43215e391afae72bde5c8f05cdc42,548,22,548,0,4
2022-10-25T05:52:57Z,b07f92a277aee837eb9bec9b581f2fb93bf0c803,548,22,548,0,39
2022-10-25T07:14:09Z,cbf28fe42113fac4da3107d89d3a31978e51657b,548,22,548,0,1
2022-10-25T09:48:34Z,0e51dac423af0606547d04002b770eabc0d0810a,548,22,548,0,0
2022-10-25T10:45:50Z,6c5b08e82f0d1a51041f24500ff7c44ccd68e08a,548,22,548,0,36
2022-10-25T13:16:55Z,839e6e6854fdff4ecc5b26f305d0a7c40f34f1a4,548,22,548,0,76
2022-10-25T14:50:31Z,704fcd814e395d66ba50981aeb94fbf77d2470b5,548,22,548,0,38
2022-10-25T17:11:39Z,2e9bfcc1f7efdc27c64aada41f542daba9948788,548,22,548,0,72
2022-10-25T21:37:44Z,c1fc8ddfc64e0a6aad73197519ecb2824909fae4,548,22,548,0,0
2022-10-25T22:42:18Z,4ff2c00402562640581d7fa4bb75267b2eefae90,548,22,548,0,1
2022-10-26T05:44:24Z,abe04bfd549c28cfc2c8f670ee0863d5b2032e16,548,22,548,0,0
2022-10-26T08:42:06Z,b737c31e2ac02ee36511609f9ff4599295bef60c,548,22,548,0,2
2022-10-26T13:13:57Z,03692002b26016bbffd1f3f14d6bf18a628985d4,548,22,548,0,108
2022-10-26T16:51:54Z,4ef30acd37e32e74d23ee7ed39c6acfa1520c5bd,548,22,548,0,108
2022-10-26T22:39:22Z,880f92ed0d1ee8ddbae82c84e5e9531a87579f22,548,22,548,0,0
2022-10-27T10:38:57Z,82dab44443fc5e57006ed339d6a7895c0b34d3f8,548,22,548,0,0
2022-10-27T13:08:32Z,36ba3edcb9dfc18e63e20ddd8ecf22d748b3beed,548,22,548,0,108
2022-10-27T16:53:56Z,a0ed47f7684f227eabf88b85496d8ac8097abc86,548,22,548,0,112
2022-10-27T22:35:01Z,4fb8e467fce043d36b48c7f75ac1dda95d184abc,548,22,548,0,31
2022-10-28T10:38:39Z,0309cc4f4e8057186333857b61373e98cacfa95e,548,22,548,0,48
2022-10-28T11:31:10Z,3c7c43f7f5db2d33c8dbf9b876f4550ea0fb6986,548,22,548,0,0
2022-10-28T13:11:33Z,cb1f67e5e8a050efad030dbf9e60702d61a32fc2,548,22,548,0,111
2022-10-28T16:49:08Z,583fe702822241357541e79626ab8168154f05d4,548,22,548,0,111
2022-10-28T22:35:47Z,a037391ee5145280fc6ab6d2369039ea836b3d92,548,22,548,0,110
2022-10-30T10:36:39Z,27a6490006bb7aa02e7d27961653c55a4862cb46,548,22,548,0,5
2022-10-30T23:36:23Z,5510ee1316aaa5d84b1cb05e13e79b84cdf10155,548,22,548,0,0
2022-10-31T23:40:25Z,ca46f83af9932f4d2772ce3463cc7aae938da18f,548,22,548,0,44
2022-11-01T10:40:29Z,95e170255c1380cbb631a215a742794069e55bc0,548,22,548,0,0
2022-11-01T16:54:29Z,9626e9ec6c7d1d631dd3b5b912b91ec52bdd3dec,548,22,548,0,0
2022-11-01T23:38:05Z,e9fad4a2cdfd9e8b47319789006c26e6ca3229af,548,22,548,0,145
2022-11-02T06:47:37Z,b479c88d371880db15109e7f69f1b4bafb951a71,548,22,548,0,0
2022-11-02T13:11:54Z,b6510c9caf91724469081628310d57ef2eedf6a5,548,22,548,0,114
2022-11-02T18:41:34Z,bac720fd3b43d7af95c95a0593ae32d8a9ef249e,548,22,548,0,53
2022-11-02T19:27:08Z,39090930afac0f54f8061045102cd88b59253653,548,22,548,0,61
2022-11-03T11:28:45Z,a8d88ad61cd225424c32b4eb4393321134636d94,548,22,548,0,19
2022-11-03T13:58:39Z,abc6adff3095024e53df516c22196ed4d12f878b,548,22,548,0,114
2022-11-03T18:45:41Z,62a3cdbb41aca4ed67a97c79d1482aee313cc690,548,22,548,0,30
2022-11-03T19:26:30Z,eb984c61c6c75ad97390ff1615b8dda6a475ab85,548,22,548,0,84
2022-11-03T23:34:23Z,aca74be4a76d9ca634874106970b02a4ee97327d,548,22,548,0,32
2022-11-04T13:03:44Z,9e67c0cb5d129c4f6cdfe62b1bb7ba69c225a721,548,22,548,0,114
2022-11-04T13:50:44Z,57c6757157594f7b9ef268430652544eed0a152c,548,22,548,0,0
2022-11-04T14:30:28Z,68dd89ee2eae955cf7f7ecbca1f387525bf124a9,548,22,548,0,0
2022-11-04T18:39:58Z,513a7757463ded74b501cbf44c83e5abaf18a57a,548,22,548,0,114
2022-11-04T23:35:17Z,97dc2aa61171f08d57d2bbd42137dff5c5bcf940,548,22,548,0,114
2022-11-05T07:29:12Z,c5a053a67da506a68d9c32b495695dabb7623294,548,22,548,0,99
2022-11-05T08:37:17Z,d91a13c15c855af2502b681c55a11a45dcf403dd,548,22,548,0,15
2022-11-05T13:38:52Z,c53dad2da630950a3d33710d705677f4ca1cd71b,548,22,548,0,99
2022-11-05T14:29:20Z,d626c494eed47a64cfab1dd09402d79898017985,548,22,548,0,15
2022-11-06T08:37:14Z,699c7a8a5013cc1cd8aecc1c050e4a821872e856,548,22,548,0,30
2022-11-06T09:31:42Z,6e9e84fadc64b6bfc65e74151215800e2298058f,548,22,548,0,23
2022-11-06T13:39:49Z,b8363ebf948176d89e73f1956892a504a69a787a,548,22,548,0,76
2022-11-06T14:30:05Z,f6dd55029eca37faaf42562eef479f4ade516d80,548,22,548,0,15
2022-11-06T15:34:27Z,85c15a8e4409e0e8c52604bbcf3b32b3df38a6b5,548,22,548,0,23
2022-11-06T19:25:58Z,92ad5a031767db87108e2f425b8433cd3a2f77c7,548,22,548,0,61
2022-11-06T23:33:47Z,044d348b3b5032543cbc3b0a10b4a35c191955d8,548,22,548,0,146
2022-11-07T10:40:46Z,f4fcb07afdc35110a37005aa9de0baf4fe88179a,548,22,548,0,23
2022-11-07T13:04:01Z,7a16216c537ae62087a21998c81524f785885ffa,548,22,548,0,76
2022-11-07T14:34:59Z,fbbce512373d3762cd7f8637489c9979880b60db,548,22,548,0,15
2022-11-07T16:47:43Z,fdb47472812eaa86ae8ebeb564582abe36fa1554,548,22,548,0,23
2022-11-07T19:26:39Z,28cb8fdfb65dac0015480663d3798a0f840cea45,548,22,548,0,76
2022-11-07T20:34:38Z,4c3f628857181598f13f4b5f2692b70945a6b02d,548,22,548,0,15
2022-11-07T21:32:30Z,50f21eec69c4a1984fe980e9c280247e6eb533ef,548,22,548,0,24
2022-11-07T23:37:01Z,db0ffda09c9694912ffaa0c8f63f7b52faa2fbd4,548,22,548,0,1761
2022-11-08T04:10:53Z,f243328d903dd06814bb1d67ac714455ef874d83,548,22,548,0,6
2022-11-08T04:59:35Z,77c8a23899f5d57da52975f4656c29f6487bf47c,548,22,548,0,2
2022-11-08T05:38:54Z,8c22af834cc1c392478894f6dad0698197b7a08f,548,22,548,0,11
2022-11-08T06:42:56Z,1d252d1a4a081e2d37d8613e42ee3e039dd0f4dd,548,22,548,0,11
2022-11-08T07:30:08Z,4677b01fafc87f4486b9630a99a8393472f6f7b4,548,22,548,0,1
2022-11-08T08:42:54Z,6481d1c3142857860b177dea6f434a107b9bbe3a,548,22,548,0,2
2022-11-08T09:32:34Z,4014ec9a4ac8b5e9828b3e08e736c008c3302b1d,548,22,548,0,9
2022-11-08T13:05:31Z,03fa9d0dc2d2e5731eabee02b8fe2bae814aedd4,548,22,548,0,114
2022-11-08T13:55:44Z,032d657fdfb0d320d0674756d2173b5d1f3ff306,548,22,548,0,0
2022-11-08T14:37:49Z,ffa2f62de13520e951e1704b910d8707b950f76f,548,22,548,0,0
2022-11-08T16:56:00Z,6b0fb94116a0ce81d4f2dc0c9c100ff4714ec5fe,548,22,548,0,114
2022-11-08T18:48:20Z,ed1f5f3df686e24b4200ece8be8d134c7097c922,548,22,548,0,0
2022-11-09T08:41:38Z,f416952c6f54448d385c9922ba0ce636f93cf86c,548,22,548,0,2
2022-11-09T11:30:00Z,9f28bc0d2f928eb1b63b57dd2792de3a08f1c4bc,548,22,548,0,0
2022-11-09T13:09:10Z,f284c9f72e765ca90a120083df83c472e0c440fb,548,22,548,0,114
2022-11-09T17:36:59Z,3ce01c0e3a0260984b532c4f391d71635bd6132b,548,22,548,0,114
2022-11-10T08:47:05Z,cfe4e20e64e455a313217eaa9dda69c5aca9f31d,548,22,548,0,0
2022-11-10T13:09:14Z,ccab4fd35ab03864807b779bf645f4bbed01a2dc,548,22,548,0,114
2022-11-10T14:46:17Z,0a4c49fb57ec8fa0b7f1e2b5c6353467e3154dc6,548,22,548,0,0
2022-11-10T15:35:07Z,c03c5c76db05ef559864e22383c4e52d11f6edf2,548,22,548,0,0
2022-11-10T16:48:24Z,5a2e0995adc508412b903b5f96d72e9311081564,548,22,548,0,0
2022-11-10T17:36:37Z,fc06fd12a5c4820ff6e8c0bd359feaa183e98135,548,22,548,0,114
2022-11-10T23:34:21Z,3c22bd49ffb529f40baf9f2281b01ea3bff70af7,548,22,548,0,32
2022-11-11T13:05:50Z,fc95fbbc460d765bdd261e795fbddae468052673,548,22,548,0,114
2022-11-11T14:31:59Z,ab87270fc7fadc5230d9fefb2f3f5294c5da71e0,548,22,548,0,48
2022-11-11T16:47:49Z,ad01ca7f09f3a7ff12a7b9eded0d566c18e84ea8,548,22,548,0,0
2022-11-11T17:35:10Z,92bb743731f18beab8cd8496f419aa4b5fc55839,548,22,548,0,114
2022-11-11T23:33:46Z,cd9bfb52f798a1d8d6b47b8a144f31102af918bb,548,22,548,0,114
2022-11-12T08:38:34Z,804732db3935d85da3e5b7742d0d0f9c64cda08a,548,22,548,0,114
2022-11-12T14:30:02Z,98cee90425b6e66132b0eda39370addb98c60b92,548,22,548,0,114
2022-11-12T23:33:25Z,b823a8ab40466d30e5a2290be581a40fba4517aa,548,22,548,0,0
2022-11-13T08:37:57Z,7d1d2f5077b394cf9fd24f6ae3bf2b0f28ef6d6f,548,22,548,0,38
2022-11-13T09:31:09Z,acd1636f4f05ccdb851e9560d0224744cbabbf16,548,22,548,0,53
2022-11-13T14:29:56Z,6b956a6981d99eb26f39dcb5421692a64af9e4a9,548,22,548,0,61
2022-11-13T15:33:26Z,6d4a1889576abe681010861b52492b9de72f0ca8,548,22,548,0,53
2022-11-13T20:32:29Z,63db9661b7fe8d83e12b1eaf57ec51bd580bed06,548,22,548,0,23
2022-11-13T23:34:12Z,eaa4f11e55b3f8d352c54e3e99efd1e70360f0b0,548,22,548,0,146
2022-11-14T13:11:05Z,910a777b15366060b45c4de282261db788522e71,548,22,548,0,114
2022-11-14T15:36:21Z,9cc9c6b5cdf1c3640b42f496c227dac4ce263a2e,548,22,548,0,0
2022-11-14T16:51:59Z,9a6a2b1c368030cbb47db774193399d88141406e,548,22,548,0,114
2022-11-14T23:31:37Z,f25bef638e9ff0d49b13534877bd62c9e0a211d3,548,22,548,0,110
2022-11-15T13:02:49Z,c9da02a821018c433a2903539979fe80b9c2d7ff,548,22,548,0,114
2022-11-15T17:32:21Z,6e479034bfbd06ead92dfbcc5a2ca65cbff8ba38,548,22,548,0,120
2022-11-16T13:48:42Z,3fbb9890675bea40416ad8236429143901c9ff8c,548,22,548,0,114
2022-11-16T17:31:14Z,01054024b28bd89124047a76cd4143c5c4aacd77,548,22,548,0,114
2022-11-17T06:38:12Z,5cfd259ca6825e9d3f12c950c94049ae1c4e8004,548,22,548,0,0
2022-11-17T13:46:19Z,82e18d16d3cf64066fb8077ce10e544a0589e6fe,548,22,548,0,114
2022-11-17T17:32:31Z,630068f63c78b3c2979a15d34622af3aaf9b87d0,548,22,548,0,114
2022-11-17T23:32:45Z,b92bb21e4bfe5769bfb63fb9b408fabcf86fa73c,548,22,548,0,32
2022-11-18T11:27:39Z,fe610a86fb1bb489c056ff2a350209b4efa8e035,548,22,548,0,114
2022-11-18T15:32:58Z,8ed547fb401b7111fa80d8c7df23a82204395e45,548,22,548,0,48
2022-11-18T19:25:43Z,cbb91dc1b5e5198fed0a008a283ce116e02e4df3,548,22,548,0,114
2022-11-18T23:31:13Z,68f31191ed0eaec1ec41c472095bea6ca4ffface,548,22,548,0,114
2022-11-19T08:36:17Z,4ad88b622b37e50fee3df04ad712949ca2b0a6bd,548,22,548,0,114
2022-11-19T14:28:38Z,1e9b9bf901327c12f342d45e919bd592fe5c85d4,548,22,548,0,114
2022-11-20T08:35:41Z,2c80e8a635573eb2175749c4fce9aa3a9bdd9b48,548,22,548,0,114
2022-11-20T14:28:45Z,745c9c3be38c45dd9557532a4e7ef7d8a4e2a4c4,548,22,548,0,114
2022-11-20T17:29:39Z,46b5c9cb4fac4ae39bf210809c047ebcc0b430c5,548,22,548,0,0
2022-11-20T23:31:52Z,57ad8fc0f4c5eecb7ea8b600328325df338eccd5,548,22,548,0,32
2022-11-21T05:30:14Z,effa0b17d8f601099179a3308302eeae44cbd58f,548,22,548,0,114
2022-11-21T07:29:07Z,25aa0b1e4f310808d496f085d8d2a97f28daa7cc,548,22,548,0,0
2022-11-21T21:30:41Z,4e3a7aa514afb2dd2d9d2663dfb48f30150a237d,548,22,548,0,4
2022-11-21T23:33:06Z,92531a4bb50939fae114581f8d93e216909cfbcb,548,22,548,0,1786
2022-11-22T03:48:22Z,04cc6c67af90a4cf3693a308d83dfce826395c50,548,22,548,0,4
2022-11-22T04:39:12Z,21503d2fedf6247c83286f9b1352688fd325d9e0,548,22,548,0,2
2022-11-22T05:30:09Z,d86e19e6ddbdd79d48df8649c775fc6197fe3f11,548,22,548,0,6
2022-11-22T06:38:39Z,b8c6178ca84ba7a2c812c18254fa41667408ead9,548,22,548,0,13
2022-11-22T07:29:23Z,5da649c1083077318a5fb17c2116a795b25f7c8d,548,22,548,0,5
2022-11-22T08:41:33Z,a4ff192c8cf6aa20a7a381c640467b6eb7f73315,548,22,548,0,2
2022-11-22T10:34:32Z,b42e4c760580350da18ffd03e7924b533432cba0,548,22,548,0,1
2022-11-22T13:42:02Z,931738d614a0cf4c40dda3196754b0777bffbf42,548,22,548,0,114
2022-11-22T16:46:17Z,d0374778c45390a711b8edf6aacff583d8e732a7,548,22,548,0,3
2022-11-22T17:32:29Z,bf30faac602a3727b2bbf1cc0757464a09422f6f,548,22,548,0,114
2022-11-23T12:55:44Z,e6bfa37a1bf3bf55232be998f6435e1ee4bbf42f,548,22,548,0,3
2022-11-23T13:41:01Z,244bbf1747b116846a2c071da992d74e1fa02f1e,548,22,548,0,114
2022-11-23T17:27:26Z,6fbf53dc5ef3193aa626854d0928fb74bcc74dec,548,22,548,0,114
2022-11-24T13:38:14Z,63e3e316cd1bd5593fce3f96631dd6974623ef1d,548,22,548,0,114
2022-11-24T17:28:45Z,f0457136b4d48a3f6e6efe89c64cafb571dbaed7,548,22,548,0,114
2022-11-24T23:30:31Z,8fc16c39021b931eb0799e827b2c9c96cc5f805e,548,22,548,0,32
2022-11-25T13:35:21Z,d7ea7acbbfd748017e790f52b1a769a0e3de2b15,548,22,548,0,114
2022-11-25T16:42:16Z,19f60c6c13243c3bdfdce55e9d0c486462d10b58,548,22,548,0,32
2022-11-25T17:28:41Z,6cb1ae840dc9ddb93a9308b489937d34283f3f5f,548,22,548,0,114
2022-11-25T23:29:07Z,705827a80c52663ec49dc48ebf2886ffc327bb65,548,22,548,0,171
2022-11-26T07:25:53Z,d9d6badeb9f6083afd7496d6b2b95afc1e701f9a,548,22,548,0,91
2022-11-26T08:33:39Z,30be1b94222b4d9a4c5026cf7fc1edc8c9cb3537,548,22,548,0,23
2022-11-26T13:32:19Z,d45078b8a6036902dc2b39b2f10ff3269d3378b4,548,22,548,0,99
2022-11-26T14:27:06Z,e3132b3ea8a2ab2687190bf7d5ef9ce924ef14a1,548,22,548,0,15
2022-11-27T07:26:15Z,76a718c629bcab664e7f2ff528dd410c19074ad4,548,22,548,0,68
2022-11-27T08:33:20Z,f037eadf5f8fe78561c22d992324bf6175e3caa2,548,22,548,0,23
2022-11-27T13:32:24Z,673fb56468f3b09d2c188bec81c4e9d7cd1536a9,548,22,548,0,99
2022-11-27T14:27:09Z,e846d1756c4e7e9aeae7068e4ff404686de3db69,548,22,548,0,15
2022-11-27T19:23:29Z,d8a649e63d248b24c82ac33e647ba93f402384f5,548,22,548,0,23
2022-11-27T23:30:01Z,22f67ceed6a029c607fea96cc07d5d31eab6de1c,548,22,548,0,146
2022-11-28T09:29:37Z,5608b6c3ee3e910740a0d32e6c1328445481f1c9,548,22,548,0,3
2022-11-28T10:33:31Z,9905f27ea48421f1e1e94844b7a852c3f6bed9b2,548,22,548,0,4
2022-11-28T13:37:13Z,ae23810e3c12ffbe9bbe3b54c90d79b20cde2a71,548,22,548,0,114
2022-11-28T17:29:57Z,6b2c1ab3b14d021042517fd0378fbeb3e6fcb760,548,22,548,0,114
2022-11-28T23:30:11Z,e6e6f0c0241747b4895b2ac9b8f591ae2426803c,548,22,548,0,32
2022-11-29T04:36:27Z,0edb5de334d4c75121e7d762b6a1385399bc822a,548,22,548,0,2
2022-11-29T06:35:48Z,ca562819e6c70bd22ba355070d41ae722012d01b,548,22,548,0,0
2022-11-29T13:37:42Z,851b00be54576e4f5db63a4a05a21ded40d2083d,548,22,548,0,114
2022-11-29T15:31:32Z,de5744b5090c41521153d08130f494b26aef8817,547,22,547,0,0
2022-11-29T17:28:19Z,c50616efd5476a63103788a249f8e5456febd3f1,547,22,547,0,114
2022-11-30T13:40:04Z,3160a020e03104fadb027f244dfffcd3dc1b121c,547,22,547,0,114
2022-11-30T14:29:40Z,51a301d968c3aafb1c608b386e25bc3f862c4f9f,547,22,547,0,0
2022-11-30T17:30:03Z,ce155ea4ca7ca27306b41e4cb1572e9c0c682196,547,22,547,0,114
2022-11-30T23:30:00Z,ba0b3ca2020cdd432b2432f2fe8b5d4669f505a4,547,22,547,0,0
2022-12-01T09:29:46Z,7cd635669540a9bc3ffb9b55d1b96bf126d2fe2c,547,22,547,0,4
2022-12-01T13:43:23Z,a0b027d5267bf2b79705da037cc81e4e48481274,547,22,547,0,114
2022-12-01T17:29:31Z,b6674059b2e1c8bba454df0a8ad23ee5aee4560f,547,22,547,0,114
2022-12-01T23:29:20Z,f7a15830ff7a8da1c1da7844f2ef1ac832631f67,547,22,547,0,32
2022-12-02T13:32:15Z,32ab4f6077a67315f8c589d137f783c0bec72fdd,547,22,547,0,114
2022-12-02T15:27:56Z,a8e28018eeae0f9cdeafde49ba09eecacb331b6c,547,22,547,0,32
2022-12-02T17:26:33Z,0d72168e13e8f6e4a32700b914213bc583606f71,547,22,547,0,114
2022-12-02T23:27:58Z,707355cae190ad6de66c64e8dfff38cb61e70384,547,22,547,0,114
2022-12-03T07:24:26Z,a1914cbdd2ba50edfd4747a46daf6205565a28a1,547,22,547,0,53
2022-12-03T08:31:48Z,dafb5dbac24e15590f615af45db609729be96761,547,22,547,0,61
2022-12-03T17:26:19Z,10edd22277339220d6c35c2bdac6e0cc1bb28a0f,547,22,547,0,38
2022-12-03T18:31:03Z,dcf3f20f971bfb73dc05b73b099e7a528cf8ddd6,547,22,547,0,23
2022-12-03T19:22:58Z,caa4e02a3701b7044d47640a733cb8f11ffb5ab4,547,22,547,0,53
2022-12-04T07:24:45Z,6be32d34a91bb8af58678d7365b00ea65b502693,547,22,547,0,53
2022-12-04T08:31:55Z,4af1e185aa1c0d53f136d901f4186f3e7d146e85,547,22,547,0,61
2022-12-04T17:27:20Z,8648982d0d8e2745c03525a6d447f373597b0638,547,22,547,0,38
2022-12-04T18:31:09Z,2d9e8d3e7116080ee7cc5ec0d00260d49c11edb4,547,22,547,0,23
2022-12-04T19:22:58Z,290f1f84442f3d8273b21812d280d796938d6c73,547,22,547,0,53
2022-12-04T23:27:46Z,556b750dfa9cd5ae41d551cba84320cbf5e6a9cb,547,22,547,0,32
2022-12-05T07:26:06Z,296886be1064cd5bbaa42a5dde05a536a4d056b5,547,22,547,0,53
2022-12-05T08:33:57Z,5b750ad4a24a321e36b82daf283577b0466b53cf,547,22,547,0,61
2022-12-05T17:27:59Z,02280d8590c012028193b24958dab35676df8c4a,547,22,547,0,38
2022-12-05T18:32:57Z,ca44a15a14a02cb4d3339be6ec7bb7426b155779,547,22,547,0,23
2022-12-05T19:23:13Z,06fff947adf6df2a882a7c726d8e8abf71429cae,547,22,547,0,53
2022-12-05T20:28:51Z,259f14d9d755dcf5899fb603d1ef555b70d9b8b9,547,22,547,0,4
2022-12-05T23:28:15Z,6300c618bc27ed130c272e4097913fdbd8044865,547,22,547,0,1782
2022-12-06T03:29:42Z,8a7a244cbb540a6d1ce04b58651a0db10c6d0f31,547,22,547,0,4
2022-12-06T04:33:21Z,9e08fa90ed26d21bad25afe92e3c240d77dba312,547,22,547,0,2
2022-12-06T05:26:35Z,f7eb8b8bdd96f63a2155e35ef278747cfd33ae36,547,22,547,0,9
2022-12-06T06:33:29Z,0dcb0747fe1af063337acb78880e4aae56192217,547,22,547,0,20
2022-12-06T08:33:14Z,554473de49040d6ed14e19b07da1bab21dc949dc,547,22,547,0,61
2022-12-06T09:27:37Z,d18b6feef4bc16f64419e7d41b78e53f50efca62,547,22,547,0,1
2022-12-06T12:53:21Z,9a7e9216a96fcd7f99e466f63ad2a4536910f64a,547,22,547,0,0
2022-12-06T13:34:10Z,99ac19fec2c7b171f11a75b19cdd8ce795f7ca99,547,22,547,0,53
2022-12-06T17:28:01Z,5d0e7ed80bd6d562b1ad0e6648957d8e0bd80df4,547,22,547,0,53
2022-12-07T10:31:39Z,026b3076b7d71a08a4d02a4af288e1c09fff777b,548,22,548,0,3
2022-12-07T13:33:19Z,d50021f681d324f3eb8934fc64b1ee281cbcebce,548,22,548,0,53
2022-12-07T17:28:17Z,c481522a69583d528ec34d8d0ab4add364fb2ac1,548,22,548,0,53
2022-12-07T23:28:19Z,7a0b653dd6a7d096d6bde64c0596ec347f6c49fb,548,22,548,0,39
2022-12-08T13:32:54Z,572124e9cf28adc171a9c9198c4c009bf464ff2e,548,22,548,0,53
2022-12-08T17:28:10Z,60acc84b0ab3ddcea09e59537776ad5e4931e433,548,22,548,0,53
2022-12-08T20:28:19Z,ada26f01d8796002859bb4a7b1972114ff89a60d,548,22,548,0,0
2022-12-08T23:29:42Z,0bace07ffb9e4f0c651e19e5cbdb7c4f49cebc38,548,22,548,0,97
2022-12-09T10:31:35Z,ca5191b3f9621d04e74885fa3e0565bc58a2c895,548,22,548,0,0
2022-12-09T13:32:31Z,3b59ddf936203fe0c0a34b8aa1a8011c66ed445b,548,22,548,0,85
2022-12-09T17:28:06Z,07d8d50ed2bcab159354f1da2006da804c4bd297,548,22,548,0,53
2022-12-09T23:28:41Z,39ead98f46d943f4f36e6e9f1bff1121d7808f2d,548,22,548,0,62
2022-12-10T08:32:03Z,f2e5a12b3073bbc4cc09384506cc4b9ef6239465,548,22,548,0,114
2022-12-10T12:46:27Z,02aea35fef78de1757ce9e5c323b6340763f0684,548,22,548,0,114
2022-12-10T23:27:53Z,b4ec67cb817d68e2f3830353ec3993c19bef14dd,548,22,548,0,0
2022-12-11T08:32:04Z,d9d103bfc91a79edb32ce5c9c120a5147c10ff5a,548,22,548,0,38
2022-12-11T09:26:29Z,6e3379c66d2c77d1acabfba825eaaa0a9e4eb25d,548,22,548,0,53
2022-12-11T12:47:08Z,c56ae74eb02b1b099f834e2af15a71d07c7c950d,548,22,548,0,38
2022-12-11T13:30:34Z,31dcd22e8ecd07676d9bd49c5b5dcfebf25741b5,548,22,548,0,53
2022-12-11T14:26:45Z,c93d18fae055ad7325baef52a66d3fb9ebe78ef1,548,22,548,0,23
2022-12-11T18:31:38Z,c867e1a2ecb532184b22219057eb5710775dd001,548,22,548,0,23
2022-12-11T23:27:54Z,511ed3b707a4dbf532e4f0932bb53912eabbff58,548,22,548,0,85
2022-12-12T13:33:41Z,f97fc237051f8e4ad1b6ff1a42713feb00bf65a6,548,22,548,0,53
2022-12-12T17:28:16Z,efe8b1f8410318e11b9d52248d6b3d9186ebe0b4,548,22,548,0,53
2022-12-12T21:26:39Z,16bfa3a88966420b381a0a564094e03c2a12cd75,548,22,548,0,0
2022-12-12T23:29:25Z,f8687d238f02bd544ef9a86317a7365c6b4d8fad,548,22,548,0,92
2022-12-13T09:28:17Z,c9587d00870ac297f0308e8262ac1ee58ad888e9,548,22,548,0,3
2022-12-13T13:33:26Z,60e22f0ebfaef3818fe9597dce8b64bc42654ae4,548,22,548,0,99
2022-12-13T17:27:52Z,58af8ce68383cfb9348bf8f4ca6e791b583248d2,548,22,548,0,99
2022-12-13T23:28:52Z,1cedb75fe4f8d1f5e6c8518f2a4663fb038d4926,548,22,548,0,11
2022-12-14T13:33:01Z,f5de8d713b5a76cc2ed1f64789f71f0e4c0c0b61,548,22,548,0,99
2022-12-14T17:28:24Z,bfeb62a8ab0d57bee1b44d55b3cf062c4b8a74f3,548,22,548,0,99
2022-12-14T23:28:36Z,65800d1fe4422051094877bb19b4e4f423599267,548,22,548,0,8
2022-12-15T13:33:31Z,4cb37a7ddcd1b698114a9e284e4048b8410b331e,548,22,548,0,99
2022-12-15T15:29:57Z,3337e0a0e3dda421c826e8b151275537a9312139,548,22,548,0,52
2022-12-15T17:28:17Z,9e823123389d686c72f453771785e0b8b45ae8c3,548,22,548,0,99
2022-12-15T23:27:53Z,c4f9c37b1d630cf6325598894af21b0de4265469,548,22,548,0,42
2022-12-16T08:30:46Z,bf318bf70572e89b8eedb6d97aae5b92869ba0c5,548,22,548,0,0
2022-12-16T13:29:49Z,cbdcf4855c738bf09c59cb3d6926a773f74eba54,548,22,548,0,99
2022-12-16T17:25:40Z,97275d626ca7f27c09d5376faa727b13dab4b5e1,548,22,548,0,99
2022-12-16T23:26:42Z,d752bfa6832e2ed079868305abe2f11b48d6386b,548,22,548,0,99
2022-12-17T07:23:28Z,df8a566da3b8212a3be748e391a0e48a2fb9a3d3,548,22,548,0,114
2022-12-17T14:24:49Z,d3e5b9a8a37494580242d5c3709ff0908d74c03b,548,22,548,0,114
2022-12-17T23:25:45Z,cf3d253a658a9f08213143a91ad3b6f7da35898a,548,22,548,0,0
2022-12-18T07:23:16Z,577d56d42ff7112a3ee2c9984fa097f44f82f26a,548,22,548,0,91
2022-12-18T13:27:37Z,99a4c0de85f121ba99be7f0a9f0df3a05fcd5c57,548,22,548,0,24
2022-12-18T14:24:53Z,a61f35371250d6fbaee40fc276dcabf48c4523a5,548,22,548,0,91
2022-12-18T19:23:03Z,6e1c2deb4f7a0ab274c40d81827d622e08d442bd,548,22,548,0,23
2022-12-18T23:26:08Z,e576f41d4432fbbce9c654f6398373091e6b5368,548,22,548,0,131
2022-12-19T04:32:14Z,0b4e5fa7b9efe1e1864c8d17532e8813a4381912,548,22,548,0,0
2022-12-19T07:24:49Z,07b7aec8c4fd41088b9df6f878d5d3b95d980f15,548,22,548,0,0
2022-12-19T13:31:01Z,d8cf311d8d32819478e21b87d02d5e03420c694e,548,22,548,0,99
2022-12-19T17:26:41Z,f0dba3f620893d2babe9fe045d81bdcc4085ef2d,548,22,548,0,99
2022-12-19T21:24:55Z,94af9764d97a3868c8ea17bf8d684e3e40cd7feb,548,22,548,0,4
2022-12-19T23:27:15Z,58450df5888eae092c1e7714c6aab200764090fd,548,22,548,0,1788
2022-12-20T04:32:31Z,8ce820f6f6a0b79e39c6fe40b1babbeab5be20d4,548,22,548,0,6
2022-12-20T05:26:42Z,f849d59ca50bfdcd6fd5fda1065efaa1c372e595,548,22,548,0,8
2022-12-20T06:33:00Z,53cff97ce820cf509456ef35c84e9e254b0ffde8,548,22,548,0,13
2022-12-20T08:32:05Z,cfd4f3af07a7e1a84e20bd873a8ab4e4aa792193,548,22,548,0,6
2022-12-20T09:27:29Z,43771a20bacf42d6dd61b59e2c17bf6b577af6b2,548,22,548,0,1
2022-12-20T11:23:44Z,c2043ea2782b98c5e48952426074a4fe5b1465f2,548,22,548,0,1
2022-12-20T12:47:26Z,ca9d6a5885837143bdca0356aa411991b2847d36,548,22,548,0,1
2022-12-20T13:31:15Z,3b579d48e495c0879d008210a60a281e5d3c4052,548,22,548,0,113
2022-12-20T17:26:39Z,9e0519947bf1051aad6af626637ef5ff08fb7242,548,22,548,0,113
2022-12-20T20:27:52Z,b39c6f712b015d41f93543a399e863c483ad7474,548,22,548,0,0
2022-12-21T11:23:46Z,9777b202674fc0f5026d99ea304d5125827948cc,548,22,548,0,1
2022-12-21T12:47:37Z,421096ab49a5c64f1812de2fa6a2cc48e06853a8,548,22,548,0,1
2022-12-21T13:30:42Z,91a69eaa62af41260c0423041da0d16649284324,548,22,548,0,113
2022-12-21T16:39:12Z,c5b8fc63eed9a0f739027b846d1646db59324cab,548,22,548,0,1
2022-12-21T17:27:20Z,53d5bf19ec4147c5416a219fd79709fe91cbf4a1,548,22,548,0,113
2022-12-21T23:28:23Z,e28d5b38f027fe9d1b0b8f7b9dc1a0456146073e,548,22,548,0,12
2022-12-22T08:31:24Z,f7f7efcd4000d18728750f3ef5f6dc5a6a64c29e,548,22,548,0,1
2022-12-22T11:24:10Z,dd743e9aef7046febbc3143e278594b3026b840c,548,22,548,0,114
2022-12-22T17:27:18Z,eb1857cb782ecc9a1a2e05e184e1bb14031d5411,548,22,548,0,22
2022-12-22T23:28:30Z,dab40e2e0208f8cc4590d06fc7e9c8e3487eddba,548,22,548,0,54
2022-12-23T08:31:12Z,1c83893210356d1bbc0ece81bdf7c75714156525,548,22,548,0,32
2022-12-23T09:25:47Z,a9bbd970327ba30e96dbfc3827e49df2c2331740,548,22,548,0,16
2022-12-23T18:30:55Z,eca0d6502afadf03b29c0011244f2056de717ac8,548,22,548,0,0
2022-12-23T23:26:43Z,bcc110dbf470ebb02abdb01aa8a4efdb6c0f0cba,548,22,548,0,38
2022-12-24T07:23:37Z,89444ac26aaa26b33d704f3a8edcab31f0ae6729,548,22,548,0,16
2022-12-27T07:24:00Z,f796d9622ebcc91ea96fafd1e3820b77efde2df5,548,22,548,0,0
2022-12-27T23:27:39Z,4d306b3bf47259db2336b651438eaa5226a78100,548,22,548,0,0
2022-12-29T23:27:56Z,a2176b1c40612757277d96e6716e96b98612b744,548,22,548,0,122
2022-12-30T08:30:37Z,d63cc98e0f9cee3a5e9bc410e701bdfcbad83ea2,548,22,548,0,46
2022-12-30T23:26:02Z,47ff921b11c665bb36b291362d253920e9d504f1,548,22,548,0,114
2022-12-31T23:25:30Z,57c478c588711c048f9b8becf972239819838089,548,22,548,0,0
2023-01-01T23:26:14Z,ba5239a530eeadc4cf1c300aa826f10c74a46b78,548,22,548,0,32
2023-01-02T08:32:02Z,a871345f591d13088ec56dfa0e04af9912d816b1,548,22,548,0,0
2023-01-02T09:26:24Z,ace3e1dfbcbee9c1f27c24ad64096ef7c0a6f0bd,548,22,548,0,0
2023-01-02T23:26:23Z,993d72a02ce9ea41b93939ad9d637ca102ffeda2,548,22,548,0,0
2023-01-03T21:25:29Z,b3c0a44bea78f872e3fffaa0b4c8d295c1fb419e,548,22,548,0,4
2023-01-03T23:27:15Z,4df62eb36e82dd0ac7e2a401a0530852a41d9223,548,22,548,0,1764
2023-01-04T04:31:30Z,bea3d220b396676a25e079df64af0d2dcbe1c1be,548,22,548,0,6
2023-01-04T05:26:43Z,75881c2baede7b95e24fc14eb2c5514683a30802,548,22,548,0,5
2023-01-04T06:32:04Z,a1fc96e49de49d563ebb42df2597c7db2fac6b16,548,22,548,0,6
2023-01-04T07:24:29Z,88705000952106c8f91e7130b9c5b2576f754dff,548,22,548,0,13
2023-01-04T08:32:03Z,d2f562f4e1e8ac6cd6611ed78cac6475b72fbb30,548,22,548,0,5
2023-01-04T09:27:11Z,bd0c25c97c7dbfa54af6cfc0a7529f2dbb40f38a,548,22,548,0,16
2023-01-04T10:30:18Z,3d86e7f6d41c5ebf71724d8d359a33f39a5c25ca,548,22,548,0,2
2023-01-04T13:31:46Z,af5e50e6cfe0487ba48968d10de4d24a98463fc3,548,22,548,0,100
2023-01-04T17:29:56Z,9826fa58e706d3e19b86b013da307f8e5b7bba92,548,22,548,0,100
2023-01-04T23:27:26Z,39df270c944cc747d05e8011354051c6de6d803b,548,22,548,0,114
2023-01-05T11:24:24Z,a0328671510a5cbadb47b61270e3441135614613,548,22,548,0,2
2023-01-05T12:48:47Z,ab4006d51ada8a82613a057a3b09acffe6324480,548,22,548,0,0
2023-01-05T13:34:05Z,a5c7b9675791c4c0f26f04bffbbc535118200ef4,548,22,548,0,100
2023-01-05T17:26:09Z,bc708291aaa78b04f520ee878534e1f04b5f2a87,548,22,548,0,100
2023-01-05T23:28:44Z,8cca89eea8b92aa2abed118fcad5ee5ee786741d,548,22,548,0,78
2023-01-06T12:47:42Z,ad0ec23dece517b5cbaf0decfa31926acba9378a,548,22,548,0,0
2023-01-06T13:31:42Z,8c57b4099fe2e837eb5fa2539f6eba300b519a37,548,22,548,0,100
2023-01-06T16:39:02Z,ad48e6df314c0dd8652b13d39ce33e5d3ecf30d0,548,22,548,0,30
2023-01-06T17:27:52Z,7413867a186804d34329304386ecd01e3cd27cd5,548,22,548,0,100
2023-01-06T20:27:58Z,21e56c00d1cb5e7b46b9be7e252a8fb0b6899196,548,22,548,0,0
2023-01-06T23:25:44Z,6d1fe71f5e703840f019deb079cc77a3978b7346,548,22,548,0,151
2023-01-07T08:30:24Z,69e8965239e35a5de32b8c39cafa71bd64c53c32,548,22,548,0,100
2023-01-07T12:44:29Z,b78a219ab32fcf903361288ec61f1692a48882b1,548,22,548,0,100
2023-01-08T08:30:38Z,f624e9be7326a1f656c291f5736e0c9d4c5e2f83,548,22,548,0,100
2023-01-08T12:45:40Z,2acef3f5d831e7670ccf400c6427562637babb39,548,22,548,0,100
2023-01-08T23:26:37Z,f232a0caa44a4c46fa9ac78adccf09b9f85651d7,548,22,548,0,132
2023-01-09T06:32:53Z,ae2e2461fe8779326c9afa5d87ba00261862447e,548,22,548,0,6
2023-01-09T08:33:25Z,2c56a1c5f01679f3bd08b11ff28fea3761ef5560,548,22,548,0,3
2023-01-09T09:28:03Z,54f2610a2c3a559776c1df3f6c29d052e3f9bf3a,548,22,548,0,6
2023-01-09T13:33:08Z,fbdc24c220e2d94b106006fe580be7074615cd91,548,22,548,0,100
2023-01-09T14:32:22Z,b52bc9a3145ec63815bc91e6acfe5240e66a53ef,548,22,548,0,0
2023-01-09T17:30:27Z,11fd059a950b9a237882c849a866eb3b0b0c4775,548,22,548,0,100
2023-01-09T23:27:22Z,153d1e8cad5f5585754487f9fbe7912dc862d90e,548,22,548,0,97
2023-01-10T05:26:34Z,77d6c0aed5a2beb6afd2f01cb259bed1871f21f5,548,22,548,0,46
2023-01-10T08:32:49Z,ed4047cc76e9e890dfb0db4d5e306d6d3bcdd544,548,22,548,0,0
2023-01-10T12:49:43Z,9542b94e43af7bdf8c752b0340a3e3454b474d36,548,22,548,0,114
2023-01-10T18:32:52Z,979c03f3617ded347d7d9f66d692d84abfec55db,548,22,548,0,114
2023-01-10T23:27:30Z,5823d6f27d586a9059d0c8d7982747d55fff11d6,548,22,548,0,4
2023-01-11T10:34:51Z,3ba07b13d20e64c86f1c51409489c646411c4f39,548,22,548,0,0
2023-01-11T11:25:37Z,4e60132799e17a877227b0e248579ffb2bd4a0cf,548,22,548,0,0
2023-01-11T12:50:21Z,d8c08cdc15ebd44315bb179bff227ebb4fafb844,548,22,548,0,114
2023-01-11T15:46:45Z,2e88b0c44925c885dd8a9f91f546229a0f95ff33,548,22,548,0,0
2023-01-11T18:35:45Z,6213143906a1767c20433448105654bd843366d4,548,22,548,0,114
2023-01-11T23:27:37Z,f73f2238376f698303af35a2a1074fda434ef271,548,22,548,0,30
2023-01-12T10:34:02Z,a1b3c33005af56c7b41ea61ceeb9602815d94067,548,22,548,0,0
2023-01-12T12:51:41Z,79ccfbe868f4181257168045d2b4f1c31bde4714,548,22,548,0,114
2023-01-12T18:33:59Z,a3c5600154f21d19a9eaefcec98e84b043594e63,548,22,548,0,114
2023-01-12T23:28:28Z,7de6682a01ebc1930406dd421b1ff6cfdc752985,548,22,548,0,34
2023-01-13T12:48:15Z,a9ac71a0696b9528052196b6812d90ecda32f95b,548,22,548,0,114
2023-01-13T18:31:30Z,1230e074bcc48f778defd18dd32160f11b3c645d,548,22,548,0,114
2023-01-13T23:27:03Z,cc0fa65732493aa6b0bd2b792034f5dd0673e49c,548,22,548,0,114
2023-01-14T07:23:34Z,479ff3d11acc4f9fbaaa6890217018a0338ec4b7,548,22,548,0,114
2023-01-14T13:28:03Z,f8ea3240c12f5147d4c51f010b1179b0840cc143,548,22,548,0,114
2023-01-15T07:23:55Z,fd7aeaa1f1456b60a6e525cfc339a8d6687efb7e,548,22,548,0,114
2023-01-15T13:28:32Z,c8a73b40267bb5b2132ff5f8937c2382b1011ead,548,22,548,0,114
2023-01-15T23:27:11Z,6b8b6b1007e559df128bdbee4f8fd2fc4a3e0d9c,548,22,548,0,146
2023-01-16T08:33:16Z,cb350b98b624c56f3dd7c0be8044000a7103bc7b,548,22,548,0,0
2023-01-16T09:27:26Z,883bb55e46166fbb1df4a5d0e5af1625ec7eb9bf,548,22,548,0,0
2023-01-16T10:31:47Z,30c99b182cf65c688ca9ad64962aba6836ac2e07,548,22,548,0,0
2023-01-16T12:51:19Z,6d6e41db17c55832006bdddf512701199b81536a,548,22,548,0,114
2023-01-16T18:31:45Z,436526f810ac6ea9da30a88e72b843dc2c76788c,548,22,548,0,114
2023-01-16T23:26:43Z,34b3a72ad73f061396e0d6ab760a09758fb70a9d,548,22,548,0,891
2023-01-17T04:32:24Z,bcb6aa597a3f8831e31baa59fad1ee8f2bf746c8,548,22,548,0,2
2023-01-17T05:26:58Z,9c2f810609262a9bfbd7a7de3df93f8cddbb3297,548,22,548,0,13
2023-01-17T06:32:15Z,6cf3b75f0907898881f00373c3997f91564142da,548,22,548,0,1
2023-01-17T07:24:52Z,edd3224421b195445a0ea2534e86a1d0ef1efd39,548,22,548,0,4
2023-01-17T12:50:02Z,253e8e569ba8be89eef24d9804da9afd39d8ffff,548,22,548,0,76
2023-01-17T13:31:18Z,242b7afcc542713a413f19f832d632f536831068,548,22,548,0,38
2023-01-17T14:27:26Z,ebad4039b4804f315c767b056f68c6a48003e8d2,549,22,549,0,0
2023-01-17T17:27:18Z,a45bd61df9c1b6f3279074e2d4fb57d5c265f582,549,22,549,0,38
2023-01-17T18:31:45Z,f5f5a77907885e5c7c04b3f1ca9cde1a0dc4b190,549,22,549,0,76
2023-01-17T23:27:54Z,9feb24e8b9732c38ff40428f59ef50e9daa4d306,549,22,549,0,5
2023-01-18T12:48:06Z,4045355fae8c16b5d15e1e6bdd9a59fd817342b8,549,22,549,0,76
2023-01-18T13:32:00Z,b9b329e8059a86be5048e0b4a1ee6fb900030276,549,22,549,0,38
2023-01-18T17:27:18Z,77f0ced2535d1c8e4bc6c7c0a3f3c5309f68d26a,549,22,549,0,38
2023-01-18T18:31:34Z,2abde81576a56dfb20a493a269a2e9e269f9ef70,549,22,549,0,76
2023-01-19T08:33:00Z,02edef5fe93ed90ce4d05777811b76546644dc64,549,22,549,0,0
2023-01-19T12:50:11Z,f7b537923b7fb2e777c3cce6322ab7160a60a751,549,22,549,0,76
2023-01-19T13:33:13Z,12bcaf7ebcee7f5b6be7147a274c3baa535124bb,549,22,549,0,38
2023-01-19T14:29:41Z,12bf7a55889aec1030cabee388c07f54314a2dc9,549,22,549,0,2
2023-01-19T17:29:00Z,929602adc687b32b7946682ec198b78bb9cd011a,549,22,549,0,38
2023-01-19T18:32:57Z,e9488e5a8f05fe0024d9a8c83f4d84e997a1c3f9,549,22,549,0,76
2023-01-19T23:28:15Z,7f8196f1be515d1a30e1d0319299e3235de06f6a,549,22,549,0,32
2023-01-20T12:49:18Z,07d4ab614ed4347f788ddc135adec4f13abe290f,549,22,549,0,76
2023-01-20T13:32:11Z,054a81b39ab01dec304e14c337e7089ff52fa401,549,22,549,0,38
2023-01-20T17:28:11Z,14d0a23cfae74d332288b8082e291f419ab7f295,549,22,549,0,38
2023-01-20T18:32:20Z,3db8f10625625b91d859948656ac25a036e6f91a,549,22,549,0,76
2023-01-20T23:27:12Z,9adcc707e169aea3acecb5766a2f532b585d5d00,549,22,549,0,169
2023-01-21T07:23:45Z,e7133ae054890ac7db46ed744b044644bf2fafb5,549,22,549,0,114
2023-01-21T13:28:25Z,fe120ddd502115ddda38664c743865c0127635fd,549,22,549,0,99
2023-01-21T14:25:36Z,0371ff741aeea1bc1e2e254591dd7bd4a5c3f425,549,22,549,0,15
2023-01-22T07:23:46Z,9f3def6087145aa87745a38ae9965ac95974c76f,549,22,549,0,76
2023-01-22T08:31:21Z,f4e9ff62f38c99d61c99d454ce85544dd9d28029,549,22,549,0,15
2023-01-22T13:28:38Z,7140505c9d63018902ef413ca371d0f5123ee3b7,549,22,549,0,99
2023-01-22T15:26:44Z,6e734efd4f5217870aff6510721424ba387c59d2,549,22,549,0,15
2023-01-22T19:22:59Z,7e51984d0527bc740450c91cd7a35c1a39fe8c26,549,22,549,0,23
2023-01-22T23:26:53Z,5fe4e75ef439398b6fe88b51be7c990962fc155d,549,22,549,0,146
2023-01-23T11:24:20Z,2eeebe56d6f01ed8a28f9996212eca56c04e19a6,549,22,549,0,15
2023-01-23T12:49:35Z,15ee3ec83074b86cc4fbea90525936cb2134dbfc,549,22,549,0,76
2023-01-23T13:32:22Z,0f62b5a6972b39668fa181bc60cbb14131d062ce,549,22,549,0,38
2023-01-23T17:28:19Z,8b16d45d8402085bc4ba5d3046ca07e164e3224e,549,22,549,0,38
2023-01-23T18:30:50Z,4ea02ea2f11f66f29756b15f4da52b1e368b7497,549,22,549,0,76
2023-01-23T23:27:00Z,729526d1c68490f39fdf68e724e547ce693d8315,549,22,549,0,38
2023-01-24T10:30:01Z,b3669a9c4fb1fd2eb8694fafa3eef191cd3d5633,549,22,549,0,1
2023-01-24T13:30:44Z,6f56ebe202a1072a496b8e9fa56498526a4fd57d,549,22,549,0,76
2023-01-24T15:28:31Z,862daadddc596e5140705a5a9793d3f3d93046a5,549,22,549,0,3
2023-01-24T17:27:12Z,e39e211c6d818dc877896fa2a083d4f89a8f213f,549,22,549,0,76
2023-01-24T23:26:36Z,9f1267f41912950331bc82ae915c65f53eb1c318,549,22,549,0,6
2023-01-25T07:26:22Z,ab871295783ecf1a7804ec263a3a505a0f5844ca,549,22,549,0,0
2023-01-25T13:30:35Z,094d1ac335efcf04258fae318e111aea6f2095b0,549,22,549,0,76
2023-01-25T17:27:08Z,df9b0844f136c0e214a8159449b0edd8fa6583a5,549,22,549,0,76
2023-01-25T23:27:37Z,a35eb32bd258824ffc68b5fbb45a42fa256cf03c,549,22,549,0,0
2023-01-26T04:32:33Z,068d054a88729de8901a352b4545a8ce33c6dfce,549,22,549,0,2
2023-01-26T13:35:32Z,d78231569d42968c97a4aaeecd73c986b6dc3c6e,549,22,549,0,76
2023-01-26T17:27:29Z,d52b8146d61530616669b4588c619d375415c7b5,549,22,549,0,76
2023-01-26T23:27:57Z,68aee9250e862ba233267b0f9021acc42e16ccae,549,22,549,0,70
2023-01-27T13:31:18Z,f234f84497d3610ca63d13cd610ea9a3342d7e59,549,22,549,0,116
2023-01-29T23:27:02Z,e281041013fa417707f30965e6d19100b60f737e,549,22,549,0,32
2023-01-30T11:24:00Z,e8597d53ad58f90d562c9f0ee0346c7d8ac249c4,549,22,549,0,0
2023-01-30T17:28:29Z,120df4fddbdd68d471c646c3ba7b59e6fbc9f857,549,22,549,0,0
2023-01-30T20:28:00Z,372ad5a4c8a5b8692d5de1da2d15c562591b9b9d,549,22,549,0,4
2023-01-30T23:27:58Z,f565c66d6196e221e9d033f4429cc668e2efa3d6,549,22,549,0,1776
2023-01-31T04:32:00Z,6648f33f348dd73321ad93b0ee0f72b863391d69,549,22,549,0,6
2023-01-31T05:26:30Z,f507232f378a484735201959b940ecb97268a8a4,549,22,549,0,2
2023-01-31T06:33:01Z,a6751829b3610182455e8cde4cbba281807ace60,549,22,549,0,16
2023-01-31T08:32:16Z,4b7373fdb9767482a5954e8876a5b9bb23257e56,549,22,549,0,11
2023-01-31T09:26:46Z,4baf018410c2461b7ff101ed3bb205072c0c0bec,549,22,549,0,5
2023-01-31T10:30:37Z,a6eb135587772e01aae433a41378fcf0e4d56982,549,22,549,0,1
2023-01-31T11:24:00Z,b6f6e254346b4f4ca527250115a80c989dc0278e,549,22,549,0,76
2023-01-31T12:50:07Z,cd8d835c1bddb835680775f948eb4ec60e9f9c39,549,22,549,0,38
2023-01-31T16:38:40Z,19551d25d77f79219bb36e09ac5c33695ea44569,549,22,549,0,38
2023-01-31T17:28:07Z,1898292b10494252da052cb86e86813c7ff8ae85,549,22,549,0,38
2023-01-31T18:32:08Z,0faecd9e7e803d1778fac4315dfe53a5a00f5fd5,549,22,549,0,38
2023-01-31T23:27:25Z,84a5ba663cc791cf12bd8bbc5d6b8071b260f00c,549,22,549,0,0
2023-02-01T06:33:11Z,11a54d86483b0f93ea6a5d774710b0b73458e683,549,22,549,0,6
2023-02-01T11:24:26Z,78e4dd132511c383b7a3f89e7a22d21e734c4769,549,22,549,0,76
2023-02-01T12:50:22Z,9296339d1cb8e12f0689724f982ec265e2da10c9,549,22,549,0,37
2023-02-01T16:38:13Z,ea554d5a45a53126d233a7dda8548b316cd59919,549,22,549,0,37
2023-02-01T17:26:04Z,adb0536bcc3cbc11ab9ddcfeb119093b52b84ddf,549,22,549,0,37
2023-02-01T18:32:07Z,ec3f934cca5c5a10f9813b16dc52f522052af822,549,22,549,0,37
2023-02-02T09:27:17Z,ba5abd1b7349ad5bf37697f3815c75e0fd0a394c,549,22,549,0,20
2023-02-02T10:31:06Z,975b3c77ddd6466946abf22fb58754109914f083,549,22,549,0,3
2023-02-02T11:23:54Z,f8552c9ff98a7730a3a5d46843ffc042ef2d58ec,549,22,549,0,74
2023-02-02T12:51:04Z,b68619d2748d5527f0274349f8d1b8152f18fbf2,549,22,549,0,37
2023-02-02T16:39:09Z,67294a7cd6a1a741381249ead0c14f16840bcbf3,549,22,549,0,37
2023-02-02T17:27:53Z,c51a14932b78c183f6cb278f698920e046da0bac,549,22,549,0,37
2023-02-02T18:32:11Z,aa0a90ccf2503253d69809b7a82d9a16b709ced4,549,22,549,0,37
2023-02-02T23:27:49Z,c72fd47cb2bd338ab47232fa340440bb5b7e412f,549,22,549,0,32
2023-02-03T07:25:17Z,29a9e1571ce085436846ba8e74f94a7a19ab99ce,549,22,549,0,0
2023-02-03T11:24:47Z,4782aa0da4673521b059a92a78077f65797e96d0,549,22,549,0,74
2023-02-03T12:48:15Z,58028e85de14d3927e2d7b10105143be82b158d2,549,22,549,0,37
2023-02-03T13:31:42Z,42a661cce83a0c606a9fdf9f9d22692474736b20,549,22,549,0,1
2023-02-03T16:38:09Z,665a625ea902bd02f57d7d1a9f340d255176adae,549,22,549,0,37
2023-02-03T17:27:59Z,8e20c0ad0b79c87718f2e1e7357d7d6655362768,549,22,549,0,37
2023-02-03T18:31:54Z,e9d483b12c84f0ddb6e336b945e951579d59c400,549,22,549,0,37
2023-02-03T23:26:35Z,ae3fd888b39c6ae41247da2b5f583eb4298678f9,549,22,549,0,111
2023-02-04T07:23:35Z,eff75ff92c05046dc927a167deac631957788848,549,22,549,0,37
2023-02-04T08:30:49Z,49cd862342d931e90d24effa87c37bd7565b32ed,549,22,549,0,74
2023-02-04T14:25:46Z,c18f13db35709663ab2403c4484debb38dca4e8a,549,22,549,0,74
2023-02-04T15:26:31Z,639e905752ae8baf841d39675fdd25804395eb3c,549,22,549,0,15
2023-02-04T16:35:35Z,0220a6656293b5bd4a12c1de8f8bc3eaadbadd21,549,22,549,0,22
2023-02-05T07:23:51Z,9c4c341364f968a71664a3cc083832a630bcc0d8,549,22,549,0,37
2023-02-05T08:30:45Z,252835a7451a6255fb6c95dd193087030e06b629,549,22,549,0,74
2023-02-05T14:25:38Z,7ba71442fca1f6c955674d74ee17172ce863df6c,549,22,549,0,74
2023-02-05T15:26:26Z,d7bfcef990e5db7046302775e4ebfbae627aefc5,549,22,549,0,15
2023-02-05T16:35:03Z,63821622d1364ea7d9ff0b9764c7460a7afcdc4f,549,22,549,0,22
2023-02-05T23:26:52Z,16415c947330aa1758f3342598e4485a6224f048,549,22,549,0,143
2023-02-06T10:31:48Z,388e2d21dd79dff25834227abf3111e468ccfc2f,549,22,549,0,2
2023-02-06T11:24:02Z,92cbc37cb84dcd4a0332915be2c00d9f138f684f,549,22,549,0,74
2023-02-06T12:53:47Z,c2f540294e9bbf7c4e4e6e73e9624a81c1a1285d,549,22,549,0,37
2023-02-06T13:37:55Z,c3049a8c40bbcf65cef30384547cd70f53bcb3e1,549,22,549,0,0
2023-02-06T16:38:01Z,28da5d2789cb2ed607ad35d4b86871b553e2b774,549,22,549,0,37
2023-02-06T17:28:14Z,4d399709a82a25639899b0b7c0ad68cd560c921f,549,22,549,0,37
2023-02-06T18:31:49Z,29a8d9fec46b82ac3f618034e5604cf82fbd1974,549,22,549,0,37
2023-02-06T23:26:43Z,2937c29886eb35af4b8ef52ee4ac97f98f51a3de,549,22,549,0,94
2023-02-07T08:32:41Z,d0306276ebc16afc9d40b3d89c3c3a48c828b0b9,549,22,549,0,5
2023-02-07T12:49:14Z,6dcde7650f17b3df44021d1b2ef977c70d674161,549,22,549,0,37
2023-02-07T13:31:44Z,5ebe13fa64acc0a0ffa75cd37c8aef97fde37faa,549,22,549,0,74
2023-02-09T07:25:35Z,2b393ec9cfe202896509e13de35f97368c4386e4,549,22,549,0,0
2023-02-09T10:31:19Z,ad8966b7885feb4f3c1341b71d5b37fbe49e108d,549,22,549,0,5
2023-02-09T23:29:36Z,80b007133129bc4c6ff12ce8ec107253682c333d,549,22,549,0,32
2023-02-10T17:28:58Z,4613e6393d2bd7254004f4bd31ca2151de06858e,549,22,549,0,0
2023-02-11T07:24:10Z,db54ad8d433efcb00f0ad9c0c37519f42b79f145,549,22,549,0,37
2023-02-11T08:31:38Z,c513f1e230ad5111636feb2653b7a89ba15100c1,549,22,549,0,74
2023-02-11T10:29:35Z,5baedbcdfaf1f2c64e46cee81b7cb35364d978c2,549,22,549,0,0
2023-02-11T15:27:16Z,8ffcf4d79020dc15d52bb97137541e36d2f60041,549,22,549,0,37
2023-02-11T16:36:16Z,249613fec3b0cc834d5d83956c06e203303596fe,549,22,549,0,74
2023-02-12T07:24:16Z,4843138fc06b969adffff6abd1959db6575ae638,549,22,549,0,37
2023-02-12T08:31:34Z,93190e5a9beb444e099b6ea4054f6a31dd153734,549,22,549,0,74
2023-02-12T15:27:23Z,1fc7a042d1d8e1c99d285758ecd6dd024c656552,549,22,549,0,37
2023-02-12T16:36:09Z,447fdb62b49f7991a7e79a586a4f25c207d404b3,549,22,549,0,74
2023-02-12T23:26:44Z,2f8693cbebf9e000e45d56b1a94d91b4f1392049,549,22,549,0,32
2023-02-13T07:25:59Z,51a96fe9b169f4999f8cafbb8158adc6cf122b69,549,22,549,0,37
2023-02-13T08:34:17Z,7eeb55397927c9b408e02cacb313f17d4aa1d891,549,22,549,0,74
2023-02-13T15:30:22Z,a9ccc0b212839a88891e4af8d2cb4cf0965e361c,549,22,549,0,37
2023-02-13T16:40:17Z,a3b73856b29d71f8259e4098f80cc7c9bd1030da,549,22,549,0,74
2023-02-13T21:26:10Z,63c9b77ba42a6e0447ab34d9998b6d579ff1474d,549,22,549,0,4
2023-02-13T23:28:19Z,e258e80e664a5756682306647ca286c4abdaf73b,549,22,549,0,1252
2023-02-14T01:59:59Z,c830c1aad0a97b911d2d389fcc500e0e6dad9c5b,549,22,549,0,2
2023-02-14T04:34:05Z,0a7cf3f31a401a935d6d2816a5d946914f012e3f,549,22,549,0,6
2023-02-14T05:28:27Z,adc076ee3d8f1e9a9979f55beba2b68a89a56572,549,22,549,0,4
2023-02-14T06:34:05Z,e38f2a933c6731d65821c228dcb690b433929dd0,549,22,549,0,10
2023-02-14T07:26:12Z,3225e88f6bc46e41a0bd235dce7d9705fcf6b510,549,22,549,0,1
2023-02-14T08:34:24Z,222f862ab4f4517d7dec4650d139933d1335e4c6,549,22,549,0,2
2023-02-14T09:28:46Z,982268f21ad3fe5d152c356873585c4d901ba1ab,549,22,549,0,8
2023-02-14T10:32:38Z,f2bcad403dc134f02971aefc109e34fff35ce6ea,549,22,549,0,3
2023-02-14T12:53:27Z,883950ea61ccd6a88e7e08151428aa767396ad37,549,22,549,0,18
2023-02-14T13:34:53Z,cad796049d7a2799e4711a868a74fac2e82c7f84,549,22,549,0,93
2023-02-14T16:40:58Z,14e108e2e8ce7ce400c4a845acc85d4cd92ba56d,549,22,549,0,18
2023-02-14T17:29:05Z,f92d3f3f8ae564ce34bf60b231c56f5389a21704,549,22,549,0,93
2023-02-15T12:51:48Z,2928e4eb5113f1a4549bbbdd7469786f040185d9,549,22,549,0,18
2023-02-15T13:34:14Z,5eaade12e19337c5b25c77abbb73a859f243443b,549,22,549,0,93
2023-02-15T16:41:11Z,e4987065b3e06197a9ff8e52fd86e0131053d579,549,22,549,0,18
2023-02-15T17:29:00Z,0ba7ee1dcef617cacbad9991f11fde6c130a7172,549,22,549,0,93
2023-02-15T23:28:13Z,89cdf6481fe328eb48e419abeb6278878fd935ca,549,22,549,0,0
2023-02-16T09:28:26Z,86a3521074296f30a8378eac2fbcf0f393ae04cb,549,22,549,0,0
2023-02-16T12:50:19Z,cd71c8b29dc5dff4a21c6b1f603a8b374f03d9ef,549,22,549,0,18
2023-02-16T13:39:20Z,7c7b9f0a4c5af2fbc258b47146ed39325d6bc44a,549,22,549,0,93
2023-02-16T16:40:12Z,df64a6eeab967b797c9e07542be7c699711169f2,549,22,549,0,18
2023-02-16T17:27:12Z,070b84a0355976789751d69e906fd325f5cb6c86,549,22,549,0,93
2023-02-16T23:28:26Z,25dac99268ec915f18e97e68e6b5d30fab43ea91,549,22,549,0,32
2023-02-17T12:48:57Z,b6133d9f5b9d30075804ed228a8165a132a77dbb,549,22,549,0,18
2023-02-17T13:32:37Z,c03d4121098649035a1538295a032d8f41eaf9dc,549,22,549,0,93
2023-02-17T16:38:41Z,05adbb30b0b0f41a2f8ac464942c45424e4f319e,549,22,549,0,18
2023-02-17T17:28:05Z,78d9793552b39038fdf5419d8ce9fa45ef96d1b8,549,22,549,0,93
2023-02-17T23:27:49Z,0d99a8b19fc44a5c8181214e73ebf1c001cc9f0f,549,22,549,0,128
2023-02-18T08:31:48Z,e53daed33a5e8a24dc709627dc46f8dad88d9199,549,22,549,0,81
2023-02-18T12:46:27Z,d7e5f879d83b97ee4148692a3e179a737fbb2068,549,22,549,0,99
2023-02-18T13:29:51Z,b337cc71715992ddf4d73f84691e0f2715b84973,549,22,549,0,12
2023-02-18T16:36:56Z,89e09222b9ea46df764178ad089ebc6b792f2a4b,549,22,549,0,18
2023-02-18T17:27:08Z,c85d1e9099bdd570fb44c08e1e01db80141638ce,549,22,549,0,12
2023-02-19T08:31:57Z,9eef3d763862a3f6ec5b6a28269be07473a88cb8,549,22,549,0,81
2023-02-19T12:47:07Z,46a8fd6beb2c48f175778c9702d7684be6250670,549,22,549,0,99
2023-02-19T13:30:08Z,364bc724b343d0c06d81ba3930eab2e47da5f291,549,22,549,0,12
2023-02-19T16:36:28Z,4e59b9979337149db855e02e25ebcd9ae775d8cd,549,22,549,0,18
2023-02-19T17:26:53Z,e96dcd2190b0886fb57a39409dc2fec0151bac41,549,22,549,0,12
2023-02-19T23:27:08Z,99f30e0c2a27b881909f036caa5994ebd659d1b3,549,22,549,0,113
2023-02-20T12:50:23Z,f169412c87fec3de2e33904901a483d1741f9db0,549,22,549,0,18
2023-02-20T13:33:01Z,6ccfe8114178cf09e22ea85e59edd4af164fb66d,549,22,549,0,93
2023-02-20T16:38:59Z,b8aab4f51d8c4b6f890977c9a15708e9cefcd631,549,22,549,0,18
2023-02-20T17:27:52Z,43d5fbe2004769c68afb95827e160120f5c91a72,549,22,549,0,93
2023-02-20T23:27:33Z,da65cb72c3c7eb35c83491bf88cbde5a2025f833,549,22,549,0,9
2023-02-21T08:33:39Z,d279a8e2f90d7dd892d340aab3c9b4b2618795dc,549,22,549,0,1
2023-02-21T12:50:06Z,cb51ce7c6c484e104a822e42ff7fa758572a22d7,549,22,549,0,33
2023-02-21T13:33:10Z,eb54ef81159feeb8e87dfc61b64817d10a7595b1,549,22,549,0,48
2023-02-21T17:28:35Z,8267a17f00478952fff42b7dd5f506768e915bc0,549,22,549,0,81
2023-02-22T12:51:03Z,a9d878dff237e13403846aaeaba92e77b5bca80e,549,22,549,0,33
2023-02-22T13:33:50Z,7229d098c938ae86217a16deb11d2d50b50c4e64,549,22,549,0,52
2023-02-22T17:29:00Z,9da00d56612c89316ef9dbf293a0b65f64b57681,549,22,549,0,81
2023-02-22T23:27:03Z,035c9da9eae235961693f4d57b2287631f9b3a0e,549,22,549,0,0
2023-02-23T12:52:24Z,5836f94bf03d4c5ab031b818c75fe5acc9786f82,549,22,549,0,33
2023-02-23T13:39:46Z,240437e577bbd7e9789e3eb820209a4bb8dc1059,549,22,549,0,48
2023-02-23T17:29:41Z,e0ae59880247ded329e1ac205cc27d368e84ffc2,549,22,549,0,81
2023-02-23T23:28:53Z,deaac0c36c9dba5deb1ae3e200196bdb8a7a45df,549,22,549,0,32
2023-02-24T12:50:09Z,fd4f6652cce4ade104ba839b1cd5c0749e4d2a57,549,22,549,0,33
2023-02-24T13:33:19Z,6cb9d4b423cfd2fca11cd54880bd72f44ac57515,549,22,549,0,48
2023-02-24T17:29:30Z,abe5c1721ad2e592b757324d29faebd30a89dd48,549,22,549,0,81
2023-02-24T23:28:05Z,3eadf4e2a1f586bc6d59a669ee7039fa90698412,549,22,549,0,81
2023-02-25T08:32:04Z,8c608e03594dbf6685c2ebc8be0fd912828269f1,549,22,549,0,78
2023-02-25T09:26:24Z,4c232023a371793ea71d60aedc2eaac4abbd8537,549,22,549,0,36
2023-02-25T13:29:50Z,34c366e74dffeb833112e2129cc696a20c364399,549,22,549,0,9
2023-02-25T14:26:55Z,88ee3d1c9843e2df690737d2a9974744c9161b1d,549,22,549,0,33
2023-02-25T15:27:11Z,68ccf6e48b64c72806686a69d32be0d86a0ee551,549,22,549,0,69
2023-02-25T16:36:26Z,b0ead4e4e1dcc78f57972937c1ba277a8c6cddd2,549,22,549,0,3
2023-02-26T08:32:18Z,840794ee2163769805b760926a77939952b142d5,549,22,549,0,78
2023-02-26T09:26:37Z,212f3aa3a4db88013c51d13dd97c45be95ac1de1,549,22,549,0,36
2023-02-26T13:30:57Z,ae3e73569b1d5b404f375484cf5b509d4154b536,549,22,549,0,9
2023-02-26T14:27:05Z,88a18d30c74ef90a144d99d5ce67a04abfc6977c,549,22,549,0,33
2023-02-26T15:27:49Z,0f599eec154bddbe2cb679a8bb65c95a9abb135e,549,22,549,0,69
2023-02-26T16:36:47Z,7d0e261e8158a1d6a4864d14f2326f8fca167be0,549,22,549,0,3
2023-02-26T23:27:11Z,b2ba0977dba5e7590cb30a0f75542c1403e862b5,549,22,549,0,113
2023-02-27T05:27:34Z,7e4dac589e8f2f50c3c38b0e07fd48e1517922f3,549,22,549,0,2
2023-02-27T12:52:24Z,067a668a3ef748dc50e8a4b82b504664d7076321,549,22,549,0,33
2023-02-27T13:34:56Z,7fb61f5e548c4003fa505a34f729b4f563981dc3,549,22,549,0,48
2023-02-27T17:29:29Z,6437eb41004bda571d73188acf670bb93b22322b,549,22,549,0,81
2023-02-27T23:28:37Z,d6526663ccf86f43ac6007a67f2743325d1c15ca,549,22,549,0,1174
2023-02-28T04:33:45Z,bd4ba29fa4de727e57e14c4e01b3004c855ead4a,549,22,549,0,3
2023-02-28T05:28:55Z,ba543c3c0c1a77acc1ce1a379cbbfbb46b0d2a15,549,22,549,0,6
2023-02-28T06:34:25Z,a9725c19919c0612abeb26d081af802cffac6c6f,549,22,549,0,10
2023-02-28T09:29:40Z,c25cdc5d03798698a307022fe764de019675bdeb,549,22,549,0,1
2023-02-28T11:25:18Z,41b519815e2f7f214b0f41236cef39e5a239ff9c,549,22,549,0,58
2023-02-28T12:51:27Z,6202aac9ac343b3a6d2071fefd7d3d118f9d3e2b,549,22,549,0,69
2023-02-28T13:34:29Z,7348818af2bf5c7aa0ca7f52ddc3b4c3e61cbc94,549,22,549,0,33
2023-02-28T14:29:47Z,c8c9d1519beacc23bb8eab3ced3391385e6baabd,549,22,549,0,3
2023-02-28T16:41:12Z,b2850d37aab2cc97e7b50eaf9febcdb9d9ceb031,549,22,549,0,12
2023-02-28T17:29:26Z,1689bde6417863d46efdd7d78124680aca053f78,549,22,549,0,48
2023-02-28T18:33:52Z,67619c078516f0e131058c07f8fb6daa86f13f9d,549,22,549,0,54
2023-02-28T23:28:31Z,ca122f11c05e780eb1ef2a1952be6290679d0f3a,549,22,549,0,9
2023-03-01T07:26:03Z,ca7ba64ce361b304f7f97d30e6bb6377aac240eb,549,22,549,0,0
2023-03-01T10:33:19Z,918444b9fc5c687ca4101b63507da16d1f8dc5d7,549,22,549,0,0
2023-03-01T11:25:50Z,2f6501e961fbd5d6ff44b15c4627fd7afb3dc695,549,22,549,0,12
2023-03-01T12:52:01Z,27cc61d2fd8d072f42b1781b35c187f7eb3a0cd9,549,22,549,0,72
2023-03-01T13:34:38Z,c8fc74e7f52e0313dab5e1401db8f63ab12053ce,549,22,549,0,30
2023-03-01T16:41:54Z,313a90783adf6655e2226393ba93b43300f3f14a,549,22,549,0,18
2023-03-01T17:30:06Z,01f356d687cd7ae9805c0f96f03e5ac2833d52d9,549,22,549,0,45
2023-03-01T18:33:57Z,70553e595638223c12dcf397ff3ef125469e6168,549,22,549,0,51
2023-03-02T10:32:38Z,0a2b654800d45169e7279568970adf78b0a7efbf,549,22,549,0,0
2023-03-02T11:25:40Z,593658db19795d30f67e0d4fd58c3922400fb6e5,549,22,549,0,12
2023-03-02T12:50:32Z,dc841b2e63311322a3c37e01828ca11f8c92370f,549,22,549,0,72
2023-03-02T13:40:14Z,2d2f1fc2a449249219fc07ede3261fc9ac4a96ab,549,22,549,0,30
2023-03-02T16:41:14Z,c9a2408a99b300cf4d9f483896ec638d3dd37cc6,549,22,549,0,18
2023-03-02T17:29:51Z,7ba526a7feb2165593bb4154d554a490ceddce4f,549,22,549,0,45
2023-03-02T18:37:43Z,c1c341f2bd87123708342de6dc27e1514c217b34,549,22,549,0,51
2023-03-03T03:42:41Z,ddece28443e7299c60f646e8fa86925f5b09492e,549,22,549,0,46
2023-03-03T11:24:39Z,53e94016812ded33d7d52adf5c4c66b6c2a63361,549,22,549,0,33
2023-03-03T12:48:45Z,8037358e22f5e361c1613890ad7a4a1b88d5ecf8,549,22,549,0,51
2023-03-03T13:32:32Z,13c9244699b400b69fe2816f10c81615f2188e6b,549,22,549,0,30
2023-03-03T14:29:01Z,b467fbb3dfa6526b440f03642671e69aa07c1566,549,22,549,0,0
2023-03-03T16:38:49Z,c7dc6842c32e3c21a99c3ea6bd6acc8cfa0fd062,549,22,549,0,18
2023-03-03T17:28:00Z,c36a4dc2db9f001600ec5a056a51d5636e46f59f,549,22,549,0,66
2023-03-03T18:32:55Z,41eb7b3e6169e6bd5b3fb3db4e85b764dbef83a7,549,22,549,0,30
2023-03-03T23:28:20Z,96e1954fe74599c2eaff7760eec88419ee08819d,549,22,549,0,108
2023-03-04T06:32:32Z,def691cad0dee15e7f884f14cbd3f0d680c05f99,549,22,549,0,12
2023-03-04T07:24:44Z,b22b346f106f066aad9a0a076ff76dc9801cdf69,549,22,549,0,51
2023-03-04T08:32:01Z,1dd854adb8f1717016309ee713e5db048bb90790,549,22,549,0,45
2023-03-04T11:23:21Z,edf855db87d5642910009a686e29ca48272a225e,549,22,549,0,2
2023-03-04T12:46:39Z,c8ac37a7c5809fd422426f14735a21cf613802dd,549,22,549,0,27
2023-03-04T14:26:57Z,78ce026870a0fa267d5a863a7f65d21027dbd85a,549,22,549,0,12
2023-03-04T16:36:19Z,639e8bdc77afa4df3fb3768b5a7de5746ac4502c,549,22,549,0,81
2023-03-05T06:32:10Z,fc78ba13ceb4d57e2d1fb94b89ad9d69fb7de8a0,549,22,549,0,12
2023-03-05T07:24:58Z,13a216f2ae6d57fef3ceb96c00d2316c04010f44,549,22,549,0,51
2023-03-05T08:31:41Z,dfd6451003a0dba08a6d7066f0b621718849adba,549,22,549,0,45
2023-03-05T12:46:48Z,132f2fe29827d786b4a24ca8f1af2aed0b554835,549,22,549,0,27
2023-03-05T14:26:59Z,087c0ce1a18319e31e6df05979fbd730327cd302,549,22,549,0,12
2023-03-05T16:36:21Z,6785e225fcf9c6f96360ee508a47f21fc2338666,549,22,549,0,81
2023-03-05T23:27:01Z,1ce49de1030df8f8d8bad82f633ed3406e272b68,549,22,549,0,140
2023-03-06T09:28:57Z,ae8934ecbded39d97d51d5ffd818db6cd4a99e5d,549,22,549,0,1
2023-03-06T11:25:37Z,26f83731b77a2a7a5aef0e1e253fba4db5043cef,549,22,549,0,12
2023-03-06T12:51:39Z,f58fa3b655084475242f7fe423cb7a8fc0d07507,549,22,549,0,72
2023-03-06T13:34:20Z,3e43e28b0335c5f1848eaffb439b5a97eb49103c,549,22,549,0,30
2023-03-06T16:40:09Z,edca63fdb5ba8eceafa9aed0601b3fe38f618856,549,22,549,0,18
2023-03-06T17:30:00Z,27bb185985b58b0db49d3d932f7ac2299fe2bc6a,549,22,549,0,45
2023-03-06T18:34:24Z,7544518172acc3cef492799edc8b288585aae0cc,549,22,549,0,51
2023-03-06T19:23:43Z,4aa90afce2a7a8f63e897337932371a4a65877a1,549,22,549,0,1
2023-03-07T12:51:45Z,5549ad8440ffa5b8159c112db722855f178bf1a5,549,22,549,0,102
2023-03-07T13:34:40Z,3fa08a962c4a2f622f77dd9c0dd5c101bfbe95cd,549,22,549,0,12
2023-03-07T16:40:41Z,07111af0dd91be0647a045ad598b975b358b027a,549,22,549,0,36
2023-03-07T17:29:18Z,e9783b0e2942d2202ed708af6840bd5e4b3a3d42,549,22,549,0,78
2023-03-07T20:29:37Z,4ed895469301e972872ab6d1c5278924ae2f583a,549,22,549,0,2
2023-03-08T12:50:59Z,7544fe2b4837ca5bbafda81bfcc450a51250b3d9,549,22,549,0,6
2023-03-08T13:34:08Z,1e8deb7f0523d11eeba73baad56a2df9878445b5,549,22,549,0,108
2023-03-08T16:40:54Z,1af905550544bc939879d3fe57af78b2cfaa9e60,549,22,549,0,6
2023-03-08T17:29:25Z,7567771618e0be5af30aa69cd8ffd8e8472fd307,549,22,549,0,108
2023-03-09T12:53:00Z,d51d1c751119e3965c2d354850c9ab85df010976,549,22,549,0,6
2023-03-09T13:40:45Z,6466366c58fe350b93c1e481d0937d70496130b6,549,22,549,0,108
2023-03-09T16:41:48Z,a7ebaa86a7ea89f60285723effbf3f621bf230e8,549,22,549,0,6
2023-03-09T17:29:32Z,0fee88148f126e8b16624e8a00b77bbb582cacfe,549,22,549,0,108
2023-03-09T23:29:08Z,10937980d399ae478a2b3dab56792fb80d303830,549,22,549,0,32
2023-03-10T05:29:15Z,466ed39d3d57f7378ec61bd4cc21415d6d90a4fd,549,22,549,0,1
2023-03-10T12:50:57Z,067e5ef546d242be244b94dfa7cf5612c4fcb574,549,22,549,0,6
2023-03-10T13:34:34Z,9bdb40dfc83777000b4ee821e944b6762e7a66f8,549,22,549,0,108
2023-03-10T16:40:29Z,bd58dc51bafab9160936dc7bb7e9badd373b3068,549,22,549,0,6
2023-03-10T17:28:45Z,8c4edd1c3c7f7a16194e7ed3d43db60be58e5b6d,549,22,549,0,108
2023-03-10T20:27:50Z,fb8c22ce0a738c89b61e522e10b8fa0404af9884,549,22,549,0,1
2023-03-10T23:26:49Z,6f59d78b7de16bc9c0140d3ccec59698bc83bb28,549,22,549,0,0
2023-03-11T08:31:05Z,fec2bd46ab5f999604944660c5eb6cc3fc9992f1,549,22,549,0,108
2023-03-11T12:45:00Z,38eae7cda5e3d75625501b6e524b53245a02b158,549,22,549,0,6
2023-03-11T13:28:21Z,f675ed7a62a1a9767c1040592a5a435ea5f167ad,549,22,549,0,108
2023-03-11T16:34:45Z,05aaace3c21e164dc2b5f56370abb09145aeee68,549,22,549,0,6
2023-03-12T12:45:27Z,e36ce53370a71265398e606ec55e2eab0cdc58c6,549,22,549,0,114
2023-03-12T16:34:24Z,5447d48851443311d8b8137ebbbcef3ba2ab5f70,549,22,549,0,6
2023-03-12T17:26:11Z,072a36a1c3d4c04498bf9545060a2f1ae1cb295f,549,22,549,0,108
2023-03-12T23:25:45Z,781096c01b8acf2f94177de08b0a11b3f1e9be77,549,22,549,0,32
2023-03-13T12:50:13Z,7074aba39da69e35dc57ce844ff02947bf81faf9,549,22,549,0,6
2023-03-13T13:32:46Z,d5d41d65d4ee0fd3421ff5c4100cd116ea13912a,549,22,549,0,108
2023-03-13T16:39:14Z,51a0bf3ca35546658817ba45a55ba59b827ec314,549,22,549,0,6
2023-03-13T17:28:07Z,bac591e05ed24c51af298d612b4975be9aea6daa,549,22,549,0,108
2023-03-13T21:25:34Z,d9784e0102f70ee21a4274277daddf59e39c5778,549,22,549,0,1
2023-03-13T23:27:38Z,e2ab3ce0a49ac037baaf11f49e68f7f24835d095,549,22,549,0,1180
2023-03-14T04:33:14Z,04f3ac20ff24bff20c47f14764ef9255c86c688b,549,22,549,0,8
2023-03-14T05:28:12Z,1cf5d76b7e7d935a9f6402c680c67c80aa9449bc,549,22,549,0,217
2023-03-14T06:33:00Z,a96760e5bf50afe1c8085c499b16c8203d349467,549,22,549,0,13
2023-03-14T07:27:08Z,d1a454f3bbd855ed3d5085bee5077a1e895e319f,549,22,549,0,1
2023-03-14T08:36:26Z,de4daac4463198f53db005acc649db6c3b84dbb8,549,22,549,0,11
2023-03-14T09:30:14Z,a68396ac896d9716315f907108fa99e82d136d4e,549,22,549,0,323
2023-03-14T10:35:08Z,065e5ee618b6739dfae738233411b6a79f44d93c,549,22,549,0,13
2023-03-14T12:59:46Z,9a836143fdc17076e598dcc70c447ad77857ffe0,549,22,549,0,6
2023-03-14T13:43:40Z,1209aec429d1e2b498a832e0ff915ee045081257,549,22,549,0,108
2023-03-14T15:34:19Z,cb7099f66f8faef930e30ae349cb48240d39821c,549,22,549,0,69
2023-03-14T16:47:02Z,118b4138004c43628e496243ac7af4bac2c9c90b,549,22,549,0,6
2023-03-14T17:36:12Z,6485795dfc1dcd7bb830557d6dcf131ec068a24e,549,22,549,0,108
2023-03-14T23:27:07Z,9133828446821bb35ff436916cecb95e744a6760,549,22,549,0,3
2023-03-15T12:49:21Z,0e605936ec8788e967581bb9d7180bd3d5fb313b,549,22,549,0,6
2023-03-15T13:32:19Z,8c1025cb4f5e73daad85fedecd10be98e05583ae,549,22,549,0,108
2023-03-15T16:39:40Z,9b4de949e5ed4a6b498bc088984665c9eba4ab9e,549,22,549,0,6
2023-03-15T17:29:18Z,75eb43003af0d524d7d59b3ee8dd99d0da0c66b5,549,22,549,0,108
2023-03-15T23:22:52Z,1d9154da5e9130d2c68166b0f818b7ba6ddc4ccf,549,22,549,0,45
2023-03-16T12:49:46Z,1fd614427e1291d671ef572922d31ade1a22cce1,549,22,549,0,6
2023-03-16T13:37:47Z,b2bb2ffaac7a30951c22ad3d562fe533b8ee5a1f,549,22,549,0,108
2023-03-16T16:41:58Z,385bbc4821d6e6eff39bf39c2e40ba292e247094,549,22,549,0,6
2023-03-16T17:28:29Z,44762363f5b4b8b941b3b0f34cc35fa7416a45fd,549,22,549,0,108
2023-03-16T23:26:49Z,58ceabab2cdc0b5d2221260781d92dbda5bcc288,549,22,549,0,33
2023-03-17T12:48:35Z,80be8653ed282c3e7bf22d473edc49fb92d7e540,549,22,549,0,6
2023-03-17T13:31:31Z,cdc84adcee412f572cf9d42989c705a41999ad20,549,22,549,0,108
2023-03-17T16:37:28Z,7ee2959fbc95523a22b05fa165296096b593d7ec,549,22,549,0,6
2023-03-17T17:27:42Z,64c86315a403a10ca695e262bc8ffd2fd4dac12d,549,22,549,0,108
2023-03-17T23:26:11Z,dac308a291f14fef95489fe7c5090e476855a531,549,22,549,0,1
2023-03-18T08:30:26Z,c48af3781607436f76d061cc57ffa0826adad858,549,22,549,0,108
2023-03-18T12:45:06Z,11146818f2957ff0e663854a86c6bf0c5a179b8d,549,22,549,0,114
2023-03-18T16:34:28Z,59efd45334dee903876968ffbcf1a5adaa346884,549,22,549,0,6
2023-03-19T09:25:30Z,3353c31c93ae065fcaa4d4755446c625a9d23da6,549,22,549,0,108
2023-03-19T12:46:17Z,839caaaf9927836d499bc3513d6318b2f3576eae,549,22,549,0,6
2023-03-19T13:29:02Z,97a69b44c8e3e70cb2e3091898ff5e060fced49b,549,22,549,0,108
2023-03-19T16:35:04Z,737b44cfaf41f8df0b9c5c5a7b5930b30ca3e218,549,22,549,0,6
2023-03-19T23:26:37Z,55601e4641640ca11d8236ebe7fe73653d50f570,549,22,549,0,32
2023-03-20T09:27:54Z,18988ddca04fedde1bbbc982a81f12a8a78b1884,549,22,549,0,0
2023-03-20T12:50:04Z,5470f404fb9da07d45a98eb16b7c49f533b380a6,549,22,549,0,6
2023-03-20T13:33:24Z,fd9bea465d1dea059bc99153372058ba2db76cc1,549,22,549,0,108
2023-03-20T16:41:02Z,99c993036197580e483090a83d900388c63a8eba,549,22,549,0,6
2023-03-20T17:28:04Z,1e16170da4060433178e5e4e177d2afec1aa01e4,549,22,549,0,108
2023-03-21T11:23:12Z,46ee7aed338d72741896fdf95647a54d1ea73110,549,22,549,0,0
2023-03-21T12:42:30Z,2fda808fb093f5473184e2d58ed90af891552927,549,22,549,0,6
2023-03-21T13:23:54Z,af0d4f91bb97506a0618b7ceb2c5ce7655733a3c,549,22,549,0,109
2023-03-21T16:31:46Z,0c6e28e64c3f9b3af9dca1d8f64943cd7b196a7e,549,22,549,0,6
2023-03-21T17:25:43Z,78015fa2d9f99cb87353b541d9996081517e5b64,549,22,549,0,108
2023-03-21T23:25:18Z,a6cbc09a4838fb6d2bad04c369575e711927205b,549,22,549,0,0
2023-03-22T08:30:35Z,c2b9e8eee354647d5fc9a1ac550099de631143d7,549,22,549,0,0
2023-03-22T12:46:31Z,58be92cd7d7a555c159ecddcd5a9220f07191b6d,549,22,549,0,6
2023-03-22T13:29:47Z,0995af9e6f6fb2b4eba33d2e410806b66401e6b5,549,22,549,0,108
2023-03-22T16:36:06Z,fdc2bb699e389821c58a2578377fa7eb5478e1e7,549,22,549,0,6
2023-03-22T17:26:42Z,85871141a1ec2a78e417ef8f50433127e50b86c6,549,22,549,0,108
2023-03-23T12:48:42Z,2165447ead73ef45c143be8788839239b2412298,549,22,549,0,6
2023-03-23T13:34:25Z,a7db6b05d759bc1765b013c2e29b36a7fa32e287,549,22,549,0,108
2023-03-23T16:37:07Z,9b35b3c12a5ded041256d95c5bf85ded4c7d4708,549,22,549,0,6
2023-03-23T17:27:23Z,60834ec486d8c2eab34a5b5412ea7b3c5386d7e9,549,22,549,0,108
2023-03-23T23:25:54Z,425ba421ce530b788bd1611f6e983cb63220fb4b,549,22,549,0,32
2023-03-24T05:26:16Z,6485c3727729ad537efab4ca7d4ff744746b6ca5,549,22,549,0,1
2023-03-24T12:44:55Z,7822a3c34da6fae6e593459898944559058ca3b9,549,22,549,0,6
2023-03-24T13:29:05Z,9a13f79259ba5238baf5ebfe763e2dcda4cb9162,549,22,549,0,108
2023-03-24T15:28:26Z,d99a2caf3a3bd9ef8c0be7c966c4ec13b227d45b,549,22,549,0,62
2023-03-24T16:36:04Z,9c43b16f03f96e3ef2a8c2c992e49fd6a19a7539,549,22,549,0,6
2023-03-24T17:27:23Z,dc54134922b431cf00c04de528ed11c04073d912,549,22,549,0,108
2023-03-25T08:29:08Z,481859782533e220e3f06a5ef2837649c48c81bb,549,22,549,0,108
2023-03-25T12:43:18Z,d6537b97ad05098ea8fabde9f571ae8897cc1d65,549,22,549,0,6
2023-03-25T13:26:18Z,d243c2de15ba917aa00b4bdec4a62f910dfd197f,549,22,549,0,108
2023-03-25T16:32:53Z,c3c55d36436d9014d16312eab46adab1c2e179e7,549,22,549,0,6
2023-03-26T07:23:08Z,b72722dad102a3c3af85a2be4fad84bd40de810f,549,22,549,0,108
2023-03-26T11:22:59Z,d4e8d52bdf8c0b481575b9c3d674e698aa6b60ae,549,22,549,0,6
2023-03-26T12:43:34Z,d5a49c3cf013024c2242573514842cb77ed864da,549,22,549,0,108
2023-03-26T15:25:04Z,93d1926cd16a00c4e70ad27578ee5ecc477ba22d,549,22,549,0,6
2023-03-26T22:26:37Z,16af80507162b32996b8ed5aa9499b5c383f9c09,549,22,549,0,32
2023-03-27T07:24:50Z,f315d358fabfaf117e49f870543bf50808a7cf11,549,22,549,0,0
2023-03-27T08:32:34Z,76c1209a3337633748cf0f3d59618b6464c7931e,549,22,549,0,0
2023-03-27T09:26:56Z,8d31e96b15624d1860a3fd01f0ee6b3b9a2b2670,549,22,549,0,1
2023-03-27T10:30:38Z,50329e46528ecb2d849dcb43ead8042f61f508b9,549,22,549,0,1
2023-03-27T11:23:26Z,593dd4a897569f442c5279ae9099dddd39780d1a,549,22,549,0,6
2023-03-27T13:53:43Z,ffbd0904fcdf67f8b09f22beb917a7d3d3288085,549,22,549,0,108
2023-03-27T15:29:01Z,d71b69958dca7cbe7e6b5d7ba9753818d8215454,549,22,549,0,6
2023-03-27T16:34:32Z,d3c48a1e0057c6008837e5f87f25634706e96a56,549,22,549,0,108
2023-03-27T20:28:35Z,8132c9e628de5d494c34daa22431289db4014d3d,549,22,549,0,4
2023-03-27T22:28:32Z,174fe81f868d6bdb667cb2a56b5188d73dab47b3,549,22,549,0,1161
2023-03-28T03:27:10Z,4d975a938df609f42f4c47f8f845549a7f25cbdf,549,22,549,0,4
2023-03-28T04:31:16Z,881b1d4a1a57bc9aeac39f3e47c9d6faac1fc1fe,549,22,549,0,4
2023-03-28T05:26:53Z,8766b2f6a2000ca34ad90b69e3ad6dadb80dfede,549,22,549,0,11
2023-03-28T06:31:37Z,ab57084b2b3a3b553420da2cfff0b19cc7f0f680,549,22,549,0,2
2023-03-28T09:26:49Z,39037e40cd4fda0bf021cf3ac435a6964511fe88,549,22,549,0,1
2023-03-28T11:23:32Z,5cdd85be59833a9a878099fe9f6686617ceecd93,549,22,549,0,114
2023-03-28T12:48:52Z,c7d7fb196fde5225c9095af7851dfc9a0862db9c,549,22,549,0,0
2023-03-28T13:31:56Z,36c1776edc7e8dd9812653da61b54b3094e8412e,551,22,550,0,0
2023-03-28T14:28:54Z,5eaf370ee7ffc70880c01cfb88ff71a3cede5ebb,551,22,550,0,0
2023-03-28T15:29:09Z,edddf6a76d600a8058daad090365e853b8b83a6a,551,22,550,0,6
2023-03-28T16:47:11Z,6d6f706094efd63e626be06a882defd6e8f19561,551,22,550,0,108
2023-03-29T05:27:20Z,05a8ef301e2ed49ee113d07cf681e005d2d6aad8,551,22,550,0,2
2023-03-29T11:23:19Z,c79e888fd0e5d0a542df104142d824f0f1119095,551,22,550,0,114
2023-03-29T15:05:30Z,40977c2b3f94af694a7d80823a0e7d36edbb0a35,551,22,550,0,6
2023-03-29T17:24:24Z,b65687ae2b30ae7dfc790638276f298f633500ce,551,22,550,0,108
2023-03-30T11:22:58Z,b06deb65e30b85d0c05c658644c1c6e3ca45d164,551,22,550,0,114
2023-03-30T15:27:44Z,b7ab0a3fadaf44b8453f8f2de02cc86a5d37521c,551,22,550,0,6
2023-03-30T16:35:25Z,3426088cf8d76dd497d3616b9f4b487f71fad2a9,551,22,550,0,108
2023-03-30T22:27:34Z,818d410443d8cd457f2086ea54fe0182d6e18339,551,22,550,0,33
2023-03-31T10:29:40Z,e24f75c85ed406b692bb2c876c88c2f970a435f7,551,22,550,0,0
2023-03-31T11:23:05Z,0e26c92f21f9db9e2ca797c66fc205951cf68390,551,22,550,0,114
2023-03-31T14:27:06Z,79cd0024ec25ac9308c9a5bfc40db4e42c158f83,551,22,550,0,46
2023-03-31T15:27:09Z,f33ff870f39ea505e1324d6d32700129677d3cc1,551,22,550,0,6
2023-03-31T16:32:31Z,9a0dbd4a33984f9da7210bd0ece618656b1328bd,551,22,550,0,108
2023-03-31T21:23:02Z,f68a4d00377b8029c2f5052c7fe61b33c00a6ddd,551,22,550,0,0
2023-03-31T22:26:16Z,9f2740ff65e0f0e055948c7aa760f7600d778531,551,22,550,0,6
2023-04-01T06:29:00Z,4da30d99605ed917149ddf26e751d03418fb2aeb,551,22,550,0,114
2023-04-01T10:26:55Z,c968552a9b98de880ebf6768513582bed4302295,551,22,550,0,0
2023-04-01T11:22:48Z,e4e90f24baa738086ca2d46e4a4a5e3ee3a8a1f6,551,22,550,0,114
2023-04-02T06:28:38Z,05178b137b36103078f3d301c9c785947dd38d88,551,22,550,0,114
2023-04-02T11:22:58Z,7ee5595fa8866e1868f58dfe81da6d526e11d96b,551,22,550,0,114
2023-04-02T22:25:14Z,26b8668f8834f8994881d2b31ccf08658c9feecf,551,22,550,0,32
2023-04-03T06:30:11Z,bb13a4e09c48dd2c0cfeb94b79b4700ab91a727f,551,22,550,0,6
2023-04-03T07:23:10Z,13a4f7b49daf8b0ebf61253a5c47a67bb5f72d3e,551,22,550,0,0
2023-04-03T08:30:04Z,f77542442e78453d7d03d87c2b48b574df1fea3c,551,22,550,0,0
2023-04-03T10:28:36Z,9cb72ff8df4d72bd363c2285f449b60f4e8b3cac,551,22,550,0,0
2023-04-03T11:23:00Z,eca980b22f9d9d7fa8cfb92e199a79390418d8cd,551,22,550,0,114
2023-04-03T12:44:52Z,a62e18742a4a8e9b248251d70aab90f2e85041e7,551,22,550,0,2
2023-04-03T13:27:52Z,5ab9205bb3179e9c7b812a56fe96ad2f1b2e4c07,551,22,550,0,0
2023-04-03T16:33:15Z,7177cb70251bd5227f8d7211d8e288e49dcbbd18,551,22,550,0,108
2023-04-03T22:25:58Z,e712cb976b6ac6fd9dae71b8cf3de28914061b3f,551,22,550,0,0
2023-04-04T10:28:42Z,1a06514458cba68246ff78fb6e22ea932f94acb9,551,22,550,0,0
2023-04-04T11:22:55Z,420db980f68cce5d05189368630946941b3c3095,551,22,550,0,114
2023-04-04T12:44:58Z,24b0f2e2fa5b0c25678d316975c2745d37d81072,551,22,550,0,0
2023-04-04T16:33:23Z,521bf673cc4987e4ea2b9788790b6175e411708b,551,22,550,0,114
2023-04-04T22:26:16Z,b6a6fdda1550831a37b01a2fb7a3702da539ac10,551,22,550,0,1
2023-04-05T11:23:47Z,edb21ce9904bd0c5040b4ac8a4c8f19021af850d,551,22,550,0,111
2023-04-05T16:38:53Z,516e99f0b342844582c5b632953e2671b12fd158,551,22,550,0,111
2023-04-05T22:25:49Z,fafb27251eb7bac365f4998d73fdcac1904726a4,551,22,550,0,0
2023-04-06T11:22:57Z,7a9a22e3d1722db7f51532fd69e927bddd551564,551,22,550,0,111
2023-04-06T14:26:07Z,02bf0b61a363e0d28846ad9ea9b4de09d095d271,551,22,550,0,30
2023-04-06T16:32:28Z,98cb9f96f3c513f91aa142eb955362dc218280f9,551,22,550,0,111
2023-04-06T22:26:26Z,d8330e36639ad792fd981d6cf565106715cd3c43,551,22,550,0,95
2023-04-07T05:26:09Z,819347a2d49c3875193558661a3d4d99893e9a2a,551,22,550,0,108
2023-04-07T06:29:54Z,20e61a33ba33173c69eaade4f3738fe42d690438,551,22,550,0,1
2023-04-07T09:23:54Z,beb6cc2b7c2eb84e8038b09d1b827205cfe981e8,551,22,550,0,112
2023-04-07T12:43:25Z,27ab99f179d9e91cf6d5bb465a78cd0c869398bf,551,22,550,0,5
2023-04-07T14:25:25Z,b75b8b7a5f5e7b5f066c6d25b0cbecf043f7bb2b,551,22,550,0,112
2023-04-07T19:23:00Z,ef55c769fe1a8a5cddd0c099eb668ce96b59adb8,551,22,550,0,1
2023-04-07T21:23:07Z,1b288c5a29e29150fe5a6cc1df60271f6c83bd6a,551,22,550,0,109
2023-04-07T22:25:52Z,cb53c0d839a21266762831d5d58d7f2a640c0683,551,22,550,0,0
2023-04-08T05:24:44Z,42710261de8380838bb7248ae9b7c0ecd611fa94,551,22,550,0,109
2023-04-08T09:23:05Z,7d597605e357e5ff70f670ff9c332cf5f662aebc,551,22,550,0,112
2023-04-08T14:24:03Z,14d78f00217e593f5a8e283e3a9b813a00e79f68,551,22,550,0,112
2023-04-08T21:22:50Z,c458a8720c192c2b3c74fbf289d2f0e434042d30,551,22,550,0,109
2023-04-09T05:25:09Z,fbe9a1235801f156405c1cc7c5947a8a98bb2c25,551,22,550,0,109
2023-04-09T09:22:54Z,d5fc25d65bfdce4a69574164c61145e2370de013,551,22,550,0,112
2023-04-09T14:24:16Z,6330b5b4e0c1cabd666106811a21b43fc14f4532,551,22,550,0,112
2023-04-09T21:23:06Z,96155f7638ab2cd263769c584d8aac9549830b50,551,22,550,0,109
2023-04-10T05:26:01Z,93d03c0562c9e79f204d1fb67d6bbf0412722137,551,22,550,0,109
2023-04-10T09:24:27Z,d2e21b25956dd0f998f6b06ddfb460726ea8281d,551,22,550,0,112
2023-04-10T14:25:45Z,24434c9fe9774ef702b68c1210265b2ea4205b75,551,22,550,0,112
2023-04-10T21:23:00Z,257f061a4337e1b7dc3088660f5029856e59151a,551,22,550,0,109
2023-04-10T22:26:53Z,f1261e8150df840b5c3f536e76fcd37198106a03,551,22,550,0,32
2023-04-11T06:30:02Z,16613f155d3d3462f4582abd79200b388c752292,551,22,550,0,111
2023-04-11T10:29:16Z,7fe3be6bece7e4c73369d9636bc72de7192928e7,551,22,550,0,0
2023-04-11T11:23:01Z,358d92ea89625e7f02bfb66ee0f88a7cd1d16668,551,22,550,0,111
2023-04-11T14:27:19Z,c03231c3724431f81f6f953c1a327b933bad2d7d,551,22,550,0,3
2023-04-11T16:33:29Z,125a9007e7604a6e4c50e6a149aa3396afb030d9,551,22,550,0,111
2023-04-11T21:22:55Z,8c7bf4e4d1c998182c9b4111636f363124aee819,551,22,550,0,111
2023-04-11T22:25:23Z,d7ad01d96cfedbeee7cbb47973764ca1b6f84cd7,551,22,550,0,1781
2023-04-12T03:25:31Z,288c5d51661aa98e5c0eccea1e10e380f8d25f78,551,22,550,0,8
2023-04-12T04:29:25Z,57ad52dac0dba393d0ba6d14b028ab3016b36b0a,551,22,550,0,9
2023-04-12T05:26:07Z,177028dda79708b79bcff19db710e80a1e0a76e0,551,22,550,0,5
2023-04-12T06:30:22Z,da9d0b6a0acaaa8fde9fd775b9fb9b58839eeac6,551,22,550,0,8
2023-04-12T07:22:57Z,942c18a8ff40e0c954873990b5fe521fe0aa5b1c,551,22,550,0,4
2023-04-12T09:24:34Z,73ec1687bf7744567f941ad1f73c5839e17ee47c,551,22,550,0,2
2023-04-12T11:23:02Z,52111ef2e8631ec2682807537654afe693282a33,551,22,550,0,111
2023-04-12T15:26:17Z,1955beada1d8e93a31e8e66b5d9a354968fa86b1,551,22,550,0,111
2023-04-12T16:33:26Z,b663e7e084c8335f461aca85dd571c6f2ee84800,551,22,550,0,2
2023-04-12T22:26:50Z,30c9982a0811e0a7469eab9baff1416c61ad82f9,551,22,550,0,0
2023-04-13T09:24:35Z,08e130a350d77478697ce0221f18398b098f150b,551,22,550,0,2
2023-04-13T11:23:01Z,66bc80872beab863db8d47c994c2d17079fa0940,551,22,550,0,111
2023-04-13T15:26:15Z,f876c698d5efab9e32eed91d643766b50ba71c53,551,22,550,0,128
2023-04-13T16:32:38Z,059186529617cce152ff22a3860f9fa487574122,551,22,550,0,2
2023-04-13T17:24:50Z,90e76ab07db5b44c5cb8ac4233481dfd45e923e8,551,22,550,0,4
2023-04-13T22:26:54Z,6d6d5baef56637d1cc604e20545ba3891fb34e53,551,22,550,0,33
2023-04-14T06:29:58Z,c6fb8cd9b8bae393149fe497e350bf195a932c03,551,22,550,0,111
2023-04-14T09:24:36Z,99625490d254b459826b4186cbef1c445bb156ed,551,22,550,0,2
2023-04-14T12:44:06Z,84cadecd739a456e7a02208aca3a507acc75031d,551,22,550,0,111
2023-04-14T16:32:52Z,db9daa492a279d5c826ff1c13d666525e0038e8a,551,22,550,0,113
2023-04-14T21:22:47Z,b308d771075975560483932750de703dd5aa4f4e,551,22,550,0,111
2023-04-14T22:26:47Z,74841727d6838ee5e48d9a81a6156eddd6f69165,551,22,550,0,14
2023-04-15T06:28:56Z,46732197cdfd546d51788b0f855397a26f24e704,551,22,550,0,111
2023-04-15T09:23:11Z,21979fbd77958b5b3d56b8734b5d767d200a35e9,551,22,550,0,2
2023-04-15T12:41:41Z,ea870cac9b68f607d5ec5b53bffb67660670fb1a,551,22,550,0,111
2023-04-15T16:31:24Z,8ec740919d437b9b45b56417e1cc9d6a936c1eac,551,22,550,0,113
2023-04-15T21:22:47Z,d0f44b48784f4c89ac3a85374de5e6a0c2c485a0,551,22,550,0,111
2023-04-15T22:26:05Z,87cf976c19fe5a60899c5cd068cabde04fa17559,551,22,550,0,0
2023-04-16T06:28:54Z,3984bee5ef3a9bb581ae0cbaaa38626deb8efb4c,551,22,550,0,111
2023-04-16T09:23:12Z,a5faecc968a64b78dba5530415430b3d167c1b9e,551,22,550,0,2
2023-04-16T12:42:04Z,3503239fa045736ed5ba4e8cf944a1b4144b8e5d,551,22,550,0,111
2023-04-16T16:31:32Z,f45661f4448b466af501b1a1dda823684378c50a,551,22,550,0,113
2023-04-16T21:22:52Z,2d9b86fce32e9056ef20f78e7d9a644a3d08b15a,551,22,550,0,111
2023-04-16T22:26:18Z,be93e31032195acc02cc3627a27153f498e9fac4,551,22,550,0,32
2023-04-17T06:31:09Z,afd1e75c068000454fc5ae1d51a799a0b3065ff7,552,22,550,0,0
2023-04-17T07:23:25Z,a37137f4a7008afcea66adf23e3053af040dc042,552,22,550,0,0
2023-04-17T09:25:35Z,c1a218ce56aec466f331f622c877989341ee1ef2,552,22,550,0,2
2023-04-17T10:29:37Z,e9caa4dee6008c58fe1a09fdffa22c43208e0041,552,22,550,0,0
2023-04-17T11:22:56Z,439d564b4ad19f6afee8710069e5c7cfabfaf0da,552,22,550,0,111
2023-04-17T15:27:01Z,71800ae549b379b052d60701325e2d2766b3131a,552,22,550,0,111
2023-04-17T16:33:31Z,0e616bd71a1a5199d233fb7c8e00942e436236af,552,22,550,0,2
2023-04-17T22:27:16Z,012e9a053a8903c670eafb52a2d6ee59e942f06c,552,22,550,0,0
2023-04-18T12:45:48Z,69894f22f8d489a8619df1a286a90ff4bc6a1626,552,22,550,0,114
2023-04-18T16:29:07Z,664b104a52cdfdb455088e5e8dc12f05c86eca82,552,22,550,0,111
2023-04-19T09:25:12Z,dabb364db0d5194bd4633b149713a8b0c6598cd0,552,22,550,0,0
2023-04-19T12:45:02Z,44ec2c37314d9aca1dbfc27acebf4f3d123f5dbe,552,22,550,0,111
2023-04-19T16:33:21Z,7bb07d30201ea3528c487fe6810339e101247ec7,552,22,550,0,111
2023-04-19T17:26:07Z,f1eab8eaccf9b2d880567b05dc953607e8e0f61f,552,22,550,0,0
2023-04-19T22:27:14Z,d8826fc8628b6b1bc588c6b73fc85b1f1880a751,552,22,550,0,0
2023-04-20T12:44:56Z,f4684fcf0f9d5fd578e7f19de3edb96028466f86,552,22,550,0,111
2023-04-20T16:32:48Z,5d0b49da7cb56eecb2496e3705efedf457cd67f1,552,22,550,0,111
2023-04-20T22:27:03Z,af0f38d5860a61fb25486ce478755620c5569aa4,552,22,550,0,33
2023-04-21T06:30:07Z,681d3b7625a12e96b47a425d851f65a354c17818,552,22,550,0,111
2023-04-21T12:43:51Z,352acdae2cc724e07d140e996a80e499626beec9,552,22,550,0,141
2023-04-21T15:25:38Z,ec6131b7a921c46f6a67f0b68c599d7228bb91de,552,22,550,0,111
2023-04-21T19:22:50Z,0b71feb7b9dec4a18a8573cae89ef96319b18036,552,22,550,0,1
2023-04-21T21:23:01Z,0bb49e27c211bcc9805fae3a803b0043eb2e31f0,552,22,550,0,111
2023-04-22T05:26:01Z,4e9ec3c46b50e44843e1e9925ba9758b7742fb7c,552,22,550,0,111
2023-04-22T08:28:26Z,f2ea85b0b885b6f53beece45edf8af00d8a039c8,552,22,550,0,111
2023-04-22T14:25:17Z,3d3d3ce0d23bb102c5934c42a12aaa7fcfcddbf2,552,22,550,0,111
2023-04-22T21:22:46Z,404da7f8dee90ccff4e6eea529e9b31a8f66b95c,552,22,550,0,111
2023-04-23T05:26:16Z,e710dc3b26aaa598e2e82b547f5dad4c705d1960,552,22,550,0,111
2023-04-23T08:28:17Z,b4a7fac2625484a12d2848574cec999bf3a891ad,552,22,550,0,111
2023-04-23T14:25:19Z,04e94f9333f90d206d5b6f2eeafd8f84e1c1aab4,552,22,550,0,111
2023-04-23T21:22:53Z,aaf585ae407af4a939a763d0eeff8c4eb16fcad6,552,22,550,0,111
2023-04-23T22:26:50Z,1c389e6234bc62fb03d92e5407942b9a57352c83,552,22,550,0,34
2023-04-24T08:30:18Z,8e3b6587324284e8c6834778ac0906961d0e4cd4,552,22,550,0,0
2023-04-24T12:45:29Z,6d60d0e9c13f3e5f7acc623dc9da1b70914c93ed,552,22,550,0,111
2023-04-24T16:33:18Z,84081b50252d1c48e7587c8bfdb861320e793902,552,22,550,0,111
2023-04-24T22:27:02Z,86152e042c73556b7dd7c915228af5cb628cf7aa,552,22,550,0,700
2023-04-25T03:26:47Z,b6b58617f7f372b33e35be9638e95d4d9e533b63,552,22,550,0,1
2023-04-25T05:26:44Z,db7cab2f45d3770a2a851dc6dc48f080cf180729,552,22,550,0,8
2023-04-25T06:30:19Z,6d109aca81df2d59fe1b78dab9ac3197b79d8c4d,552,22,550,0,2
2023-04-25T07:23:27Z,045a2de8a0bf1cb0f71ed0b04b1fa741a02b2b84,552,22,550,0,2
2023-04-25T10:29:06Z,3709ad1c0d280eb4ea0b1bead4086abcc7c0c8fb,552,22,550,0,114
2023-04-25T16:32:59Z,ee380304510693315c8b925f15accd3863f414ea,552,22,550,0,114
2023-04-25T22:26:50Z,a327c904830e213a048e01e63dd93e788f0d2aec,552,22,550,0,34
2023-04-26T07:23:22Z,740247161a33e575f0b9991163fe1f5c289ee100,552,22,550,0,5
2023-04-26T10:29:00Z,82341728d111a11d096858533594dc164a61ad13,552,22,550,0,116
2023-04-26T11:23:02Z,c4e5bb5ad00961bebad340895bb5891af7a631f5,552,22,550,0,2
2023-04-26T15:26:09Z,9a87de4f1684358c6750c3d0d6628ca1cfc8db4a,552,22,550,0,4
2023-04-26T16:33:17Z,b5504db8071abddbcf3efae428080501b1848cf3,552,22,550,0,114
2023-04-26T22:27:14Z,4c64224ffd7f1109a2a57a2ce053a6a085e260a3,552,22,550,0,114
2023-04-27T06:30:41Z,ced2e1a34690b15ef3e7548f2f375e931348bbdf,552,22,550,0,114
2023-04-27T18:29:02Z,bb70aca8fbfb0a16a824174da4f54d4ddb7ab8f8,552,22,550,0,114
2023-04-27T22:26:08Z,39a348506057effeed65fb2d42d1583ecff0e944,552,22,550,0,0
2023-04-28T04:29:17Z,6c7c65a26a90df085a67072bfe167f70141f248f,552,22,550,0,1
2023-04-28T07:23:10Z,31ea60f8f8000c93c61d39099b9eb23e1917a1d9,552,22,550,0,1
2023-04-28T10:28:39Z,eeab4d949801a9ce26020e9b34073713e5dd056c,552,22,550,0,114
2023-04-28T15:25:31Z,3eff19f521f99bcffecb7ebdc8f8bab814a393f9,552,22,550,0,114
2023-04-28T19:22:54Z,01e409df2a5b2ad72a775146713b75ad91205887,552,22,550,0,1
2023-04-29T10:27:16Z,9a123531e5ea7c73e273813a5336f8e794ea6564,552,22,550,0,114
2023-04-29T15:24:02Z,b941aeeea3060c1a34a3bf9ca3209e60a233405b,552,22,550,0,114
2023-04-30T10:27:17Z,1d372cf243ef2e7f9b86e03b7675b62bfa20ed39,552,22,550,0,114
2023-04-30T15:23:59Z,aae009f69c71f718691c7620bef6779d82b2b5cf,552,22,550,0,114
2023-04-30T22:26:23Z,3c2edcfda004d0273832a924f06e2b5f6b4f1b28,552,22,550,0,0
2023-05-01T06:30:18Z,6f45d13c0531d0bd60e6ad06aa7a4bcb0a7abe5a,552,22,550,0,114
2023-05-01T18:28:33Z,5820a51b1691da85bda73174bf9aa55b6f0b8adc,552,22,550,0,114
2023-05-02T05:26:21Z,0d5877b88ca00fcf927fb0db04583609f161aba4,552,22,550,0,0
2023-05-02T06:29:50Z,1f09cbd6b1d470b8bfdfa59bbcb6d5e9d912d52b,552,22,550,0,114
2023-05-02T18:27:54Z,ac71cfb6d97d0571ab9ee2fceedb3163f9cb28a5,552,22,550,0,114
2023-05-02T22:26:44Z,c829cdc17e48d01436c63111c2c14bb7b5ba30cd,552,22,550,0,114
2023-05-03T09:24:00Z,2964efe2f979845b511587935e98515c9835831b,552,22,550,0,114
2023-05-03T16:31:58Z,42b1781558ba63d58812f6691f1fafd4c3312b4d,552,22,550,0,114
2023-05-03T22:25:42Z,42ac1a9dc7067e37058cb0f863cf2e6017076109,552,22,550,0,0
2023-05-04T08:29:35Z,ef82064c07c0a7992be9a086bef0170bdf7f8b11,552,22,550,0,0
2023-05-04T09:24:29Z,e13bdba3b0df65ee19aec38170a62111a1b54ff3,552,22,550,0,114
2023-05-04T16:41:26Z,3734148820024e72f08c1ffedefe9ef6bd887ef6,552,22,550,0,114
2023-05-04T19:23:09Z,eb67fd004e9e09ebe087543fcf1c7230e1217658,552,22,550,0,1
2023-05-04T22:26:51Z,332bddbe283cb432e4c46f827c80fb3fcf3455a2,552,22,550,0,13
2023-05-05T06:29:52Z,0cb278a00324070af9486d8052d48839705ab4d8,552,22,550,0,114
2023-05-05T10:28:52Z,b8e79912c153e46b0ac7cd5a1f65d10750373f42,552,22,550,0,114
2023-05-05T15:25:13Z,7d7f9e989ffb2fe9d20ada299b16f269bfaca2c4,552,22,550,0,114
2023-05-05T19:23:01Z,8f6a6f2a755f580755a3c17f7cacb2d31f554d7a,552,22,550,0,1
2023-05-05T21:23:06Z,76b45a8e2744aedf915dd84f390c6f756dab1159,552,22,550,0,114
2023-05-06T06:28:16Z,7d65d7632c721f88f927a01262017c1fafb7636c,552,22,550,0,114
2023-05-06T10:27:21Z,f95fd48cc10a535a17a12ca550592732e2f8ac25,552,22,550,0,114
2023-05-06T15:23:37Z,cd9f6a7a63f5035ad32b84afa94fb33b5eb54397,552,22,550,0,114
2023-05-06T21:22:52Z,f91fc5df0bff9d359662587ff10b839d1168be18,552,22,550,0,114
2023-05-07T06:29:02Z,c5c4fadcf3d05c19c6c73c575521980a12005fea,552,22,550,0,114
2023-05-07T10:27:34Z,5089e7bfae8336bd82e74b8f0ebb0d2c0fee1a34,552,22,550,0,114
2023-05-07T15:24:01Z,fb2fbdee8e797ba3596eb9b8f97f4eabf87be00a,552,22,550,0,114
2023-05-07T21:23:00Z,0a7e1abee0cfb36cce8819d6965dbd0a42ffc418,552,22,550,0,114
2023-05-07T22:26:01Z,0bbc4b833e1280cd7e859b680616d516f06fd095,552,22,550,0,32
2023-05-08T07:23:20Z,4c62e536b0dedab5286936b7f1758d0f6b8870e3,552,22,550,0,0
2023-05-08T09:24:44Z,65e2388dc75c2ee288f2109ee3156ebf97dffb05,552,22,550,0,114
2023-05-08T16:32:37Z,84c6ce682b3c067390fb0e47a0b76844b1ade0ce,552,22,550,0,114
2023-05-08T22:26:39Z,1f926e1fecc5468feeec347e778c70489e1ee857,552,22,550,0,1724
2023-05-08T23:25:08Z,35a89409549bb5eab34c36421cf0e906bb455dc2,552,22,550,0,82
2023-05-09T03:25:47Z,5772f1091f35c69c08cc9972d733091ece2be53d,552,22,550,0,6
2023-05-09T04:28:22Z,f56283671cbfc6bbcd17bce074afe81d62b6c1a3,552,22,550,0,10
2023-05-09T05:26:04Z,2ad7fe29a5dbb17323eb78fc5b608310ee1f28d6,552,22,550,0,15
2023-05-09T06:30:05Z,2860173daff5c371058085d42fa4ad45032912f0,552,22,550,0,9
2023-05-09T13:17:49Z,117770a660570e61eec85ccc729b9b4ce7fa122b,552,22,550,0,114
2023-05-09T16:31:58Z,4cab07af90bd1452fbd2a9f1d4b222b28a440175,552,22,550,0,114
2023-05-09T22:26:36Z,343efd763b8fd417a2d47b427017e198481574e6,552,22,550,0,34
2023-05-10T12:44:52Z,d0a4f1e4c0a12d670e9b422079c6f1c27148d32d,552,22,550,0,114
2023-05-10T16:35:08Z,0c2dc99393911a9e5c045f28d15da67d2f78770f,552,22,550,0,114
2023-05-10T22:31:15Z,61ea11e488f21c933987d892cb6c262518f380e5,552,22,550,0,0
2023-05-11T08:28:40Z,41aa3e3618ecc6fdba50b68a467b3ab17b27c4f1,552,22,550,0,1
2023-05-11T12:44:59Z,d39e77ddd86ee3433820d378c6111742d5872116,552,22,550,0,114
2023-05-11T16:32:06Z,9e699def53269a5e342a1567625c94f1e6481d72,552,22,550,0,114
2023-05-11T22:26:27Z,6013e054f480e33c9a76695a39d4acd880872e3f,552,22,550,0,32
2023-05-12T05:26:13Z,13397c7bc6d5558ec67373e9d538bd44a3368a0c,552,22,550,0,1
2023-05-12T10:28:25Z,5fb81fa4bdcd90a6ec21cf467f2a8b8dd908af03,552,22,550,0,114
2023-05-12T14:25:53Z,52d98e9ac401ef71d846afad925eabe164b18c12,552,22,550,0,32
2023-05-12T16:31:09Z,517ad249e74435988a5f242134afc74cfd6f0051,552,22,550,0,114
2023-05-12T22:26:34Z,e47b0c8d9ceb32a16c35695b1143e85cd4c64d3a,552,22,550,0,115
2023-05-13T06:28:17Z,a773f6361c37682855594334869373aed1539d76,552,22,550,0,114
2023-05-13T14:24:35Z,cbf9b10b92e8dfbabc225e79b82250e0d082ce3b,552,22,550,0,114
2023-05-14T06:28:09Z,934891ef44d265ccdfb1eb3c6fc5cf66aaf602d5,552,22,550,0,114
2023-05-14T14:24:24Z,c53682e9117a2a595aad97be46edb9e0683877ee,552,22,550,0,114
2023-05-14T22:25:55Z,8207b73f1129b9c6a8f6c85475d210142cd2ca69,552,22,550,0,146
2023-05-15T12:45:59Z,822cd5c0407613773146be98518b65cd7c369272,552,22,550,0,114
2023-05-15T16:31:44Z,f02a96132aa53bb4f98616deb8805356beab1759,552,22,550,0,114
2023-05-15T22:26:28Z,cfe47cd94035aa25c34732e882117c377b893753,552,22,550,0,32
2023-05-16T12:46:53Z,06fab521667a2e98b7b8144b2f8bcc763aaab897,552,22,550,0,114
2023-05-16T16:32:14Z,b8163f9ae504541084d2437e7caca255a02d23fe,552,22,550,0,114
2023-05-17T08:28:57Z,24a7bcad0fd24c519c758a5fb951803a84ac99b5,552,22,550,0,4
2023-05-17T12:44:30Z,7229891ef0ea56096af5a89809a760f938733876,552,22,550,0,114
2023-05-17T16:31:45Z,b4c4b7e904cb48d1015ae934aa706bf3c1f33b3d,552,22,550,0,114
2023-05-18T07:22:57Z,e33f1d57d5f3c839fb8aa67bf94381488af8c91e,552,22,550,0,0
2023-05-18T08:28:10Z,fec0e61f6505576a5495299f469f392b6b3dc51d,552,22,550,0,32
2023-05-18T12:44:58Z,996116b35958c408dca6ef13561e512915e1fd63,552,22,550,0,114
2023-05-18T16:31:31Z,820e04b0b45fc9f9d4d7f74912e4f8ee28e4d0d5,552,22,550,0,114
2023-05-18T19:22:55Z,1154e3a8f4e6677ba8f4c2760945d15ce85f87b7,552,22,550,0,1
2023-05-18T22:26:24Z,ef77f95662375f5f5825d0c5fb92ccb37d5588c4,552,22,550,0,32
2023-05-19T09:23:16Z,dc31e0ef1dcac5f0035d8694cbd9ef8d80e37c73,552,22,550,0,0
2023-05-19T10:28:24Z,2cdda5f32a7c524c083895b7e2c44faafa050461,552,22,550,0,114
2023-05-19T16:31:16Z,06127d27b25b58ff810f59215d4ecd1f1a808f09,552,22,550,0,114
2023-05-19T19:22:47Z,f83d17d542754da4b3a1cdf38ea17a5e9a0e9088,552,22,550,0,1
2023-05-19T22:26:31Z,dce1be4a517998eeac415ff1cc691fa2cf156dce,552,22,550,0,114
2023-05-20T06:28:00Z,0384e94f13a12ee0717e9b72d1e2112dc556f753,552,22,550,0,114
2023-05-20T14:25:32Z,56b8106878bf6d0bfb2bfe1afc32cfc655a1a20d,552,22,550,0,114
2023-05-21T06:28:04Z,618768f58dd80d0225e643ba8bb1dd645d71a012,552,22,550,0,114
2023-05-21T14:24:50Z,6ba2e6d48500c971e4e87a1d3231ecdee8909dba,552,22,550,0,114
2023-05-21T22:25:58Z,dda91964cc8dc7d30b0ecab65d6bd889bead0a46,552,22,550,0,146
2023-05-22T08:29:23Z,6b5486edac1d3cafd407cc702a6bc648e46a7b1b,552,22,550,0,0
2023-05-22T12:44:00Z,bcd1e5ac2e0028a9b168ca2452aafd7634337764,552,22,550,0,114
2023-05-22T14:26:59Z,cfa09796e9f63ab6c895a18b8a22fdfc2f8915dd,552,22,550,0,4
2023-05-22T16:31:51Z,466da11808b2ba0cc5ad62eb48d8b2ae625d52a8,552,22,550,0,114
2023-05-22T22:26:45Z,3e2e32b5c1c7400dfd372f0720690584ca90dcb8,552,22,550,0,1781
2023-05-23T03:24:57Z,17330d0d02c7de09b4da8332a024e1b53b54cb78,552,22,550,0,6
2023-05-23T04:28:30Z,7003cc95aae3946f93f7cbb6a2cd87e3b080555e,552,22,550,0,14
2023-05-23T05:26:43Z,b80c2f658f2d2bae5b3147ded13e896ca2f2eda1,552,22,550,0,10
2023-05-23T06:29:14Z,42490a99c1d9712b4342467c14885223f751b1e1,552,22,550,0,6
2023-05-23T11:23:03Z,448ea6070f87685ca69c9016cf51975f55e89ace,552,22,550,0,1
2023-05-23T12:44:39Z,360504b089535664d0dcdb83ff91ea39c86d09e3,552,22,550,0,114
2023-05-23T17:25:33Z,15c66a10f23bd8c0621a1c1d6ce074a0c8533c9c,552,22,550,0,114
2023-05-23T22:27:00Z,a1a786e450e9a44dc2d5e72551336738c38c7fb8,552,22,550,0,2
2023-05-24T05:26:15Z,9dd0fa1b5b1ffb751ed96b6126ed842da7bf78ad,552,22,550,0,2
2023-05-24T12:44:35Z,6e071dbddd90e04f0804d9ec65b8b8c66cc4b0df,552,22,550,0,114
2023-05-24T17:25:48Z,cf2418c8f28ec90e1f496c0dc1c04451d637e84e,552,22,550,0,114
2023-05-25T07:23:11Z,b29204fb6cde3b9fc5464261bdee7bca0d394f6b,552,22,550,0,0
2023-05-25T08:28:39Z,bc2aeb255debd4d52a8d8197b62d9392412f4e59,552,22,550,0,1
2023-05-25T12:45:52Z,2a7c212095841e07dfa13ae1815b6edcdb0bae01,552,22,550,0,114
2023-05-25T13:30:57Z,2d6abae24c8b03499474bdd0452aa5fe5d51834a,552,22,550,0,1
2023-05-25T17:25:45Z,48e7a38f4858e4a7095ff6c0aa3d0087631e77e7,552,22,550,0,114
2023-05-25T20:24:35Z,b653f5405c121640113be32106533f716cdf7018,552,22,550,0,30
2023-05-25T22:26:38Z,403e4b1753021164022ec9d617b42ac42a0981ce,552,22,550,0,33
2023-05-26T06:29:09Z,1b36679e162e2f99cff594cb56823d14c21433a4,552,22,550,0,114
2023-05-26T11:22:54Z,5a121321ea2673cca275b475fd8586fa2321ef96,552,22,550,0,4
2023-05-26T18:27:56Z,e9e45036d952b596317c3364b3144179fa10d749,552,22,550,0,114
2023-05-27T06:27:59Z,89a922c469a46b4413824d21581796216d09e312,552,22,550,0,114
2023-05-27T18:27:24Z,6ddce503e12c75e727ac64616cb6dc7bb677a84b,552,22,550,0,114
2023-05-28T06:28:23Z,f4743f274f961c3392d550b88f847643fd68809a,552,22,550,0,114
2023-05-28T18:26:37Z,1f3d9095179cb412b12b7fd7504886a577a5866b,552,22,550,0,114
2023-05-28T22:25:56Z,49ec90d18d2f9ec2f070f57c24203fe8506606fa,552,22,550,0,32
2023-05-29T08:28:58Z,c7b811658fd364caff13c0ddacc02340a121b93a,552,22,550,0,0
2023-05-29T10:29:17Z,8bba91cd726717a91819ea08128d66b80fb6d88d,552,22,550,0,0
2023-05-29T11:22:59Z,172153677829d433f28e2a6378ed61b0a797ed0b,552,22,550,0,114
2023-05-29T12:44:18Z,21f041a23325b89a0b51fe2ef87d5a5d5e51163e,552,22,550,0,3
2023-05-29T16:31:24Z,61f86df15020973d77f08c3e9a8764db473a6663,552,22,550,0,114
2023-05-29T20:24:46Z,564ec0f60a75b6c85fb7aa07cd2839efdbcfb3d8,552,22,550,0,83
2023-05-30T04:28:33Z,e2b5b7d259c11945914693fb3c3a7dd3682167a4,552,22,550,0,1
2023-05-30T05:26:27Z,49780a23a6bed7ddbb9702ccd9612b365f6cd11e,552,22,550,0,0
2023-05-30T11:23:11Z,c8659fff211f2f7754a7bd4d04428fccb0178a55,552,22,550,0,114
2023-05-30T16:27:55Z,7a73e8ce639324628557615472dd95516bb58dd9,552,22,550,0,114
2023-05-30T22:26:53Z,8814418a6da7ca861226bddc4571df3f185d5bb2,552,22,550,0,0
2023-05-31T08:28:51Z,a00b27c35b550ffa13f858631563637ed39bdec7,552,22,550,0,3
2023-05-31T10:28:28Z,26c176a4ab88a44b7c43acfbcf0a36d6132ca533,552,22,550,0,0
2023-05-31T11:22:59Z,8a5d8d3041536f76862806240d1596054ac10380,552,22,550,0,114
2023-05-31T17:26:37Z,b9eab7f21a4d40c5d110e87488928264847d0b84,552,22,550,0,114
2023-05-31T22:26:28Z,d82f1c5edd21584c5a95cee45c71a3745941c547,552,22,550,0,0
2023-06-01T11:22:53Z,596c6a338bcf4151cd5305c6673edb15d48e6410,552,22,550,0,114
2023-06-01T14:26:32Z,5c76306a6c7396c3a1c2db74f6472d1f28351e94,552,22,550,0,17
2023-06-01T16:34:39Z,2465140fe6f1132651805d5af3aad39828590677,552,22,550,0,114
2023-06-01T19:22:51Z,d6578bccf553e6653cd47bc6e54beffffeda86fb,552,22,550,0,1
2023-06-01T20:24:36Z,18683b9482a63b59dcdc67080e7e3ccc8008eb0b,552,22,550,0,13
2023-06-01T22:26:55Z,6a6d3b6e1b5cb9799e394b7c3511bbcb71f4870e,552,22,550,0,146
2023-06-02T06:28:58Z,fa188d7721423f9c71c1281e57d3c43073b067c6,552,22,550,0,114
2023-06-02T18:28:06Z,a21658adefba51d2a59f4ee401e1de434114e1c9,552,22,550,0,114
2023-06-03T06:28:19Z,20c840fcecf42409199c6b2dfd7ab4159459d29c,552,22,550,0,114
2023-06-03T14:24:33Z,d08e8f943e721050f80fe1bb38f3515569cef7fd,552,22,550,0,0
2023-06-03T17:24:26Z,47a8fa0de6137e68c761b698ab48ea74b8258494,552,22,550,0,0
2023-06-03T18:26:47Z,841adee1ac55ba2d3d66c26cdde200b280c23669,552,22,550,0,114
2023-06-03T19:23:04Z,2c1bb3138b363228d310ff52cb3731ec8c06b055,552,22,550,0,0
2023-06-04T06:27:56Z,4eabd6d2e00eda201571a886e8d7bd4ff0772a77,552,22,550,0,114
2023-06-04T18:27:11Z,bc09d4eea1f35b55c48035480a8681332ba349e8,552,22,550,0,114
2023-06-04T22:25:50Z,60a5ae0031d701af0e2db5ff90662296debd8f35,552,22,550,0,146
2023-06-05T11:23:01Z,5e073b57c40b602b150bdb0022aecadc161a4b65,552,22,550,0,114
2023-06-05T12:48:06Z,e0caf3a2ec0ffb93284206ded21f5ad08bf0b4b1,552,22,550,0,0
2023-06-05T14:27:14Z,d701556be7b4ad653cd7ae22045b30c79e198879,552,22,550,0,4
2023-06-05T16:31:34Z,11a233f3b6989e2075d95a85d252c9a0d4952356,552,22,550,0,114
2023-06-05T22:27:03Z,28349f7cc1de0240828c22f74530abda5c3526c3,552,22,550,0,1560
2023-06-06T03:01:35Z,758fa448df38a5547b54efdc5de190443e82b1a0,552,22,550,0,4
2023-06-06T03:29:35Z,2fcf2da5ca9bb04cf695771c0b6f259b4a6cbff0,552,22,550,0,2
2023-06-06T04:27:55Z,6583e15bcda2ead7ef1939ce6b57a2a6463f4611,552,22,550,0,2
2023-06-06T05:26:55Z,55670de548c41b1b3de97549fa280528f3283d02,552,22,550,0,17
2023-06-06T06:28:59Z,2ebbdede6e2518b3482e7a43bd0341bc44b93cc7,552,22,550,0,3
2023-06-06T07:22:51Z,3b066a2e11c4fd3fc3fa5b0b86549166c7b85ed5,552,22,550,0,4
2023-06-06T09:24:02Z,256c1eed65315ef2104ce19f70e96752e7ceed69,552,22,550,0,0
2023-06-06T10:28:42Z,b914b6aa6f8562210a2cd29eef1879ba5ffdcdaa,552,22,550,0,114
2023-06-06T16:32:18Z,6317769a65cf9ed9aae515a443070d75caa0eb58,552,22,550,0,114
2023-06-06T22:27:26Z,a7cd9b080d3146e3424dc142c271cac7098e8041,552,22,550,0,2
2023-06-07T07:22:59Z,d0790820ccfcd9cf8d73f34c66031dbb2d23c802,552,22,550,0,116
2023-06-07T10:29:04Z,ee88881d9258d584236496d2d3f3cf0852e12923,552,22,550,0,0
2023-06-07T11:23:00Z,a344a44d60ec9048a59a95abd1963484e4c93a30,553,22,550,0,0
2023-06-07T14:27:01Z,acddcedd99f1ce95a4462fe63671a592f82c80a9,553,22,550,0,0
2023-06-07T15:25:23Z,3a676802999f59a5117cfa663ca3d000ae5a972d,553,22,550,0,114
2023-06-07T20:24:37Z,46b12b166d87a6a7a26b7e795c60ff02feab50c2,553,22,550,0,32
2023-06-07T22:27:11Z,9ee41334537ff0d4923a9ca13821aeca8c1de4f4,553,22,550,0,220
2023-06-08T07:22:56Z,5c697cd5eaead0a624c1f148682999bfeff94c5c,553,22,550,0,114
2023-06-08T15:25:07Z,9938024cae51085dc6691ddd456b59e73fd02c9e,553,22,550,0,114
2023-06-08T22:27:16Z,bb82a64ce7f56636a395521557b99dd692c5e59d,553,22,550,0,38
2023-06-09T04:28:31Z,a8b5f511713f43544e082c2dd136348296970780,553,22,550,0,114
2023-06-09T07:22:57Z,a5d13d9008b76e1c5df57330dd90ba903d2fffd9,553,22,550,0,115
2023-06-09T17:26:14Z,2b5a821285b7bd55260ee58cae2c0034b85eec51,553,22,550,0,114
2023-06-09T20:24:27Z,a141a34f03e3ba52f89dc7d3cc9caced828325ec,553,22,550,0,114
2023-06-09T22:27:22Z,56b8937e1e1e26b92b284bf2cca15ddc24aebc55,553,22,550,0,96
2023-06-10T04:27:59Z,04fc5b7cf9d43f1470abcb9e521f25cd4ed5ae8c,553,22,550,0,114
2023-06-10T07:22:55Z,ac6fa0886d1a740b216133ae40685b36795b5b38,553,22,550,0,114
2023-06-10T17:25:43Z,7a2fd0c36c419ff7f553c36046b23695857c0b09,553,22,550,0,114
2023-06-10T20:25:04Z,90e02525394b9067b74b802886dde068e11e52d8,553,22,550,0,114
2023-06-11T03:32:22Z,c4bbff7d4d1ef47cd691ea0671e7511592a7831e,553,22,550,0,114
2023-06-11T07:23:03Z,3a2880814f8db2d76ad5cc4fbd251af1062f9044,553,22,550,0,114
2023-06-11T17:24:51Z,19955da8886a41e327e90a8818ac692bbc949f81,553,22,550,0,114
2023-06-11T20:23:59Z,7d2b49db62facec1c7fbadd77be192869225019d,553,22,550,0,114
2023-06-11T22:26:39Z,b91374cc130591d471065c23ebd55302d8a2d24a,553,22,550,0,38
2023-06-12T06:30:22Z,8c3fe0665033d16ac61b18fb983a62ec51a72875,553,22,550,0,18
2023-06-12T09:24:47Z,b5fa23f7b3393f8de5b3d0194c0114458aadd947,553,22,550,0,0
2023-06-12T10:30:52Z,10ef44a2fac47846e63481fd017bee439ebae8cb,553,22,550,0,116
2023-06-12T12:44:09Z,c68e53acf27cf7c858140d91e97b0497cab0068f,553,22,550,0,37
2023-06-12T16:32:19Z,db3b7106527dcd12e4b0155cb04cca28c23ff027,553,22,550,0,114
2023-06-13T08:28:55Z,841939840a788d60279523278df9ea65f062db1c,553,22,550,0,3
2023-06-13T09:23:54Z,9db13434a6c2ce8ea6d69f5db28fa2b02798236a,553,22,550,0,5
2023-06-13T10:29:17Z,bb7992b672a3f953ebae9837c5fa70b2709f3e58,553,22,550,0,51
2023-06-13T11:22:50Z,029453d804f0060c8ce5513be520f47cee40e5cb,553,22,550,0,57
2023-06-13T16:32:50Z,7a234107897cd4b404cd07de6d72341ba7da1ac3,553,22,550,0,48
2023-06-13T17:26:12Z,83fcf7084d70832efb2fd654db0396307917a8aa,553,22,550,0,57
2023-06-13T18:28:30Z,8e969ed88c2f450359a1a84be6e0367a8794637e,553,22,550,0,6
2023-06-13T22:27:41Z,f2afbddf7e4aa65db230010e9491f49dd62ebf06,553,22,550,0,17
2023-06-14T08:28:43Z,a40573f76e086c0e79c158eb210dafd11509c809,553,22,550,0,3
2023-06-14T10:29:03Z,bdb401e73eb756be89dd8a20a39f9d8239c86c13,553,22,550,0,51
2023-06-14T11:22:52Z,545597ea1cf0d02ab1229b57820e6c658f030418,553,22,550,0,57
2023-06-14T16:32:44Z,1a4d8c46f1e35078ae3c06b757bd51d854732e57,553,22,550,0,48
2023-06-14T17:26:02Z,dfafe7988167672a5b454faf3c3772ef8933a3e9,553,22,550,0,57
2023-06-14T18:28:29Z,07f1555a7e41e4ad2cd05b1c5030c9da3785f824,553,22,550,0,6
2023-06-14T22:27:19Z,b347d5b8f2cd1aef980c79fa7769a2e36dbabe09,553,22,550,0,0
2023-06-15T08:28:14Z,3cefdfe4a6ca49dd82f722de807d795f415c1894,553,22,550,0,2
2023-06-15T09:24:00Z,caf384cc96d28e2b181db1146e336d29d026788d,553,22,550,0,1
2023-06-15T10:29:58Z,c9ece1b8a7d749740ea633266a28c8f8ef2db666,553,22,550,0,51
2023-06-15T11:22:58Z,f973803ec232a7a82c6413da37065031b4cbde85,553,22,550,0,57
2023-06-15T16:31:26Z,335df80f60d0b61707705ceae53195880d2c15c2,553,22,550,0,48
2023-06-15T17:26:42Z,e5ad05df2794f0449b512a485f8b7e69efb49df5,553,22,550,0,57
2023-06-15T18:28:37Z,00f8410fb52ea1acd4616def2585a0c1bf715dee,553,22,550,0,6
2023-06-15T19:23:10Z,ecd3a18398ceb8e3456390e5f365c481dd2295de,553,22,550,0,1
2023-06-15T22:27:11Z,115430621746c37aafb377a0f9dd4e477206d357,553,22,550,0,32
2023-06-16T06:29:38Z,ad4033b8b1b988e21bfc3b6f15dac58a1b8a6537,553,22,550,0,102
2023-06-16T08:28:34Z,3056e3ed4a64bd770fb61e9cfd7e8f7f69151b17,553,22,550,0,3
2023-06-16T09:23:40Z,a7816f1f8983b6b8e749c980f4beb6cf47b5e100,553,22,550,0,57
2023-06-16T10:29:07Z,69383863026f6c34aa2898b0a2670a9cbe537ff9,553,22,550,0,6
2023-06-16T11:22:52Z,9d0b77566bd4b81c89c6656f321cb3b8bf1c9547,553,22,550,0,45
2023-06-16T12:45:05Z,7f1e66251312110f4b797fec8c2be5c6b11c6f63,553,22,550,0,32
2023-06-16T14:26:45Z,59fb5304a34800ea4ec5777ad7b564396877f0ba,553,22,550,0,0
2023-06-16T16:31:25Z,a78d96ffefd068d73ac6be61ed3752b72cd7ce0c,553,22,550,0,60
2023-06-16T17:25:51Z,54fd5986489f81d670b4d79fad252fd562582844,553,22,550,0,45
2023-06-16T18:28:10Z,374f2e291fce48f22edeef0daf24eae049d48886,553,22,550,0,6
2023-06-16T21:23:05Z,1ab7d47a00d034937bfbff7a239ce5497670ddee,553,22,550,0,45
2023-06-16T22:27:00Z,443901b977f5328d1ccae904bfae49a546815108,553,22,550,0,57
2023-06-16T23:23:46Z,52c4b24b8c3fff257bcadc010d835b1ec8d8a002,553,22,550,0,1
2023-06-17T02:43:03Z,12bd754f00be4c14e528d5e95794e8c79d5dfa8b,553,22,550,0,57
2023-06-17T04:28:06Z,d4fb50fa06bcfa232d7f4554fa85c5f9cfd48825,553,22,550,0,45
2023-06-17T06:28:22Z,d08ba4d7971e4ccdcdbefc53725718be1c55a8a0,553,22,550,0,60
2023-06-17T07:23:00Z,9c8ba69868419264b14c2587a250bfd66535cda3,553,22,550,0,45
2023-06-17T10:28:12Z,be8b9bbe5517ce472a934aed18dea92fc003d86e,553,22,550,0,6
2023-06-17T15:23:31Z,f21af023a426100da73b0c6d1188b4a39596f7d8,553,22,550,0,57
2023-06-17T17:25:01Z,4101ce70c8aff2e1302e366d5b255879558cdb7e,553,22,550,0,45
2023-06-17T18:27:26Z,420cef5aab47c7306cdce68e5f18a3de1bdffd39,553,22,550,0,9
2023-06-17T22:26:52Z,e3920b9bcc19f738e06f72ff083b033b664d6542,553,22,550,0,102
2023-06-18T02:10:46Z,e9adfabde29dc054995d744857832fccaaf31622,553,22,550,0,57
2023-06-18T04:28:04Z,72cc2c5f0ea25e95c17100e8b68fd287544e08e5,553,22,550,0,45
2023-06-18T06:28:46Z,db49224dfbeaeaa15f32a7eaaeb8d3908533636e,553,22,550,0,60
2023-06-18T07:22:54Z,5db90236182ddd7ac8ac1d751f4fdc211e81be9d,553,22,550,0,45
2023-06-18T10:28:32Z,06cbf04d9e61293fa9021ca965e6bfea49e9c0c7,553,22,550,0,6
2023-06-18T15:23:43Z,16105a8eb74003b941842b70ff502b7180a00a3d,553,22,550,0,57
2023-06-18T17:25:09Z,f1ddbb7c60448c01fa74083c6bfc421d92f2675e,553,22,550,0,45
2023-06-18T18:27:25Z,1b8e3c4ccd403c1e9691353127a6851d25b4cabf,553,22,550,0,9
2023-06-18T22:26:46Z,8ea10e95172c1a8c6f8702ba023570cf39b614a6,553,22,550,0,134
2023-06-19T06:30:37Z,745774a7e48e4b3dfceb4ea2b35e013addee4cca,553,22,550,0,4
2023-06-19T08:29:48Z,b30ef338847ec79d65efde3a30be1244b0e58e81,553,22,550,0,3
2023-06-19T10:30:04Z,7476a50d09b94cc7fb73b029054a1e2f7df33aab,553,22,550,0,51
2023-06-19T11:22:46Z,f777f57bbf61cce8fcbf69251d35b52c843df407,553,22,550,0,57
2023-06-19T14:27:50Z,e59852912565fa9088a16516e9f6b9ef6455a328,553,22,550,0,8
2023-06-19T16:32:04Z,4b82d1a74beac2385fddc448b6267bd66e54199e,553,22,550,0,48
2023-06-19T17:26:21Z,a3f16e295ee9c292cd4b30b5feb01fbd6f38514e,553,22,550,0,57
2023-06-19T18:28:52Z,211d81cd158d3cc043986c690cabc85497c583b2,553,22,550,0,6
2023-06-19T22:27:36Z,c76037c8a8aa3ace81be6444a2212ae6a4ae2e5c,553,22,550,0,1764
2023-06-20T03:25:08Z,258daa1a8c640a80e51a9cee05b10e0e660a2106,553,22,550,0,4
2023-06-20T04:28:42Z,c3285405943c7ceacdaffb54b63b31dcbdac7218,553,22,550,0,16
2023-06-20T05:27:32Z,4845f353cce4f457a6b632b5560b815076772488,553,22,550,0,11
2023-06-20T06:30:23Z,94f1e21d54cf13fdfe6f78074d938a16e135d21f,553,22,550,0,10
2023-06-20T09:24:10Z,161c6a257e15920b9875dde48c93526381e236f2,553,22,550,0,69
2023-06-20T10:29:42Z,f0af9853a08cd3a5172e7fdb66c457b1b6f4e8bd,553,22,550,0,45
2023-06-20T16:32:23Z,76fad1b4357d200a272deacaf1143e62b6246dcf,553,22,550,0,114
2023-06-20T22:27:04Z,dce4533f488b6bb7ff7f740efb984b552a9eccfd,553,22,550,0,100
2023-06-21T05:27:48Z,b11c267a0db8835ddabf4a549905777404454a3d,553,22,550,0,0
2023-06-21T08:28:15Z,6973cb60a9e6c2272f72bfa20c09912afe83b5a6,553,22,550,0,2
2023-06-21T09:24:04Z,d67e4f3361fe9910d81e74e0e0c0fff059547c7b,553,22,550,0,69
2023-06-21T10:30:11Z,127bd0e26ad267ed1a3138cd8fc9ab0e43bf25d3,553,22,550,0,45
2023-06-21T13:27:19Z,552fd41dbe2e3de06b5e59cec6ea29ab29549dd7,553,22,550,0,2
2023-06-21T16:31:52Z,fde5cac783986491f0e4aaf5322779df9795ef28,553,22,550,0,114
2023-06-22T07:23:05Z,703d5a2aa04a1b8970dac7c32c7b8a3c21a3adb9,553,22,550,0,1
2023-06-22T09:23:37Z,5ab296b6d6f7d37479446ecff2169f546e47bcff,553,22,550,0,71
2023-06-22T10:29:38Z,7bb695c2c661caa7cf93cd89ac404d8bc1a74f5e,553,22,550,0,45
2023-06-22T15:24:54Z,08762df573c1eedc865721fe248033fad9b3a8d3,553,22,550,0,3
2023-06-22T16:29:59Z,83a7d191014cc66b17667228f3f5cd956b400656,553,22,550,0,27
2023-06-22T18:28:52Z,e2cbcc2733ad6ebd538092a321ece3c577cff0f8,553,22,550,0,1
2023-06-22T19:23:21Z,bd1a52c6a2f2c96cf16f1e5dec5fe4d7bfc9e7eb,553,22,550,0,6
2023-06-22T20:28:30Z,452721929045a9560e2a01743f833b46a8ae92b1,553,22,550,0,80
2023-06-22T22:31:10Z,ac81db9555ac487e5af1b6b3dda65895fdcabb25,553,22,550,0,32
2023-06-23T06:34:11Z,283e8fee8ea1a4de785bd84979a27517be372d53,553,22,550,0,45
2023-06-23T07:25:52Z,749c214cd1e8aefb5d78fff413b0102f2394dea6,553,22,550,0,1
2023-06-23T08:32:14Z,fa40e1ae8140148dafc94d387e496389af00edde,553,22,550,0,74
2023-06-23T12:50:01Z,45474e6a283f08c1e3e9fc55161e50805fc7ec94,553,22,550,0,61
2023-06-23T18:31:24Z,313de7c07edf7ffbc07271400d1c3b8fa79eb838,553,22,550,0,114
2023-06-23T19:23:03Z,3c54ac7f9acaf3123200c7bb02a80371b436a893,553,22,550,0,1
2023-06-23T22:31:11Z,0a69e3ea11421510fa9349bc52dbe882bee0f2c7,553,22,550,0,114
2023-06-24T05:29:47Z,d8c80531cf58cda97b4dd8a75e503c94d7e251c9,553,22,550,0,69
2023-06-24T06:32:55Z,e0a2f763400c0d0573587a92f96577380a7fd7ae,553,22,550,0,45
2023-06-24T14:28:37Z,206365df253578189cfeda25fbff9f6be3cba5fb,553,22,550,0,45
2023-06-24T16:35:04Z,85926be7623365265b2dd337384cd3d712d34955,553,22,550,0,69
2023-06-24T20:27:19Z,a706f0e92e618447482787b9ef518ab6055b65f1,553,22,550,0,0
2023-06-25T05:29:59Z,b453fe2711e2b8e7fbd2e47e2ff4ab2cbaf2bcc0,553,22,550,0,69
2023-06-25T07:25:27Z,fb24cdff3c2f86ac76c051ba35cebbf16cdf13ac,553,22,550,0,45
2023-06-25T16:35:03Z,b2a2954133f5cfaf211fef9bc54526b1c0ea08a5,553,22,550,0,69
2023-06-25T18:31:32Z,99b8c3ececa9328e691471b807d1ed2c546a5c11,553,22,550,0,45
2023-06-25T22:30:35Z,52853ab9fdb80f0b74c1464cae04aa4cdc619058,553,22,550,0,146
2023-06-26T09:28:30Z,070924d31ff340fedbd05b28ebf5f5c88e950541,553,22,550,0,69
2023-06-26T10:33:45Z,5ef0da7121cca2440d4e9c3910380bb7718cb66a,553,22,550,0,45
2023-06-26T12:51:09Z,27202016c6b4cf05e2c5fb841de01ed0efa9a5e8,553,22,550,0,5
2023-06-26T13:33:27Z,b377b47a250c3d3063e35c8f48ad65905ec0a697,553,22,550,0,0
2023-06-26T16:36:02Z,7691040118bbc10baae8c9a662f998b7f3992ce9,553,22,550,0,114
2023-06-27T08:32:43Z,1225dd54fe395241679bda0b72d2dca0a05e9104,553,22,550,0,8
2023-06-27T10:33:37Z,a599a35f3c9855d692e041bdd7f13bfc07f6518c,553,22,550,0,114
2023-06-27T11:24:09Z,43cbb60b77c9ecbd43b432b8a16635003795f6cf,553,22,550,0,42
2023-06-27T16:36:48Z,51403c67d15afbf92d642c5b70e94d464fb2f0c0,553,22,550,0,114
2023-06-27T22:30:39Z,2561755bd3eb81ae80497bd1c03097de9a5af444,553,22,550,0,2
2023-06-28T10:32:58Z,fcfbd1fdcf7d996013ff170d66c0150e5d7cf0e8,553,22,550,0,114
2023-06-28T16:36:11Z,e5477ad7f11de1276ea9d82189131b0c9277d683,553,22,550,0,114
2023-06-29T05:30:19Z,c2c968b1995040c625e5cfd340d7c226f37ae472,553,22,550,0,4
2023-06-29T10:32:51Z,e1119d51bb6e86931dedb19bc7f65f084de6cd2a,553,22,550,0,114
2023-06-29T16:34:43Z,3d91b7ba06eed9b542ac217bb28ab95713677eff,553,22,550,0,114
2023-06-29T20:26:53Z,7cd5cc0901268215a7dd7d43f3659d054ee22cce,553,22,550,0,1
2023-06-29T22:29:28Z,948160eb453635819b21814153207e7df8b38398,553,22,550,0,36
2023-06-30T05:29:13Z,32952e08dde9cc829e4ef714110cf4c8f6a1b96c,553,22,550,0,116
2023-06-30T10:31:35Z,23c5a1bfd9acf870de58cd97da68baeb5f4de969,553,22,550,0,114
2023-06-30T12:48:57Z,01d07b931a230d99dbed9438a2810170a08155d8,553,22,550,0,42
2023-06-30T18:31:20Z,e51d68a59b0b8d7576d47697bf3ca77c5c9bec9e,553,22,550,0,114
2023-06-30T20:25:59Z,d232990c1dda405fd02e6a036ed070f33c751aea,553,22,550,0,1
2023-06-30T22:29:30Z,10ff3d9359ea0977ea8d9bf293c7800225af7c23,553,22,550,0,0
2023-07-01T07:23:39Z,30f0bfee723d8c1f2196e96eb20aad8a051d64c5,553,22,550,0,114
2023-07-01T16:33:35Z,f62787b14740eb2cc767a1a35f994b99263922c6,553,22,550,0,114
2023-07-01T22:29:01Z,79bd0e562e845271497fd5732a2be15ce1dd81cc,553,22,550,0,0
2023-07-02T07:23:30Z,00c68f8a21a05c303df1f1eb83524bcb4799af20,553,22,550,0,114
2023-07-02T16:33:09Z,fff7cc87d4661d0b954bed8d33483afc49aa5050,553,22,550,0,114
2023-07-02T22:28:57Z,71ed11d067f98f6ec63395c84129736ff74d6c21,553,22,550,0,150
2023-07-03T02:07:54Z,8ee0b9a7ae2a10709d873b41d21676ff01c6a8aa,553,22,550,0,114
2023-07-03T06:32:54Z,2ab728a4a5b3f4c58999228c6d114d82cfd7193c,553,22,550,0,114
2023-07-03T10:32:33Z,f9ad3c64d6c27085c158ddb7fb416827b587d52e,553,22,550,0,114
2023-07-03T11:23:14Z,215a87b7dc3c74cb37685a4529de266595248802,553,22,550,0,10
2023-07-03T16:34:45Z,09a199356b2e62d66fe5fb475aabd769d0fa294b,553,22,550,0,114
2023-07-03T21:25:05Z,88d5c892b42a81fff0c4e7e5653c8c1ac1bf2109,553,22,550,0,4
2023-07-03T22:31:16Z,3b4946e0c58563c29a25a4c0897a722cd9cf6eaf,553,22,550,0,1761
2023-07-03T23:27:42Z,e747098748c538c5727c58d974a1e83a99a99589,553,22,550,0,3
2023-07-04T03:07:20Z,9b2d82b2d242411fbb4b223147c55e2f57fb33d6,553,22,550,0,4
2023-07-04T03:37:35Z,62999d54aa0d50f0cda2c8bc025831138f349eab,553,22,550,0,2
2023-07-04T04:32:57Z,4edc572e11808d3aeec151179d56ae81b64e920c,553,22,550,0,11
2023-07-04T05:30:31Z,c97d6267bc3c507c5f310fb7ddf46cdf43126531,553,22,550,0,15
2023-07-04T06:34:14Z,68b59d3fbc35bc0652ba1e98c6eb39644084b8b5,553,22,550,0,7
2023-07-04T07:26:17Z,c479f95874857d5eca5bfb71cd599a63c0c9a60c,553,22,550,0,1
2023-07-04T09:27:43Z,7d6452bebba607deb806180e7796581d846812e0,553,22,550,0,3
2023-07-04T10:34:21Z,23e2d30bec6853b50eb8657488f66ecb8840ffac,553,22,550,0,114
2023-07-04T12:52:27Z,2034c2df0e408478694a15b04fb2900f58833b61,553,22,550,0,0
2023-07-04T15:28:40Z,e2f50416d0fc9dfb08e1b6782fd317f45d44c769,553,22,550,0,114
2023-07-04T22:31:22Z,fc8d448c187bc00c9d83ff7b557f7e0781ca46f1,553,22,550,0,2
2023-07-05T10:34:51Z,d2be61fd4fe47e61f4cdfc46ddd2c32ef17e9c83,553,22,550,0,115
2023-07-05T15:29:40Z,d08f996d853ebfaf8ba81f231c043be9c2a0fb33,553,22,550,0,114
2023-07-06T07:26:45Z,b056543a07b09434617a56918032e5641563171f,553,22,550,0,1
2023-07-06T10:34:52Z,de86fc3d5f46b5ce82a4cbfe99eb0b4a69d78fa1,553,22,550,0,114
2023-07-06T15:29:50Z,b62cb50d9b2556824f96336843faf0bc5fbfc855,553,22,550,0,114
2023-07-06T20:27:43Z,f87df10b0fc548c10cb0214450267d2468b5bd56,553,22,550,0,1
2023-07-06T22:30:37Z,9b1a902d9cddefd5ae5de810e931d684bec64157,553,22,550,0,94
2023-07-07T03:36:15Z,7358f1ef0efd15e907618f7c95ce4d15efb8eba2,553,22,550,0,114
2023-07-07T10:32:40Z,a7ea900694c808b4c6446ba90a506d1d41fa01f5,553,22,550,0,0
2023-07-07T11:23:39Z,6c1a24d80b8e45f16a9061ed8f3a4ee16340b982,553,22,550,0,114
2023-07-07T18:31:49Z,d6510197f6adcfe3626961504924f05455f14b90,553,22,550,0,114
2023-07-07T20:27:24Z,59a0f78d6c4f07dd4d16d8d3adbb946599686a53,553,22,550,0,1
2023-07-07T22:30:13Z,b03f524502554172f75dfdd74e3cdac6baff74b7,553,22,550,0,108
2023-07-08T06:31:00Z,bf2455b41b443e33c1e61e4194db719924f4f4fc,553,22,550,0,114
2023-07-08T18:30:26Z,18865bd05923fa6606932c734757247fb3f5729c,553,22,550,0,114
2023-07-09T06:31:44Z,5809f93d0305116d6f9b86bf78a787f37b2cceb4,553,22,550,0,114
2023-07-09T17:28:05Z,bfa6d78fb68c1fc63568b03b5a1bc8b30f5855cc,553,22,550,0,0
2023-07-09T18:30:17Z,3e363d77f2b9d8496a032c9c92fb3fa1afebc020,553,22,550,0,114
2023-07-09T22:29:41Z,398096b9c759d7485166965aab79bbad8a84db62,553,22,550,0,146
2023-07-10T04:32:18Z,5ea331eb581877732a8a7c6a93c9268c9285ff8c,553,22,550,0,114
2023-07-10T07:25:42Z,bba11ecbaff6319b53bff5b4ee91abf7c73adb05,553,22,550,0,114
2023-07-10T11:24:19Z,fd4d3fbdf6703e4185f177cb9d0848ee0f2b700b,553,22,550,0,114
2023-07-10T12:51:47Z,3a35d5769f8fa051b762570142160a5393c707b5,553,22,550,0,0
2023-07-10T15:28:59Z,28de1966f740a1a47d589c7028d37f65e0ede317,553,22,550,0,114
2023-07-10T22:30:43Z,74b33b96ddeb56e978df8036a27628cee85c9a95,553,22,550,0,56
2023-07-11T10:33:13Z,195c2b574c05f6ab96ff8a12c05c1485faa7305d,553,22,550,0,114
2023-07-11T15:28:34Z,453084dbb9b89eae6ad6ecd514661ea5cd4274c2,553,22,550,0,114
2023-07-11T22:30:19Z,ccd913006b3f43498494967b5e87476fb99fbadc,553,22,550,0,30
2023-07-12T07:25:09Z,fecafdd1489abba78dea8e79e0fe7261c30136a1,553,22,550,0,6
2023-07-12T10:33:04Z,53774e5f66bcbdf7d45b3a576638b6328c89761a,553,22,550,0,114
2023-07-12T14:30:02Z,8d9ae63e0cb86f9cb1c05f6bbf610bb1bb6827d2,553,22,550,0,1
2023-07-12T15:28:20Z,9b85578629709ff3cd66e743bc1a5370ec56178c,553,22,550,0,114
2023-07-12T22:30:22Z,684d27645757cf493ddbb9441016152789c16602,553,22,550,0,2
2023-07-13T10:31:40Z,bbe1ce303ab7f78c2765533bc8176b3e2f5b721c,553,22,550,0,114
2023-07-13T15:26:40Z,5948204576d6313108e0c52f21f42e66c81d2565,553,22,550,0,114
2023-07-13T20:27:20Z,d989091594dd8c9c585dc6fbb334bd3803ac3942,553,22,550,0,1
2023-07-13T22:30:27Z,daa47bd48037f04e148d514e8ac22c8864d703eb,553,22,550,0,88
2023-07-14T03:35:42Z,6976a71839b878318953dd8f930c6e1527b33ab6,553,22,550,0,114
2023-07-14T08:31:51Z,8e4074d9be1bc76b858b6bf0361d2f242553af15,553,22,550,0,4
2023-07-14T11:23:35Z,4812bee887235f8f5147a0108fa2a6d95710947b,553,22,550,0,114
2023-07-14T18:31:34Z,936371c73705cafa141287c0b5c318a16b099689,553,22,550,0,114
2023-07-14T20:27:30Z,33c5ce0937acbcbc9d8b3e2a52eba9546677fb64,553,22,550,0,1
2023-07-14T22:30:06Z,9fa0402ebe597e4c188065b1af0139bd975df112,553,22,550,0,6
2023-07-15T05:30:03Z,4855c81b22174e91aedb88100c29d50b917d48ae,553,22,550,0,114
2023-07-15T18:29:57Z,6e9774be9a8bf10118e25f337684b44045088ea7,553,22,550,0,114
2023-07-16T05:28:59Z,dc7fa1358390dd6aee213e4b9d042b183cd30705,553,22,550,0,114
2023-07-16T08:29:46Z,878dbd3aa9d0ea53a5e0aeee9f69136ba8b04888,553,22,550,0,0
2023-07-16T18:30:43Z,7876775c46731777859d6f3f747124c9377cb650,553,22,550,0,108
2023-07-16T22:29:23Z,18669cb5688244851bb3bc3284d690a02c60c583,553,22,550,0,138
2023-07-17T03:37:09Z,b41649c556c07af2b75ec40b4f5f6884d3a77d05,553,22,550,0,108
2023-07-17T08:33:00Z,d463912b6de72c57cc323a7a31145ae02723e343,553,22,550,0,8
2023-07-17T09:27:23Z,420d77e596f05a01ffc017a14b8b534018ec097d,553,22,550,0,1
2023-07-17T11:23:46Z,21bdb11ea5b4c14f00351a31ce92bf97553d809e,553,22,550,0,108
2023-07-17T14:30:34Z,b6567c0ee5931b83d7445bc3f3115e901909b367,553,22,550,0,4
2023-07-17T18:31:39Z,43a09ace0dedac4196aecdf55ad81b3315331826,553,22,550,0,108
2023-07-17T22:28:45Z,ebef3072c40f8abb77f260232bc8407cae368384,553,22,550,0,1759
2023-07-18T03:32:41Z,a32bf30ae78ce197061907bc35392d64a25e9b96,553,22,550,0,4
2023-07-18T04:29:53Z,e157f0a73b0899b9fbe1ed5f6e73ab45f9dbc5b4,553,22,550,0,14
2023-07-18T05:27:52Z,9843933368b55909f65acf4d09fe2b0d9af6dae2,553,22,550,0,14
2023-07-18T06:31:08Z,2001124c4cc376299cf076af34fafba1385a25f5,553,22,550,0,5
2023-07-18T07:23:53Z,a7bdb484e2979b32ee1d2da620473e6cfcd1f5b0,553,22,550,0,4
2023-07-18T08:30:59Z,5224b5763122a317ec419a1a45c907f1d2d03817,553,22,550,0,5
2023-07-18T09:25:31Z,03b343cd0ccd5b237e78ff5f46e4a537d9482a70,553,22,550,0,54
2023-07-18T10:31:24Z,021d299c775171785590bfd59f43f8c37da088a9,553,22,550,0,57
2023-07-18T12:48:01Z,aeebf4feebca9aad5824150199e2c66feb4ea8fe,553,22,550,0,3
2023-07-18T17:27:59Z,b4c8c8c65dac28fae69604eb4ce7b1948dd4a59d,553,22,550,0,51
2023-07-18T18:31:25Z,7beaf6d8899c9379504cae0d816ffb68b712ccc4,553,22,550,0,57
2023-07-18T22:27:41Z,2024f1f791dd7efd435862a2b6fcd6f91a860a3e,553,22,550,0,0
2023-07-19T09:24:20Z,bd6f0d65249097d31177541667d26586edfdc157,553,22,550,0,51
2023-07-19T10:29:44Z,d00c2c643ec83fa1587fb77fa830c483c1dee15b,553,22,550,0,57
2023-07-19T12:45:20Z,3af93390d83d6f532ab6acdc92cdb35f8153f0fc,553,22,550,0,0
2023-07-19T17:26:35Z,e1ec3b51d3ebad4dab580034001a1d3d4c72397e,553,22,550,0,51
2023-07-19T18:29:05Z,b54ab4b9c666f3e01b6a84ebd930567d92a1eb33,553,22,550,0,57
2023-07-20T08:29:02Z,3d96d78b31925aaa155a9b1d3900b828c93e5703,553,22,550,0,0
2023-07-20T09:24:30Z,0191bfe668f8742f5b186294644184575c57e005,553,22,550,0,51
2023-07-20T10:30:01Z,b6f28ddc0ed79d2b22c1c71184a0239bbfe8ad16,553,22,550,0,57
2023-07-20T17:26:12Z,0406ba6877a4e2201440f7d132cc701830ff8579,553,22,550,0,51
2023-07-20T18:29:44Z,626268bc349d8221323594313a86e59107d5909e,553,22,550,0,57
2023-07-20T22:27:20Z,8a675a8add0371e03c87b1fce5e6e518b59cb6d3,553,22,550,0,100
2023-07-21T02:41:58Z,97ffe22d5f841a3b293cea155b3699c0cfe030aa,553,22,550,0,51
2023-07-21T03:24:25Z,1ead1e2ee5982da44567ef69f5fc5265bf06a05b,553,22,550,0,57
2023-07-21T04:28:32Z,811c555929037fdfe46459955839943f3216711f,553,22,550,0,1
2023-07-21T10:29:32Z,9cc7ac2f8aef36dae2efd613db1c3dd289ee1883,553,22,550,0,51
2023-07-21T11:22:59Z,e27e45c5290ea04ba8c72602511ddae8a0f8c62b,553,22,550,0,57
2023-07-21T17:26:20Z,0616fd47c67334ba435ade97c8b5d6f01cc357a9,553,22,550,0,6
2023-07-21T18:29:31Z,3278db5ee1dcced341b9b0251b88a8342bc24e18,553,22,550,0,108
2023-07-21T22:27:16Z,d21f2e3a73b4b9ee0e9b163a7d2729122799c9e4,553,22,550,0,1
2023-07-22T03:24:21Z,5a759ae1d1aaf31252831430547902f8131ef396,553,22,550,0,51
2023-07-22T05:26:04Z,8f6e5f3c2fff4016ffb2a162009559e5632fbcd7,553,22,550,0,57
2023-07-22T18:27:13Z,d9a88dfa49e28b8421dd6b9c48a58e2db6568a56,553,22,550,0,108
2023-07-22T22:26:46Z,0b988d431ffaec06efcc7c50ec0a84266d536f2f,553,22,550,0,0
2023-07-23T03:24:52Z,e4693a88cde3785ddbdaeb630011d0e388dddd6c,553,22,550,0,51
2023-07-23T05:26:14Z,088ce807175e3623a2fd5c40c6c16dbd85d1e9ea,553,22,550,0,57
2023-07-23T18:27:21Z,2b8ce299f7731dd5179b83ba28480f732ff6b034,553,22,550,0,108
2023-07-23T22:26:50Z,893902761c86e7d71ff7fa38616d500929641b6b,553,22,550,0,138
2023-07-24T02:42:11Z,a7a76fbf860577f5bec8ba1c17807d38d8bd7267,553,22,550,0,51
2023-07-24T03:25:28Z,4f9ab652132233ea3987aeaa6191e572b2d77048,553,22,550,0,57
2023-07-24T10:30:44Z,d6d159068beffaa6b5a4084e9bf6e27fe256b996,553,22,550,0,51
2023-07-24T11:22:53Z,3e98f81538a957e898003c6c0f0a8c6697484e18,553,22,550,0,57
2023-07-24T18:30:39Z,60006beee977b17c45e638718aac31d390695e92,553,22,550,0,108
2023-07-24T22:27:51Z,50b9affbfd65f55fca8c8b26150677ae1e293cf1,553,22,550,0,160
2023-07-25T08:29:33Z,87bff5d5f16edd3ac9c129f5b5e5f79f03d5778b,553,22,550,0,2
2023-07-25T09:25:01Z,2457ae9df839d5083e35ba2185e4a2b37e1e9fe3,553,22,550,0,51
2023-07-25T10:30:20Z,caf0a9cd9140bf393f56268470b8cede630f7ad8,553,22,550,0,57
2023-07-25T17:26:20Z,d6fcd83b498d4daea1bb1332291bb59cfc98f411,553,22,550,0,51
2023-07-25T18:28:04Z,9347705167145d6b92de81623f92d12ff558def8,553,22,550,0,57
2023-07-26T09:23:35Z,85e13ca547bf712fe960567dacda8be379f67118,553,22,550,0,51
2023-07-26T10:28:52Z,1f8af620f2c69aa2966e6e84c716b56d0b36bcbc,553,22,550,0,57
2023-07-26T17:25:32Z,b74a17e082c5b65d11ef2ac39081b2638161b9c0,553,22,550,0,51
2023-07-26T18:28:02Z,2ccb69fda96b06c1143699bddd1e9d046c5a28a9,553,22,550,0,57
2023-07-26T22:26:37Z,ec93d3dd380e443909e38a32699f85557a35d876,553,22,550,0,1
2023-07-27T09:23:35Z,553da5d05b98871b8cdaab80dbb83ae10d4dea34,553,22,550,0,51
2023-07-27T10:28:47Z,35e030481ddad1769ee89abc720051a4de685c5a,553,22,550,0,57
2023-07-27T17:25:53Z,7dc10655feff611468dbdc36eecae93b91f39c5a,553,22,550,0,51
2023-07-27T18:28:08Z,8c46cbf22fa5da3aa1b3cfc3a565a6fb31a13ec6,553,22,550,0,57
2023-07-27T19:22:56Z,6a83147a8b932d46abd7cd0f87fe9a08d0a8cec5,553,22,550,0,1
2023-07-27T22:26:23Z,52431c1751b16c9d5d3c37febf08ef73d8fc0f13,553,22,550,0,100
2023-07-28T02:36:30Z,2984142df76e9c84d71cc387a32dc94324782ac0,553,22,550,0,51
2023-07-28T03:23:50Z,47806c1bb75c38a8ceabaa97978380fa7388ce06,553,22,550,0,57
2023-07-28T06:28:50Z,74b5a8853799e8cf9d43b538ef87b81199ecbe22,553,22,550,0,0
2023-07-28T10:28:31Z,479b076f80e17c30d81f7ab7e869dd22bbae7608,553,22,550,0,51
2023-07-28T11:22:52Z,84d47ed987fc068400e78bccfd1a6011f17a392b,553,22,550,0,57
2023-07-28T14:26:23Z,d2749f6282b729ab83fe6826091d8e84de06e0d8,553,22,550,0,0
2023-07-28T18:26:54Z,efbc55644bb887bac28ab0d75d77ce0330bf4c5a,553,22,550,0,108
2023-07-28T20:24:01Z,3191c87613b93d8994381f4602513d1cfd7fc5a0,553,22,550,0,1
2023-07-29T03:23:36Z,c40a698eb177aa6789cb405abbf72e4202fb0648,553,22,550,0,51
2023-07-29T05:25:10Z,1a0bab6e48f7806c0a0033ddfeb81dbdb587d3f5,553,22,550,0,57
2023-07-29T18:26:07Z,666c9793b3a63b225507b38caf1a7da304508f0b,553,22,550,0,108
2023-07-30T03:23:19Z,a8c6a42fb8b32ec60d800a75fa42040093196f19,553,22,550,0,51
2023-07-30T05:25:38Z,061f1ec6d74a8071012e8f29aed63d5b65b38791,553,22,550,0,57
2023-07-30T18:26:20Z,0b248d7f2cc6f9b609ef463cc162ad9fa762005d,553,22,550,0,108
2023-07-30T22:25:48Z,020d839bb068b4df444fb57abc2fe3f6b6c77222,553,22,550,0,138
2023-07-31T02:39:40Z,54ba605454705dd2acad9b1460bf050c4e3a5ade,553,22,550,0,51
2023-07-31T03:24:24Z,cbfee0489670e7c98d1cafd29cfd5b68d20919a0,553,22,550,0,57
2023-07-31T06:29:35Z,7283b1c596b497e11f2abfce1fe1b250b6eee48a,553,22,550,0,0
2023-07-31T10:29:52Z,a6eec5c6be87c75fb68d5f13e1cc3f32e1fa4c7a,553,22,550,0,51
2023-07-31T11:22:52Z,f2178e76c7000951d4a8dc9045b84d87499b4888,553,22,550,0,57
2023-07-31T13:28:28Z,ee4213f369c1428e8c696c7bc1ca49f739780bad,553,22,550,0,0
2023-07-31T18:28:24Z,f6b0f3a14ef70463108d0034f03b9c2c650efd31,553,22,550,0,108
2023-07-31T21:23:10Z,6ac4130c92bb88e133f2e2aa8e790a83f3ce6657,553,22,550,0,52
2023-07-31T22:27:27Z,c8879815d73c8762d44d8c886497d108e2df95e6,553,22,550,0,1784
2023-07-31T23:23:41Z,24544e2b50ee7fa67f76507f5cbea70219d10e63,553,22,550,0,3
2023-08-01T03:24:58Z,115f1e7bdc40c6983ef0aa2e25a9950ace411777,553,22,550,0,4
2023-08-01T04:28:21Z,113688d5037be429690589958474b342ed5af617,553,22,550,0,14
2023-08-01T05:27:03Z,90b194ca2cd885cc7105648d54eeb847ac5771d5,553,22,550,0,11
2023-08-01T06:30:49Z,b14a364042c915d2e882a4b10f5ba8db22a80d89,553,22,550,0,2
2023-08-01T09:23:56Z,a687faaf85e8b24aad3b9f3f03161bbe84705b58,553,22,550,0,51
2023-08-01T10:29:38Z,452220dffc21b0da4dc67130b3eb4d86e4236442,553,22,550,0,59
2023-08-01T17:25:51Z,f90877750f3368a8b180dd344317d44f7333e902,553,22,550,0,51
2023-08-01T18:28:17Z,fb390e6d1babfca0ec491090f665af276539007b,553,22,550,0,57
2023-08-01T22:26:45Z,b477d7ef38093b91639a4eadea7c8bb24b0dfd5b,553,22,550,0,1
2023-08-02T07:22:47Z,c885f3bca5b8e4ebad786223ede6d50b389b8619,553,22,550,0,1
2023-08-02T09:23:35Z,c7403c19c7970916c0eeec60ac107b44f1e1ca99,553,22,550,0,51
2023-08-02T10:29:03Z,ed3ae0cdbd3760083bfc91eb008ded8b4d5df28b,553,22,550,0,57
2023-08-02T17:25:26Z,5c58a3e2e474dae0dd3f886bca985de537e2d90e,553,22,550,0,51
2023-08-02T18:27:51Z,a6f24c697007ee9125b12e9b28fc0c1b98b131f5,553,22,550,0,57
2023-08-02T19:22:58Z,f3246c30efd050a82ea62c032b96ea121c202bae,553,22,550,0,3
2023-08-02T22:26:29Z,79710c1c1ae3cc110d0cc6e925359f5af7ca4a39,553,22,550,0,105
2023-08-03T09:23:33Z,4982eeff4d50df6d10a072d5032b7540f59619fa,553,22,550,0,51
2023-08-03T10:28:50Z,97c5087d178f787c2ede2cadad91a0aac2dfed42,553,22,550,0,57
2023-08-03T13:30:02Z,d6fd58293a2f473be47dcb613239a4c3b17e1461,553,22,550,0,0
2023-08-03T17:24:28Z,9ac9f19df7c6a93058590d1a6707da9cd6d34751,553,22,550,0,51
2023-08-03T18:28:09Z,f49e05f0fc00c8784fd4bfb93213058b7eb7f497,553,22,550,0,57
2023-08-03T22:26:22Z,c43f438f68051735f6edfa22676096d1b00fe620,553,22,550,0,98
2023-08-04T02:35:41Z,94c6d96c8790b7a970299c857ecd363264b6d6a7,553,22,550,0,51
2023-08-04T03:23:28Z,1fd60cfb6575e6f202efb8f0dbf5f5c24b7241d8,553,22,550,0,57
2023-08-04T10:28:14Z,f5bd6a445348da74bc64843af72eba1a5f77fec9,553,22,550,0,51
2023-08-04T11:22:56Z,a1d00c5da2d3fdc64c0024395f21965d91412617,553,22,550,0,57
2023-08-04T18:27:51Z,c82f3cb55b27eeb11369c8c0e2e124b9b5e72dde,553,22,550,0,108
2023-08-04T22:26:14Z,18d33011888c7dc775dc8ebe04aa7ec167de5835,553,22,550,0,1
2023-08-05T03:23:13Z,0ff18b384d9bbef8247b450f7a44c36adc3220f4,553,22,550,0,51
2023-08-05T05:25:22Z,11791dc6471247683104d43680a2b9ee06cae73d,553,22,550,0,57
2023-08-05T18:25:58Z,94f2e363485e6333bb8d873d1d40fdc022c792ca,553,22,550,0,108
2023-08-06T03:23:29Z,4632d4c4b4a8d91b06f468a464b1e58f26089ab7,553,22,550,0,51
2023-08-06T05:25:11Z,36dfa13c698a1d7ac710785b48590e23e67beedb,553,22,550,0,57
2023-08-06T18:25:44Z,7af677a2c9f75b0b7dbe7ccdb2aed785b93838c9,553,22,550,0,108
2023-08-06T22:25:29Z,5757a73c2c4d6ee8acb7af47d056e5196e38b67d,553,22,550,0,138
2023-08-07T02:37:37Z,ff17e2328d0d3645d22de4dd4b6a0f8f49879d45,553,22,550,0,51
2023-08-07T03:24:10Z,c28fd418541e5dc024f32a2885f19f471edf5d4f,553,22,550,0,57
2023-08-07T10:29:10Z,9faafff431efe5db66acda9ed7ed39bc42c88699,553,22,550,0,51
2023-08-07T11:22:54Z,a0158dfd8c36b36927beeb28be2ee6cd0837f7f1,553,22,550,0,57
2023-08-07T18:27:40Z,cbbc6a485cd06ddb9b9ea4a5be9e6c59455d76a8,553,22,550,0,108
2023-08-07T21:23:03Z,07f4da9cc417ffe7653b37dd4e13855aa8a5958a,553,22,550,0,30
2023-08-07T22:26:21Z,3fabbe569c7b36561b1a47ab849715c86540336d,553,22,550,0,126
2023-08-08T09:23:18Z,a2f1ed0893d60aaa30075840e9ed3308cc03c87c,553,22,550,0,51
2023-08-08T10:28:28Z,031acfd7a3685c98902ea739136253822f2497af,553,22,550,0,57
2023-08-08T17:27:54Z,4f2a8d705da9b2691f0a8c4a8fe559da52e5f446,553,22,550,0,51
2023-08-08T18:29:03Z,d0a043efad2483c279cba3921f90a7871729696a,553,22,550,0,57
2023-08-08T22:27:45Z,77cfe2ca6de7f7cc3d5e640f3ce9a6a56e9f7922,553,22,550,0,95
2023-08-09T09:25:19Z,2302a4c25c43d43446510482c810197b4fe01cb6,553,22,550,0,51
2023-08-09T10:30:07Z,ed18e9ab931af3f302616fe69bdf785e0a823eb6,553,22,550,0,57
2023-08-09T17:27:00Z,2704834ff9673e81d8adf1d1893da50f641b81cc,553,22,550,0,51
2023-08-09T18:30:13Z,37d6937a9a305279884f105a45d8ca2c3b579348,553,22,550,0,57
2023-08-10T09:24:41Z,c714dcefc9477d82670f9c27149bd0d305acc9da,553,22,550,0,51
2023-08-10T10:30:18Z,9b5de73e0fd9cb273c33d44a86922fed6d353172,553,22,550,0,57
2023-08-10T17:25:36Z,55f6fba2a170af185b96cda8eea8113df47d3feb,553,22,550,0,51
2023-08-10T18:27:57Z,179db4e9cffe6447730f78d7372a3fb13031aa94,553,22,550,0,57
2023-08-10T19:22:46Z,f6226021e8497046daf29a860a370b84843aabf5,553,22,550,0,1
2023-08-10T22:25:50Z,df291c6481a322317f87506bf6eb6e7fa6038923,553,22,550,0,99
2023-08-11T02:26:02Z,b62d95b630b8d383edaa84be145486eb063131cd,553,22,550,0,51
2023-08-11T03:23:28Z,d58c2d30bcba9062cd8940a9ecb150c95e2bedb2,553,22,550,0,57
2023-08-11T10:28:05Z,8d9eb94ded956a5f33288613d060476c01d662f1,553,22,550,0,51
2023-08-11T11:22:39Z,49bd5fa5c4045588148d06b519017dc4fe412702,553,22,550,0,57
2023-08-11T18:26:49Z,f487e676b8637678613890c102856db391807fbb,553,22,550,0,108
2023-08-11T20:23:15Z,2be8cd9eb66ecdf492a0c0ee4db92c5ccddd83f4,553,22,550,0,1
2023-08-12T03:22:53Z,baee9e19f7ab7569bb6d9b7187d79ecdd3dbde3f,553,22,550,0,51
2023-08-12T05:24:42Z,42a2b54c62f069b66617358f2d0af52e5b65d273,553,22,550,0,57
2023-08-12T18:25:28Z,743e7ebbf0022b8595841e45f2635a346e18b3f7,553,22,550,0,108
2023-08-13T03:22:40Z,5314241efe3b999dac5c5b9da0112d12688932b5,553,22,550,0,51
2023-08-13T05:24:25Z,dfb7b875eac24655292bdff633b77b97b797e32e,553,22,550,0,57
2023-08-13T18:25:25Z,2bfc75b1f73826a5bb817caef06328d79bf5609c,553,22,550,0,108
2023-08-13T22:24:48Z,e127f976fa0759ad2bc58a02123eee1e73219344,553,22,550,0,138
2023-08-14T02:26:58Z,1588ed509a08b0bcb1ba84a3d44b6db7d99a8edf,553,22,550,0,51
2023-08-14T03:23:10Z,883f009f16bce1a842ea97d4372705d415189c16,553,22,550,0,57
2023-08-14T10:28:09Z,2849db19c8738aba1e057ff0ebf3ab30ca7b1773,553,22,550,0,51
2023-08-14T11:22:42Z,af213c2aeb2bae73cc9a5113eb96354b0dc36b11,553,22,550,0,57
2023-08-14T18:27:19Z,67f46d1ee5db90d23c8c7abe4b464d46fde60b15,553,22,550,0,108
2023-08-15T04:27:12Z,db1474c8feea61b1e11b3a3df9550d3962741bcd,553,22,550,0,108
2023-08-15T18:27:00Z,5b429bfbf5c266e568420185e192ad1ba2d136fe,553,22,550,0,108
2023-08-15T22:25:56Z,4cce23b19e2c780ac34ff97120dfe7874553eaa9,553,22,550,0,0
2023-08-16T04:27:30Z,fee8f6614756f4cd0feca84326c1a4a4ded8d897,553,22,550,0,108
2023-08-16T07:22:42Z,2af58187d9ace00d6d3e47b73715f503b6d5bbee,553,22,550,0,0
2023-08-16T08:27:24Z,4e7580dafc295398090631e025b3be5f406ab406,553,22,550,0,4
2023-08-16T11:22:37Z,8b6496a5c47153486a996898f82ef50b86a7906d,553,22,550,0,0
2023-08-16T18:27:31Z,2ce47ccd9eaac8a87583a1afb1c32f3afed24c47,553,22,550,0,108
2023-08-16T21:22:45Z,7eefeb06e64a10068f90450a2e407e718abad1fb,553,22,550,0,42
2023-08-16T22:26:03Z,c1310c09c64335b5f3dcfe4bb14baca825b1447c,553,22,550,0,614
2023-08-17T04:27:27Z,5ea8d898f505c4fd5109d3f664d88f6bcbf78d6a,553,22,550,0,3
2023-08-17T08:27:00Z,fa84d510440146e6273687c220fb336fe03464a6,553,22,550,0,1
2023-08-17T09:22:48Z,ead7e953a929aef70bd0ed48a7f7bfe4a6eb39de,553,22,550,0,10
2023-08-17T13:28:06Z,a1dea9cb8b6077cd38ad7f2c8ccc39b798132632,553,22,550,0,2
2023-08-17T22:26:12Z,53ae2ff264b2d80e0054bfdead20597e437afd0e,553,22,550,0,97
2023-08-18T02:26:26Z,edda11d8f36772d9c54099b6228a092342f8d9fb,553,22,550,0,51
2023-08-18T03:23:17Z,bd02b4261668ab9449992670ce82c1d68b758453,553,22,550,0,57
2023-08-18T04:27:27Z,1d23d1b1b078d19b4b587cccbda890038d1ee9dc,553,22,550,0,1
2023-08-18T10:27:43Z,73ab172b7ff5e84df65275fc7e3ff1d4addb76ab,553,22,550,0,51
2023-08-18T11:22:41Z,6e7bc59f63b45e438f1a679916780e5862097788,553,22,550,0,57
2023-08-18T15:23:10Z,943918d6343d9c3d8ccd148bfda786d63db9f78f,553,22,550,0,2
2023-08-18T16:30:01Z,6360f9bb919cfb3f1c64eadf8b2856c097cedde4,553,22,550,0,28
2023-08-18T18:26:51Z,a53c825253865434adb8e87e38e366f3fcca8ecc,553,22,550,0,108
2023-08-18T22:25:47Z,84651cfa2ab449a5f41d498320db06a7798cf4ce,553,22,550,0,1
2023-08-19T03:22:37Z,24feebda5650f27a6ca01646bf265b574753e1af,553,22,550,0,51
2023-08-19T05:24:44Z,25e0307dd94e001e342bda58f9a94456c58aa022,553,22,550,0,57
2023-08-19T18:25:19Z,64bc5b4f81ba819d6485b0c7569bd781445472fc,553,22,550,0,108
2023-08-20T03:22:41Z,68863b19c0a6f7d94947dec5a84fd856a71ca0d2,553,22,550,0,51
2023-08-20T05:24:22Z,b1923de53a2ef2dacc68c258a1a3be33fa5f9b73,553,22,550,0,57
2023-08-20T18:25:14Z,2599bc4b8a0ae0f5144c8763a11730adb371a9ab,553,22,550,0,108
2023-08-20T22:24:49Z,5f5b837594103114bbed84cd5fe9ea5af72d131f,553,22,550,0,138
2023-08-21T02:26:24Z,4c102404693c9382a86311d375f884f2906ea2dc,553,22,550,0,51
2023-08-21T03:23:31Z,32384f173a0526f7c33fcfa9ed14e3b2eb15e742,553,22,550,0,57
2023-08-21T05:25:48Z,a72de9276a6e31130f290d3d1eb32a99b1c16c9e,553,22,550,0,0
2023-08-21T09:23:26Z,893ea22cccb9e902c554c6486784141d993c18ab,553,22,550,0,2
2023-08-21T10:29:05Z,21f8fad0991712746dd51bef3f044579669ca507,553,22,550,0,51
2023-08-21T11:22:46Z,10f0a133445c7d560e7544b2d0dda2f6f36f78e0,553,22,550,0,57
2023-08-21T18:26:31Z,d0bbf9e1354fe9343115814b08c018f63db0c212,553,22,550,0,108
2023-08-21T22:26:04Z,0d7aa2cfd3214b437616a3a2c4eaa7c396134268,553,22,550,0,128
2023-08-22T07:22:48Z,9dcd8a28817813e02ab6bc57522a904bb71a4482,553,22,550,0,47
2023-08-22T09:23:12Z,5d3fe26437d75dbb5984dd1eb7a1a21ed8d9ddfc,553,22,550,0,51
2023-08-22T10:28:32Z,9b99bb1ceff4081c7fd08ada08ede3f9a182bf38,553,22,550,0,57
2023-08-22T14:26:40Z,68b93057ad80ea3ac2ef0d7d4c617beebca23192,553,22,550,0,1
2023-08-22T17:25:31Z,989c05800e4c071c7e33c6a512f597015da06e9d,553,22,550,0,51
2023-08-22T18:27:31Z,ee2377df288dc6e1bbb79c03269b5189f1436596,553,22,550,0,57
2023-08-23T09:23:19Z,381f1303a67ce4109d009b1c927900de01393b18,553,22,550,0,51
2023-08-23T10:28:13Z,635efd0416780798ea54b7211150d4be6b45e6ff,553,22,550,0,57
2023-08-23T17:25:09Z,d982e2e6d285e647955441e55d4947e560006eaa,553,22,550,0,51
2023-08-23T18:26:18Z,7144fb2bec3d575b258b061d7e89d41fb45827b3,553,22,550,0,57
2023-08-24T08:27:17Z,00c7e2992b726a1b62bdbf9ee5ce5fbee2878e78,553,22,550,0,0
2023-08-24T09:23:08Z,5721020e30af1200cad158a1ae89fca0f3ffd410,553,22,550,0,51
2023-08-24T10:29:29Z,c512027415932e274e8b8cce98c9483e43f8d639,553,22,550,0,57
2023-08-24T11:23:12Z,25189429d66bb50ed799221cff2ba037731cc742,553,22,550,0,0
2023-08-24T12:42:17Z,9b66682b1856201b91d0f1ac673d4c5400503b66,553,22,550,0,0
2023-08-24T17:25:36Z,086117b4cc3152cfdfc128c06c25c2ddc90a48fe,553,22,550,0,51
2023-08-24T18:27:24Z,4c93bc213f892e14ff87b77a7e76c5a4ec8596d1,553,22,550,0,57
2023-08-24T22:26:17Z,87041412049a7072cfef5633f4daa3bc3c920264,553,22,550,0,97
2023-08-25T02:28:23Z,cdcd585e421a39c67416a42ab1133ce7152c197e,553,22,550,0,51
2023-08-25T03:23:33Z,f8bc6f5044918ce3982672b56bbe4b37196ce215,553,22,550,0,57
2023-08-25T10:28:11Z,c89962bf4f29a02fa2f9815e6f5a2859720b4f5e,553,22,550,0,51
2023-08-25T11:22:35Z,12a59a5216e5ba1b3ce45e2580e00db7191478cf,553,22,550,0,57
2023-08-25T18:27:50Z,2ffc0d84ea79ee30526ae6c42ea2a4ab9e978b11,553,22,550,0,108
2023-08-26T03:24:08Z,9c873cc3decb3bcfa681807e2efeba5dfe789155,553,22,550,0,51
2023-08-26T05:25:05Z,8f3120e9765b32b6c2964b2758ee3e05b54a385a,553,22,550,0,57
2023-08-26T18:25:53Z,1acdae2b1688a408b38f60be09c68d6b79c16b9d,553,22,550,0,108
2023-08-26T22:25:05Z,3e2836be5ba3d2cffb838d84187507b4abc41f36,553,22,550,0,0
2023-08-27T03:23:02Z,52d032555014943217240591a5aa252034fe2d76,553,22,550,0,51
2023-08-27T05:24:52Z,2107da74cf9d170e02caa747b99db2723f939de4,553,22,550,0,57
2023-08-27T18:25:40Z,f2648b4b7797ea2c5bb953b2d0bffc939a8b72c8,553,22,550,0,108
2023-08-27T22:25:14Z,ce22495b8fa7eab165e920d88d1ddc8eb6db42d8,553,22,550,0,138
2023-08-28T02:28:13Z,f52a54c3139a304f75b716e6df35fb59af523cad,553,22,550,0,51
2023-08-28T03:23:45Z,3df8e5aa1ac5f17a498cb2d55c7d745c9b8a4a26,553,22,550,0,57
2023-08-28T07:23:04Z,bf16e4e686219fa32cf4b021fa9c535198ccbd3a,553,22,550,0,0
2023-08-28T10:29:47Z,e700e82b1f911065f93cbd7745c43ac399f94ef0,553,22,550,0,51
2023-08-28T11:22:43Z,fd7bbbeaadaf98ecca7e54db6ef38efa1a5a8421,553,22,550,0,57
2023-08-28T18:28:02Z,c2b01bd2d158e47f9bb4f0f8164a5044b95a6d34,553,22,550,0,112
2023-08-28T21:22:38Z,4f35513e4a947021c1a26f785f5efd26f4144206,553,22,550,0,42
2023-08-28T22:26:35Z,9bbb9011e492eeccdf4b63084fcc92fe488728e7,553,22,550,0,1763
2023-08-29T02:55:18Z,9445e78396b7862aa98548d19fd91b781654d6a5,553,22,550,0,4
2023-08-29T04:27:48Z,48480c7008a94418fc7883db99b273c4a6b59ba0,553,22,550,0,16
2023-08-29T05:26:10Z,961383caa77425f1b7923b5e7f10c9d22d96e844,553,22,550,0,10
2023-08-29T06:28:47Z,f4cd3066b22856a550f81b040555c48ed999ab28,553,22,550,0,10
2023-08-29T09:23:35Z,2c3a0bf85d316522b872448dd57160527c1174ab,553,22,550,0,54
2023-08-29T10:29:05Z,4548c6187ec3c30e4f6f019c191afd6e26bcd5c9,553,22,550,0,57
2023-08-29T12:43:17Z,dde69f474a6b7e8fab065571f747c46b73ee95c9,553,22,550,0,2
2023-08-29T17:25:05Z,018eb2062e596dd6d608c97b88c8ef74162481f1,553,22,550,0,51
2023-08-29T18:28:15Z,8326c553ffce6fedaccce4cf5476e51acf23caac,553,22,550,0,57
2023-08-29T22:27:56Z,13539583211c5a14f2cad97b3d2dd57f1a7362de,553,22,550,0,130
2023-08-30T08:27:57Z,bfed2d4819674dc7b7e760df3ccab95237eb653f,553,22,550,0,8
2023-08-30T09:23:22Z,c5b5cab7f978f53090e2140833318cb62a21008c,553,22,550,0,51
2023-08-30T10:28:40Z,d1ef40ce10f4084c38a3a44e27b90b619a91397f,553,22,550,0,57
2023-08-30T17:25:54Z,4cc6002b013904401ecc5d2017296c2cb5cebb87,553,22,550,0,51
2023-08-30T18:28:13Z,14a4100be8ee6b08480f7b89d636b9cc089dcf1c,553,22,550,0,57
2023-08-31T08:28:13Z,e9f18d3496993a2ba2aa5281574953bfc3cadbe0,553,22,550,0,3
2023-08-31T09:23:35Z,315b616d3998d487c2bd57b7943095a467194466,553,22,550,0,51
2023-08-31T10:28:59Z,2650ff04c8e6659abb5a72a0bb9638d32459d368,553,22,550,0,57
2023-08-31T11:22:50Z,55e402625892b6771477b915f7be334f0cd6c811,553,22,550,0,0
2023-08-31T13:30:09Z,2983e69602f50892900a1871fe79111beb23c063,553,22,550,0,0
2023-08-31T17:25:23Z,932660ffbe2f8df20c3ee0c1ce4d012b6627fe82,553,22,550,0,51
2023-08-31T18:28:11Z,fe6a7366c95824f7fe9220944108d9e76b9a6ddd,553,22,550,0,57
2023-08-31T22:26:37Z,bbb0b8aa160c4fa52a4bdbcc4e8199e0d6b20e57,553,22,550,0,82
2023-09-01T02:31:35Z,7f5ed3a2a87b85510220c70760c5116c85f634eb,553,22,550,0,51
2023-09-01T03:24:00Z,5b3ceafb0ca40da537882e520639d5325e1a2b1a,553,22,550,0,57
2023-09-01T07:22:36Z,4c9f6cc9874a82b3b1c0313e8221f7b34f663f7e,553,22,550,0,0
2023-09-01T10:28:55Z,957a77459bc83816fda5ec6a088734b8d06a41e0,553,22,550,0,34
2023-09-01T11:22:40Z,2f3e8dbae43adefa92eacd095a57a138b198c0d3,553,22,550,0,38
2023-09-01T18:26:40Z,2fb72de20ddcc9df7f1301d559df1d172da37c88,553,22,550,0,72
2023-09-01T22:26:18Z,1ec179dc2b6eedfc675745c4cd6c0678e0ca669f,553,22,550,0,1
2023-09-02T03:22:50Z,ccce0a47b850bd59e99dc668168cb03ad60aec56,553,22,550,0,34
2023-09-02T05:24:53Z,e3c0ae34e7461957a67f27dcd5c443529c3ccc38,553,22,550,0,38
2023-09-02T18:26:03Z,dbd71e797b0da994296545c15f770d44ac7a92b3,553,22,550,0,72
2023-09-03T03:23:09Z,693735de310bda04e917fc9c7a71d98c6ff65398,553,22,550,0,34
2023-09-03T05:25:31Z,5aa3447f39f5b76b1ef606fc45d8754ad3c3f62d,553,22,550,0,38
2023-09-03T18:26:17Z,1c89968a0b6ca63a62eff8eed839d2d1494d6142,553,22,550,0,72
2023-09-03T22:25:31Z,b00c654fd092f7165b63f78e95f8bb8397c59ea3,553,22,550,0,138
2023-09-04T02:28:26Z,05e01978d744e092697dd873b593da3bf1ad0cf6,553,22,550,0,51
2023-09-04T03:23:46Z,42c72715e3e72c59bf92281e2086efb156665a93,553,22,550,0,57
2023-09-04T08:28:32Z,6d12b973d4076c875157013e37abc1af01a8091d,553,22,550,0,0
2023-09-04T10:29:19Z,130cb805d28f1f3864be446e85d63ae19beb9f49,553,22,550,0,34
2023-09-04T11:22:39Z,0b520b530dda0e9afa8187bdaeae1ccda5773fa0,553,22,550,0,38
2023-09-04T18:26:54Z,b027ce08f64d1a98b3de39ff2e5396282b47430f,553,22,550,0,72
2023-09-04T22:25:44Z,4cdf5ca028b6a77df72e8226a134dd8b456e2f8f,553,22,550,0,126
2023-09-05T09:23:21Z,baffd759cbe34a82a1251abd050801c3e30502ee,553,22,550,0,51
2023-09-05T10:29:16Z,8ce49645352457cd7dc93e4aefecdafc87713f5b,553,22,550,0,57
2023-09-05T17:26:03Z,d48916242f474ee3894b8b1fbe4ba076e4e03f1b,553,22,550,0,51
2023-09-05T18:28:18Z,b1f3cec62db9a5cb8d8214feb9d5bead5fcf3cf7,553,22,550,0,57
2023-09-06T09:23:43Z,e206a3e395145a4e88a77459dec2bf71e0972aa2,553,22,550,0,51
2023-09-06T10:29:19Z,b08ec0eac227d0113f018bccf2d3d3d168efccf3,553,22,550,0,57
2023-09-06T17:26:03Z,737df5c0c908a49bedc470731c9e65e34b819964,553,22,550,0,51
2023-09-06T18:28:19Z,fa036ce1a3f9d431ee5d5fbafb14df4f481a0a52,553,22,550,0,57
2023-09-06T22:26:45Z,ab6450f1512bef9b6546587d23a1192155715486,553,22,550,0,94
2023-09-07T08:28:26Z,16ec5d3030474953a584e9a4f8251e9e004cc8f3,553,22,550,0,33
2023-09-07T09:23:41Z,b7ad5e93c8cf30b8c64f6f9c81a045a85a21d3f8,553,22,550,0,51
2023-09-07T10:30:04Z,547c82785e0638d241e1785fdbdc3e339517a4a3,553,22,550,0,57
2023-09-07T17:25:56Z,1371da611b5885ea1f9ee38e385d86e34a55d0a3,553,22,550,0,51
2023-09-07T18:27:56Z,e21180861344a3417d4ec82ef3bf781d54a2f03c,553,22,550,0,57
2023-09-07T22:26:32Z,1e787d348735696a711fc7465f91413bccf87a3e,553,22,550,0,112
2023-09-08T02:28:16Z,b5f2177e3a79aad6c8c4052e3bb30c28635ff269,553,22,550,0,51
2023-09-08T03:23:22Z,63da32a5feb851b2b13f0029d6eb3db4e6f95f3f,553,22,550,0,57
2023-09-08T07:22:46Z,978d722a02b6f251b5c2938326d7bd35d143a178,553,22,550,0,3
2023-09-08T10:28:47Z,2c7a95f1d7ad4526a5659bc843d13df2e2b30904,553,22,550,0,34
2023-09-08T11:22:41Z,bcfea95d0d866e7e609c452bf33b6a7a7b536ff0,553,22,550,0,38
2023-09-08T14:26:30Z,8e385d3bd395c861f8489d4b94c9a87b9e3291f3,553,22,550,0,4
2023-09-08T15:22:43Z,3d5d7b40e6d504db0ef1577084caaa07b959d40d,553,22,550,0,0
2023-09-08T18:27:48Z,6d797ca4064964aa17874b8841d0380a3a999dbe,553,22,550,0,72
2023-09-09T03:22:39Z,38ca33e674a27cd20bc0cd73d2bdfb8f64e71913,553,22,550,0,34
2023-09-09T05:25:20Z,770dac3ab34118af91b9a7e4804d4706cb03ede9,553,22,550,0,38
2023-09-09T18:26:33Z,f8cfaae9417c0a5679371508666bfb09de2c33f5,553,22,550,0,72
2023-09-10T03:22:48Z,c3863ff8fe925c1770113527005460cd7ac6e444,553,22,550,0,34
2023-09-10T05:25:18Z,35d3e4b6bd6271847bbe9eab19d8167255e1646e,553,22,550,0,38
2023-09-10T18:25:48Z,947d99d4cd33473bcfb4977e51d7f7063297665d,553,22,550,0,72
2023-09-10T22:25:34Z,d8bb67c4c53522033f9566cda79d62f2c7659d1a,553,22,550,0,138
2023-09-11T02:28:43Z,0b7b4d083a25590a3ff712bd4f4f3e0c9fd5d299,553,22,550,0,51
2023-09-11T03:23:45Z,4a7ae19f65b5f7a28e6f0216e0487e8af1e8244b,553,22,550,0,57
2023-09-11T08:28:51Z,28915d1393e0d687055150e83077029908b72c6f,553,22,550,0,0
2023-09-11T09:24:07Z,5e73eb8a21948ec009054a1735e23cfd9020f9c3,553,22,550,0,0
2023-09-11T10:29:23Z,bce3102f74944c05256f37a72ddf374dcafe4562,553,22,550,0,34
2023-09-11T11:22:36Z,8eef5d392750f01916f0693de7cda9000014786c,553,22,550,0,38
2023-09-11T14:27:45Z,c46f315272980fc7d5567bd4396505e7ff8de5b1,553,22,550,0,4
2023-09-11T18:28:29Z,e4a38f6f09896dd65005af54b80abfba650747b9,553,22,550,0,72
2023-09-11T21:22:54Z,0cf88656cdc326db5c8ef4371ee6b4f84fa916a8,553,22,550,0,14
2023-09-11T22:26:41Z,b69b79d6fe319a2229830baec74000ebc3197d33,553,22,550,0,1711
2023-09-12T03:24:27Z,ebf4c2c1a337314437d6fdf266927c850e967624,553,22,550,0,4
2023-09-12T04:27:16Z,fde090d167d2fc455ac53e71d2048592baf3e96f,553,22,550,0,16
2023-09-12T05:26:16Z,518ede212354d9b140caa1bc63a44926930bbced,553,22,550,0,3
2023-09-12T06:28:47Z,f3ba5d79847f822b0651216c04aeb5ea0ec429e6,553,22,550,0,7
2023-09-12T07:22:36Z,c723271b117f7cb1fbfb24cdc01a0de6a51dfec0,553,22,550,0,3
2023-09-12T08:28:11Z,a2aa5088e8170349e99f88f381edb04e7cf7371e,553,22,550,0,1
2023-09-12T09:23:50Z,18f8c489663f43648e1d6683f03245694a9c5800,553,22,550,0,51
2023-09-12T10:29:44Z,8325bb1e6fea172079c4d73327a91323e91fed11,553,22,550,0,57
2023-09-12T17:26:11Z,457bf5eb46a7ec8700ed3ccbb52a00a98e99b047,553,22,550,0,51
2023-09-12T18:27:09Z,8c791bca78560ffabb634afbb3d83e256634cd34,553,22,550,0,57
2023-09-13T08:28:25Z,545402bf806662adb8a9f6556beb5c34bbdcb10d,553,22,550,0,0
2023-09-13T09:24:02Z,46fac6aefa32a06009447197e044cfedd7bffd43,553,22,550,0,51
2023-09-13T10:29:21Z,291f910acb29af9c57380f67210fd6bb62f636ea,553,22,550,0,57
2023-09-13T11:22:41Z,c2773709af17b564d50bae5fa0a7048fdc54802f,553,22,550,0,1
2023-09-13T12:43:46Z,7a26824d972fc4d9d8d5941a5bc87e24638a47e1,553,22,550,0,0
2023-09-13T17:26:05Z,d57f19e548e83bffbfe8492eedc83500c7ae99ac,553,22,550,0,51
2023-09-13T18:28:22Z,c3a4431bfbc72e8d0dfcada2771bfa22ec7e60b0,553,22,550,0,57
2023-09-13T22:25:36Z,efe59e4431c91b78d96c1040dd7721ca932d1379,553,22,550,0,31
2023-09-14T09:23:44Z,fbebf0f1e9f8e9eba7003ff4507477d781a01b86,553,22,550,0,51
2023-09-14T10:29:47Z,c4aa094636b9f141f132c86e0c13928b99b997c8,553,22,550,0,57
2023-09-14T12:43:05Z,1294cf904974aed843e9a3d91c6255e5fa7e9f48,553,22,550,0,1
2023-09-14T17:26:28Z,127ff4e0f47034de56cde2f979802cb6425165e6,553,22,550,0,51
2023-09-14T18:27:23Z,7ae41b2ac2f95997c99ea21d5c054518df7445ac,553,22,550,0,57
2023-09-14T22:26:37Z,04cdaca06ff2b20dc29ad753b207558bc3f42a12,553,22,550,0,76
2023-09-15T02:29:35Z,842416ff06f7c099b9b8a5035077669e094253f7,553,22,550,0,51
2023-09-15T03:23:51Z,0a0ec3f7b125e05f986280e0a268a1c342504df3,553,22,550,0,57
2023-09-15T09:23:41Z,e52b2fe5277b02bdff1ce8871ef140851d6d0daa,553,22,550,0,3
2023-09-15T10:29:03Z,0a9d447aee7cf3ddb12e687594b7c70db670e370,553,22,550,0,51
2023-09-15T11:22:44Z,5bb09411d43397c3d16bc6c25ef6d8081fb65b42,553,22,550,0,38
2023-09-15T18:28:12Z,825d5cc069e7b2e6c03028f9822f20d70baa49c0,553,22,550,0,89
2023-09-15T22:26:28Z,a235d1f1cfef55a30989dda1eea3827bb9d57347,553,22,550,0,0
2023-09-16T03:22:56Z,4cfa1893d441c6679b99b6138ec39715d1d7bbf9,553,22,550,0,51
2023-09-16T05:25:30Z,ed56e23214f6ab5b078cabc5a693c58eeff1d999,553,22,550,0,38
2023-09-16T18:26:10Z,113284d75fdfdc81e3c5b4732ed66326fe0ecee4,553,22,550,0,89
2023-09-17T03:23:03Z,27cad1c581dc04cc491e9800b43040d202cba356,553,22,550,0,51
2023-09-17T05:26:07Z,33621b55f1520a03d71e08b324c917a5d2bfaa61,553,22,550,0,38
2023-09-17T06:27:35Z,1922a242fec148a748ad704243e4bf46581026c8,553,22,550,0,3
2023-09-17T07:22:45Z,76d4000ccc954a309d6dab612f447fd87b3c5255,553,22,550,0,0
2023-09-17T18:26:10Z,208102049db86634c4f2342c4604e740916ad79c,553,22,550,0,89
2023-09-17T22:25:30Z,724ec1fc1084b13f27d18906806554b8f6a025a1,553,22,550,0,138
2023-09-18T02:28:43Z,8d2cbfcf5c7a0a939fb41b21d8bc55187bf05400,553,22,550,0,51
2023-09-18T03:23:52Z,16540f0441475c5d56738f2b3f7312961c3a5ffd,553,22,550,0,57
2023-09-18T10:29:44Z,27d5d70bbd13ccd598765d0a4407a8e484d86119,553,22,550,0,51
2023-09-18T11:23:05Z,85c2787e86848b2906bb4bbebfc5e37f076b6b0e,553,22,550,0,90
2023-09-18T12:44:05Z,345a8bfd1647bf31a958cf6038f2a1ae72fa407b,553,22,550,0,0
2023-09-18T13:25:40Z,8391c58164e2af2f718daf802c166e2d90991eaf,553,22,550,0,4
2023-09-18T18:29:12Z,0385281852cb31c75f4d8fa4b22b576465a9e8f1,553,22,550,0,89
2023-09-18T19:22:43Z,ec3c48f434cf17b50a855e6db81688363b9644cf,553,22,550,0,0
2023-09-18T22:27:09Z,ea5dbb1e922d7b22cfaec8f9ded17181ebf07b38,553,22,550,0,112
2023-09-19T07:22:34Z,c2cd959a4953ef4f484167f76187ba2998a87aa7,553,22,550,0,1
2023-09-19T09:24:01Z,7adcea040ab909162fa59c8b45bc63258c97d40b,553,22,550,0,51
2023-09-19T10:29:43Z,050c37862688ec7efd139dddc9efcd69cae3f187,553,22,550,0,57
2023-09-19T17:26:09Z,a714baf32b8e77abcf649bb3ea4bed1e53f27b3b,553,22,550,0,51
2023-09-19T18:28:50Z,32246d2f35ae1a266439e83d12cc427f752095ed,553,22,550,0,57
2023-09-20T05:26:22Z,ff4087e537193960f1872760e52d16d60cecece9,553,22,550,0,0
2023-09-20T09:24:12Z,156283159369b8b074b9c358c6e5c23ce0b14556,553,22,550,0,51
2023-09-20T10:29:29Z,c47b782b4e58412fa217d3719192dcf01bd5388c,553,22,550,0,57
2023-09-20T17:26:05Z,668d15fba507ec1e17b41928a1ea5c2eac1c5cf8,553,22,550,0,51
2023-09-20T18:29:04Z,8c714fdbbd985a26a1e0b0401202bf18db12c057,553,22,550,0,57
2023-09-20T22:27:02Z,b625ec533bc7542b6e23df5b89bbe2ca6297a7bd,553,22,550,0,0
2023-09-21T09:24:14Z,ef2855ac42e93dc8e6bee989a493de54e626216e,553,22,550,0,51
2023-09-21T10:29:55Z,9c2e603348518b343b0e99001eafff50728811be,553,22,550,0,57
2023-09-21T12:44:24Z,26f114ec060b8f6bd43d2571e7fe7f02febe170d,553,22,550,0,38
2023-09-21T13:30:50Z,f9c57af964d1d2f73e53de3f9b0ee26a32124fa2,553,22,550,0,4
2023-09-21T17:26:38Z,695b4b6e04e73de766c10c7e49b56c6697acc060,553,22,550,0,51
2023-09-21T18:29:19Z,fa8dcd8f2f357f55d25707057925e9f3335abe14,553,22,550,0,57
2023-09-21T22:26:31Z,4e66e99b6e708a18ddaa5ecabfb81bfb9982737d,553,22,550,0,72
2023-09-22T02:29:12Z,13e4d1160557a21b69a3c63a0853bde85525d749,553,22,550,0,51
2023-09-22T03:23:43Z,d8588802906bfcebb93e3cc3b0c46c75a6c17777,553,22,550,0,57
2023-09-22T10:29:32Z,814eef226bf9a674ffc78d52aa32d103fe15b6b8,553,22,550,0,51
2023-09-22T11:22:46Z,193be0941f50c8ab9109336c86f228a7870bd5ba,553,22,550,0,38
2023-09-22T18:28:37Z,0738a6043a3779b7f1a42e1979874c94b2ef0914,553,22,550,0,89
2023-09-23T03:22:47Z,dc10e3c8e31f506d0b15c1d327ad0284c86b9df0,553,22,550,0,51
2023-09-23T05:25:18Z,d208525d6ac946d67f0dcd47cb12319920eb2d7c,553,22,550,0,38
2023-09-23T18:26:34Z,873ba93cde66ee3d68d5ff2b18f8bdc189395fc8,553,22,550,0,89
2023-09-24T03:22:55Z,ec2870a37406366e4b3968f42060652961220586,553,22,550,0,51
2023-09-24T05:25:49Z,d37a7b507d63e2f913194566369b3200866950ae,553,22,550,0,38
2023-09-24T18:26:29Z,ebf6d0269a4d6ee0642aaf774a587f25df55510f,553,22,550,0,89
2023-09-24T22:25:29Z,a89fafb2c99911021e52af7ba15be378df32c525,553,22,550,0,138
2023-09-25T02:29:31Z,a6b5ad90886dd4c3274333816ccaf834a77f780e,553,22,550,0,51
2023-09-25T03:23:41Z,9525e272170340537ea8f9248d16c5106543c13c,553,22,550,0,57
2023-09-25T06:30:08Z,62e7eb697d9fd2c927a6020941a69fc0ee930283,553,22,550,0,0
2023-09-25T10:30:02Z,5c57f89c85f774acfd95c16198af03dbb968043d,553,22,550,0,51
2023-09-25T11:22:48Z,66c9a8f8027f27c4c07c5261ad999ab98a5c7b36,553,22,550,0,38
2023-09-25T18:29:10Z,d11f673d729e086229099d56a8fc8c7d95de2356,553,22,550,0,89
2023-09-25T21:22:44Z,c3faec74be3dcdf84c43f44bead1d34a7d9c50cd,553,22,550,0,4
2023-09-25T22:26:52Z,8e7909aa28013ec4c424a96dc33b6379e8e04c9c,553,22,550,0,1788
2023-09-26T03:23:42Z,95a7678ca67914425c91233b9087077f0fd1fd69,553,22,550,0,4
2023-09-26T04:27:57Z,282f738c6c761efb6f346e88892fa001f76180e4,553,22,550,0,6
2023-09-26T05:26:30Z,b61873c3cccd72e99154a426a623b0c0117a6fe1,553,22,550,0,5
2023-09-26T06:29:40Z,b06731e1f23fe845c2773a96cf3c775b9fe6bc7c,553,22,550,0,10
2023-09-26T08:29:09Z,70a31053d09c42e63ca7e9b5b553cd75d0d18864,553,22,550,0,5
2023-09-26T09:24:08Z,327525a2505a1b77257ef1e50ad7b287b3173a0f,553,22,550,0,53
2023-09-26T10:29:45Z,334aa6c0b9943ab59a21db0c8fa0af679f41e707,553,22,550,0,55
2023-09-26T17:26:22Z,14f27d2e93e3867b78516bddb73d7370bd012f04,553,22,550,0,51
2023-09-26T18:29:14Z,d14bbb9f5b96b95c59066ccc66099369a8e72291,553,22,550,0,54
2023-09-26T22:26:57Z,d0153c8d19d038c23d2a41732f8e38c780c04a78,553,22,550,0,46
2023-09-27T07:22:40Z,f16ec079d0f0190ee8e5c4c09cba80ff53461efc,553,22,550,0,4
2023-09-27T09:24:10Z,72b83ed0502240055bbed88142b066b01815dfaa,553,22,550,0,51
2023-09-27T10:29:37Z,db46c3e382773ccda09f8c6582cd3f2f1b58bb2e,553,22,550,0,54
2023-09-27T17:26:48Z,da0b14343a55668c5df2f7bb57e78c1f1e774fbd,553,22,550,0,51
2023-09-27T18:29:12Z,d9511306780d54b7722e61c933a417ba211666fe,553,22,550,0,54
2023-09-28T09:23:40Z,7ab3ea0c40342eb327e4bda79b0815c8d4e38690,553,22,550,0,51
2023-09-28T10:29:13Z,5eb0b56c4f011d03bbfc0e61c435ab6043abc2d1,553,22,550,0,54
2023-09-28T13:30:37Z,a1f0e45bd5cf2cbe5de9c5d77ac30232edc9131d,553,22,550,0,4
2023-09-28T17:26:26Z,0d16c1f9223553e4d7b8b356c7181ddbaa0ce2b6,553,22,550,0,51
2023-09-28T18:28:54Z,ae10e31cb73e38be4ff0e1149d3270a2b603b761,553,22,550,0,54
2023-09-28T22:27:00Z,5d8e2ecf64f6e80cf84c9553d41e87ac430b8581,553,22,550,0,76
2023-09-29T02:29:15Z,8eff02192440caf050fa2d9fc5c3a2971f2490c2,553,22,550,0,51
2023-09-29T03:23:40Z,4f47dc7183a4e6b228b7595c5dc0d2fc90bd3fcc,553,22,550,0,54
2023-09-29T06:29:16Z,7c1292083cb3d51c0f2c3d4a9185b49d252dc22e,553,22,550,0,0
2023-09-29T10:29:35Z,f389422621d5ebffaa1711f4a1696215d9c77ab7,553,22,550,0,51
2023-09-29T11:22:35Z,d5a3ed3274ee185bb5cdb07ef3221f5586e41675,553,22,550,0,36
2023-09-29T13:26:29Z,08ae75d862a2349c8bbce15a053cf7a0d1a176bd,553,22,550,0,0
2023-09-29T18:29:07Z,687d5dbc1ed25dc0f75feb8cac7e57a6f3cce681,553,22,550,0,87
2023-09-30T03:23:06Z,17bea9fd2f2cba8fe00874b8a349f276d610e0a6,553,22,550,0,51
2023-09-30T05:25:29Z,bf771292e0f2e4c3218dd77e1df047a2852764bb,553,22,550,0,36
2023-09-30T18:26:41Z,7287d654226c2ededcb3b379134ac721a500439d,553,22,550,0,87
2023-09-30T22:26:26Z,02fb47048919388c9e12b45077b14b328cae3b0e,553,22,550,0,0
2023-10-01T03:23:59Z,ea1a49e7e22b9b83be36cc88e17135f60dbbb749,553,22,550,0,51
2023-10-01T05:25:50Z,ce00dd60cf3bb733e348cd24a82d8661f88c3285,553,22,550,0,36
2023-10-01T18:26:49Z,f32704fa4a1a385e86bb3b99b9dfda09720d26bc,553,22,550,0,87
2023-10-01T22:25:48Z,f046ad826c8c881f12e580b87f331645a0cacd38,553,22,550,0,135
2023-10-02T02:29:38Z,2599d103980d9280368d3e5092798ed5146e9efa,553,22,550,0,51
2023-10-02T03:23:55Z,b4594a8787f239032bbd20ba5d38278bd9998402,553,22,550,0,54
2023-10-02T05:26:31Z,90e87181a019a55c9df0d676b0cf32ebc225b5b0,553,22,550,0,2
2023-10-02T10:29:39Z,06dc9f29b2e10c3e6132e6a9d785e0d3e7d3ff05,553,22,550,0,51
2023-10-02T11:22:43Z,5c9557462202a4676759cf632ab5bc13e6b02b96,553,22,550,0,36
2023-10-02T18:29:31Z,c98abf87b991ad5d4a772382e9a60cc176696985,553,22,550,0,87
2023-10-02T22:27:01Z,890eb0efee668c1d41b3ffc87cd0a9d4f72a2b80,553,22,550,0,113
2023-10-03T08:28:58Z,96f2204ac324bcfd453f3ca61504302bffaad441,553,22,550,0,38
2023-10-03T10:29:54Z,f8ea16d300e27d4a9c5ffc2b5d13bb87e989df59,553,22,550,0,108
2023-10-03T14:29:19Z,19c61396456c480be0a93a3ec004bae16fc1b8e0,553,22,550,0,0
2023-10-03T18:29:43Z,ee9bff725d7511167406fa244c28ad1b73aeb9cf,553,22,550,0,108
2023-10-04T05:27:00Z,44576d316762d512e1019b905e3199d2200c3346,553,22,550,0,0
2023-10-04T09:24:31Z,296ce66e5fa0a501f341186ed9a3372f558deb59,553,22,550,0,0
2023-10-04T10:30:14Z,6ff901c846d66e2383c8b245c4750707d0c0af97,553,22,550,0,108
2023-10-04T18:30:15Z,d965bdd517754b17e9318fcf09168e8c14a91cf2,553,22,550,0,108
2023-10-05T10:30:29Z,20aa1010f20f9b0dd86fd2de31b1a1d4aec18960,553,22,550,0,108
2023-10-05T17:27:01Z,1de70a73dec2f5bcc25cb888550862084721b8e1,553,22,550,0,0
2023-10-05T18:29:54Z,8cf0703b8e382d670c3865fcdf8b0e9550c323e8,553,22,550,0,108
2023-10-05T22:27:00Z,c2a8332452c55753df417ff6dbafc40d95da4e5d,553,22,550,0,76
2023-10-06T03:23:43Z,fc23aad49dda96715cd76c0fa52fa20bcfa2038a,553,22,550,0,108
2023-10-06T11:22:35Z,7ec4cc99edc0c80f96648ffdb35430dcbbf1abae,553,22,550,0,72
2023-10-06T15:25:46Z,7fcb7de4b2e61d6d575c6aef6153d99d5d053165,553,22,550,0,0
2023-10-06T18:29:23Z,e2808c6baff90a3fbd34dec3b95d600a1e3666ad,553,22,550,0,72
2023-10-06T22:26:36Z,88b162a742bc420278f6ab0c810dd8ed0de10891,553,22,550,0,0
2023-10-07T05:25:38Z,9bcceaf9726e18788af1a0e5c671cc870e6fbe41,553,22,550,0,72
2023-10-07T10:27:00Z,c20222b2ab46a95b3204f0a3bcc6251102fe6b68,554,22,550,0,0
2023-10-07T18:26:56Z,a08b54223585a46bf0a18f9e15c8ceb677a92bc1,554,22,550,0,72
2023-10-08T05:25:45Z,39e0eebf638c69ad75aca4a5690634dc20fdda46,554,22,550,0,72
2023-10-08T18:27:27Z,1fbc062bc119acac774f24704184fdf4df042c32,554,22,550,0,72
2023-10-08T22:26:00Z,7ad5f00014428d089c0a8fe0788983f4ae7196f3,554,22,550,0,138
2023-10-09T03:23:45Z,64719a5b62fc0d0a15139528d271dcb0114c3dee,554,22,550,0,108
2023-10-09T11:22:42Z,0107c4c2beabad987c9172ffbbb319e563a17fc2,554,22,550,0,72
2023-10-09T18:29:27Z,5c50a0748c6abf3113c307b263907ff2d48c8342,554,22,550,0,72
2023-10-09T20:23:26Z,3e7cf1f48dc69aff73a4c6cf62f8b2b2da202642,554,22,550,0,4
2023-10-09T21:22:38Z,a7e79fbe6944bd1451f4f691b630c0786ad18639,554,22,550,0,4
2023-10-09T22:26:43Z,ad8f528acc344b95a75a4386c2ced575613137d0,554,22,550,0,1783
2023-10-10T03:23:47Z,5a9bfd7ad1a343ab06e1b1b240ebc3692b04d269,554,22,550,0,4
2023-10-10T04:27:48Z,9820341f31482af13eac3c77d41113a5892e3837,554,22,550,0,15
2023-10-10T05:26:27Z,ce91ca431a4266c1d4fe3feef6e39cb4c698e456,554,22,550,0,0
2023-10-10T06:30:18Z,1dea515b019c0e183467c50f9bdc730c680b799f,554,22,550,0,9
2023-10-10T09:24:12Z,77da9fd7784e3e86deb68b0a351b45f146f42312,554,22,550,0,51
2023-10-10T10:30:18Z,82ae500726769d9042be5f594b79be2a5ae87e5c,554,22,550,0,57
2023-10-10T15:25:41Z,36d99caa863983a6b69985d16be99ce94213e2d3,554,22,550,0,5
2023-10-10T16:32:06Z,f56bae395a93d1d1a2893b84e847d0c5f214aec7,555,22,550,0,0
2023-10-10T17:25:14Z,95324c07913b80e7b4a57db360891d8f63888134,555,22,550,0,51
2023-10-10T18:28:23Z,35d0da5751f0aa48880c7d4339cafbd6bcb62ee3,555,22,550,0,57
2023-10-11T08:29:08Z,91688a79818dd4401e378cbe46e36df469b5cf6e,555,22,550,0,4
2023-10-11T09:24:36Z,06ae7d0844c00f68d44288d99aec8f75dda3225e,555,22,550,0,51
2023-10-11T10:30:35Z,95b7e892b699edd1c458f984f5fb0de65119d920,555,22,550,0,57
2023-10-11T17:26:58Z,24f6d54b56a386c7f3f2f4a3ade3fe61855e367f,555,22,550,0,51
2023-10-11T18:29:49Z,8d6913e459d7541c0ee3241debac0ce983ccd8b6,555,22,550,0,57
2023-10-12T07:22:38Z,6304364d2ba2ee41f45f7cc3b3746c626d9a6c43,555,22,550,0,0
2023-10-12T09:24:19Z,fe74d4513ac671a6f089461b79d3b9618bb45d03,555,22,550,0,51
2023-10-12T10:29:42Z,e523620e1254704d0e43a0ecbfd7b62fcb6b094f,555,22,550,0,57
2023-10-12T17:26:51Z,c2a9ac3f8f55670e1df9f62a906d9e3c44ff1c51,555,22,550,0,51
2023-10-12T18:29:52Z,0d074a93ca2c08e197953f4acaeabe31956c4b13,555,22,550,0,57
2023-10-12T22:27:56Z,dd538550bcc398433af1eadc280bd89943219acb,555,22,550,0,193
2023-10-13T02:33:02Z,6ec70aba7ead3ad2304065aaa36925d2d44e31fa,555,22,550,0,51
2023-10-13T03:24:28Z,b53e7c20f912f886e137bec2a18b4377daee216a,555,22,550,0,57
2023-10-13T10:29:50Z,5031c0fa54434d6d1390ebc6e00a0d0712a166c9,555,22,550,0,51
2023-10-13T11:22:35Z,fd61efa67a5520967d9e70ee33ee541c245ae702,555,22,550,0,57
2023-10-13T18:29:40Z,a5d008c85edc7c84f4dcb4f6c23058566cd9ff7e,555,22,550,0,108
2023-10-14T03:23:20Z,577f86355b32ec0ffb0ffaeec066ffa7b7984ec4,555,22,550,0,51
2023-10-14T05:25:37Z,a73d36d27844b297df851c0b8a4f423dc1228b79,555,22,550,0,57
2023-10-14T18:27:06Z,609726c1a377778f8df68f568d19c2bc44152f24,555,22,550,0,108
2023-10-15T03:23:24Z,a987b1689b320319c81ebeb8d6f04efd0e022258,555,22,550,0,51
2023-10-15T05:25:55Z,df69ae1eb62064593b0541b97dfbc043a3f36e7b,555,22,550,0,57
2023-10-15T18:27:20Z,592bbec7afbe960cdf6573fe15330ee2b6be6584,555,22,550,0,108
2023-10-15T22:26:00Z,4ecdafdf2f06014060e60392a6c878594f164c72,555,22,550,0,138
2023-10-16T02:31:32Z,7fe36195a821ffed60252e59d9b5f300b368894e,555,22,550,0,51
2023-10-16T03:24:34Z,492d75bab39f13c941ce1465927e28563eaac3f2,555,22,550,0,57
2023-10-16T10:30:36Z,d6fe612495f7e919a188f6a4182375b7b8077f65,555,22,550,0,51
2023-10-16T11:22:37Z,de4a873ffb5e6ec3095b934c2f629b9377a3c3a9,555,22,550,0,57
2023-10-16T18:30:45Z,268dcbb1b7290db4377b2c07210047cdba0ad8a3,555,22,550,0,108
2023-10-16T22:27:19Z,d56f0d1f8fe0c2372058b2a444a1d441acf89ed7,555,22,550,0,111
2023-10-17T09:24:17Z,3bbcbadd6bb9cafe45801ac702454f6aec61d366,555,22,550,0,51
2023-10-17T10:30:18Z,03a30e0e227a4a89306a47ac2e0e70a07e1ec3c0,555,22,550,0,57
2023-10-17T17:26:29Z,67def555452097240f2a137568570c57d9783216,555,22,550,0,51
2023-10-17T18:30:22Z,2de20e107fad97dd502436bff72901febcb2d1be,555,22,550,0,57
2023-10-18T09:24:29Z,1da245b7918c0934b0560ab9f724185b3d14dd47,555,22,550,0,51
2023-10-18T10:29:39Z,714a84e6fe7e10532a94093630244ca1ac9d10fb,555,22,550,0,57
2023-10-18T17:25:37Z,a484627803d8492f629eb9761b770012c22ae005,555,22,550,0,51
2023-10-18T18:30:13Z,f3d36bdf5711f4579a24ef32d188b9d3c3411179,555,22,550,0,57
2023-10-19T08:29:02Z,df9c30f35ad8cb8fea8cceb6d0a13f3affa585fd,555,22,550,0,12
2023-10-19T09:23:55Z,141a3676144e591f26ca1dc9fa1640de0c390ad2,555,22,550,0,53
2023-10-19T10:29:39Z,b2b02af895b946c29816cc110cd1a2ab95ce2d64,555,22,550,0,57
2023-10-19T17:26:28Z,66dafb3b5305bd28bf8fb5c85b0a6fe5277209fc,555,22,550,0,51
2023-10-19T18:29:23Z,b094c0dcedb6d31e28f6139982e18175e6870af7,555,22,550,0,57
2023-10-19T22:27:10Z,2260abbe8136d23c4b7959d7eeb3ab67c8573181,555,22,550,0,30
2023-10-20T02:29:25Z,ad9c1ed55dbf280fabe12069ebc8b639c481088b,555,22,550,0,51
2023-10-20T03:23:41Z,473623a91d9e8683f55592ade119be34177d5797,555,22,550,0,57
2023-10-20T10:29:38Z,06857d7520c6cf584e120707e5893c77ee3c67ea,555,22,550,0,51
2023-10-20T11:22:36Z,7c7defc6fbe6c57d69fa9b1c8eda4f20dd6abb34,555,22,550,0,57
2023-10-20T18:27:06Z,a22898ea5ea0d6b85b3e764a0a4fc5a50ef837bd,555,22,550,0,108
2023-10-21T03:23:22Z,103f0a27fb86378a87cdc00e9a59db9506c1d4a1,555,22,550,0,51
2023-10-21T05:25:42Z,bc1b2f6734897c9c03aac069c4231cf78899fe88,555,22,550,0,57
2023-10-21T18:27:44Z,faa7c0c6aef2090e7b4553b991aae1f629084686,555,22,550,0,108
2023-10-22T03:24:14Z,542730456770232c28eac8e46a70798ffb944a30,555,22,550,0,51
2023-10-22T05:25:53Z,6729cd4d5b008969cc9eddc8217a6e33e63cdb1b,555,22,550,0,57
2023-10-22T18:27:09Z,283e87bd24174368978dce8075f2017d78d03e19,555,22,550,0,108
2023-10-22T22:26:05Z,53923a19573ae26b668f8ef5718047e112d3e644,555,22,550,0,138
2023-10-23T02:30:30Z,8e94c4a0e54e60800183ed1b81623722e81ccc28,555,22,550,0,51
2023-10-23T03:24:34Z,6afb57c79d821671e15fffc86d2f3938d1d0b574,555,22,550,0,57
2023-10-23T10:30:18Z,d35f9344e1c38419624233bac73251c148d406c9,555,22,550,0,51
2023-10-23T11:22:37Z,7d1a70808e1e36bed734cd215523c5b6d93b949a,556,22,550,0,57
2023-10-23T12:44:10Z,a3d6a3e249e902c4be9b78371aebf2c556997ef5,556,22,550,0,0
2023-10-23T14:28:40Z,45429a042df4f0d870e4f05abaa34e72cd25dc7d,557,22,550,0,0
2023-10-23T18:28:47Z,d458e579e9722e996b7f5f91ca49e64a70068eb1,557,22,550,0,108
2023-10-23T22:27:34Z,8dede66ba25c988537e2607b2b9533f7b12110ca,557,22,550,0,322
2023-10-24T08:29:06Z,9683912241f16c1880bae8996a0231920b4ab77c,557,22,550,0,0
2023-10-24T09:24:50Z,3cf632be1e037b262015261896f037b041ad2247,557,22,550,0,116
2023-10-24T16:31:01Z,a3865794f12f12fcac9472348ecbbdd05563c0e4,557,22,550,0,108
2023-10-24T22:27:12Z,ccc0e3b9e7e74c42482b39337fc07ad01735c4e1,557,22,550,0,0
2023-10-25T09:24:24Z,0ee9be77b6c26812d6b3f3b8f90c5145862ee6a0,557,22,550,0,108
2023-10-25T10:29:42Z,7fe4b59dcf9ec94352b70bac7e11b75069270e87,557,22,550,0,0
2023-10-25T16:29:50Z,3455a2f42ec1fdf8a49ce48174a0c8c018841230,557,22,550,0,108
2023-10-25T22:26:43Z,4c23d1424dfb650f95419bafa4f43de8b2a13731,557,22,550,0,0
2023-10-26T09:23:27Z,0ca1083d9324e400db67e44123ee36ef18f54d7c,557,22,550,0,108
2023-10-26T16:29:33Z,f774051887eadd6f37bffe619044f176c8f87393,557,22,550,0,108
2023-10-26T22:27:01Z,137effb16d509006437b3714b62c37e12c6f5290,557,22,550,0,100
2023-10-27T02:28:20Z,ba1652d6b6e42acb238d5777172791360d07e2dd,557,22,550,0,108
2023-10-27T10:29:04Z,f5f84129b91d44b910736b4b460f66f0c0004030,557,22,550,0,108
2023-10-27T12:42:07Z,31c4410ba9ab2904f55fe76089ae9e13e172585e,557,22,550,0,0
2023-10-27T15:24:28Z,d3a609d305e65d4a1b859dd4e9003f9d77380ce5,557,22,550,0,108
2023-10-28T06:27:34Z,8f5013c67cf056e046b6669e97b27e8bd6ffd70b,557,22,550,0,108
2023-10-28T14:24:39Z,d0c8d904f809f1c50ceae98256f22fd2cdd382a2,557,22,550,0,108
2023-10-29T07:22:41Z,db506e7366be24fcb9e12155e8d11b89153f7f43,557,22,550,0,108
2023-10-29T15:22:48Z,cdf32eb7fde0ce8e59566325b2dcd132be10eb37,557,22,550,0,108
2023-10-29T23:22:40Z,94d1389006cf40b52f7a1cab52895b2cb143bb27,557,22,550,0,0
2023-10-30T06:29:36Z,06613d559b922171f1308352230a463b0b458a6a,557,22,550,0,108
2023-10-30T18:28:57Z,b2f6be2ee52403084393677d713c70f1969fd44a,557,22,550,0,108
2023-10-30T23:22:58Z,00cf4cef6fcc63d0c84a1ac443e4b5e7950f1e32,557,22,550,0,0
2023-10-31T06:29:11Z,ff681ebb27977e0d237efc924cb36c517be1660c,557,22,550,0,108
2023-10-31T14:27:59Z,5c4fb2262b191537d11b2e6650a55b4b2a5b6a27,557,22,550,0,0
2023-10-31T18:28:53Z,0fd77055bea69523d7860b34288e7fc9694ce5fc,557,22,550,0,108
2023-10-31T23:22:53Z,1966f505273032c28a9200e00c082c00b6a543f9,557,22,550,0,0
2023-11-01T06:29:50Z,ca69454050ff428c3072ae0254e91a33e195fc60,557,22,550,0,108
2023-11-01T18:29:07Z,b53f5a0ba55a1cc8bc35500b3d968b748edcf63e,557,22,550,0,108
2023-11-02T06:28:39Z,18199b8bf8789b1123f1a080048b6102fc61fd30,557,22,550,0,110
2023-11-02T18:29:08Z,c5d5a76dfe4a1df1de6649475bd73939b0021026,557,22,550,0,108
2023-11-03T06:28:52Z,1678cc276003970048da79fcc761c2ed3658e25c,557,22,550,0,108
2023-11-03T18:29:32Z,1ac61df8f183a56db5c73cec98c2bfd3c1c97e5b,557,22,550,0,108
2023-11-04T06:27:54Z,15bb437121a0defbe75ff628b40af098db23362a,557,22,550,0,108
2023-11-04T18:27:22Z,dc141329ed97b1b83923ec8eefe24f22a35abd7c,557,22,550,0,108
2023-11-05T06:27:46Z,41843c96c04cf1378f420d686da1a54aa4c8d221,557,22,550,0,108
2023-11-05T18:26:51Z,4638f50796e2c3b26a9fa7a11b651e42065acbc1,557,22,550,0,108
2023-11-05T23:22:44Z,f3dd731f6a1dcfa2b4d8ce6c0f884e8702000e0d,557,22,550,0,30
2023-11-06T06:30:15Z,7b3058610b05723f0331714a319cb3a53c4ec168,557,22,550,0,108
2023-11-06T18:29:15Z,e5eb276c7daec235bd375ce03ada5885b3c200dd,557,22,550,0,108
2023-11-06T21:22:33Z,3376efe665b5eeee0dd065f1d6bfeb44074be2ae,557,22,550,0,4
2023-11-06T23:23:39Z,23de5b33e145b5cfcb77a0ee0be26eeb2c3c2cc7,557,22,550,0,1750
2023-11-07T04:28:20Z,66cb0f125dd91ffa417a13354c1f22a798b039a0,557,22,550,0,4
2023-11-07T05:26:49Z,217667cf33a813a9a9a7db19c0048d767e4f985a,557,22,550,0,9
2023-11-07T06:29:11Z,8eabcc0429099cf1048c3847f973edfb979c66b0,557,22,550,0,35
2023-11-07T07:22:33Z,4799705dbd0ace4b449aa9de86a739aeae933c1b,557,22,550,0,6
2023-11-07T08:28:40Z,1f4796f6d03491a4c5cfff682a02290ab4ca9283,557,22,550,0,3
2023-11-07T10:29:49Z,7c21a4fc482d6ec9876a3f8a96dcde141cffe58f,557,22,550,0,51
2023-11-07T11:22:41Z,7883b1f60c27e482bb2ae4ccc246bb8e0fd9af12,557,22,550,0,57
2023-11-07T18:28:53Z,c9475f597652a819d037f99f2c4b0ea7abda96c0,557,22,550,0,51
2023-11-07T19:22:42Z,b799cea1d8226576dc2c841cebc2e5b6d28a577e,557,22,550,0,58
2023-11-08T07:22:38Z,d5c7acbb0f8420b723a1234cb15e239072681287,557,22,550,0,0
2023-11-08T10:29:56Z,2ef9efc57f22f591149adc0b7a5f2a85bc360a98,557,22,550,0,51
2023-11-08T11:22:32Z,01af59390d3d498c62a16dc4f5d1acfd2ddf18b0,557,22,550,0,57
2023-11-08T18:28:47Z,77c3072aeb3b58283127c2fe620379ee91908ef6,557,22,550,0,51
2023-11-08T19:22:53Z,9b65c9c21255e2946ff0f47fe92ff708c43ba026,557,22,550,0,57
2023-11-08T23:23:49Z,985743e597625641e2c90cd440166e94f3c727bf,557,22,550,0,52
2023-11-09T10:29:50Z,a2041d9707f1c8fa9439fb535f2644b513f0a405,557,22,550,0,51
2023-11-09T11:22:50Z,a6c9bfc062c3d75da983a78093f3d372618de9e4,557,22,550,0,57
2023-11-09T14:27:31Z,f04c5c7e95868f49838cb8890b2d0c36d54ad0a1,558,22,550,0,0
2023-11-09T18:28:43Z,ff71c78310f9eda81e7736b3ebadf8c66ce6045f,558,22,550,0,51
2023-11-09T19:22:41Z,e3539fdb21a0d0e9c6572ef2ee7bf85b94e1e8ae,558,22,550,0,57
2023-11-09T23:24:00Z,5ca9aa5f4b0cbbd354911db176a6672bac62491b,558,22,550,0,82
2023-11-10T03:24:14Z,03a46f54db30a6f1a7ac56dbe1c180d11e2e46e8,558,22,550,0,51
2023-11-10T04:28:33Z,0d7985ef57622128a87b7f62bfe5d18635dfd0d3,558,22,550,0,57
2023-11-10T11:22:39Z,c38b34729f195406c357438884aef1950ee9d2ef,558,22,550,0,51
2023-11-10T12:42:58Z,e13ce193013f63d7084ed4e0b30f732c04183358,558,22,550,0,57
2023-11-10T19:22:46Z,cc42b7a3f3ecfdf120d2cf910c69152e29ef5914,558,22,550,0,108
2023-11-11T04:27:48Z,2c65961ac8c3f5948a554fe9e6e2b1ba01a0865a,558,22,550,0,51
2023-11-11T06:27:55Z,4452635b898a9ffb4c004ec8b99c628dff567c21,558,22,550,0,57
2023-11-11T19:22:40Z,5492d7d3a4e48b3b3e1c68e4cb69bdd35ccbe29f,558,22,550,0,108
2023-11-11T23:22:35Z,de4d218757c53f5954cac6ee00fc7b49daf108f9,558,22,550,0,0
2023-11-12T04:27:38Z,4d33b564623a203925e8a4f29908dee452c8b53f,558,22,550,0,51
2023-11-12T06:28:02Z,0de7826dbfe8c02df7a876526fd22173f4bc7eb4,558,22,550,0,57
2023-11-12T19:22:46Z,45c76cfb735bf1619429e0293f65c75ef95b37a9,558,22,550,0,108
2023-11-12T23:22:58Z,e83384b3e07f93a3ec14f11af30443c3ed8555dd,558,22,550,0,190
2023-11-13T03:24:51Z,7f4c3543099986eb3dd130125a1bc4afff90cb01,558,22,550,0,51
2023-11-13T04:28:44Z,08c1d47e7352e5df34e5d0d12e8f20dab6d9867a,558,22,550,0,57
2023-11-13T08:29:38Z,ca0721f5787ff6a64b3445ce30b022eccf5eae7c,558,22,550,0,0
2023-11-13T11:22:52Z,3579a1081d4ed2d0433419e4f2da5c4988fc4d28,559,22,550,0,51
2023-11-13T12:43:50Z,ff21a022e0becb1e3ea1c3e8d816748ac91ce558,559,22,550,0,57
2023-11-13T14:28:12Z,79d2b27551f8942f8719db1a586410306bccf96d,559,22,550,0,4
2023-11-13T19:22:39Z,ab2b4493e600a45014bff11105e3f4f620f027b4,559,22,550,0,108
2023-11-13T23:24:21Z,a4c3a11b0aac54667c49f486e9502427ab761064,559,22,550,0,108
2023-11-14T08:28:31Z,fc7328cfb544417df5e0cc5cd1a3e80a8130d3bc,559,22,550,0,2
2023-11-14T09:24:08Z,0d818a752168f081797b95b248e3fd9137d6d348,559,22,550,0,0
2023-11-14T10:30:45Z,229eff5c31a327e98e6d37003c232606422d3920,559,22,550,0,51
2023-11-14T11:22:45Z,c5b4c8929ebe9b5479d34e382b6abd8be681b43d,559,22,550,0,57
2023-11-14T12:43:10Z,f3a19db94b7eb0b935e8046997783bc49b0a0c56,559,22,550,0,3
2023-11-14T18:25:11Z,496a265bc9bbf0b3ec729dbec88c559c9aada612,559,22,550,0,51
2023-11-14T19:22:49Z,48c458f23885bf8d32498a25ff4116850b291c98,559,22,550,0,57
2023-11-15T09:25:41Z,e85068cf15102762527c57cf1787214fd613b5e1,559,22,550,0,0
2023-11-15T10:31:57Z,b25af7b4a773c979761112eb92c6c1a7f529ff38,559,22,550,0,51
2023-11-15T11:22:43Z,b077221fc13c838f0117a13fc76f1b1b42fa5c9e,559,22,550,0,57
2023-11-15T18:28:07Z,da38d98f110d71bce1a618a05560a8513783bdc2,559,22,550,0,51
2023-11-15T19:22:45Z,dabdb3f6c3603e10151bc3aeea31f87cde1075a7,559,22,550,0,57
2023-11-16T10:31:57Z,4ca8eab81e4fd01fcc528e7172752731693360bd,559,22,550,0,53
2023-11-16T11:22:35Z,62ed909935b8174bd34a6f3283b211d5592ff2b9,559,22,550,0,57
2023-11-16T18:29:39Z,25df3b29caa00168058e2da57471ab74afbbd91c,559,22,550,0,51
2023-11-16T19:22:33Z,16e86f829240fd90223910f409c1eeea3b53b45b,559,22,550,0,57
2023-11-16T23:23:58Z,f79b2f9c138da20864319fa065501e8ab2a8144c,559,22,550,0,30
2023-11-17T03:24:57Z,1414b6eb4c5cf6237255dc8c246a26a6b1b45c28,559,22,550,0,51
2023-11-17T04:29:15Z,e227b67a02bcfb5110c338979fa43e04cea4e473,559,22,550,0,57
2023-11-17T06:30:03Z,d512e564fc0842ac8e0dfba082f0e4484bdc8f1a,559,22,550,0,0
2023-11-17T11:22:43Z,4f4f7a2a7c0658ce0d5935a8da12e5e087bdc54e,559,22,550,0,51
2023-11-17T12:44:00Z,fa9393ed058af65cb8fd86c92fa91bb2c21d9cdc,559,22,550,0,57
2023-11-17T19:22:34Z,aaf21e885999f3f34df3780312c6ef2fafbf6dce,559,22,550,0,108
2023-11-18T04:29:40Z,9d372d05d64ec12f87cb452d18e9f48e9a293c08,559,22,550,0,51
2023-11-18T06:28:24Z,c34e7cae009059c754bba47cae1c7680d4469b36,559,22,550,0,57
2023-11-18T19:23:02Z,b93cb0ccc43c05014ccde0c65504259e5848145d,559,22,550,0,108
2023-11-19T04:28:22Z,987747d1c136cc7040bcf1fe8a88d4540b5a9897,559,22,550,0,51
2023-11-19T06:28:36Z,f524a1f594001db93ed003e47bb0d9e72ce78fcb,559,22,550,0,57
2023-11-19T18:27:26Z,e3de1ecf7733739bde580943f2dbe44ad3677170,559,22,550,0,0
2023-11-19T19:22:33Z,4807d069282a1ae42613dc663424afb9ff273fb7,559,22,550,0,108
2023-11-19T23:23:45Z,91ff153ed01611b3fdf6d5d3e54aae5ad6182cb1,559,22,550,0,138
2023-11-20T03:26:07Z,afd78f326f190f651dd4b16c810c232408194204,559,22,550,0,51
2023-11-20T04:30:07Z,9653287e34244a99279990262f690d0f84936abd,559,22,550,0,57
2023-11-20T11:22:33Z,316019f04768bb761bc354bc50260b4aeb0d48d4,559,22,550,0,51
2023-11-20T12:45:18Z,3416b65a1bdbb8e36d8667e7814a795364cbbf79,559,22,550,0,57
2023-11-20T19:22:42Z,2d6d82e50a27da75f70507d6722b2dcd1d130ba8,559,22,550,0,112
2023-11-20T23:24:58Z,e7f9003885b8366bde9d674682d7e49cc1fffa28,559,22,550,0,1770
2023-11-21T01:36:41Z,b47f8bc957a9d23a427742f654a6cc1544b87c7c,559,22,550,0,2
2023-11-21T04:29:33Z,c1672870aee300ab50ab208c2043332d6223a9b2,559,22,550,0,4
2023-11-21T05:28:18Z,b5da1121d01c871d70d9832cf6adf38cd51be045,559,22,550,0,12
2023-11-21T07:22:57Z,2d076254c9fc1125bd01680834bafe563b295925,559,22,550,0,5
2023-11-21T08:29:45Z,3ad2086f9a0061353753986ced7cb42398a4f532,559,22,550,0,2
2023-11-21T10:36:41Z,4e98e4c145b8e546e9a43014512294ce8e67c610,559,22,550,0,3
2023-11-22T13:28:55Z,6a7b36c1d9b424d050a18c86bc62aab7a131552c,559,22,550,0,0
2023-11-22T23:24:31Z,02c514e69ca8af895f4f98847f2a14d9fbbeb25c,559,22,550,0,170
2023-11-23T23:26:05Z,a4e142c3ceb17c23b0ed9f63816c4bb88a0fc1cb,559,22,550,0,138
2023-11-24T23:23:35Z,1363da4d49dda1fea125490154d96ace8eb5cde1,559,22,550,0,6
2023-11-25T01:29:17Z,d1d5ebd81d4d9cac4d28892302e4edc3fec68342,559,22,550,0,46
2023-11-25T08:27:12Z,a73cc728d767599740428c8c8d976416102fba9d,559,22,550,0,0
2023-11-26T23:23:19Z,591a8a6fcbe093092bb361361be13867b697daa4,559,22,550,0,30
2023-11-28T07:22:51Z,3e54924d58a1a91b05d1eab1828519e1dc7f6afe,559,22,550,0,3
2023-11-28T10:31:16Z,7d4fef3b411ed90aa573a732d73f46141019df58,559,22,550,0,5
2023-11-28T23:24:21Z,60547aa673ef352a118503d791dab35ba5095269,559,22,550,0,0
2023-11-30T12:43:44Z,2e434ee5f811d8a6c5b08d1fcc74c5d14e4a7f4e,559,22,550,0,0
2023-11-30T23:24:59Z,703cbc3ae5360d9434839d9b1eed35afa19cde5a,559,22,550,0,30
2023-12-01T09:24:53Z,367c7258ad58e0c2501e8b6cfeac0c9afc4accc5,560,22,550,0,0
2023-12-01T10:31:00Z,0b5de240962ac71150a26c7267d5be76290aec6b,560,22,550,0,4
2023-12-01T12:44:03Z,76509e6ece3b4b4a25d17564875fd23ce79b9eaa,561,22,550,0,0
2023-12-01T23:24:37Z,3cfb8e857664dc253c404868eef8ecb370cfd666,561,22,550,0,0
2023-12-02T14:25:28Z,12b5368855433fd4730fc507127176bfbfe356d7,561,22,550,0,0
2023-12-02T20:23:30Z,c712085fdcb9f4b9d09616e968e041e4d046a9cd,561,22,550,0,0
2023-12-03T23:23:30Z,bd93a0460981c72e927bf908e120fbfb10b61d05,561,22,550,0,30
2023-12-04T19:22:38Z,208495f4069fac91c2b0f1536dbd5d0371cdfb0e,561,22,550,0,4
2023-12-04T23:24:52Z,40bf3a3208388d5e860c5ba897f8083df0405f5b,561,22,550,0,1760
2023-12-05T04:29:41Z,5b5688676e617f6dc0ccbb1cf252042ba98f60c3,561,22,550,0,4
2023-12-05T05:28:00Z,18ab6d99783bddf3f53fba7f475c22df52f2e010,561,22,550,0,8
2023-12-05T06:30:38Z,32e95954142c66576c7e1fe2c3291749b6682d78,561,22,550,0,9
2023-12-05T08:29:42Z,9f316141c3809ede896c6b20a68175455f0d3604,561,22,550,0,12
2023-12-05T11:22:34Z,9501be725efc753fdcf11158c3bc441ae5b2304d,564,22,550,0,0
2023-12-05T13:28:04Z,8232917626212a649f18d967ef1b6301a02a5f71,566,22,550,0,0
2023-12-05T14:29:11Z,027bd9fef682e134ea749407b60e05d61112b4c5,566,22,550,0,2
2023-12-05T15:27:18Z,921deb434f4fffff8866c46077a225f1bd24d28c,566,22,550,0,3
2023-12-06T11:22:54Z,6121d9a293660875c34930502f79471845dfa6de,566,22,550,0,4
2023-12-06T14:28:53Z,6a162d74f50b8fc2646a6cf5252ffad3d67b88a7,566,22,550,0,2
2023-12-06T15:26:51Z,330dcdb8e174fdc9bec8cdc488c598f3bb83e5d7,566,22,550,0,2
2023-12-07T11:22:38Z,c802a6c059baa839aeaaca54fdab2e65e37d8ff0,566,22,550,0,1
2023-12-07T23:24:57Z,bb360f40e1ad0faa6dd6c032c9f826e099273855,566,22,550,0,95
2023-12-08T10:30:18Z,cc864081129b3ce83b4fa7c29467818ecd330d43,568,22,550,0,0
2023-12-08T23:24:11Z,8287b88fc8edf3133c534aff725d46a1bc671e59,568,22,550,0,30
2023-12-10T23:23:32Z,1969fcbed4358f8f36c8a167e5e2e77411333248,568,22,550,0,30
2023-12-11T10:32:26Z,9355055d6e364cc9b88e93566800d903af5b96d1,569,22,550,0,0
2023-12-11T11:23:26Z,1a3851777af65f5909382be8a581e2bde0b7ccce,569,22,550,0,4
2023-12-11T12:45:03Z,17d49cefb25af0113e3451578b6e662e5fd6092a,569,22,550,0,2
2023-12-11T23:25:10Z,4302e4d1a4efd889a9f478cf615a7108ec35ac8e,569,22,550,0,0
2023-12-12T12:44:09Z,43c048554e9f81968bcf09771fa5548225074d35,569,22,550,0,6
2023-12-12T17:27:37Z,c45d314e6beef1d2d9858f71bff9fe3f51de1207,569,22,550,0,0
2023-12-14T15:26:05Z,d97259b63e297123211fcdd7e0dc073abf5d6ed2,569,22,550,0,3
2023-12-14T23:24:42Z,8396f7768a6f1054079bba7b88dcd4d0d31dc18b,569,22,550,0,30
2023-12-15T12:43:20Z,e77987a195c0c76d2c1c7734837d55f540aa76b0,569,22,550,0,1
2023-12-17T23:23:53Z,1ae886f256eb7abe39f63bf9c0f26f4857cce33d,569,22,550,0,30
2023-12-18T16:32:46Z,a8d8fe45e154e463dd93fec5acbd9dc0ddfebc79,569,22,550,0,3
2023-12-18T19:22:35Z,1ab862ebc0cd6aefc3db0ae688ce984165d1079d,569,22,550,0,4
2023-12-18T23:24:40Z,b3dd0fb08ae4c1b3b3c33eadb725bfc2ce3c416d,569,22,550,0,1561
2023-12-19T04:29:01Z,cef02986ef4ee5eb662d0b09d0fd8f9a59974579,569,22,550,0,4
2023-12-19T05:27:32Z,90294c0d363abea32aca2574032fbce8fdbeb50d,569,22,550,0,9
2023-12-19T06:30:03Z,edd0728a63c3c0e1a87b47078aa3b7ec2c6a84e0,569,22,550,0,5
2023-12-19T07:22:45Z,68f933da3da2a9cd11ed2f02a4520cc91700e437,569,22,550,0,3
2023-12-19T08:29:14Z,883755672f16f6c4bc01cc41e42070b31582af61,569,22,550,0,5
2023-12-19T09:24:17Z,686db56f7058328f2e77cadc0d28855f83a6bdfd,569,22,550,0,3
2023-12-19T11:22:45Z,a6b14cdd1f8babd8c1d38a8fdf2dcb4e6d0b213f,569,22,550,0,0
2023-12-19T23:22:35Z,07653c935f49ea3a171ad7ecfceadcb7123c4382,569,22,550,0,2
2023-12-20T09:23:37Z,967b12756d1c6a19e60e59453c64181b38ca6c0d,569,22,550,0,2
2023-12-20T10:25:15Z,2b31392223bfdbdf001a4b40c74afecdea45c7fb,569,22,550,0,159
2023-12-21T23:25:22Z,4f27cb6c8c63d9cbf01b3f6ad8d279ae4eef0f4d,569,22,550,0,30
2023-12-22T15:24:08Z,37986463d48832997352c765b41936470e364594,569,22,550,0,1
2023-12-23T20:23:31Z,61a21fdd038198975b846f7f2072d4b513a94528,569,22,550,0,5
2023-12-26T23:26:32Z,a9970a8795637495096c884358b05fb884b77a9f,569,22,550,0,0
2023-12-27T07:23:00Z,f7b38da44f83609308d455824a4c2dd6826d610e,569,22,550,0,0
2023-12-27T11:22:31Z,668f4e325baa1304931b02fad291b48a1225835f,569,22,550,0,0
2023-12-28T09:23:36Z,2a3489609c436ed20317f47813b9dc3b765ebae8,569,22,550,0,0
2023-12-29T09:24:03Z,4495f8e2c2beca51baba0bcff715e8583ef04ec8,569,22,550,0,0
2023-12-31T19:22:39Z,dd3571e9722444ab0ef2bcf9ddc4ef4a056f059d,569,22,550,0,0
2023-12-31T23:24:18Z,0b1fd1561e3a369063036749ac52c1b198d8ca78,569,22,550,0,31
2024-01-02T18:29:07Z,762aa2da7de7360144713ac57c288a56cef23c28,569,22,550,0,0
2024-01-03T01:32:13Z,0dca7a288079c9c4d2b2b98b16a96255aa4046d3,569,22,550,0,0
2024-01-03T10:30:00Z,94c7bbf19f5683d3cb849e9435b03dbad56f043e,569,22,550,0,0
2024-01-03T13:26:44Z,0b7be5101e78e9b04d37c6eb35921d73bb4140b7,569,22,550,0,0
2024-01-03T19:22:39Z,b74d92b8cf2f5b273b0ba834705dcafa0ea7bab6,569,22,550,0,4
2024-01-03T23:25:52Z,dab20409cbb4f47c5decafd13b97c2cb508b1f4b,569,22,550,0,1738
2024-01-04T04:29:08Z,0b6af4e10e9a4ca0633a1f413504357363afb732,569,22,550,0,4
2024-01-04T05:27:55Z,9e49ff56c52f4ed76cd20af5b70d1b38e29df9c6,569,22,550,0,2
2024-01-04T06:30:20Z,8bb67c05c27aa6a56ba4bf80e0f5fee1861f2eaf,569,22,550,0,4
2024-01-04T08:28:54Z,9131f192d39dbfe21238cd5f71fdd6f90c20dedd,569,22,550,0,6
2024-01-04T09:24:47Z,6decc0850212bdd9cbddbb349268aa87daae250a,569,22,550,0,0
2024-01-04T10:30:53Z,83275a4dfcb429a3196b8e1b4f144554131b273f,569,22,550,0,2
2024-01-07T18:27:48Z,9878ad6b61b67e0d0626499c79395f55c2b6ac25,569,22,550,0,0
2024-01-07T23:24:57Z,eb5d148a7bcc6a3505d7a4f4f02ada05c22eddef,569,22,550,0,96
2024-01-08T06:30:51Z,204db5af985d1b2931da011e85b9e450736d5521,569,22,550,0,0
2024-01-08T23:24:47Z,2cbe3bb5ab6ed3c5d8d8c521403a46f9458a3b5e,569,22,550,0,0
2024-01-09T07:24:52Z,7902491ecf89a49e056e8ec70ff4ec73dd6c9982,569,22,550,0,0
2024-01-09T19:22:41Z,16fb2e7d01c92750991c08626fcc03a50564dea4,569,22,550,0,0
2024-01-09T23:24:29Z,6feb99fd320c7581f7c6ebdc357466bfab96cd8e,569,22,550,0,172
2024-01-10T01:35:06Z,5f26e9bb7b3af69ad56a50f4e0e31b7068b7445d,569,22,550,0,0
2024-01-10T09:24:51Z,30734174bd557763468ca69b960d282b50b474b4,569,22,550,0,1
2024-01-10T10:30:54Z,423478ecc8e7a61326f1830c4177f077e51b92cd,569,22,550,0,3
2024-01-11T23:25:05Z,511598af1b4e52a17e0d401abd33b2877befa2e3,569,22,550,0,31
2024-01-12T08:29:53Z,f3fc9aa444478894a887ba0e435afbab7220fc60,569,22,550,0,5
2024-01-12T09:25:03Z,18bf65532d629efcc293653cc433aefe459e3782,569,22,550,0,0
2024-01-12T15:25:11Z,2ff80f8d97bda4e01cd5cce70285459fce01f78c,569,22,550,0,0
2024-01-13T23:25:30Z,f583e4db79c16c3c705438f4c1808db493d49012,569,22,550,0,0
2024-01-14T23:25:18Z,266693a9deacbf98d9651875124aa8cd964c8300,569,22,550,0,31
2024-01-15T10:32:00Z,477d91b3d49e11f4ca02246bb1ba3bcaba6d0421,569,22,550,0,4
2024-01-15T12:44:41Z,e42ed354d2c86a260af342fab272a1f7ee5f6f8b,569,22,550,0,3
2024-01-15T13:28:10Z,c8d34707f81f031f7e83206bd1257422e28d76a0,569,22,550,0,0
2024-01-15T19:22:39Z,b081ae002298afa709e84727b06ce72ebdef972c,569,22,550,0,4
2024-01-15T23:25:07Z,d2e943e56ed23a1829ef160e3584abf5282cf402,569,22,550,0,1770
2024-01-16T04:29:37Z,4ea89681c42908b28d5883b5b36ae861d4d09d86,569,22,550,0,4
2024-01-16T05:28:32Z,0832ddfa939975e877cd12a820a49db6455d5f45,569,22,550,0,3
2024-01-16T06:30:34Z,f2231ebf39cd7cf33a538e5a7bd8e3232901ab3e,569,22,550,0,5
2024-01-16T07:23:04Z,4a45c89c4d117f8540ff55b16040d2d3e46a6f6c,569,22,550,0,4
2024-01-16T09:24:46Z,e8c8af27783ac2aa2430d12a87a37b76242dcf54,569,22,550,0,0
2024-01-16T11:22:44Z,d52e2ab853caca9991ade254d21cd6b3c34d560f,569,22,550,0,3
2024-01-16T12:44:09Z,6d3baa8b3b093e34c74daec6778d2bdfed2c52d1,569,22,550,0,5
2024-01-16T20:26:00Z,952d51a604b4056a8133c94a2ee5f8f0cafca79d,569,22,550,0,5
2024-01-17T06:30:23Z,fb30f7932036f71d5cafa82a1cce3e96be3ef72f,569,22,550,0,6
2024-01-18T09:25:19Z,58fddac98e10e873d75d57c8e3fb49d07fd54e9e,569,22,550,0,1
2024-01-18T23:25:17Z,d7d936fe4af2f9af2785da7beb98de4d2e5f8614,569,22,550,0,32
2024-01-19T10:31:24Z,522b0bff7898a1fe9decb8abb9cbade1cc4e187f,572,22,550,0,0
2024-01-19T11:22:42Z,b1c527314f65beabd1543f779e3e20c17fdde71f,572,22,550,0,0
2024-01-21T23:24:31Z,a14430f2723cc4b46313878b5e2f13b70fb40684,572,22,550,0,32
2024-01-22T06:32:01Z,c7c872dba20d7bd1b39f396467026908290086f7,572,22,550,0,4
2024-01-22T08:31:23Z,b044d91b35b3c60f24ffdec572a6e421e40b10ee,572,22,550,0,0
2024-01-22T23:25:11Z,c03f4bbe296918fd75dc2d61d958b7f27a519b52,572,22,550,0,1
2024-01-23T02:38:56Z,bc53f7af0f0cb114a4d4170c8993d0f9ef05d713,572,22,550,0,0
2024-01-23T15:26:26Z,b10e844ef821d420e5abf61275ba0c071d4e2467,572,22,550,0,0
2024-01-24T10:31:38Z,586a2b99887c59a675de06ca3194c1b2e8ede5e2,572,22,550,0,0
2024-01-25T23:24:15Z,d90bdec160fe7a7ab0867dfdd1c3e7c6bd3cf90b,572,22,550,0,32
2024-01-26T14:26:40Z,b70f76828da6c9ff774716cd656ba4b187e75d18,572,22,550,0,4
2024-01-28T23:23:28Z,5cfaf760f658f14cdba3b60759b89894d4eb5028,572,22,550,0,32
2024-01-29T11:22:35Z,a8d9efb2675106f08b5bccd07b3b51c47ce8e0f1,572,22,550,0,8
2024-01-29T15:23:33Z,e6b4de6119a19bde6417093f857cdccde47ef6e3,572,22,550,0,4
2024-01-29T23:25:17Z,b62bffd1cc65692b34828a3676595d585f093474,572,22,550,0,1785
2024-01-30T03:23:34Z,b7a8e45166376be7711f5653ff03186afcf318eb,572,22,550,0,4
2024-01-30T05:26:42Z,c43a148fcec964cba3b28699c43f0cc55c1b0763,572,22,550,0,3
2024-01-30T06:28:35Z,04ae9957a7da27f558a32bb29b20d13fb5658feb,572,22,550,0,11
2024-01-30T07:23:13Z,f6e07b850494fd7515773bc31f70e58b3e930d46,572,22,550,0,6
2024-01-30T09:23:35Z,02f40c43b80d547c51d153bfab34c37df549c68b,571,22,550,0,0
2024-01-30T14:26:59Z,0463837929d9f42dfad63458806ede475b5fea7c,571,22,550,0,3
2024-01-30T15:24:58Z,e53d9deb29c1fe7626453ef65617ae0bb25c34e8,571,22,550,0,1
2024-01-31T09:22:59Z,8317329430fa9f42b1c5cc5c17fc32f63d24e404,569,22,550,0,1
2024-01-31T10:28:43Z,75189f84a0cc5c0673843f1b82666e11bc168983,567,22,550,0,2
2024-01-31T14:26:54Z,7bceca0ed3504cbae8d3f6867d3fac6d4845275f,567,22,550,0,4
2024-01-31T23:23:39Z,53909697f8b11d92527242fe0580a7e1ae6def23,567,22,550,0,0
2024-02-01T08:27:27Z,3ec134019c3889557103499a1347deeb4edaf845,567,22,550,0,0
2024-02-01T23:22:53Z,da5eaa015ebc9ff4d8c72b13ec9397b5a3fddc85,567,22,550,0,32
2024-02-02T09:23:32Z,9d83ddd379e2fa8716a9abe676830e549345e3f8,566,22,550,0,1
2024-02-02T23:22:52Z,8b5633dd09a232728f8295e3856308adc3d1cbe6,566,22,550,0,0
2024-02-04T23:22:42Z,48eb5062ec17857c81afe871d3d2c0c706277285,566,22,550,0,32
2024-02-05T07:22:36Z,d9e6aefca68e1baddde65c2ce3621399205e7e58,566,22,550,0,1
2024-02-05T09:23:43Z,442cbf910d7c7c1e503ab5837b0d4ec66aa33384,566,22,550,0,0
2024-02-05T11:22:35Z,38133f62ae3acabaad78d24f54c84fe780543edd,565,22,550,0,1
2024-02-06T07:22:40Z,3adc756ec2827dd772b9ff71ac578fca5afafdf3,565,22,550,0,0
2024-02-06T23:23:37Z,cb647529e5cb6535f579a2fe2e812d8087afcf35,565,22,550,0,1
2024-02-07T09:23:37Z,a277761b6b18a6af67fc4ea290e1a09b74217bb2,561,22,550,0,9
2024-02-07T10:28:46Z,5d54f08df82ee36b982317db053a22049e9743f5,549,22,549,0,13
2024-02-07T23:23:36Z,bcd2594ef559f1e17d5249d697af056b8a290762,549,22,549,0,97
2024-02-08T23:23:55Z,ee1f45420d2cb1bc2baaf2d80d71b05b89e840c7,549,22,549,0,32
2024-02-10T11:22:41Z,acb069deae41c3c4f06d5d13d4c279eb6ee6a580,549,22,549,0,0
2024-02-11T23:23:35Z,f423c1be4f20fc0874c6394ebe34f0acd279941f,549,22,549,0,32
2024-02-12T07:22:36Z,cf68e64d31191e2ed09ec8b1d17b5a0e019853da,549,22,549,0,4
2024-02-12T13:25:54Z,c105f1919ac20bda5268b01f571ed6188643e927,552,22,550,0,0
2024-02-12T19:22:33Z,4ddc3402b2ab70cb5fa14cfcdc83fa43e2c27fe9,552,22,550,0,4
2024-02-12T23:22:34Z,c3e2d1ba6cc264199e48134aec1f1148f3f95725,552,22,550,0,1810
2024-02-13T04:26:48Z,c4202b00ca60697dcdd34e72dd0b73e9fa315586,552,22,550,0,4
2024-02-13T05:27:04Z,4fc8fbc895a1fecf0cf5ea5eff4e25591075d3b3,552,22,550,0,3
2024-02-13T06:29:23Z,000f86a108d117c3c862bac6b8a1c5505188dc8c,552,22,550,0,12
2024-02-13T09:23:11Z,0d3147b62de8f705b525f322ccff01a7ad25f991,552,22,550,0,5
2024-02-13T10:28:52Z,efe97dd1a8cb329decd5780ff64fb65c04ecc768,552,22,550,0,3
2024-02-13T12:39:19Z,3681d516451183c2df0cffbb2343a4c8394d32ec,552,22,550,0,1
2024-02-14T10:29:08Z,27c0bed64a94864a60ba37c249223df4c549cd9b,550,22,550,0,0
2024-02-15T23:24:29Z,4e553ff8a70c28ba6587a1e6fb0d4fc7b7b7eb79,550,22,550,0,32
2024-02-16T14:26:44Z,322478b0d19f8ad1b289a425da07aac0a9183e49,551,22,550,0,0
2024-02-18T23:22:47Z,5d4fb2b1e34fb1610d27ab88976cd285d40fae79,551,22,550,0,32
2024-02-20T17:25:33Z,2cbfa49c59dbf4a71d26b0d2e4abfac0c8bdd0f6,551,22,550,0,3
2024-02-20T21:22:39Z,a8cdc225cb468bc37fc7d6c7f2b1967099ddfabd,551,22,550,0,0
2024-02-20T23:23:09Z,7b0bf288e0d38ff8eb6df39febdaacf630014ae3,551,22,550,0,1
2024-02-21T13:24:09Z,f2d392ad008d9b1bf2967c80739235d2cdacf7ab,551,22,550,0,0
2024-02-21T14:26:29Z,77920a08739e3166dcedf5a397878d4f241df3b6,549,22,549,0,0
2024-02-22T23:27:01Z,9737e34594edcf66ba81556c4c3282bd98b7a9ae,549,22,549,0,32
2024-02-23T02:28:20Z,09c2c6818a21e461bf85cac6a6d3601cbbe64ba2,549,22,549,0,0
2024-02-24T23:25:54Z,ff7a79ada6f909ed9f3e6f0b805789a6fc9cb6de,549,22,549,0,1
2024-02-25T23:23:18Z,24bb73c3a7b044dfcef89efbc335a521dfd340b4,549,22,549,0,32
2024-02-26T15:24:42Z,95a627c3c7d82218ed7d1429ea05dac11f742819,553,22,550,0,0
2024-02-26T19:22:43Z,4fca955f3517f8e350fd11371a2abbe6fb71925b,553,22,550,0,4
2024-02-26T23:24:01Z,d7fc583ee6ae22378e68bac38435504b29146e2d,553,22,550,0,1797
2024-02-27T03:24:51Z,390f1cbb7fc322260450520d8bf43cfdfad6d4d1,553,22,550,0,4
2024-02-27T06:27:50Z,2dcd17b0d53bc2030be631b9792ca4fd3248d2b5,553,22,550,0,15
2024-02-27T07:23:21Z,6b496d1029f86c1fd7fc8d501412643185817997,553,22,550,0,6
2024-02-27T08:26:56Z,fe06d27fad4aca1a4fbb53f6672c2b084d53bd84,553,22,550,0,2
2024-02-27T09:23:53Z,6ec5f8d871a28da61321cef5982d0fa846d72d8f,553,22,550,0,3
2024-02-27T10:29:19Z,06bfcfe2f35d868d53e89229d1702702622e2069,553,22,550,0,6
2024-02-27T11:22:33Z,874a6f0ecc6a9815900f9935c4fbbf46c92de1d0,553,22,550,0,1
2024-02-28T23:26:16Z,13e865d18b5bcaa6bbfc2f727d068ac3147e3e0b,553,22,550,0,0
2024-02-29T17:25:38Z,1147db67ab35bbf32eb54d5c84b545aea4f46750,553,22,550,0,3
2024-02-29T23:23:38Z,a9dcd396049ad50ac10f571763d9da02566f1351,553,22,550,0,32
2024-03-01T07:22:39Z,11faf8b7f825696d8494a5c9c960eb37b02e82ad,553,22,550,0,0
2024-03-01T10:28:57Z,6b5f8f274ea34498c8b2ff134de13b326e38cdcd,557,22,550,0,8
2024-03-03T23:23:31Z,01eeda8e579f6ffeb4407df07ffeebe02aed23ed,557,22,550,0,32
2024-03-05T11:22:38Z,bba8db8aafd59450b2cc705e0939c0998fbbc52c,557,22,550,0,7
2024-03-06T11:22:45Z,ae01a3bb4ab65b862a9e8b9abd076f02402012ad,557,22,550,0,0
2024-03-07T13:23:35Z,14f5467bda33ff7c0d79fb874e969d328f56341d,553,22,550,0,0
2024-03-07T23:25:53Z,7de0d0e6008c233c2c549d9ba4c83ff5ddd6300c,553,22,550,0,97
2024-03-08T11:23:17Z,47aa022d8f09bbe954094e78fa1afdd51d418093,553,22,550,0,7
2024-03-10T23:23:32Z,d2d3b58b20ac81141935560035c8d40028d5775a,553,22,550,0,32
2024-03-11T23:23:52Z,727d543f0b938213eae2ca4ca0221b16dec60fd7,553,22,550,0,418
2024-03-12T05:27:32Z,73e808656b0d499cb6ffbd2a35ab5b63d824b720,553,22,550,0,1
2024-03-12T23:24:50Z,340d9b4f5353a61f1354b0877ad5450705f4e809,553,22,550,0,1
2024-03-13T12:40:53Z,c33501363a883a0904c0cfc52b73beed497e6e27,553,22,550,0,4
2024-03-14T11:22:56Z,cb8d46682b276d0f72e5ce28599eb8507670c827,550,22,550,0,0
2024-03-14T23:23:02Z,d3583e866db9d13c4982173c725f0fd037b309ec,550,22,550,0,32
2024-03-15T10:27:52Z,72981cd8d03705e70fe558972421e2b63e9ba703,550,22,550,0,1
2024-03-15T11:22:33Z,2fb5c451759f3670ea1d0f689024158886907ef8,550,22,550,0,0
2024-03-17T23:24:31Z,471d9282ac8f37ff8d99e168cb4833712d141ebc,550,22,550,0,32
2024-03-20T16:30:56Z,3184ad379cec255db024185596b778db5ebdd41f,550,22,550,0,4
2024-03-20T22:25:53Z,df1fa1ef79ec3fde6c92e9b9861a795e9b993efd,550,22,550,0,0
2024-03-21T23:26:14Z,31af40873bcaf5ce44600dc97322d1b8cb80395e,550,22,550,0,32
2024-03-22T07:22:34Z,0ca50644664b0937e5d21a7cc54f36cc2685546f,546,22,546,0,0
2024-03-22T23:22:42Z,a456d355025b446c261b215f622a7112b5299745,546,22,546,0,1
2024-03-24T23:25:04Z,46d1a3f41839c23f81996bae7fcd0b4a77a74ca6,546,22,546,0,34
2024-03-25T21:23:28Z,b148f7adf7733be87736d12ee0abdbd0ef95bff2,546,22,546,0,4
2024-03-25T23:24:58Z,6503d6f8dfabff037da87c971f355f7866365fe4,546,22,546,0,1793
2024-03-26T04:27:54Z,2d02f0234cfebac3f86be2160d607f7fdd80f901,546,22,546,0,2
2024-03-26T05:26:08Z,a49d305ec45594e6fee69d8495712770713fa26e,546,22,546,0,11
2024-03-26T06:29:51Z,005fee796761e1592381d9ff289d5b66529253fe,546,22,546,0,7
2024-03-26T07:22:48Z,24bbf86edcd5c9e87263e8f33e1c823bec62fed5,546,22,546,0,6
2024-03-26T08:29:05Z,08f598eb8cf213839a333978ecc786a135437ff2,546,22,546,0,1
2024-03-26T10:31:08Z,513770223443ea8a5e1140cbd35df9c610cd9172,546,22,546,0,2
2024-03-26T11:22:34Z,f0c27db09f965e76a36f38c3075eb2dd0b6d38d2,546,22,546,0,2
2024-03-27T09:24:41Z,b906ee5a76ffec1c48153ef3dbf8d86317885de5,550,22,550,0,0
2024-03-27T15:24:50Z,b1f2bbedfa7068060422243661c7c0b7902d2d03,548,22,548,0,0
2024-03-28T23:23:21Z,b1daa1f846e231efb2b9f96545f13154515920f4,548,22,548,0,32
2024-03-30T23:22:34Z,b22be554fa7c9a7f7ae3eb8a15ae812f5e53fd3c,548,22,548,0,0
2024-03-31T22:27:57Z,d044c2c68f1667f162e1f72ff44dfa1f8666cdc2,548,22,548,0,32
2024-04-03T10:29:37Z,5606691cd1e0a1c10614c873668aa7859424e23d,548,22,548,0,0
2024-04-03T13:25:18Z,9bd89c21b23ff6f9c02ad025853a18b0035d5670,548,22,548,0,35
2024-04-03T18:29:00Z,69fea5cf0871f633cfc4cd76e967710eb0f203b7,548,22,548,0,4
2024-04-03T22:26:17Z,4e42dc235b5179438763ff5492a41130ec7f8307,548,22,548,0,3
2024-04-04T06:28:29Z,5f616ecc858c0ef3d710265e42582b4797890f04,548,22,548,0,0
2024-04-04T09:24:38Z,140353441c84850abca9da4825506668792dd488,548,22,548,0,0
2024-04-04T12:40:56Z,b31efede567fee40939103d047fa6784e38bfbd6,548,22,548,0,1
2024-04-04T22:26:25Z,e30c72adb4fe7ce1111311abc744acc4207703ca,548,22,548,0,32
2024-04-05T12:39:47Z,73ade128641ab63e925400f80bb84a4fbc67f08a,548,22,548,0,7
2024-04-06T22:26:12Z,cf5b35d26427234164ca19b911672c91a3c426e0,548,22,548,0,0
2024-04-07T22:26:35Z,0c0b67b2923bcf5926a9509551260b0d8403f8f8,548,22,548,0,32
2024-04-08T07:24:00Z,4066e74aada4c7c4cb9d593f78d7839f5c8a432e,548,22,548,0,0
2024-04-08T19:22:43Z,b5b40574578e776b3130ed0d23d9a6c5fea14075,548,22,548,0,4
2024-04-08T22:29:28Z,7ceacb0a7d4af9178a793bdb605e408aa2876aad,548,22,548,0,1759
2024-04-09T04:28:40Z,a89e0135137affa14b0ce01bbbb885365eb9665d,548,22,548,0,9
2024-04-09T05:26:46Z,42d0fbb9a9647434fdf5a459e2a0f5adfad8ee82,548,22,548,0,11
2024-04-09T06:29:06Z,c1598b5c7d298807550e5fd708f0f9e8bec7be59,548,22,548,0,6
2024-04-09T08:28:05Z,2ee2d11123ede12f7fb00ecf9e995da7d80a4b9f,548,22,548,0,4
2024-04-09T09:25:09Z,127973dc4714e6c1020415ecdb5a412db610d716,548,22,548,0,27
2024-04-09T11:22:35Z,5c03f5df1894b862e24b4586ef830932ef0228d3,548,22,548,0,1
2024-04-09T14:27:03Z,7cf455f95d23064bd8542a90cd9b23ebb0c2e072,548,22,548,0,0
2024-04-09T22:26:40Z,9192a835276bc3adc0613bd3263f147dbb082ad1,548,22,548,0,0
2024-04-11T22:28:58Z,192d4e06d02e3db4ad2942238772b7bc240a0e87,548,22,548,0,32
2024-04-12T13:24:31Z,67c0d6161b75cc50f0e5dacc041ecfe85c5f33a0,548,22,548,0,3
2024-04-14T22:16:39Z,683c5207c08d49b13188501a60907cecdbb0e508,548,22,548,0,32
2024-04-16T12:42:00Z,d49acaf96ed552804722ecb3e0b151ce8f86a9bb,548,22,548,0,0
2024-04-18T22:27:10Z,493d01f4d79ef7e04752ba9e6c4a34da8bb119da,548,22,548,0,32
2024-04-19T11:22:57Z,3abf1b7b5f381f91de2c56d8a874f5b00d674bfc,548,22,548,0,0
2024-04-19T12:40:55Z,449726389a6117b994ffe83eb53692d2b900a9fd,548,22,548,0,0
2024-04-21T22:27:33Z,e19ab09241c36ba003b7d3cac5b03600666ec247,548,22,548,0,32
2024-04-22T11:22:46Z,3bc10ccba0d3224d97772314b343a01b84ec8cac,548,22,548,0,0
2024-04-22T12:42:59Z,017a80cc7754d81bc6df8219d9f70fbe7892c04a,548,22,548,0,0
2024-04-22T14:28:00Z,34f086140049fa286137c2b157d4f4e96500ab11,553,22,550,0,0
2024-04-22T18:26:39Z,2d15afebd0cf7155d245d7247e7b4b8bed528802,553,22,550,0,4
2024-04-22T22:29:39Z,42ed5d96aaf2d7d43b5d6dc93f624ed3ad43c7df,553,22,550,0,1765
2024-04-23T03:25:04Z,851c5a735c9fe28bf15711880bbc801de9feb5e7,553,22,550,0,4
2024-04-23T05:26:43Z,58db049641681a82f165e342e7d528934cffda7c,553,22,550,0,12
2024-04-23T06:31:19Z,92998df9f83a5b25622af4895197232a57bbc0bd,553,22,550,0,3
2024-04-23T07:23:06Z,5d379119c3a065f02323508398379915883826b5,553,22,550,0,2
2024-04-23T08:28:30Z,25d604869ea23cadf8ecdc8b1a242c18299ca7e9,553,22,550,0,4
2024-04-23T09:24:04Z,bac1f6d795f73515d01cdaafe80dc06ca6722faf,554,22,550,0,1
2024-04-23T10:28:57Z,33affdfc4819676f93fb7dad55c5299791ac998a,554,22,550,0,1
2024-04-25T09:24:37Z,6208a2ff65c9871c6f4929572a39eee623272b2e,554,22,550,0,0
2024-04-25T22:27:01Z,c41ba975800dae6ef80b4b80a412428ea8129868,554,22,550,0,32
2024-04-26T08:28:12Z,c72212002150c53da1966e79d07f927c8cae78b5,554,22,550,0,3
2024-04-26T12:41:40Z,9d28e4d82e0b760674e27f0474c67b97d1238921,554,22,550,0,28
2024-04-30T06:30:37Z,f06d51a1b71c4fd3bcd7f6c69f8fac6aaa7ad415,554,22,550,0,0
2024-04-30T22:27:19Z,d80b0036a4edcd0e048faacbc574c8fb00a86632,554,22,550,0,0
2024-05-02T22:28:26Z,f0c23dd58b192d5100d5eca8c5256d0e677b6276,554,22,550,0,32
2024-05-06T05:28:58Z,0f694c15649ea7ec82b252d659c159feafae6655,554,22,550,0,0
2024-05-06T08:29:12Z,2e5a161dfa0a1ee1d3e168450a026904eec18458,554,22,550,0,3
2024-05-06T10:30:35Z,983a331564ee5eacaa7fd81b303fe0084bb5aa7b,554,22,550,0,0
2024-05-06T12:43:34Z,9598ee9ec04c27c86dd56da8c2ccffe798d593cd,554,22,550,0,4
2024-05-06T18:30:59Z,0d36076192e7738d70ac13e081c2238c00ffff40,554,22,550,0,4
2024-05-06T22:28:33Z,52e5b0867fbf006939e85735db90da4260539632,554,22,550,0,1831
2024-05-07T03:28:41Z,370f12129ad13912b79ee6a2d535951bfbd322a6,554,22,550,0,4
2024-05-07T04:29:22Z,a6d640322dde0834baf5c7b5f906b23fbc34cb80,554,22,550,0,7
2024-05-07T05:29:09Z,d3cf6e8189aa589cdf8e3d79e7fa2efac96a56b2,554,22,550,0,2
2024-05-07T06:31:41Z,170dab74f6b6173bd3be217a05d5a64fbd51d0bd,554,22,550,0,5
2024-05-07T07:29:06Z,38a158b3cde303873994f64a0bdc986ec3e2f10a,554,22,550,0,8
2024-05-07T10:30:17Z,462e5363b58687608425eb756959ed4b39dfcdef,554,22,550,0,1
2024-05-07T11:23:21Z,af77edb28a5903b908e4733dbdb739c55c238212,554,22,550,0,2
2024-05-07T12:43:14Z,b999e37ff32e65ddbe6ca0653f6e2b49ef959291,554,22,550,0,2
2024-05-07T20:22:33Z,388071226b2494c76c5576e4fb1da7c81126103c,554,22,550,0,3
2024-05-08T13:26:56Z,6e03731d25717e39920e293133ebbfbb9bf48d4b,554,22,550,0,0
2024-05-08T19:22:40Z,68e47690a2360d0998320c329a86baf3f46c7e6e,554,22,550,0,3
2024-05-09T10:30:37Z,e4eba9192d6a84d9983250c5b915aec30566b226,554,22,550,0,0
2024-05-09T12:42:48Z,21189df093abebdd6d0545fd0009e228ea74749f,554,22,550,0,0
2024-05-09T22:27:35Z,967762637810f31433e86574a48ccfd6939ad796,554,22,550,0,97
2024-05-10T13:25:27Z,42aa13c94a61522dde5b57e8e99ca6ca6aa20154,554,22,550,0,2
2024-05-12T09:23:54Z,f03eaee5afd07b77904845a2a309ed93e02f12a0,554,22,550,0,2
2024-05-12T22:26:26Z,0f57e91e2dea56b3599a36b4d1207cfaffca4d8a,554,22,550,0,35
2024-05-13T22:28:46Z,a6384a6e00ed8a4bacd397803da7f5186aedaebd,554,22,550,0,29
2024-05-14T07:24:00Z,96fbf99e2067c6e17e89781d4f30982b0381b683,554,22,550,0,1
2024-05-15T09:26:26Z,55d132fba2eece1d4994ca7cf56d6dbfbc1eb927,554,22,550,0,11
2024-05-15T11:22:35Z,91a3a267c0736e656abd1336aae297cee7266b45,554,22,550,0,54
2024-05-15T12:44:51Z,ca496fb0375c9cb2b62aff0ff4158a46029a3191,554,22,550,0,1
2024-05-15T14:28:54Z,879e65f4fc0deb50f77116e8e667eb279d257d42,554,22,550,0,3
2024-05-15T15:25:46Z,0a82172fe1bd9ed15410f6614bb3c69828c3e8da,554,22,550,0,6
2024-05-15T22:30:50Z,a03ab30a914abbbb3a183f73652961e638bfb6eb,554,22,550,0,3
2024-05-16T07:22:34Z,2d77e5e4bc5686fbee3bfeabd0b98bd064d6c7e9,554,22,550,0,6
2024-05-16T22:29:14Z,21a9eef36f4df45da5a05d0f5382a077d2c59647,554,22,550,0,32
2024-05-17T08:29:11Z,414f4ac9605c201516210c35e20e714b1e172973,554,22,550,0,0
2024-05-17T10:29:51Z,282a549a594604fff83717134018b14897eb0ffb,555,22,550,0,0
2024-05-17T11:22:35Z,d21a74d5a76f30363803a08b0e6d5ba1d9a4c9e1,555,22,550,0,4
2024-05-19T22:29:16Z,3eb1aac0e03f18e6966ab0976088a2d04f4064a3,555,22,550,0,32
2024-05-20T05:29:17Z,98e0e3912a4f01094fa4fcad137337c69b4694ea,555,22,550,0,3
2024-05-20T18:30:23Z,2da63c905cb3097781e470b83a1414acb0526faf,555,22,550,0,4
2024-05-20T22:28:31Z,4e8a771e09309ea5a6e526d92beb63ec947c9585,555,22,550,0,1830
2024-05-21T03:29:23Z,06787a36b879cf737a5fc24b661401d1cd40f332,555,22,550,0,4
2024-05-21T05:28:29Z,59e7a71acc939837e34eb70a73b7c47d59ea610f,555,22,550,0,11
2024-05-21T06:32:20Z,f237d1f59d2b3cba590b10468f42593671f5c85e,555,22,550,0,3
2024-05-21T07:23:51Z,2739a0cbdb01997c1c4fedf88c8bcbd8fc94e213,555,22,550,0,57
2024-05-21T08:29:32Z,91a679dcb4eebd45f3a74e681e47549cfdafb928,555,22,550,0,2
2024-05-21T11:24:00Z,14801fcb5219fb93b1311ea78a4b7752647660dc,555,22,550,0,0
2024-05-21T12:44:44Z,b5811430630c2c88e726c67d92ced51233ebea86,555,22,550,0,3
2024-05-21T13:28:52Z,7cf8ceb672295cad80faba556ef14040f83bc709,555,22,550,0,2
2024-05-21T14:28:33Z,abe052dc3589186fc74ad2dac35392c942f43a79,555,22,550,0,6
2024-05-21T15:27:08Z,6953f46c90bbd426abc2e971e0ff65113bb9ccb5,555,22,550,0,0
2024-05-21T22:28:10Z,021cab1180e0c69ed07417ae7439dec475c46483,555,22,550,0,100
2024-05-22T08:30:37Z,d5758a78db1b998aa235142c105adb07229324bf,555,22,550,0,23
2024-05-22T09:27:44Z,3b3fa203399e2175d2c431ce6fd797898e4d4c48,553,22,550,0,4
2024-05-22T11:24:52Z,a9c2b164b927233ff4261261fc203a87da2d18a7,553,22,550,0,4
2024-05-23T11:23:06Z,c9d90370bb000014289363e729c3a1706fa442a4,553,22,550,0,0
2024-05-23T22:28:29Z,af8a91217013bab066162dd2c22100074d8164bc,553,22,550,0,32
2024-05-26T22:27:16Z,83e947b5c0c31d0fa7ec8c0f5d58dfcc36c779d7,553,22,550,0,32
2024-05-27T10:30:53Z,fcb591fe9247846723361bc4cf0dacbd32c5d98e,553,22,550,0,2
2024-05-27T12:44:23Z,86f323f6ec2e206118be143b3d0a6c4cca0afd8a,553,22,550,0,0
2024-05-27T13:26:59Z,54fff9ae8563fd9e5902e5a892ad6cfd5069cbdf,553,22,550,0,4
2024-05-28T08:31:08Z,c7bdb25f8064487ccdd4e8b64d7f96840610f961,553,22,550,0,0
2024-05-30T08:30:21Z,f02c5db88f07712c70a19dbf89bd0aea041019f1,553,22,550,0,1
2024-05-30T12:44:27Z,4cadedd94c43c329d5f49a8ca51f3efc6db5abe1,553,22,550,0,0
2024-05-30T22:28:37Z,73767b64bb4317319f3e7e0e721c7eac130276ea,553,22,550,0,32
2024-05-31T13:26:11Z,03027fbf8c1a3256b689628be5ace5b155becb7e,553,22,550,0,136
2024-05-31T14:27:43Z,9818e9fe9d69d625b828f9929857d1b7342f1300,553,22,550,0,2
2024-05-31T17:29:06Z,8423b5c481a37252f5be30de8f1f451343812d63,553,22,550,0,1
2024-05-31T22:28:30Z,292696c626dd80d4f7d60be5e35ba9b34d958773,553,22,550,0,136
2024-06-01T13:24:27Z,a9dfca36d4d7713befbde3ede8b43f949030339f,553,22,550,0,136
2024-06-01T22:28:02Z,9f4dd4879f3395fa954030bd96b5d46ae92df0e1,553,22,550,0,136
2024-06-02T13:24:34Z,e7afd1028bd2306205b2ef3395517e6629415768,553,22,550,0,136
2024-06-02T22:28:45Z,3514ee2259e8b4c100ec6c094e074057f8bb6f07,553,22,550,0,168
2024-06-03T06:32:40Z,835b8ce1ce49ab7b88b0d8e154c3debbf86e026f,553,22,550,0,2
2024-06-03T07:23:59Z,003b3e23a11050072b543c4387ef80c588940d35,553,22,550,0,0
2024-06-03T12:46:15Z,008db198ab2be2deab31a680eed786d5a73df653,553,22,550,0,0
2024-06-03T13:28:30Z,8c4383d9bcbefebea96752e934f8ea2417829374,553,22,550,0,2
2024-06-03T18:32:57Z,dc00f94321b5bd0aa0a8959fe88b89da754e8915,553,22,550,0,4
2024-06-03T22:29:45Z,755644bc8353c7915da125f4d9ba02eef1d5bcb1,553,22,550,0,1809
2024-06-04T03:29:19Z,d284b3cf7dd5de2d9ddb5733c91f01aa8f1efa6e,553,22,550,0,4
2024-06-04T04:29:27Z,548b1e0b49fb7e6a68622e9c017a0fa48acb73fa,553,22,550,0,7
2024-06-04T05:32:12Z,623785c4eb3ae046ff7d3acf9465de01ffd052ce,553,22,550,0,6
2024-06-04T06:32:19Z,8f40230ee123e991248d9d65c27291a1f3c0402f,553,22,550,0,4
2024-06-04T07:24:21Z,74b8db4a91a16d3e30c4dfd514557bb42b8712e7,553,22,550,0,3
2024-06-04T08:30:16Z,1e2f779eee52a001b07e8ca72b6f671b9c4dc49c,553,22,550,0,2
2024-06-04T09:27:55Z,1adef5e0f32f2de5eda816b0a7931a5fe17b04d0,553,22,550,0,1
2024-06-04T11:23:22Z,0b6795bf483c0739e75d3a0139e396504c583471,553,22,550,0,1
2024-06-04T12:44:55Z,da7f62799dfb2bdc78f849eb0d21194a358598cc,553,22,550,0,6
2024-06-04T15:27:35Z,35f1546be630799a992216909086e34aa6d58e3a,553,22,550,0,6
2024-06-05T12:45:03Z,934694f381887f91505b4421a857c6ee25eec35a,553,22,550,0,56
2024-06-05T22:29:19Z,47727f08cb1a72323f8e5fabc5132f314c62040a,553,22,550,0,3
2024-06-06T06:32:26Z,05d071099af2b532def91253e991a3f058601cf6,553,22,550,0,0
2024-06-06T07:24:37Z,6eb7c98cf0f5c642a4d4a872a75d854a5ec3a4e3,553,22,550,0,7
2024-06-06T22:28:35Z,de60a13db8d2746690b0371ad0108d1170be64e9,553,22,550,0,32
2024-06-07T10:30:58Z,7ceef1673f1675cfdf619d39c27d4598152ee4e0,553,22,550,0,0
2024-06-07T13:28:38Z,69e2ec1072e5d14cf636c246118bcbccdf73e262,553,22,550,0,138
2024-06-07T22:29:20Z,de4169fbb8fa2a570c01581a8a022f05ed911898,553,22,550,0,138
2024-06-08T13:25:34Z,f9fd72fc8da938a959fdc10cb9fee54bb00dd611,553,22,550,0,138
2024-06-08T22:28:51Z,aff76721007e7514b7cef7b3523bac935bb94592,553,22,550,0,138
2024-06-09T13:26:32Z,3d5b4fb07304c83ae9e1cb8795abfc5c08b7d4ec,553,22,550,0,138
2024-06-09T22:29:14Z,5aa290fbeeb69cf255a202a2c1a71adbd35493fc,553,22,550,0,170
2024-06-10T09:28:05Z,e525203044daeb302d234d7b778510798c48cc3f,553,22,550,0,0
2024-06-10T12:46:22Z,70d4bf786cf3b9070eb3026c96fd43a3879dd83b,553,22,550,0,1
2024-06-13T06:32:48Z,f095fe1c894454738a497a503dc45d90c4851c9c,553,22,550,0,0
2024-06-13T07:23:55Z,d86399b3a6875062089adf6a1e383973e562377b,553,22,550,0,5
2024-06-13T09:27:31Z,aaf3bfd6b8efe6175a6158c2517711515697e4c6,553,22,550,0,0
2024-06-13T22:28:58Z,62437279fb4b6b073cdb5749b8e867a003c24377,553,22,550,0,32
2024-06-14T13:28:04Z,40df9b6c04ccb9f0ebac1acd8ee4adc516fbf543,553,22,550,0,138
2024-06-14T22:29:07Z,9b896ca3ad1be60b6788e53516b249d884203ea7,553,22,550,0,138
2024-06-15T13:25:26Z,3c6085669b391b8d4f8ce21da50a3452b31fde1c,553,22,550,0,138
2024-06-15T22:28:55Z,eff740ea12ef16cb88df5d0761cff4ba9b770356,553,22,550,0,138
2024-06-16T13:25:47Z,678dd668beb7f9a93ff173a11edcf8c7dd7b3e29,553,22,550,0,138
2024-06-16T22:30:18Z,4c568f3f1138b19b26f06dbe5c5c57ffb5693985,553,22,550,0,170
2024-06-17T22:28:43Z,da048ee010453b5564086a46a5983a48ba5a75b0,553,22,550,0,1342
2024-06-17T23:26:17Z,0cd47124ae571fa63d6d0bdd9801c6a382c7b5d6,553,22,550,0,27
2024-06-18T05:29:39Z,0ddd92ddb6bc08d26d81075e9de0387729c1f69d,553,22,550,0,10
2024-06-18T06:33:07Z,12d6cb68f5bce206352ffd229da4d68e3958e2dc,553,22,550,0,11
2024-06-18T08:31:13Z,9b470c09ada12503fdf3497a4e82ea51a16707fe,553,22,550,0,10
2024-06-18T09:27:32Z,a99ec80f919947c354ce223ead37f9533e023ed4,553,22,550,0,493
2024-06-18T10:31:12Z,501c24f60316548b6f07e8f5b75f8a61fac5bcdf,553,22,550,0,11
2024-06-18T11:23:17Z,00cf46cc2d02f2c15a8bb4f1ae399e5b061b48ec,553,22,550,0,0
2024-06-18T12:45:58Z,93101cc6e57751ef21686600c2dce5f468e87a09,553,22,550,0,0
2024-06-19T09:29:44Z,0c25a038049319c89116c4e198b43a2299274aea,553,22,550,0,0
2024-06-20T06:32:57Z,83004a11c95fda6fabded0cb275dcc02fb20e697,553,22,550,0,4
2024-06-20T23:26:39Z,83836776699ae0457893f0a447eb80dd8e54467f,553,22,550,0,62
2024-06-21T13:27:33Z,dcfc385075eeffb4c49d9cfc0d8efec2a18328a3,553,22,550,0,138
2024-06-21T22:28:31Z,e326a473402f9592c8359d4a13e23ff7260b38c7,553,22,550,0,138
2024-06-22T13:27:33Z,0e10f9f5880fbdc11e8821fbff67d95cf847e4a2,553,22,550,0,138
2024-06-22T22:27:48Z,986cdd397cc624fd3d8241e69a7f9180b947178b,553,22,550,0,138
2024-06-23T13:24:40Z,394d07b73132c74a7828b809c9fa3b33d6e1848a,553,22,550,0,138
2024-06-23T22:27:33Z,f57beea4356582c6036748abc6a88c7f8426f86f,553,22,550,0,170
2024-06-24T13:26:57Z,50c0b0241ea82813e9e5776a20d5728a6560c339,553,22,550,0,138
2024-06-25T08:30:38Z,5817ee491a8b910f223ce3979578df39bb63e4dc,553,22,550,0,0
2024-06-25T22:28:17Z,300e3d2e1c6a6c591bec1b026e61e77be83fb2fe,553,22,550,0,138
2024-06-26T07:23:59Z,8da8cd53e51e748f480933d593cb9c15fb0a1588,553,22,550,0,0
2024-06-27T22:28:49Z,c06a178ae6addfeadc2d6eaf21682ea5ffa478ca,553,22,550,0,35
2024-06-28T10:31:46Z,5b45ad3ec7851f615317b743464dcb86ff151348,553,22,550,0,0
2024-06-28T13:26:28Z,f07bc0869a273ed3ce923d3bc677558f7b060a92,553,22,550,0,138
2024-06-30T15:26:59Z,e4016ebf7ef6721217e5d213af17d9184fcc85a0,553,22,550,0,0
2024-06-30T22:28:10Z,aa49d3f12431dfd9b4ca0af8e69891cf5c45a548,553,22,550,0,178
2024-07-01T12:47:32Z,65a1f6dd63b95a3daa49c0690e543617ee9622fd,553,22,550,0,0
2024-07-01T18:32:10Z,be58e9a259214446bc910770244604cca68cbd19,553,22,550,0,4
2024-07-01T22:29:18Z,a1fc972ad68c45e7b9eb021d757633e773f743e7,553,22,550,0,1852
2024-07-02T03:29:03Z,c6b6746e4e54175092e6324a53221619ab2ad0ce,553,22,550,0,4
2024-07-02T04:31:50Z,78619fec47a1251817f5dd3b82727e2c7c2718df,553,22,550,0,9
2024-07-02T06:34:03Z,4973ee7b8f7f23cdff1a04d719336f7ed135986a,553,22,550,0,5
2024-07-02T07:27:25Z,328aa79fad5a12e9af261f8f7b2280090c1610a4,553,22,550,0,3
2024-07-02T08:30:41Z,93df6c71b70f7090d7b5464f2c38985e3f9fde8c,553,22,550,0,0
2024-07-02T11:23:04Z,ae56ffb636be1f4f92f1e80c495f19ca582e6a52,553,22,550,0,10
2024-07-03T08:31:10Z,7d3c037fb13abf7e675689d383073696ce179ede,553,22,550,0,1
2024-07-04T22:29:41Z,55c418dea85465731d54663ff210b0a87adc680b,553,22,550,0,32
2024-07-05T09:28:17Z,4bb459cf83f4b4a821a912f9bb3400ff97c50eac,553,22,550,0,0
2024-07-05T13:27:20Z,c17d22b15ee3f4b8e253ea8c5ee1db5ed33b2efc,553,22,550,0,136
2024-07-05T22:29:42Z,c391e5a6df33c905b3deae8ea36ab95f0103dfa3,553,22,550,0,0
2024-07-06T22:28:48Z,0a48f0b99c2570b1dc1981707d54e1f147c4f5ec,553,22,550,0,0
2024-07-07T22:28:58Z,c66182c6db3ed0eff80f121efae5960e8b0c57c9,553,22,550,0,168
2024-07-08T09:28:09Z,c29b3e92189bf06330a69de7abc051d1c78170f1,553,22,550,0,0
2024-07-08T10:31:59Z,3947a7b10beff5984c75421bf047ae131f090fec,553,22,550,0,6
2024-07-08T22:29:13Z,f00c99ab9852b0b083f480fb69487b3c5835dfe6,553,22,550,0,96
2024-07-09T05:29:40Z,f80f404a7a27d70386d9daf813ed4a4d50977c28,553,22,550,0,5
2024-07-09T10:31:09Z,5840034e973d6905bdf45daa8828b94bd189adc7,553,22,550,0,0
2024-07-09T22:29:57Z,39c0ded438feb9e17d23cb2060d3760a7614d7e1,553,22,550,0,29
2024-07-10T09:26:54Z,efe7dbe263d3ac5808411b9ba2af369b0dd7e047,553,22,550,0,0
2024-07-11T14:28:47Z,8e669705bbac1c0ce9774377d4283010d35d5b2d,553,22,550,0,4
2024-07-11T22:29:21Z,030fa9f5f1858c54d841b73fafbcd1056a63afb9,553,22,550,0,32
2024-07-12T06:33:33Z,e24b06784271de2f0afe5b8211f58e7878941e05,553,22,550,0,0
2024-07-12T13:28:19Z,10c8e371d7db145bde00c3fbec0ac9e65866bdd4,553,22,550,0,138
2024-07-12T22:29:27Z,ac140297be22f63d5f54f977d514cfc863fb49e8,553,22,550,0,0
2024-07-14T22:29:56Z,90e6a68bcbb0e66e3a837ce428371d6b73993b99,553,22,550,0,32
2024-07-15T11:22:52Z,dad038fcfcf9e23ac26e8fb63563957d5d8893db,553,22,550,0,138
2024-07-15T22:29:17Z,7150c08fa108e9d3e46caec7977e9a0c358b274d,553,22,550,0,1848
2024-07-16T03:31:51Z,3fbbecc00f73983a989e1956562a090348b5f603,553,22,550,0,4
2024-07-16T05:28:41Z,37193ff9d6010c0fc3581cd63ca56adc838d8e63,553,22,550,0,5
2024-07-16T06:34:20Z,6793e07dcadc3db2d71e3c1ed8810ad08396c2dc,553,22,550,0,2
2024-07-16T07:25:37Z,086da7f1d2327de0a0402deb74fffd95abd73099,553,22,550,0,6
2024-07-16T09:28:27Z,53c915bf69a9b825c5798b962a4524e4d10f41df,553,22,550,0,1
2024-07-16T12:44:15Z,2d76650e8c6a5d72195cd5af07631b7c3b2d3c5f,553,22,550,0,1
2024-07-16T13:22:40Z,dbad2ebe8b07765f5d34a2624709230b212f8903,553,22,550,0,2
2024-07-16T14:30:13Z,6658ecd473a7dfdbf5bae24b6895edc080900936,553,22,550,0,73
2024-07-16T22:30:19Z,de4959e2d3c93cd25e2125190b610609ca509a9e,553,22,550,0,42
2024-07-18T08:30:57Z,ae17e7146a92e4bd3bfd4b93f6529b111823553a,553,22,550,0,0
2024-07-18T12:47:32Z,3dbc7a6ed47e0192f8deb3552ed4af7ec6b7c384,553,22,550,0,4
2024-07-18T22:29:45Z,c2d8ed88ce99ca7ed757e8575ab6e82eef8d87f8,553,22,550,0,108
2024-07-19T09:26:57Z,57e36aa1b8b2be02a2eb860f301404c5e938cee1,553,22,550,0,0
2024-07-19T10:30:52Z,aab001eb1448f035e5d4640718cd8bc5e841fc0b,553,22,550,0,1
2024-07-19T13:27:51Z,37f12f1846d1acde68185ae16982d80ea804b995,553,22,550,0,63
2024-07-19T22:30:12Z,b6d3770a5b0f59f2b287bad3f017307768fe8572,553,22,550,0,76
2024-07-21T22:28:26Z,6fc17746c2ac6fa60d55b03c36eecd1ace1896ed,553,22,550,0,32
2024-07-22T08:33:10Z,0690627d9f255aedd6dd95e91fa4f94bf07fa913,553,22,550,0,0
2024-07-22T10:31:54Z,72c2bafb94ac70d91ac2112431dde834396fced9,553,22,550,0,2
2024-07-22T11:23:28Z,7cddb21702c5196eb94926e55ffde23b53de70d0,553,22,550,0,138
2024-07-22T12:47:44Z,82892936e016ab15e28b9d06b4d9d897afc27525,553,22,550,0,0
2024-07-25T08:32:00Z,6767bcd1d7e53dc57aa98e01f9cc8172fb3369d5,553,22,550,0,0
2024-07-25T09:28:12Z,6511a1106fddabf51f056bbbabb06ce4786c8b27,553,22,550,0,0
2024-07-25T12:46:27Z,5070a7e8517b75076e02bb66fa2160b2a15bf6c1,553,22,550,0,0
2024-07-25T22:29:41Z,242b0b5ce529816f5a9bb47b926e83dc2cb1ae43,553,22,550,0,32
2024-07-26T11:24:34Z,cbad1c2a2ad7ccc725302bf9b039dd292e9ca301,553,22,550,0,138
2024-07-26T12:45:48Z,2237e77cfcfb3351bc18593f3fe8577c7c875574,553,22,550,0,3
2024-07-28T22:28:44Z,17c67b5acc050eff88578a78e7cb90d19a0b00be,553,22,550,0,32
2024-07-29T11:23:14Z,0d6a7b92c4b34bdf76d199529387f36b543b14be,553,22,550,0,116
2024-07-29T12:47:35Z,0f7ed85194d242401f493515a83e009e854f87e1,553,22,550,0,22
2024-07-29T22:32:30Z,a58d07f278083ed97877d9eef82950f00abbc03e,553,22,550,0,285
2024-07-30T05:30:10Z,12bb82421aaf859bb5763ef9971666923cdaf8f8,553,22,550,0,4
2024-07-30T11:24:07Z,717f085273eced5c5157dd746597cef6da586f3f,553,22,550,0,4
2024-07-31T08:27:58Z,28a15da1b61f9fded099dfebc5b3fa4b35f3b78b,553,22,550,0,4
2024-07-31T22:29:13Z,f8bdaa3c95e5f9c540422fc52a7305276921779d,553,22,550,0,0
2024-08-01T08:31:35Z,e42ae254ebde49ebb49dbdc08c119dce7d15d11f,553,22,550,0,0
2024-08-01T09:26:58Z,2b0f5e278eac907680dad1d3c4d753c8e1d5e3f7,553,22,550,0,4
2024-08-01T22:29:15Z,1e7e1c7836b901bdf2cda28744981b36fa61dd7c,553,22,550,0,170
2024-08-02T10:31:30Z,242b11b1cee04c64d3ff8bf599800e653763ce01,553,22,550,0,0
2024-08-02T22:29:46Z,ea71083f1b870f439c6c0549ad71e48907011b76,553,22,550,0,36
2024-08-04T06:32:49Z,b4d2d12c1d5fdb04e3235bc9aa5728859d41f0e3,553,22,550,0,3
2024-08-04T11:22:50Z,281381c301c6db3d755dbe5b3b0709a53184e56c,553,22,550,0,0
2024-08-04T22:29:23Z,56f103eb8da482c48f57425a3afbc3592b7745f9,553,22,550,0,68
2024-08-05T09:28:00Z,e37759184169a67273422bd258e3611e0ad7882a,553,22,550,0,0
2024-08-05T11:24:03Z,be00fd255f32c3f34755be31ca09bba5d6006120,553,22,550,0,138
2024-08-05T15:27:58Z,13d2180d7a5bd6bbc95bc3be04efb77304a3e3ff,553,22,550,0,3
2024-08-05T16:33:03Z,31c7791f051ae72501efc047d7fee1442c788068,553,22,550,0,0
2024-08-06T09:28:02Z,6d1ffa5f9792d8cbde686d78560181bf7114dff9,553,22,550,0,0
2024-08-08T22:29:51Z,86308c46381831893c35dbc8020b7dccb14e93fa,553,22,550,0,271
2024-08-09T06:36:02Z,54a8ab6497ffb5e4d320cde3bfd7c25efd98fe55,553,22,550,0,0
2024-08-09T07:25:06Z,fbdb8b8ba788b9b01d64613935fe18691b66741f,553,22,550,0,3
2024-08-11T22:30:16Z,4fec50395d29cd4ad755b21793dbfac640faefaf,553,22,550,0,36
2024-08-12T22:30:32Z,a123f10cda3f7052a2471a9b28a751fae583f5c2,553,22,550,0,346
2024-08-13T05:30:15Z,9ea82023b70a03c0466bc669c726a346d3f9dd4a,553,22,550,0,2
2024-08-13T07:25:47Z,42985d073608e2ffb62c5093dff59c4610e15fff,553,22,550,0,2
2024-08-14T22:30:25Z,47235b4a437bb15a888e94412bac62fc70b770ba,553,22,550,0,27
2024-08-18T22:29:15Z,f1dc8b781449b252496970075911343e7dd6f769,553,22,550,0,0
2024-08-19T11:23:51Z,4e52a9b51afb3f6cb19e7e3e2d2f82bdc05c18c9,553,22,550,0,172
2024-08-20T07:26:08Z,a45a0f73f5266266cb8132e4630c252f955f9167,553,22,550,0,3
2024-08-20T11:25:08Z,b3d092d6f0034cf4360d0f6b2cf1439d54adc606,553,22,550,0,0
2024-08-21T12:44:23Z,a98da99abff114541ae859ad95747d052b7747b2,553,22,550,0,0
2024-08-23T09:27:46Z,12e632f48a49b6a100108264fda9c6cb912f8dbd,553,22,550,0,0
2024-08-23T11:24:32Z,8c56d62217fe090ae4c914ed310184e1e5bc7bfe,553,22,550,0,0
2024-08-23T13:28:42Z,74f88b068512bfb539aa3fe8559e27f27a41db83,553,22,550,0,172
2024-08-26T10:33:29Z,99cd6d2c768661a711fe7147644b2ade9241ecb7,553,22,550,0,2
2024-08-26T11:24:26Z,888cc1948340e9de199c5cc8746328b44a21ca44,553,22,550,0,106
2024-08-26T12:48:40Z,58c3a908f3ba72c53d59358a372e90114b567e0e,553,22,550,0,2
2024-08-26T20:28:43Z,ff6adfa608898d7c17977e6f4b9acd32749f49fc,553,22,550,0,4
2024-08-26T22:30:34Z,6036445ac69e20f8902a6bb888c99291e3c79e37,553,22,550,0,1895
2024-08-27T04:33:31Z,583dccd91f08ec427a9e862966eb54eb22cc6937,553,22,550,0,7
2024-08-27T05:29:58Z,35c24cf77fb47e5a0ae706ea92d074a989b847be,553,22,550,0,4
2024-08-27T06:35:12Z,a05c89c71715595551211a219af8d4231516cdd0,553,22,550,0,10
2024-08-27T08:32:35Z,ff22e4c03ef5cf0ca74737a533c7323803c19b28,553,22,550,0,3
2024-08-27T12:48:20Z,56349b7489de8d55ac01a1e9d222344879c02928,553,22,550,0,0
2024-08-28T15:29:21Z,3baf2e7a6b73b8ff3a515dbd6ccd41f0b2d2f3bb,553,22,550,0,4
2024-08-29T04:32:00Z,cce3ed3bbc5097d5100433c7e87bd167d9ae9999,553,22,550,0,5
2024-08-29T05:30:32Z,50d4882c991aa140eefb97a906e253f3c64377cb,553,22,550,0,2
2024-08-29T10:32:58Z,0b4cf1c91a13b2f56474cb71950412cef88a66d3,553,22,550,0,1
2024-08-30T11:25:29Z,52ede9b2de485aa2a9bd803918dd78d8a90f03a4,553,22,550,0,2
2024-08-30T13:30:28Z,d960a9f7ed4f1dadf32b18da013a5c34f1dd3e73,553,22,550,0,170
2024-08-31T22:30:50Z,02bca75f7e63db1c376e39336762f87495abcbab,553,22,550,0,0
2024-09-01T17:27:22Z,d8066fbd02f4f3d05b5cea4a7b422eac09754168,553,22,550,0,0
2024-09-02T08:33:54Z,a07a8ff85760b2984694506c6f6043de485501c2,553,22,550,0,0
2024-09-02T11:24:46Z,19534ada76831e1b5f8693bcbf7d6ba685aa1f5e,553,22,550,0,172
2024-09-03T22:31:47Z,62f2d5f38863fdfcbb3985a2d3cd7aeeae120d73,553,22,550,0,2
2024-09-04T08:32:32Z,d7d9767a1c949acabe783428da7b87ece8d83c2b,553,22,546,4,0
2024-09-04T09:29:36Z,801d713069e22b7fc80cdf433f18de9d91c15780,553,22,550,0,8
2024-09-04T12:50:43Z,0b77e5ff3e9af2f943f6da8d4e362fc48b9beee4,553,22,550,0,3
2024-09-05T10:33:32Z,91be2d7746f8fc883141addff7559ace67cc2623,553,22,550,0,0
2024-09-06T12:49:01Z,0c2fed3162535e84f4af7465761df1ccd6407b25,553,22,550,0,5
2024-09-06T13:32:07Z,0dd23873028baa90c28b61186b6c74ea2b5e7965,553,22,550,0,172
2024-09-06T22:31:44Z,92f2ff568565cede6afa477c23c588c688033ea2,553,22,550,0,64
2024-09-08T22:30:29Z,6d2038d9ab53cf657803d12ff80b3a8ea3729644,553,22,550,0,0
2024-09-09T11:24:48Z,62704b06a6d4935e729bdd27430fcbd0d5422aa8,553,22,550,0,172
2024-09-09T22:31:17Z,2e18e08cb3afa7e984990a57cc2ef3dfbb60a15f,553,22,550,0,1042
2024-09-10T03:32:02Z,6d2b7df39443c52574dca6ee91748b77d640767d,553,22,550,0,2
2024-09-10T04:32:44Z,ee5f5077f2eba362cac67dd35924d65e63f13e23,553,22,550,0,6
2024-09-10T05:31:12Z,dc43857f0366070f3fa0ec0f899b67b3349bd793,553,22,550,0,2
2024-09-10T08:33:19Z,d619cd0672d0aaa3ffeb53d6bc3c08ad0c36d4b0,553,22,550,0,2
2024-09-10T22:31:01Z,54dfc84de3e903d6c83d7f8a8b742b21ae664ca5,553,22,550,0,30
2024-09-11T10:33:18Z,ecdf7ec81ba9f10ec869366de991fe132d8bede2,553,22,550,0,3
2024-09-11T13:31:14Z,1845c109bf9cd585bbbef73aedbe5578131582fb,553,22,550,0,0
2024-09-11T22:30:53Z,b32e93f30d2984c627ac1f9bfb7f8c19b78420ce,553,22,550,0,96
2024-09-12T06:37:39Z,602618376fce085b061c596949606dc0092ac620,553,22,550,0,0
2024-09-12T22:31:42Z,530c58176b791dff65982c46ee5728592a7b6d96,553,22,550,0,35
2024-09-13T06:37:28Z,c7dc2f113b83378a6eef93cc7be1a061aaa8b4f9,553,22,550,0,2
2024-09-15T22:31:21Z,9f8cb2ccd5bc57493b571ee75f41b4132584ff90,553,22,550,0,34
2024-09-16T10:34:50Z,dedacd7d330c8fd4f2a1dab20e9a3c23f7a4d7e3,553,22,550,0,4
2024-09-16T11:25:52Z,563069a98e5a88316bc1fbc924b8026060165faf,553,22,550,0,0
2024-09-16T22:27:55Z,21a6a02f07f559cf48500cdc33260650d6005c96,553,22,550,0,0
2024-09-18T10:33:53Z,0e88a5c989b971ce29c70fba9a25a7bf75cdd71f,553,22,550,0,0
2024-09-18T15:30:34Z,9569fc0cf3e6cc120c9ee91de00c2a9501445b1d,553,22,550,0,0
2024-09-19T09:29:45Z,cd21968eb84be72101aaf804a9550227f696ebaf,553,22,550,0,0
2024-09-19T22:31:15Z,32a276476e74f338225dbaa7482f033c222cf234,553,22,550,0,34
2024-09-20T06:37:58Z,972c1cf27c394a0e821d9a265ba301542fbbbf4c,553,22,550,0,0
2024-09-20T11:25:31Z,97aab944106f39f3aacd8081bf73c65e180057e9,553,22,550,0,0
2024-09-21T08:31:55Z,3909656c4f72866b8741dedd3993c789ff4439f5,553,22,550,0,0
2024-09-22T22:31:23Z,9148d8a5d79f63e85a9d169062e3972bf4bd9b26,553,22,550,0,34
2024-09-23T22:32:40Z,a4638a60f62774172c32608356cc0b78fedda2b8,553,22,550,0,1897
2024-09-24T03:35:04Z,88fcd10688b1c8302e13c600cd36bd6baf3dba32,553,22,550,0,4
2024-09-24T04:33:51Z,e47762dc7daecde51f822bab9b7a91007069e2bf,553,22,550,0,5
2024-09-24T06:39:52Z,a1d35a1fef11d684bb10fb782be8e5e001820c70,553,22,550,0,6
2024-09-24T07:27:14Z,e6a27cb64b37f56da6184c669b15806144d64325,553,22,550,0,2
2024-09-24T08:35:25Z,895b21c0c61072c3b29f973732782666098efcdb,553,22,550,0,1
2024-09-24T10:35:49Z,4f34f23e96a878991f9b4ed5218a77f74eef29a8,553,22,550,0,2
2024-09-24T22:32:10Z,96394f7fb63159df51fa99f965b400f5f1e1153c,553,22,550,0,3
2024-09-25T05:32:19Z,4f508de9d8f9d2d377dc4e41ff0888a97fdb42d5,553,22,550,0,4
2024-09-25T10:35:40Z,4d92948884bbacd71d1a21235145e68b6e1c4e54,553,22,550,0,1
2024-09-26T06:39:13Z,225469f9ab636f761a968b18c778f40224afe8ea,553,22,550,0,0
2024-09-26T22:31:52Z,69ca57c8f5e70ee644e2c17c42e6e64795324ce7,553,22,550,0,34
2024-09-27T10:34:39Z,6a086aacad4c3e810f95ed13cd775e3f6bfff164,553,22,550,0,0
2024-09-28T09:28:09Z,11e3b408d376db91aa64841d01ab0d00c8f545d7,553,22,550,0,0
2024-09-29T22:30:49Z,26ea3dd6ad200dd0af4de482d8a0e90e41e5480a,553,22,550,0,34
2024-09-30T07:27:58Z,4ad1c94c52b3efe4f4fda4979ac164a2d5841727,552,22,550,0,3
2024-09-30T08:37:52Z,23c69c9fb08593aef4f2abb589c2d1796957a888,552,22,550,0,0
2024-09-30T09:32:11Z,8342bee89ada49b3839d19ab704da45bc22d57e0,552,22,550,0,0
2024-09-30T22:32:00Z,314c65d05e40c33f6f6470ca1cac43e14a1e0ced,552,22,550,0,0
2024-10-01T11:26:52Z,331e13d8b18338b227dd698dc8b075fa85d8389e,552,22,550,0,0
2024-10-02T07:27:05Z,3a28f229220ede8f97bc44d6e4b34238a853dc7c,552,22,550,0,0
2024-10-02T22:32:59Z,abd292120aea09db9ce7f62190f8b95e0ae6c31c,552,22,550,0,0
2024-10-03T22:32:31Z,5cd51d33b3b6059225fecfbba3ebf7542b2c1a9c,552,22,550,0,34
2024-10-04T10:35:29Z,c5a6b2089db9c9d99f7f4c22d79118b0a8af0245,552,22,550,0,5
2024-10-06T22:31:09Z,cf65d9d23af68a00b2aace742f8d0ada977c8c96,552,22,550,0,34
2024-10-07T22:33:11Z,92210079855db4ea92905a760f7a275704fdc4e1,552,22,550,0,1887
2024-10-07T23:27:59Z,83efafcc1196592b4142fc83b36f32b1adc9eb22,552,22,550,0,6
2024-10-08T03:37:10Z,6bafe8558754a302a936ad086b00444b8daba8db,552,22,550,0,6
2024-10-08T04:33:42Z,8558e9ba3d15ddb34349a28784f81d3564524e58,552,22,550,0,5
2024-10-08T05:31:46Z,3f22056dcd089360145dfb4952f69e16c516c943,552,22,550,0,4
2024-10-08T07:28:39Z,75efd2e666bdd4d497f234372f6f5759e3a1cfc9,552,22,550,0,5
2024-10-08T10:34:34Z,e7141516eed4622100b9610fbfd032d427f0214e,552,22,550,0,3
2024-10-09T22:32:01Z,acacee5c125bbcdcd44768397cc7ee682322a310,552,22,550,0,97
2024-10-10T08:34:52Z,c47845d88e3bf6212452e026ee5421122235c38e,552,22,550,0,0
2024-10-10T09:30:47Z,18e3f2111e653233f215cff694d599b2420eb301,552,22,550,0,4
2024-10-10T22:33:03Z,d7c610ff8f157d1a2156e522e69217e4362dd251,552,22,550,0,33
2024-10-12T01:51:34Z,75d595133b38ea540306f9846cfc80f453a240f7,552,22,550,0,0
2024-10-13T22:30:52Z,26a5a75b6ae43a5505461062653e7fd8f436dcb8,552,22,550,0,33
2024-10-14T13:34:52Z,d9e26a8e53daf1a5451a5384108c06e51b3961e5,552,22,550,0,0
2024-10-15T07:30:17Z,cf3f0e2e606575a29e677c2a96c211120980db59,552,22,550,0,0
2024-10-16T06:38:59Z,b1f20152d4a26b409280974ab8c8ce778f56339f,552,22,550,0,0
2024-10-16T12:52:27Z,81dd350af3849ef6205169fff41b3814c940b78e,552,22,550,0,4
2024-10-16T16:37:27Z,81fa54309065924d5c5b1bd9426746b2a30bc192,552,22,550,0,0
2024-10-17T08:35:07Z,91888b0ebc648762b6a2c03306730479c326d424,552,22,550,0,0
2024-10-17T22:32:30Z,969b900482df0ea77180663825bdd30aaabc8a8a,552,22,550,0,33
2024-10-18T07:29:14Z,c0f90ff912a25cd27d61f2d39c7bdf7245c7b4e3,552,22,550,0,3
2024-10-18T22:31:56Z,7778ddcb1a5ce8cab853e75cca2e33b1cb21c483,552,22,550,0,0
2024-10-20T22:31:57Z,5b88db1a4c3769b79063454e1ed856f37739c4ed,552,22,550,0,33
2024-10-21T06:41:06Z,d1d01224bf4e7ac2a7ece7c3acfa35ff11170284,552,22,550,0,0
2024-10-21T08:36:22Z,1a5c91448deaafba0b09f3859f868fa9ce415612,552,22,550,0,0
2024-10-21T11:27:31Z,1f7f3d04a71ee557369c708ea01f5ddc53f56304,552,22,550,0,4
2024-10-21T22:32:14Z,c0f79625c0a30db75b253a1d6729db6ee3525df8,552,22,550,0,1889
2024-10-22T03:35:44Z,e4f88c58917a882eb2702d1683c730862582f5fb,552,22,550,0,4
2024-10-22T04:34:47Z,34caf0ab9d1635623aa11d185f39db4351326398,552,22,550,0,8
2024-10-22T05:32:22Z,d9b657b3b1c4a5e05f1620c6e9ab61cbc58a7bc0,552,22,550,0,7
2024-10-22T06:38:41Z,dfd788c7f0041426af33ef44d6f75c66a081a045,552,22,550,0,2
2024-10-22T08:35:27Z,964ef598a4afaa16812bde306d880f3a28b54617,552,22,550,0,6
2024-10-23T11:25:25Z,5a1e5f58e1c2591f95e9e80509fb17a7af01ac1b,552,22,550,0,3
2024-10-24T10:34:33Z,2681bba10893fa7480ff3a1d5e68abb858825341,552,22,550,0,0
2024-10-24T22:31:52Z,2fc25e2931b5cd2cd5d720fbebaebd76b6b65d60,552,22,550,0,33
2024-10-27T23:28:23Z,0f526c35d35aadb241099d1fd24be2e086c74dce,552,22,550,0,33
2024-10-29T07:30:03Z,e4d34c35af0dc6325f6ed5c3e00f26281078ad96,552,22,550,0,0
2024-10-30T13:34:07Z,d8d2aa6fbd53930f6ee75becb1d4b55e4b8fb942,552,22,550,0,4
2024-10-30T23:29:08Z,d0f0e1fda5e17d1b8434fb6a57108799c59e889c,552,22,550,0,0
2024-10-31T23:29:43Z,9ef5a1db2137b557f52f5551d3e656bdca87d061,552,22,550,0,33
2024-11-03T15:28:31Z,df6512aae3ddf4c25749ef30f7c8d1cbd76741fc,552,22,550,0,0
2024-11-03T23:28:53Z,e3d4922b290db1839c80c183bd3a9d4f2d2c5ccd,552,22,550,0,33
2024-11-04T11:27:20Z,1434a8018b0e3b55e96aa0bfc47c928e1747a9ab,552,22,550,0,5
2024-11-04T23:29:17Z,3357174f18c3addc11d3930c34e3c43d6f17a388,552,22,550,0,1883
2024-11-05T04:33:11Z,03fd5f45b44294f8f599c6c250db8a6f1e56942b,552,22,550,0,4
2024-11-05T05:31:50Z,374750129b8783559e948335fbbbe3180b14ae60,552,22,550,0,8
2024-11-05T06:37:38Z,f9f7ce69628a91766210872c62bde4f843849b35,552,22,550,0,6
2024-11-05T07:28:12Z,592715a7ced2339dd69b634a6bb785e0d97dd184,552,22,550,0,2
2024-11-05T08:33:35Z,b106d014e7534d00f91c3e3b71ed2d65ed6a1601,552,22,550,0,7
2024-11-05T09:29:52Z,ba5901f1afad431e035067090f3c3fba074e506e,552,22,550,0,0
2024-11-05T10:35:18Z,a9abbc5d5a1541f01d62d87a58d4dfd9be83d9e0,552,22,550,0,5
2024-11-05T12:50:05Z,d8b9ad1d450235d64e3fa5c32e254cffc159b679,552,22,550,0,1
2024-11-05T14:32:10Z,1ae128f423f653ac0f1685156017d76e49d2a9a9,552,22,550,0,1
2024-11-05T15:30:30Z,df1d191f99bdeb1a9a86e64b389a8dc0cdfe83d0,552,22,550,0,1
2024-11-06T07:28:36Z,97165d8ed3b87dbfff2f37dfc8fc9b3ed4092177,552,22,550,0,1
2024-11-06T23:27:18Z,28b8e8a3c884e0bc33a2d0e3dadd38cab473db97,552,22,550,0,2
2024-11-07T08:33:39Z,608e8b51a06f47a300697bd5c07bec86c21064e7,552,22,550,0,0
2024-11-07T13:31:22Z,77ed2704173e26f950ece1406ed197bbffb5960a,552,22,550,0,4
2024-11-07T14:30:00Z,596f5c52d9bffaa2ab852346584a3b01d0e4aa61,552,22,550,0,0
2024-11-07T23:27:16Z,62b15ad8ffd5437a6a3fe4978f254a96fe3e89de,552,22,550,0,94
2024-11-10T23:27:20Z,83179fb041f0002af8c32a896ed3b92c5e305fcc,552,22,550,0,30
2024-11-11T14:32:09Z,6ce77aeeb2789cf82b870eb8e629544e18f1e26b,552,22,550,0,1
2024-11-12T14:32:20Z,1b1c37e125a7cc241b48d84b70b733427ec11e07,552,22,550,0,4
2024-11-12T23:28:11Z,d7677ee7eeb303087bee3bcbd06116afa2ce535a,552,22,550,0,29
2024-11-13T07:28:25Z,1cadeaf5cf692ba6c3b917adcffbb4d72b33f041,552,22,550,0,1
2024-11-13T09:29:51Z,43dc143a430a87a4517882a49faee9f31d67db40,552,22,550,0,1
2024-11-14T12:53:46Z,8c4e8523d66f42a151eebb9c6d3de4f602e72370,552,22,550,0,0
2024-11-14T23:29:20Z,6fed74eb0b51c3b8bc6195a0c9942b50118740fc,552,22,550,0,31
2024-11-15T10:36:06Z,412922dd176c3b3fa871e072d1722c5a02cae92b,552,22,550,0,5
2024-11-15T11:26:30Z,159ccc94c52fbba7866ce30bd268c03c41d92bd9,552,22,550,0,0
2024-11-16T12:50:29Z,fc157186d8bb6f295e9f6833ec0071a5e20a49a5,552,22,550,0,3
2024-11-17T23:28:35Z,4575bea9b5192b14c9a986f377ecd55baeec889c,552,22,550,0,31
2024-11-18T07:30:47Z,edad6ce0a67bded7c2e41cae34b9d274929f1f47,552,22,550,0,5
2024-11-18T09:33:04Z,1b93d059bb3640a203f654315ed19b2c101ecf6e,552,22,550,0,0
2024-11-18T23:29:02Z,9f9280be7199e60d4412a61fe1c21188cfb3c4c4,552,22,550,0,1882
2024-11-19T04:35:10Z,5d5f5cf8d300cc99882f205c880b4d3f22f158e9,552,22,550,0,4
2024-11-19T05:32:25Z,40c3c27eea57fa480753086ff340c1cb4a6603a6,552,22,550,0,14
2024-11-19T06:40:31Z,f90709b850716748c84b5dbc2a27a8ee09e5da25,552,22,550,0,2
2024-11-19T07:30:00Z,0fd2c975de5b7dab54d09b31668e3696f4618003,552,22,550,0,3
2024-11-19T08:37:36Z,87477d09db728002b62ae6091d48269be0ec6a5f,552,22,550,0,1
2024-11-19T09:31:36Z,15236a58adf5a6f3dd6d2fa991b66a404ff1062f,552,22,550,0,0
2024-11-19T10:37:59Z,ec1692ccc2b4b6865d65b435703e92026e8df90e,552,22,550,0,5
2024-11-21T23:29:03Z,be0c2e77c81a7164e1f750ca61de4657dc0b9b1d,552,22,550,0,32
2024-11-22T23:30:52Z,ceee1cf46fb4b70e87c9d02a413621b6bd0156e1,552,22,550,0,0
2024-11-24T23:29:14Z,b4e58586e039194bab65c72cd0e45130ee41d1f4,552,22,550,0,32
2024-11-25T10:37:43Z,99dd1045b20fa8ab036360e6da2be4a93b2447de,552,22,550,0,0
2024-11-26T08:38:13Z,8ef2e45778ab2010a57f8c498638c2f96af05e68,552,22,550,0,5
2024-11-26T11:27:09Z,b7fc980008f1a9cf0d586a727f4d94f3ad0a8ecd,552,22,550,0,0
2024-11-27T07:30:16Z,b236342cebc1b21807d8d9ed457de9e89669fd89,552,22,550,0,0
2024-11-27T14:34:35Z,583930d00761bb6c6f5f7f2f5f594346c3c6ff54,552,22,550,0,0
2024-11-28T09:32:54Z,5f1dc8cb655fe1aad84d03c8a6ca42773fea1efc,552,22,550,0,5
2024-11-28T23:29:02Z,0b10a4361cc3f57d3e7ca72bcc2cae725a1d4713,552,22,550,0,32
2024-11-29T10:37:20Z,8e5ebc76d143c2e475693d204498385bec4bc5de,552,22,550,0,5
2024-11-29T13:36:48Z,578a107a82aa5c82320945e4884adfb810ba2fe0,552,22,550,0,0
2024-11-29T15:32:09Z,b7f23e5cedacb480a68bc97292a6d5a4ae8a2267,552,22,550,0,2
2024-11-30T23:29:15Z,dfe26440795f56ce3be85e3031f1b13aad3c0e8d,552,22,550,0,0
2024-12-01T23:28:42Z,1c58ba322476fdc547dae30035d01147e43d52d4,552,22,550,0,32
2024-12-02T08:40:19Z,1c9bca2544d79f5874009f9bdc3debed1cc480db,552,22,550,0,2
2024-12-02T09:33:18Z,7aeba4217bd0d7f99bf1b6163b8f205532149d90,552,22,550,0,0
2024-12-02T12:57:06Z,6e50fc04a52d7e1821f384ee7bedcb656904f2c9,552,22,550,0,0
2024-12-02T15:33:29Z,47929b677ef813cd9cf650aa8d4c848ccb89399d,552,22,550,0,0
2024-12-02T23:31:16Z,cfa8b321c96ed60f963bb53a0e0b75405ed2151f,552,22,550,0,1889
2024-12-03T02:06:05Z,6d72e76bcf101393290b2caa7b3f579e4844e2da,552,22,550,0,3
2024-12-03T04:37:04Z,e9ecec5c50d12e6dd852445e388c6971a0ebd20b,552,22,550,0,4
2024-12-03T05:33:21Z,4741b05d2d4f964330bbee3e511388e424c7f243,552,22,550,0,5
2024-12-03T06:42:52Z,5990031e95d406196847b087342f51c58e2b9117,552,22,550,0,6
2024-12-03T11:27:22Z,e8b8dd5828661e5d41d8b858c428d13b17ec040c,552,22,550,0,1
2024-12-03T12:55:52Z,c0954a5856c9cf488305085c0bdd7f0970d8f9ce,552,22,550,0,2
2024-12-03T16:41:07Z,62ce8e83bd1dafb8d3952932a5f9fa2a4cf562e4,552,22,550,0,2
2024-12-03T23:29:21Z,51c3c8e7b0004dd3c593cf2cefcfc74763306953,552,22,550,0,2
2024-12-04T10:38:25Z,dd4ff59c57c68daca26742fccf7297c9a05f926c,552,22,550,0,0
2024-12-05T09:32:23Z,98c89d1dbcf72df469dbacd3206e1238a577e4b7,552,22,550,0,0
2024-12-05T10:38:32Z,bf3c794485dbc936861951f1a81ed030617ac17f,552,22,550,0,2
2024-12-05T16:41:32Z,fb75a9e9dc57c971a69699a4be18b2e7586c4085,552,22,550,0,2
2024-12-05T23:29:58Z,32d22c3f8f2ae58252ab23a74dbf55b475d8d2c7,552,22,550,0,32
2024-12-06T20:32:15Z,78492fb27c986d3fdd15a94a2a9f9cfc9cf4f72c,552,22,550,0,3
2024-12-08T23:28:37Z,60a96afd95eb647c8103e70480dd56ec14c65bb3,552,22,550,0,96
2024-12-09T08:40:44Z,ad4e78aaec32bc0c6f174d1244becd279b33b68b,552,22,550,0,2
2024-12-09T10:39:44Z,4d4ef74dc1228a8bc4d2f4eb2ec812b7325ab8eb,552,22,550,0,0
2024-12-09T12:57:48Z,c9885cc60b3f6db950e9db8c04e2b4c5048cf3c8,552,22,550,0,0
2024-12-10T12:57:19Z,f75df541e68156350380129e52d052731f7a1c3e,552,22,550,0,2
2024-12-10T16:41:44Z,1a6d20ce62074b34cc9ca92252b604e15a7d5c09,552,22,550,0,2
2024-12-10T20:32:27Z,2276b4504e1114a8265b13a2a71b353753a4572d,552,22,550,0,0
2024-12-11T10:38:17Z,f1aba6aadfdf5db4a1783fe8a4a115ca0b0d99b4,552,22,550,0,0
2024-12-11T13:38:42Z,6a4d71d7696f95204844ce584cb54fb20981efa2,552,22,550,0,2
2024-12-11T14:35:12Z,393a28487b93aeaa771ca4264cb381c7987aef9d,552,22,550,0,5
2024-12-11T15:33:26Z,59eb027b6bf8f5f1bb754da817c69e656a259562,552,22,550,0,2
2024-12-11T23:29:28Z,6db193c819c124b86fcd2547c2dcbd6c0b7a4c43,552,22,550,0,0
2024-12-12T06:42:43Z,243f669daba0689a9b616072080d816b29939cf6,552,22,550,0,1
2024-12-12T09:32:20Z,6e2835d45b2e494090835dd7160acb4c9620ab87,552,22,550,0,0
2024-12-12T10:38:32Z,cb38f937781e7522fd7b917ba15cec97a094e194,552,22,550,0,2
2024-12-12T12:56:48Z,8cb74a6bc17a89863e5a2eb8716a54740e76e16e,552,22,550,0,7
2024-12-12T23:29:56Z,ad46898d140ded7c677bb40eabc5da24731b68cb,552,22,550,0,63
2024-12-13T09:31:50Z,087fa1dd66219f5f15cf0a464683ec54e1d3b159,552,22,550,0,0
2024-12-13T12:55:29Z,139533c4c1e94fb9e0f753b3fca0583fb617942f,552,22,550,0,2
2024-12-13T14:34:32Z,bc69001be9d774348242817cc70782353d453ac0,552,22,550,0,2
2024-12-13T15:32:39Z,769e8e5c052cdef1a933d83e52d881c97879b430,552,22,550,0,2
2024-12-15T14:31:18Z,72f3b7c2c4a45b99520428b83ca7c9b9b74eaaf8,552,22,550,0,13
2024-12-15T23:28:43Z,785a3fc134eac22ff6ba65470733039356d10d34,552,22,550,0,32
2024-12-16T08:40:28Z,e20b53f3ac3e1952edd0ad29630f42facd28969c,552,22,550,0,0
2024-12-16T12:57:10Z,0612a43c375a89a68553047ddd463413c4f0d142,552,22,550,0,1
2024-12-16T23:29:43Z,c4e1a2822e02eb5e6d7ae19d04f1db146f208202,552,22,550,0,1733
2024-12-17T02:04:31Z,58352f56f6d07d82dc0d9ce6bbb47d2e5f2ba1dd,552,22,550,0,147
2024-12-17T04:36:08Z,1c90c61f8b700e3c930a881239bb3d290874489d,552,22,550,0,7
2024-12-17T05:33:27Z,04e68136705b894b74f2b90630b7da98554fb4f9,552,22,550,0,6
2024-12-17T06:41:55Z,405a15c4833bbbe0850e13c86e52f107d9fcc9bd,552,22,550,0,5
2024-12-17T09:32:41Z,3e87a1594ad2c860ad19b596cdb1d219e7cb4bcd,552,22,550,0,1
2024-12-18T07:28:14Z,b5da69b7892f51e524947239d2bb53515bc226de,552,22,550,0,1
2024-12-18T09:31:09Z,4857858fbe2663f3a5c18a0700f4aca9dcf7553e,552,22,550,0,0
2024-12-18T16:38:48Z,7c8e81bb28b7fcad7f1d09190c2605c1f899a9bf,552,22,550,0,26
2024-12-18T17:31:11Z,fb6f421eedfa475ad444c6afeef2789f2389aff4,552,22,550,0,1
2024-12-19T10:36:35Z,a33e3d73671045f1b5db6d7449cfc25dd0dec9a2,552,22,550,0,0
2024-12-19T23:27:20Z,8e6fb89b1dae96ef552a5be597125c7773291fc4,552,22,550,0,32
2024-12-20T06:38:23Z,ac5dc5502d006f0218672c5800a56c5fb85d6648,552,22,550,0,2
2024-12-20T14:31:12Z,7ef64226fce0e8dc0dc1ab4727271f3aebcdce20,552,22,550,0,138
2024-12-27T08:33:38Z,16f4d53f544e96b9038ddce762f69ca6bae538c4,552,22,550,0,0
2024-12-30T23:27:07Z,54e91992b1474c00f725c824c65c91a342e8fcd3,552,22,550,0,1746
2024-12-31T01:53:59Z,f6db9f15527d047793db51942ad8292a45124b77,552,22,550,0,5
2024-12-31T04:32:56Z,5c1e54174ecfdf21fb85b93075c52c23f2a230c7,552,22,550,0,4
2024-12-31T05:30:49Z,f88ce893f134c53be43760e0c1372c62e9fcfbcd,552,22,550,0,10
2024-12-31T06:37:38Z,8103f9881606c4f0a2e0c994c07c9b48769c8393,552,22,550,0,3
2024-12-31T07:26:58Z,e1910676d756f732842e877d6931688622548230,552,22,550,0,2
2024-12-31T09:28:56Z,206267c1edd2d181fb0100178c3e85b0aa20f30e,552,22,550,0,127
2024-12-31T10:33:03Z,a4c22c025aa8f0f40e4f129051c158cfeb2b99d1,552,22,550,0,0
2024-12-31T23:26:37Z,afdcdd46a74ca5b30860d60b5704ac9f42d0ec05,552,22,550,0,0
2025-01-03T12:51:26Z,1610cce134371f115455981e818e6a49366973ca,552,22,550,0,2
2025-01-03T23:27:31Z,cbf5bf13ffcef16d9ce8bd80150994c275f36d38,552,22,550,0,0
2025-01-05T23:26:44Z,34ea5ff2c66472b2ca2f683de85b29e9e13c6d2a,552,22,550,0,32
2025-01-06T07:27:48Z,7374d864f2c04fbbfbb800d015d28b96e8ec4d15,552,22,550,0,0
2025-01-06T23:27:58Z,5bfecd69098d4a335aa5fd59a73b0376ea9420d1,552,22,550,0,138
2025-01-07T10:35:32Z,67f4908e79118a5fa04ca2a8699af2b5a44244d7,552,22,550,0,0
2025-01-08T08:34:50Z,46aa83130ed9bba6f6fa1d8d6df22642e2d38a26,552,22,550,0,0
2025-01-09T14:32:02Z,2c8ec7752caf197402d0b7d0b39d8691bbc3d489,552,22,550,0,138
2025-01-09T23:27:57Z,60668aceb85d5103ad87d8bdc2108255345f5a5c,552,22,550,0,32
2025-01-12T23:26:52Z,9b2ef298dbe4c4b8f3e68915fcfa9608edafcdf8,552,22,550,0,32
2025-01-13T08:36:39Z,9e94279027ed8ff99bf899cbb1cf5fe205230e0e,552,22,550,0,0
2025-01-13T23:26:12Z,2e6719551920f1de0eebd06ad966f15c3eaed84d,552,22,550,0,1889
2025-01-14T01:50:21Z,7cded10df3813df0830385c6d1d0be45bb9a9bb8,552,22,550,0,8
2025-01-14T04:31:52Z,a284f9038bcc902efc6250b3ff8501cd1eb23469,552,22,550,0,4
2025-01-14T05:29:58Z,639e57bf6be36b45cf4aa113f2ba76c4c2429754,552,22,550,0,11
2025-01-14T06:36:35Z,36159fe7d71325bb972f82a66a4ae9c86386d09a,552,22,550,0,5
2025-01-14T08:33:23Z,bc294822dcc2fc98fe49e49987161d79196cb6ec,552,22,550,0,1
2025-01-14T09:28:55Z,578204c40535152acdc18372ad035f0dd9db4265,552,22,550,0,2
2025-01-14T23:26:19Z,4f742f41b3b5a48de3044062ae779df1adb471ed,552,22,550,0,72
2025-01-15T08:33:33Z,a49ce2991c16741c6a0c73aeacfc938790e6760e,552,22,550,0,2
2025-01-15T09:29:01Z,bf588ebb75dc15c08ef247d602c381a118893593,552,22,550,0,2
2025-01-15T12:50:35Z,2509353f0a10f63e618a3589f6afb3c001a298ed,552,22,550,0,1
2025-01-15T23:27:29Z,e9c4510c4ee33035123deca34d4dbb4e7f4d1b7e,552,22,550,0,138
2025-01-16T09:28:41Z,c961b53a6907eec9e1bee8bb82dd0e404ddcc91c,552,22,550,0,2
2025-01-16T23:27:49Z,71cf25a52fd6f5b35dce639057b5d58ea70b7f95,552,22,550,0,104
2025-01-19T23:25:50Z,5f10ca74ef8f068315cd3b60f449f896f06eaa91,552,22,550,0,32
2025-01-20T08:34:04Z,5385cc05fac02fd4de659ecc400419095c233b6d,552,22,550,0,5
2025-01-20T09:29:51Z,eecff8039d9d31debaf49640572d6c90c6c34f88,552,22,550,0,4
2025-01-21T08:32:54Z,4ddbb984c4b8357f59f82f3ef80c66e39206da8b,552,22,550,0,0
2025-01-23T23:27:02Z,4f9d43446296be7757b4c39e6ebddd3e645d79b6,552,22,550,0,32
2025-01-26T23:25:33Z,9dd6dc6f54cb90248895aa2fd076d1a33defb7b5,552,22,550,0,32
2025-01-27T10:33:43Z,20adc4fe4254d8960174791bccd97eb15a428613,552,22,550,0,3
2025-01-27T23:26:41Z,4f08089cd233b5f18d5acf3cbb248d0860b29874,552,22,550,0,1899
2025-01-28T04:32:31Z,7f493a16974efb00e3595a96a206344a228cd104,552,22,550,0,4
2025-01-28T05:30:16Z,b72e3fd3e5a0c4de8b8b55927297963a0ecc60ae,552,22,550,0,3
2025-01-28T06:36:22Z,a5202cdbdb3dceebec25f6258b4512212624959f,552,22,550,0,10
2025-01-28T08:33:13Z,e4fc70d9bb72ff6eff834248e1c6f27113b26ece,552,22,550,0,2
2025-01-28T09:29:19Z,fbbbc425543f84527e019a7fa63d446e99ad06f7,552,22,550,0,1
2025-01-29T10:32:57Z,1eaa6988c32f4e075b616e4177d89c99e5213901,552,22,550,0,68
2025-01-30T10:32:38Z,84a191e12a653f0158827302fbe43b1f511f84b5,552,22,550,0,2
2025-01-30T11:25:20Z,21c22905af3ec3dd0bce015820d7a6d6a62f7b5a,552,22,550,0,2
2025-01-30T23:27:59Z,c86c48ff44849ef28354f249760e8e3f91a4bec7,552,22,550,0,32
2025-01-31T23:26:29Z,485b50c3d3c87669e3a7368b29aeee4af231f6a3,552,22,550,0,0
2025-02-01T08:30:49Z,0aad21b615b4e82e4c4438b7c13150921dcd574c,552,22,550,0,0
2025-02-02T23:25:23Z,d5c28dde3254868d015887d82e58eb3363eca59b,552,22,550,0,32
2025-02-03T08:33:49Z,622685fc91bce44b1963dc34b7c8f7a47910fdbe,552,22,550,0,0
2025-02-06T23:28:19Z,24771b5a4466cf7e74421a34a9aafe73bb8f0ee0,552,22,550,0,32
2025-02-07T23:26:41Z,80cba454c71c86dc413bf946b7a8c90fa4ab714a,552,22,550,0,0
2025-02-09T23:27:19Z,fcf8134d4441107de33b7cc42e6c6d15544fb674,552,22,550,0,32
2025-02-10T08:34:36Z,eebe5bd7d2f3a00f614702c1d3c9b19e8e81ddf9,552,22,550,0,2
2025-02-10T23:29:14Z,a0054f5efbde86319258dbe40256a5b73b6ad3e9,552,22,550,0,1897
2025-02-11T04:32:37Z,de1355c4a021858e46bfc01ad9379e88f7db1724,552,22,550,0,4
2025-02-11T05:31:33Z,c167534675001855c04962a3b6ce16a3d612e157,552,22,550,0,4
2025-02-11T06:36:59Z,aa34a1e6fd2036a75c37aefbec6c344fe6429741,552,22,550,0,6
2025-02-11T07:26:36Z,b316bb45cf21ace9922b731765355d9987cf3895,552,22,550,0,2
2025-02-11T10:34:17Z,472f8797a7e252ce8d29a2686f8c535b44684ff4,552,22,550,0,3
2025-02-11T15:31:25Z,603ed7c3fbb01b0258a20086e19001fbf46a3c2d,552,22,550,0,2
2025-02-11T23:28:26Z,f749aa99b0db9a43578e9ecc3e75e9067a8637be,552,22,550,0,121
2025-02-13T12:52:00Z,b4c30cd0f5fabe14f8626593f36c573b0a291cfa,552,22,550,0,0
2025-02-13T13:32:11Z,90c057527d3dc045ffd476fff8f5222ae3322d01,552,22,550,0,0
2025-02-13T23:27:41Z,82778c923a8f7c58fa9a95d52e1e7fd34078c04d,552,22,550,0,32
2025-02-14T14:31:00Z,d0b59834d72b3f70d3e2f7c60200ef04a3cdc920,552,22,550,0,2
2025-02-14T16:34:02Z,5e9d2f5475e0de1abd64ef060b680cd79669d208,552,22,550,0,2
2025-02-16T23:26:10Z,4fbc97e2fa172606bc39b0003e98bbadbb3fa56b,552,22,550,0,32
2025-02-17T08:35:38Z,b37d07ea39b53034c5c5758c4de3180a35b3f30d,552,22,550,0,0
2025-02-18T11:25:14Z,aa0699d5e459030819cb9b2090018b3cb512c277,552,22,550,0,3
2025-02-18T13:31:50Z,64b4264d02adbbb7e7292251520c0fe65a027fc4,552,22,550,0,0
2025-02-18T14:32:22Z,4085bd5c9fa23cb3036261eee4435cc576d8b92a,552,22,550,0,0
2025-02-19T08:34:58Z,144e4e7bf75e23a08e82f2fd780799964ee439ea,552,22,550,0,39
2025-02-19T09:29:49Z,8b1d255856193fbe85a3d1a62ccf1e8096edf2ca,552,22,550,0,0
2025-02-19T10:34:07Z,f69e0dcc3d10a02f99153557b659b207bfab4fd8,552,22,550,0,67
2025-02-19T12:50:36Z,a4e94211b866beae61d0d6fcfdaf2f96a662b6fe,552,22,550,0,1
2025-02-19T14:32:27Z,5df0a0c6e8932f884894b5323dcaaf08d83e0f6c,552,22,550,0,10
2025-02-19T18:36:44Z,5718dfd3423b0daf8d4f9f4b27611df66792f877,552,22,550,0,1
2025-02-19T19:22:31Z,243f6cb2132ce20f14b82f6502d2c1b47b206673,552,22,550,0,1
2025-02-19T23:27:24Z,f4c836c02f67ee51b93fe83a0660322d4c419d4b,552,22,550,0,0
2025-02-20T09:30:04Z,d7a139c0ed31ea3a8475a7632d38694f001f5914,552,22,550,0,0
2025-02-20T23:28:24Z,b3c9c103f8b1436d19ce74fd9f96476ecd6b6968,552,22,550,0,32
2025-02-21T23:28:07Z,856a40763482d9cba7d31fc4a02f8c99cc773780,552,22,550,0,59
2025-02-23T23:26:21Z,c7eae79e4ffb0a697b13568d0a5443a38ebaded7,552,22,550,0,32
2025-02-24T23:27:44Z,56de171670be3a4269b90ae0e7c0e0de75c9740c,552,22,550,0,1859
2025-02-25T04:33:27Z,b4fed4bbf64daa038d4ac81a8c86162bc08cc732,552,22,550,0,7
2025-02-25T05:31:45Z,ea9a90ca48f42b49790ede450229f136169aea2b,552,22,550,0,5
2025-02-25T06:38:47Z,370adab5e2a646a0fd6f91f9e322d602085bf934,552,22,550,0,5
2025-02-25T07:27:53Z,23790144692522c75a7d7632c9d86ff57cd0dfee,552,22,550,0,2
2025-02-25T08:34:51Z,1baebb8944127375cfcc675fe67b7ff8eebed665,552,22,550,0,2
2025-02-25T09:30:50Z,c9911861406c5eb67f8ba53502441682c0cb9f94,552,22,550,0,1
2025-02-25T10:35:00Z,4c24ce535f6b68065cdb015df774d5b6273f4a5b,552,22,550,0,2
2025-02-25T11:26:23Z,e8cf22a31d35eb698f807ab3ba1b1c4cc7eea509,552,22,550,0,38
2025-02-25T13:33:56Z,028b35b03d0d90333bc529aa7fc331b32852decd,552,22,550,0,115
2025-02-26T20:30:36Z,11ca52132896d35986d4311b54d1423611ac42ca,552,22,550,0,3
2025-02-27T23:28:16Z,200ccbed0334f8f63b02bf0c2d4ff33bf6a90474,552,22,550,0,32
2025-02-28T12:52:15Z,1a3855685d733294c6cb9fb51006972045e188e2,552,22,550,0,3
2025-02-28T23:27:28Z,1a597b2d99ca152fc159d12297018544ae7ec8f1,552,22,550,0,0
2025-03-02T23:26:58Z,7214c74e5e56fe4d6e788784a26d376ec6ddebb4,552,22,550,0,32
2025-03-03T08:36:05Z,b122786559c9e840a8ac229bb5ce84c98337ffea,552,22,550,0,0
2025-03-03T12:53:48Z,8ef4323c17ba36f2bde912556f5cf704d98f558f,552,22,550,0,0
2025-03-06T23:28:21Z,0a4d1a5ff5228fc68baee4121091034ece3d655b,552,22,550,0,32
2025-03-09T23:23:00Z,464fa00693b4d858bee6a9451ea4c29dd4d0e693,552,22,550,0,98
2025-03-10T23:28:19Z,35f24a2a3b2439c0ca40f3ea317ba1a78f227ae9,552,22,550,0,1895
2025-03-11T04:34:45Z,d65ff7489af8ce4d9ae71f0d2f3768de06318abe,552,22,550,0,4
2025-03-11T05:32:00Z,440a8bec3a86c19d5eb155ff8c9f4ce7d236d08d,552,22,550,0,3
2025-03-11T06:40:41Z,b7401092419542e1341c5652ef736f27687f4c96,552,22,550,0,11
2025-03-11T09:31:28Z,d415685215033db8e63cd4baccce9484ccd82ff5,552,22,550,0,2
2025-03-11T11:26:45Z,9e2a3b0f204475e9ca19534dfb80644d566a714e,552,22,550,0,3
2025-03-11T12:54:45Z,c7a5ac5ac41f665e014db248659388a06c2b0b00,552,22,550,0,1
2025-03-12T23:29:10Z,19161bd82be249eaae1490760ca4c0d2729db6b9,552,22,550,0,4
2025-03-13T09:31:07Z,56ab9ae279456e98259a51a8d440460a588688fe,552,22,550,0,0
2025-03-13T23:28:00Z,85287ac6062f1a568c3f97c76e6856880cf9abec,552,22,550,0,0
2025-03-14T08:34:55Z,d17a338d75874409e26eed719873d0f67befd432,552,22,550,0,32
2025-03-16T23:29:17Z,cf9ed804a86309000faa85bcebdcda05c5004e49,552,22,550,0,32
2025-03-17T10:36:47Z,64a5b13b80ada570abad125bc28588228a47269d,552,22,550,0,78
2025-03-17T23:28:38Z,6a254aa923711750451d83ddb1ad4deab9077abf,552,22,550,0,29
2025-03-20T11:26:36Z,017f722d06106911e14226978a55a2307c7bf8c1,552,22,550,0,0
2025-03-20T23:29:31Z,43b75d061e1114530006773a2ab824330da45416,552,22,550,0,32
2025-03-22T23:28:06Z,326ca3fe3edcd446c8debb952c633c3ebcc2a503,552,22,550,0,0
2025-03-23T23:27:15Z,549adb82a673510f6c521d1671f472ead5682eb9,552,22,550,0,32
2025-03-24T07:30:28Z,e98782d70ce72343e93e50130fb40d14c82a4aa8,552,22,550,0,0
2025-03-24T12:56:15Z,ada2968fc6bff46bff081896304183d935862999,552,22,550,0,0
2025-03-24T13:38:29Z,6e074a2c9dbd9a3c2c6ba2675517cd7240569f21,552,22,550,0,0
2025-03-24T23:29:48Z,091c79a53eec0d07c17f50643675cb0099c948fa,552,22,550,0,1891
2025-03-25T04:37:24Z,f27933568732d2d24ef10df517b05ce5544b71ee,552,22,550,0,7
2025-03-25T05:32:42Z,2dc28e884bb67248cff1af53a54200c643c95818,552,22,550,0,7
2025-03-25T06:41:36Z,f26f443436044d0393506a60a39876153809a55d,552,22,550,0,2
2025-03-25T07:30:01Z,350edfc12a9e86b58426e4a6e75908cd69f432a2,552,22,550,0,5
2025-03-25T08:36:55Z,daf30db6f86f3a0f0964d26bbb6e1982e2cf3c1d,552,22,550,0,2
2025-03-25T09:32:00Z,a9325fdde7a86b83303dc3c32ece3f10b79d1729,552,22,550,0,42
2025-03-25T11:27:44Z,735d57d2d6543798c916005cc0aecf64db9ba18a,552,22,550,0,2
2025-03-25T13:36:33Z,8e3e1836c3890c6c73402922ace39166d8e1f436,552,22,550,0,0
2025-03-26T08:38:51Z,efa7ba094945540e9802b8b30ee99a1df34e9ddc,552,22,550,0,0
2025-03-26T23:28:50Z,feb8f0be244d90b69b0d9810023a74a06a905a7d,552,22,550,0,0
2025-03-27T23:29:41Z,461f55b1de72a4a18a1980cf2bc395160c17d93f,552,22,550,0,132
2025-03-30T22:31:34Z,87e5e43e33bf5b1ec2aff605862d4b95ddc3b8db,552,22,550,0,32
2025-03-31T06:42:21Z,fe583b643ce02618a21c43572a3645f00f115261,552,22,550,0,0
2025-03-31T12:56:43Z,767f8552f30ddf543f007aec95934ed72ff2f2d0,552,22,550,0,0
2025-03-31T22:33:39Z,6ba396aa947d6124bd0752109e05e5927633b3b7,552,22,550,0,0
2025-04-01T07:30:18Z,6d35644fb7f3b55e0f9d08851f04fd14da180620,552,22,550,0,0
2025-04-02T08:40:21Z,29df65c565ca22950d785f704df3e6063ac10abd,552,22,550,0,79
2025-04-03T22:32:42Z,525d2633baa1cccd21cc3602b40194ae7a44a8c5,552,22,550,0,32
2025-04-04T22:33:03Z,59a2570660d8c5e0eea933ba6a687628bd1e3132,552,22,550,0,0
2025-04-06T22:31:40Z,3ffc280efcd3b4f5cf6fd40c336c3c60aa1dbe6a,552,22,550,0,32
2025-04-07T06:42:50Z,03b81094aea527e0042a1221717f92a142865445,552,22,550,0,0
2025-04-07T08:40:18Z,7384eff3d83dd26e2801f8ec867e84cd1be13a4d,552,22,550,0,13
2025-04-07T10:38:10Z,cb7aba966a7d2bf5a5b86c6df75d519d8caca80c,552,22,550,0,0
2025-04-07T22:33:06Z,79df95a36acff164ba69e8026e606778e3b83d8d,552,22,550,0,1791
2025-04-08T02:04:00Z,8efe8489c77fc078e224aa703ce0b856be9f1bae,552,22,550,0,1
2025-04-08T03:07:58Z,d49506b831de98863363b7cd6208a86d911c59f1,552,22,550,0,4
2025-04-08T04:36:50Z,87bb0c643556996370676de26f3033cc3d85a991,552,22,550,0,5
2025-04-08T05:33:17Z,5448fa3a11030544026d4a3475258b49f7a1b18b,552,22,550,0,6
2025-04-08T07:29:39Z,c1e8a2aaac013faca8319383fea197756937589d,552,22,550,0,1
2025-04-08T09:32:47Z,268af1d95c2a86ee58831426b71c10b938168f66,552,22,550,0,68
2025-04-08T10:37:55Z,17ee5e519196ea32acfa053a889c5290b8de94f3,552,22,550,0,0
2025-04-08T22:33:11Z,fb1c0f5a9c9107e7ea853a7e1ad845811531ec4f,552,22,550,0,97
2025-04-09T04:35:55Z,308726439839d3a796a3efbd95addbf7ec44bb2f,552,22,550,0,3
2025-04-09T07:29:42Z,d69a2e2db6f9a5c9362ffd2b29eb601681f8ea6a,552,22,550,0,0
2025-04-09T13:41:20Z,8409d674a83683fc03eb6377db3ca64a9227f2de,552,22,550,0,0
2025-04-09T22:31:51Z,5e0f2d7f510479bf3b976c98aaa97af3945e9c45,552,22,550,0,27
2025-04-10T22:33:56Z,8fc287f7ec00d6a6f9290c4057bcd8494e026d8f,552,22,550,0,32
2025-04-11T09:32:01Z,cf1c6e5f2b86b507f9dab03ba757bc42797ef11d,552,22,550,0,0
2025-04-11T12:55:36Z,874455d79d0fd15c9505d4ad4375c84b239cddda,552,22,550,0,0
2025-04-11T22:33:57Z,431c24b1ee4f105b2af02421671e807e0de3e1e0,552,22,550,0,2
2025-04-13T22:32:15Z,0090d4bcd79a8d091ef83c7089596ad23cf97731,552,22,550,0,32
2025-04-16T12:57:22Z,eadffcf2c1216a8d2558cd965630c33d44b6352c,552,22,550,0,113
2025-04-17T13:38:11Z,9e3542cfb2d718617e2516bcbd0a9f7687467a7e,552,22,550,0,138
2025-04-17T16:40:35Z,d23a8b678a784f66b893e8dec588a2bf45c1bd3b,552,22,550,0,0
2025-04-17T22:32:51Z,e82f9f7c398b575771d20c11ee353b56ab11c96f,552,22,550,0,32
2025-04-18T10:37:22Z,3f60f92219b1e49048ba95ca144f9ba6cd8eae62,552,22,550,0,0
2025-04-19T18:36:28Z,8a30c76f6728aa3a8288bcf8f72fdf1ecd5f1f00,552,22,550,0,0
2025-04-19T22:32:05Z,a757feafd24058a9bd83d9e0136c0bac8e9210d2,552,22,550,0,0
2025-04-20T22:33:20Z,e308c2b9b27852b9ac31141bc668ace956318c7c,552,22,550,0,32
2025-04-21T22:33:27Z,168661c940437ae70c23136bdb0bb112c8552dbb,552,22,550,0,138
2025-04-22T07:30:30Z,25aaf9c0da4aa82a2642ed715fa1263db79f4d67,552,22,550,0,0
2025-04-22T22:33:55Z,36212c81741ef001f8b84516c535a51d61736a25,552,22,550,0,1893
2025-04-23T02:11:51Z,a41f002e3a0bf8788efff1797ca9dddaef18fc67,552,22,550,0,3
2025-04-23T03:12:11Z,9258258f5fbd8d5373e595fa6f3c2494cd442c92,552,22,550,0,4
2025-04-23T04:37:46Z,05df1d7c1550250f5e26fcd6a717e7ed41bb4e50,552,22,550,0,9
2025-04-23T05:33:41Z,8226f1e83355207068c6bdfb3077e91d1f43e0e8,552,22,550,0,3
2025-04-23T07:33:11Z,26c8f2d4f035532920c855c1d8f64577d8941609,552,22,550,0,2
2025-04-23T10:39:36Z,ff6a2237e9040cf7df67f77ed74807d75c8b39ae,552,22,550,0,38
2025-04-23T12:58:02Z,56678275498cbf547bb9102031800ed14dcaf07f,552,22,550,0,1
2025-04-24T18:41:32Z,3c95656da91cd7596778d247cbfb4d2bd853f06e,552,22,550,0,0
2025-04-24T22:35:11Z,1f711abb1f550aa1f1d1b446ecd1a5857614adbf,552,22,550,0,32
2025-04-27T22:32:17Z,bf207810aca34b8dea40863f5a6930e66ce212ae,552,22,550,0,34
2025-04-30T13:39:35Z,7df60a3b893c97a73f8bc0c708806491cdff8c59,552,22,550,0,138
2025-04-30T22:33:51Z,381886f1d67db47724ddf2ad03533a4a5a13a18f,552,22,550,0,0
2025-05-01T22:34:23Z,555be1f042fa21a78dd9775dc4e06fe1a402a556,552,22,550,0,32
2025-05-04T22:32:54Z,612fb4f6c873d5b07f4ea4719ef94643777489b9,552,22,550,0,170
2025-05-05T11:27:29Z,4762d8f479723677fd1c3d0b95e6ebb544ae4460,552,22,550,0,4
2025-05-05T22:35:07Z,5fe80741e74fb3bcfc3ed6432b0083321a8e6e3e,552,22,550,0,1787
2025-05-06T03:16:05Z,896adab20de9e5a125c17d9f3371e82ab8a876da,552,22,550,0,4
2025-05-06T04:36:54Z,f9c174d7eb11c5dce4f5e3679783e10450509253,552,22,550,0,9
2025-05-06T05:34:01Z,22fa780dbf65bee23d25580a6fb0ba965392508d,552,22,550,0,2
2025-05-06T06:43:07Z,e382f6e7436750bae2b1ec96c84f2625004f2535,552,22,550,0,3
2025-05-06T09:33:32Z,a2cafc9ecee0475dca46544a9707dee159365f0f,552,22,550,0,1
2025-05-07T22:35:13Z,c6ca5f299cbf5291b21637d16a37004ee6d01506,552,22,550,0,0
2025-05-08T07:30:55Z,0ff7800a6b5c4652b2dbb7fb21929960adca29cd,552,22,550,0,5
2025-05-08T08:41:25Z,174ba33858915d93b0a7afd37c5dbbe234fd3e74,552,22,550,0,78
2025-05-08T09:32:57Z,d97f0d8dbab4fc2f09134394949c205762845e15,552,22,550,0,37
2025-05-08T22:34:23Z,94be187eee838dae1385e5247a2d20caffdfed6a,552,22,550,0,96
2025-05-09T22:33:39Z,0752a643b517462e4d97d0113eceb72eb863a3cd,552,22,550,0,28
2025-05-11T22:32:42Z,38a651f9855f73712e0a0eb7d7f2e54b25592c30,552,22,550,0,32
2025-05-14T09:33:17Z,cf3ce2ed5fb8fffaec0f55574bb11d181483e525,552,22,550,0,0
2025-05-15T06:44:29Z,4bb83743e621bd9ef6270e458618b49f5f41df6d,552,22,550,0,0
2025-05-15T22:34:29Z,d214a88e8cba7f576f7de740db64f18104ff333b,552,22,550,0,32
2025-05-18T22:32:54Z,6ffa99aca6d79dbc3487fcd1999d23d62cdd7954,552,22,550,0,32
2025-05-19T22:34:47Z,2ba807ad2a477318de88df38a504ee3de7e867c9,552,22,550,0,1884
2025-05-20T03:50:32Z,130d4fd49c360f7e8555ba21579047004c815d5f,552,22,550,0,4
2025-05-20T05:34:33Z,b4ba5fd8ee8e7e41f710d0805cd0eed22a4dbbe0,552,22,550,0,7
2025-05-20T08:42:45Z,32378ef5fc8bd5951d63178fad24cdf16b59a556,552,22,550,0,3
2025-05-20T10:40:13Z,13a2b83e843d1c6dcb856a27968757653365b6a5,552,22,550,0,0
2025-05-20T13:00:38Z,542fc73e0f4480f1a8d6e517fd423258b4c4ef62,552,22,550,0,28
2025-05-21T10:40:07Z,5cce8ff9dd7545c9f6a942907d6310b27b642af3,552,22,550,0,1
2025-05-21T13:00:04Z,d942cc468b385fe62f678d79367acaf1df670645,552,22,550,0,113
2025-05-22T08:41:05Z,7709d526c3ec5eef9e58ea001d06db866d09cd19,552,22,550,0,3
2025-05-22T11:28:15Z,fa843d586f3aa4fe73830fd4bacf8f854dc5b441,552,22,550,0,1
2025-05-22T22:35:10Z,b9806382807ac950041fcbff8b5b8c47d4988e0d,552,22,550,0,32
2025-05-23T10:39:17Z,ae1ae198f5773e2cd15802de8c4da841b9f3834f,552,22,550,0,0
2025-05-25T22:33:57Z,5031c683bc2680934144f220b3f875342d726953,552,22,550,0,32
2025-05-28T13:00:31Z,9d467d387dd76d482014da1a2c9d23bf422aa9ac,552,22,550,0,138
2025-05-28T18:42:20Z,414ba0added2cb7323f98391a264e3f18e6d90ae,552,22,550,0,2
2025-05-29T08:41:33Z,56243701050f221fcb266825668a66e08f7ea74d,552,22,550,0,0
2025-05-29T22:35:37Z,ea1e0bff7e100015548731f505b343f7c3f0f846,552,22,550,0,32
2025-05-31T22:33:57Z,41e4b3e330ad833891dfd03fb788345edf40864b,552,22,550,0,0
2025-06-01T22:33:54Z,2272c6a2414d9a8977c7c359f914f5df3b0a43c2,552,22,550,0,170
2025-06-02T22:35:13Z,56d1d091d3083750852be33a2957c191d5277a3d,552,22,550,0,1811
2025-06-03T03:55:09Z,2c878349d710393b8114ad9a82d7fca6b46d33a2,552,22,550,0,7
2025-06-03T04:42:42Z,311b57b259cc96e7a88629627eab024bf27a47d4,552,22,550,0,4
2025-06-03T05:36:04Z,8ae98738ab08fc3f9e5144b27a690874153a7b00,552,22,550,0,2
2025-06-03T06:46:14Z,65e25f3b3c50c8374e0e8b5b62ab9dfa4393604c,552,22,550,0,1
2025-06-03T11:29:09Z,e5e0967a20cfba10e12428197064b0ee40c3d057,552,22,550,0,1
2025-06-03T22:35:36Z,7ca2e5d34f38e3078546a9e08b2680cdec43e030,552,22,550,0,1
2025-06-05T08:41:54Z,fcb71a1891978d8b0b225f2a6fdd3ccd88d9edef,552,22,550,0,2
2025-06-05T10:41:37Z,b98de7f82dbb578972ecad0dbf93744cfd271614,552,22,550,0,6
2025-06-05T13:44:49Z,cdea82ed83c1a38e3269997874f3f5a38bb2d344,552,22,550,0,2
2025-06-05T16:41:28Z,1d797736dc59a608fcf2941e663fcab9dfb77ad7,552,22,550,0,4
2025-06-05T22:34:13Z,4348ca41c19c896af416d2aa2e1fb5f583dc5cd6,552,22,550,0,32
2025-06-06T08:41:03Z,10143890c3d404023d1ccd54c5c0465039c263b9,552,22,550,0,0
2025-06-06T12:58:49Z,55820568b305c008d3a37293b59f6874cd0d6981,552,22,550,0,1
2025-06-06T13:43:18Z,ff04e0ab9da5fda0c975e7889259c7490f59728f,552,22,550,0,138
2025-06-08T22:33:34Z,2d1dfa8c32d758b028846ca2adc33fd7463598c1,552,22,550,0,32
2025-06-09T22:35:57Z,fe17257f5e62265ed35627ce73586a1cb5d7ffc6,552,22,550,0,138
2025-06-12T22:34:52Z,475858c41f1c7bf4c24b623f82de066f1ecf408f,552,22,550,0,32
2025-06-14T22:33:42Z,c46dd78e80d0209d451a0dc7cbfc23ceea61f6f5,552,22,550,0,0
2025-06-15T22:33:56Z,741f9bf04179ba88f61b65ce0cefce33ad1050ae,552,22,550,0,32
2025-06-16T22:35:38Z,fbb8c630cb20e2b911e5039da372fb1c7c30b88f,552,22,550,0,1871
2025-06-17T03:56:37Z,4ac20c9f1b2a5c66ab979af3cbdfdaf75b9e8990,552,22,550,0,4
2025-06-17T04:43:21Z,9764b339a3299d88ba62a656fbd51e818046b280,552,22,550,0,5
2025-06-17T05:35:46Z,a264d15dce06f58901ba24222669b02cf616e745,552,22,550,0,14
2025-06-17T06:45:52Z,0391fe22f5dcac592028bc6ddf6ff46014fec2eb,552,22,550,0,1
2025-06-17T09:35:32Z,72e98607e305785213716139b53d1f57b7a0e98c,552,22,550,0,1
2025-06-17T19:27:54Z,4edb2c135ded4a60de3d970532e7bb1d87058c6d,552,22,550,0,1
2025-06-17T22:35:40Z,cafa3cd86a9721122bf6c401766dbaad677f3361,552,22,550,0,0
2025-06-18T03:56:47Z,b912fede8c919399b6a1f30f1ec4bb70825eb4f4,552,22,550,0,3
2025-06-19T08:42:52Z,3e5654e13cbd5bd8b258ef180bb6f60f48df97ff,552,22,550,0,5
2025-06-19T09:34:44Z,0eb5490e475e7641e438bf7f14e28872189945bf,552,22,550,0,2
2025-06-19T10:40:14Z,d4b96c7440a0231c9fd35e4c28a32640a2742aab,552,22,550,0,8
2025-06-19T11:29:33Z,139ba8ec0e4649e83fb8a66c8598ae376c898307,552,22,550,0,0
2025-06-19T22:35:06Z,923407a449ba49f7f053e7df96f20658c3581d29,552,22,550,0,32
2025-06-22T22:34:06Z,d91e3417e69bc3a326053ef482c8776a97cc3cc7,552,22,550,0,32
2025-06-23T17:34:35Z,71b4c2b41ec35fdd82c8cb0b362f960da164d88f,552,22,550,0,0
2025-06-23T18:44:43Z,a4178a84a15e1d5b8bd1bdf7c80fe037c175f6f6,552,22,550,0,0
2025-06-23T19:28:14Z,66c42f0b6e6c6e1515eb125fdda03b3e2665814a,552,22,550,0,0
2025-06-23T20:34:50Z,75e29bbd9e504799782cba3cdcfff1a72f4d8e73,552,22,550,0,0
2025-06-23T22:36:17Z,3eb472794de919ab7ffc09b42a97672666ab088e,552,22,550,0,0
2025-06-24T08:43:32Z,d8d284ec5829170c3558ed70dc90469785a9d9b9,552,22,550,0,0
2025-06-24T10:41:19Z,ead351f3ab3f888b51645d0162405db0ea415ba9,552,22,550,0,0
2025-06-24T11:29:29Z,0e400f89f6098db99179e2289701e94e1dbe89ed,552,22,550,0,0
2025-06-24T13:01:57Z,edfaef126a05220a95cfe2e5d1d517abe3ae56cd,552,22,550,0,6
2025-06-24T13:46:23Z,17a294ca71fc242bcc11e2aeda62812d0223323f,552,22,550,0,0
2025-06-24T15:36:39Z,09a4d0094ca7803767222c0afe0b92834b7bc15e,552,22,550,0,0
2025-06-24T16:43:33Z,1addf987353b2304f91eb541a38262359a81f315,552,22,550,0,0
2025-06-24T17:35:48Z,0b9e47ac56fda348b5c9215079c2709fdc4b3048,552,22,550,0,0
2025-06-24T18:44:39Z,81f4d1a4f87caba001252eaef72e2fb1c1e2aa3d,552,22,550,0,0
2025-06-25T03:59:42Z,0dfeaf9371dfba383628dadc849085cacde3dd37,552,22,550,0,0
2025-06-26T09:35:55Z,cc370b89685cbddd270118d31ecd666c21b9c5f8,552,22,550,0,0
2025-06-26T22:36:02Z,e5399d22b241bfd38261442c22e433b60d9ca3a0,552,22,550,0,32
2025-06-29T20:32:56Z,38dff70d656664a11a38c0ec59599860a4efadaf,552,22,550,0,2
2025-06-29T22:34:20Z,5d330b847dfed0fc1c11a04ef033efee34a220bd,552,22,550,0,32
2025-06-30T22:35:50Z,9f818f77fdbf57769254f6066fe7dc867eff4774,552,22,550,0,1866
2025-06-30T23:31:17Z,1b25444367001ebc35f93e948eac9737c5bce70e,552,22,550,0,3
2025-07-01T04:08:00Z,4c76975ab5579e02ed701839b2833bb41a606adb,552,22,550,0,10
2025-07-01T04:51:18Z,84136be81446802b5a256fad4386c70fa3aa12d4,552,22,550,0,3
2025-07-01T05:40:40Z,ecdd4b7018d7a1e1c9add5c40610e3b9113994e1,552,22,550,0,5
2025-07-01T06:46:44Z,148de76caacec9b98c1bc520097816fec48f7502,552,22,550,0,2
2025-07-01T08:43:31Z,133ea0f9fb821f7b982192d75efcb1f395606f73,552,22,550,0,2
2025-07-01T10:41:31Z,12d349b68d68453dff55a40e5ab20e7a5653e74c,552,22,550,0,1
2025-07-01T14:34:37Z,71aee5ce12a9d1c5949366ebc7dd4c36cd0a3b13,552,22,550,0,109
2025-07-02T09:37:34Z,4b188342e7596534800728c6a5a42076815df7c2,552,22,550,0,0
2025-07-02T22:35:24Z,05c51feee8d86806d08c5d6f15ecb555c3c89477,552,22,550,0,1
2025-07-03T22:35:12Z,29e40fe5a1d77164cd79037a0dd38124b5c976fa,552,22,550,0,43
2025-07-04T22:35:28Z,cf9d9ed01949ec88d8d6fed96ba7bd97a311ceae,552,22,550,0,10
2025-07-06T22:35:20Z,4de777cf973443ddacb479ce707a43fa423cd086,552,22,550,0,32
2025-07-07T09:38:09Z,ebe8d4e4d730b76b6e168c694a4efd1a0fc907b2,552,22,550,0,0
2025-07-07T10:41:50Z,e4c077b2108213fd8ca57b95eed62a213a6b90c9,552,22,550,0,6
2025-07-07T11:29:39Z,878d054621d3a5a0a7599100f78c5a3eaafd62ca,552,22,550,0,9
2025-07-07T13:01:52Z,4f4b1c6a8f59d5a226a18f804ea232c0b582130b,552,22,550,0,3
2025-07-09T11:31:02Z,c5890c3cfbbed1390d97f153c4f32f430c7b1f7e,552,22,550,0,0
2025-07-09T16:43:59Z,54534726a7385653150226470bc1a2f82d932608,552,22,550,0,2
2025-07-09T22:36:23Z,6ea030d24d1b083ec809a2a423000b57982c7640,552,22,550,0,99
2025-07-10T13:02:50Z,8fd99b3a1de4a9e8a74fb2c385031c027142c66d,552,22,550,0,1
2025-07-10T18:44:53Z,f7e988ae95d6d607e2220d349e6d62822aa2c1b7,552,22,550,0,1
2025-07-10T22:36:22Z,6c29283f3af0c1719a6ded762887ae1bf1c58e51,552,22,550,0,35
2025-07-11T15:35:54Z,63de2710a246e2394ba6b04f5ff31dfd2994e4b8,552,22,550,0,0
2025-07-11T22:37:12Z,c91bebc50f8384d0d3b9dc6376898890e9c01bcd,552,22,550,0,7
2025-07-13T22:36:43Z,3926eb8a2438918c74373bb471547ce9a7d3976e,552,22,550,0,61
2025-07-14T22:39:17Z,4bd48d944f841a4e9e83acd5a5d562f11261ac78,552,22,550,0,1863
2025-07-15T04:07:54Z,857c68499168f8e666160f87ebabed389dc8697b,552,22,550,0,4
2025-07-15T04:52:50Z,b94dbf9b9506ba1625a5ab35ee3fed233f17c51c,552,22,550,0,4
2025-07-15T05:42:31Z,5608656da199204d6676dbd766a3170f1ad90814,552,22,550,0,3
2025-07-15T06:48:24Z,fa655289553597d3c216e4c6a66c8206902e81ce,552,22,550,0,4
2025-07-15T08:45:00Z,8073c6ab9b3995b422794bb55ef738cf45cc8572,552,22,550,0,154
2025-07-15T09:43:06Z,372b52b0eb4a65b48ec72e852e4927f694d52902,552,22,550,0,3
2025-07-15T11:31:01Z,ddc829eb763e4e0bf7a3f181da6f64bbb9140748,552,22,550,0,11
2025-07-15T13:04:23Z,b82779b94c485bafabbfa208e6f797e4f0cd11c8,552,22,550,0,1
2025-07-15T17:36:32Z,08f06e93c74185084420ef685b17a46872e4c58f,552,22,550,0,2
2025-07-16T13:04:40Z,753584ac23939e2277fbb78c2bda81daca13d846,552,22,550,0,0
2025-07-17T07:34:36Z,ff33db07d297fec5ca39df922a2f5f7779f3d7a0,552,22,550,0,4
2025-07-17T13:04:25Z,045c80ee883b3d24f6ddb7923237f078264573ea,552,22,550,0,2
2025-07-17T22:38:58Z,c96de5fbf82fddbbba9964a6502d80f8eb4da20c,552,22,550,0,45
2025-07-18T22:38:11Z,1736255710154338ca01b70fe61242aa5af01223,552,22,550,0,12
2025-07-20T22:37:02Z,58bb9beea018db94cd31c74d0ad7c43aea9e53ce,552,22,550,0,32
2025-07-22T13:05:27Z,cc3d6d81b7b33a60b9f6c2c7393752a0d4ef533d,552,22,550,0,3
2025-07-24T10:43:03Z,740922321b948b4b273df98b7dbb528554890a60,552,22,550,0,3
2025-07-24T22:38:55Z,d62a914d97ea3ff7f39f999ab4622785c9686ffa,552,22,550,0,44
2025-07-25T22:37:54Z,2c9a1fc07b3538c6cc0d4fbf122f41744907592e,552,22,550,0,12
2025-07-27T22:38:59Z,2be35a434571d31397899914e254ffa38edd613d,552,22,550,0,32
2025-07-28T08:47:00Z,c9a4f2da26e8d1c5d6b16254ca948326eaa09216,552,22,550,0,3
2025-07-28T22:41:58Z,f9007ac98129764ad4eb0c4c614249f1f9331187,552,22,550,0,1835
2025-07-29T04:16:21Z,6c039e9e84eff3b92ec9b25f448368d2782a31ca,552,22,550,0,11
2025-07-29T05:46:26Z,e7dc35f0ba2591c02c96b0d9e04379e1c9fa837f,552,22,550,0,3
2025-07-29T06:50:04Z,d69bb7db675e873df98851ed74c3fc1cc0d6edeb,552,22,550,0,6
2025-07-29T10:43:34Z,d3c4bf9e2676f7194dc120dc7bf7c4628ae0f6a5,552,22,550,0,1
2025-07-31T22:40:19Z,dd9199f8a59905eee90b97b3b3329652fcb86f57,552,22,550,0,44
2025-08-01T09:42:45Z,c2f13f56a6a85b4cdb3e463e3da52f958a34e964,552,22,550,0,0
2025-08-01T11:31:33Z,6fab24cc6ef35c570bede975148675dac5ba5f9c,553,22,550,0,0
2025-08-01T13:06:03Z,38f7a832709670b6d6468b24e2cc4c0369201c9a,554,22,550,0,0
2025-08-01T22:39:16Z,e879a88c70f5331bf838dba71d5aa476303d7e02,554,22,550,0,12
2025-08-02T22:37:23Z,4faf16f83915d849db5fe080f9f9d8dd1d061399,555,22,550,0,0
2025-08-06T07:40:50Z,dd577891cf872afa2364d07dca059dd28e7b2b41,555,22,550,0,0
2025-08-06T08:46:55Z,92d4b7bd2d63af7960dbffc8d4a5b2edd8da2054,555,22,550,0,38
2025-08-06T13:08:46Z,f6c2f82702314f5c94c4c10000d44090246632ed,555,22,550,0,3
2025-08-07T06:52:13Z,62260ddb7eb6fdb1ca010b21c15d7a4735996145,555,22,550,0,1
2025-08-07T09:42:34Z,3d948bc2f8d50f653cfda688b9e1cd8841d008b6,552,22,550,0,0
2025-08-07T13:08:08Z,1f2057ad0be65ac8cf52c8c3d491d5e242d31dd4,552,22,550,0,2
2025-08-07T22:40:31Z,85fccd28fc22d528c814628029a2b17619a3ad97,552,22,550,0,110
2025-08-08T22:37:13Z,a252dfac6198f0c2cedad0f20500a403c1e8c9c0,552,22,550,0,12
2025-08-11T11:31:11Z,c34a90682fb8620f512ebaae939f6d3a8983d089,552,22,550,0,0
2025-08-11T22:36:03Z,39c18c6e01267cc67db1d8aeefaf586f0fdfd7fd,552,22,550,0,1870
2025-08-12T03:57:07Z,46cc939a58fb19270f625befe0aa7860a00a3dd9,552,22,550,0,4
2025-08-12T04:43:24Z,87cbd4de582f116945927858bef403cbb303d801,552,22,550,0,4
2025-08-12T06:47:12Z,8b5f312957d7984c44721f8820ae41d019328feb,552,22,550,0,7
2025-08-12T08:43:18Z,4d26bd008661ce6faf553720591ca53f19a09391,552,22,550,0,0
2025-08-12T09:36:26Z,0577779089fb920e7a34edf8e72236e62b12833f,552,22,550,0,11
2025-08-12T11:29:43Z,779a205ac658106a63cb5bbf1f5f588452ec6f63,551,22,550,0,1
2025-08-12T13:02:23Z,24e5b2afe70468070bf6e4583278a04c0b6b4466,551,22,550,0,1
2025-08-12T22:35:22Z,d4628108668652790dba5894fcdab79699441f64,551,22,550,0,29
2025-08-13T10:41:11Z,916c2b3dea11a57f0bd2d17965fadbfa655fd81d,551,22,550,0,0
2025-08-14T09:37:20Z,902670120796b0de9cc80a12c6dc7e93664bf745,551,22,550,0,1
2025-08-14T22:35:13Z,6955d54e9cca72fd885446518d06e9d5a4ebe2cd,551,22,550,0,13
2025-08-15T22:35:40Z,474d405132032139a581446ebc6479a28d3261ca,551,22,550,0,12
2025-08-17T22:35:01Z,caf72fbf13c26f56540e7c99d3a34603fe22d28a,551,22,550,0,31
2025-08-18T06:49:49Z,4a0bfd2929aef68bbb8bbb0b57e045f3c663f2d0,551,22,550,0,3
2025-08-18T10:42:21Z,60c1e0dace77d50c6988446b5d19b0fe12f6722c,551,22,550,0,8
2025-08-18T16:43:56Z,1336ae7213f40863181733313f67ea01e0d64d5b,551,22,550,0,0
2025-08-19T12:57:59Z,fa94a6a66fd88f62ea8273b10c5ee2d90bd55d66,551,22,550,0,0
2025-08-21T09:33:48Z,ead65beb2a4cb70abb03a17c1428b1850e5fd935,551,22,550,0,1
2025-08-21T22:34:02Z,23b5dd19d634d3d230700f796dcbfcbbc67d8823,551,22,550,0,32
2025-08-22T05:33:15Z,0b72f29cf9c5b6eca87fb157e2769b454329be3d,551,22,550,0,12
2025-08-22T22:32:46Z,0dbc68b03dc4d73fe98b8f22020448530c99e390,551,22,550,0,12
2025-08-24T22:33:00Z,079a9750b9c3fd326cb459e20f48051ad5aa9f11,551,22,550,0,31
2025-08-25T05:35:15Z,35def86d7eeb8a2491ecc332e24788b822c6bfb1,551,22,550,0,4
2025-08-25T22:33:37Z,ab587942daeba4847708cb51fed52a6d58dbf685,551,22,550,0,240
2025-08-27T22:31:56Z,68e8369ab05de4e7b5b7cc6c14ef2b6b8d0448b5,551,22,550,0,1
2025-08-28T07:30:15Z,78e9abf730cc762df1b891ebd2654e5d8c277018,551,22,550,0,0
2025-08-28T12:57:52Z,e2b1b95f1f10529185250d9a69f6322dfdcb8252,551,22,550,0,5
2025-08-28T13:39:48Z,190d44bbceba28a70804d9749c1661f88a438e72,551,22,550,0,0
2025-08-28T14:34:41Z,a8cb6f57920a69278e2da553fbc93c2e8f414e9d,551,22,550,0,0
2025-08-28T20:31:51Z,0c859f481051bfb710f60064b244fcbf38b51950,551,22,550,0,1
2025-08-28T22:31:37Z,a1d3a6bfd7179e92afdde0322cb7fe0cd4b5e834,551,22,550,0,44
2025-08-29T09:32:14Z,10b4eb5fe087cbe212943e08f771aaa664e8e129,551,22,550,0,0
2025-08-29T22:31:18Z,804c953d2222a1cb5e1caed84e9313f1e3f0ef7f,551,22,550,0,12
2025-08-31T22:31:39Z,503454091a3baa8283692abd7df7ddecc457b339,551,22,550,0,31
2025-09-01T07:30:37Z,0080d07404dc042d92d682654cf28d0811af3e8e,551,22,550,0,0
2025-09-01T13:39:36Z,f88ca8bd6d0a23dfc69ff74dfd11a9df54c0e56d,551,22,550,0,0
2025-09-01T14:33:25Z,a6cc99a626bbaa63ba7b4c21293b10821a274208,551,22,550,0,0
2025-09-02T07:30:40Z,d0a1c46fc2c63bd186a90fda6acb4e0da00b487f,551,22,550,0,0
2025-09-02T09:32:39Z,e88c4dfdf6bff04d288f64fa9854a618b34e4597,551,22,550,0,0
2025-09-02T12:58:57Z,b0e5f589cf39b3f6c5ae0700a0a5261c7a1525db,551,22,550,0,51
2025-09-03T08:37:40Z,8d0d207de5642ca89b2147ee66ecc4231a1819ef,551,22,550,0,0
2025-09-03T09:30:35Z,026811f33aa7650ae668941c1dc6b5b927fd3a23,551,22,550,0,0
2025-09-03T11:26:00Z,8a93271217f897642cab3ae6380b754fb046b456,551,22,550,0,0
2025-09-03T12:55:59Z,add48becc53e3f0cf176c303a5f100188c74551e,551,22,550,0,0
2025-09-03T13:36:46Z,15d7531df05e081c34088d9cc725665650a92198,551,22,550,0,68
2025-09-03T22:30:30Z,9f88e694f5ef73597da6ea40e17cc7190a2b010c,551,22,550,0,1
2025-09-04T22:30:57Z,55b8233ca11efc2c4504b1a63285cfb9139e8b38,551,22,550,0,44
2025-09-05T12:55:48Z,d19c979e7e0c225b73f849f79aae421a961bb7f3,551,22,550,0,0
2025-09-05T16:34:44Z,b759f6c335f91d4eef64fb46925444397bae72da,551,22,550,0,3
2025-09-05T22:31:01Z,56f4003faa954bc5dd95535db35075084ba73088,551,22,550,0,12
2025-09-07T06:38:55Z,8c845bc175880ef752f3ecff195f34f0bdeae8d8,551,22,550,0,5
2025-09-07T22:30:08Z,34a47c802368673faf08e89ff903fa8648ce7ed0,551,22,550,0,31
2025-09-08T22:31:23Z,24056bde78309d344c308d0f1a0fed87974580a9,551,22,550,0,1882
2025-09-09T03:09:43Z,9e62dfaa2b365a95d54e0c80a64e8ce0d83f9ff8,551,22,550,0,4
2025-09-09T05:32:12Z,037ec969df6fb9fd318164af51e7b41622669630,551,22,550,0,13
2025-09-09T08:40:33Z,9234ac7bf9da2bba3ebca7bd3511fe08242ed205,551,22,550,0,1
2025-09-09T10:35:34Z,d61b81755c20e50574128eddfdd6bf3d2a7e126f,551,22,550,0,2
2025-09-10T09:30:50Z,d6c76e49037703e6e2c3c52519402eeb789496c7,551,22,550,0,0
2025-09-10T10:33:29Z,8de4d50d33d69b1018cff9a5290f2a03e2735b60,551,22,550,0,0
2025-09-10T11:25:35Z,96580430cf6dfac61b58d75bba117cc894367f29,551,22,550,0,0
2025-09-10T22:30:58Z,55699b890f2eea7aa7f8fd3eb31559a6bf82a5d9,551,22,550,0,1
2025-09-11T10:33:30Z,3d310d87f69dd6d09384e8aad7d03fe9dc9b1edc,551,22,550,0,2
2025-09-11T22:30:31Z,5bdfea03dd50fe8ee46c4a76cef7848d1f4c68bd,551,22,550,0,45
2025-09-12T10:33:29Z,1d26d203f1183922830a526f1fd93c31c820ed4f,551,22,550,0,4
2025-09-12T11:26:03Z,7dff1b9880f53b8b9891b50675dd321e0be97f52,551,22,550,0,0
2025-09-12T12:53:55Z,ab059b84d5610882bc2c0f41426f4ba4c6ea8042,551,22,550,0,0
2025-09-12T22:30:02Z,875af88f08048de8e0511c4ac45155be61152d59,551,22,550,0,12
2025-09-13T11:24:00Z,88c7e3a5a9a83bbe768a2dff14ab301b3c73aab1,551,22,550,0,2
2025-09-14T22:29:41Z,5e6195a749ff4ceb8bb605840dbaa11706520c40,551,22,550,0,32
2025-09-15T22:30:30Z,791792c8e571687b1457ee937643530a0d4da4a3,551,22,550,0,0
2025-09-17T07:28:07Z,ca749c996c32907aaf2e4e706b0074adc16f536c,551,22,550,0,0
2025-09-17T08:37:56Z,a7b844e96ae49b103ca1c8a0d408d79e612e3ce2,551,22,550,0,3
2025-09-17T22:28:13Z,3f45999c0a2953c0bc0d800e16e3af539716b45f,551,22,550,0,1
2025-09-18T06:42:41Z,6c6d8f24eb494eb395bd3478ed64699c140c9da8,551,22,550,0,3
2025-09-18T09:31:21Z,78c29a5c87739699fc8a8b49963d280c6b405eb2,551,22,550,0,0
2025-09-18T12:56:45Z,b2f0759b9eb3c35082613fa7718172f8931717af,551,22,550,0,0
2025-09-18T22:29:26Z,add9c8c8877d2d0daffb512dc6900c3b3c0974ae,551,22,550,0,45
2025-09-19T09:31:40Z,cab620b985c4a5530776327db3092d9895ae652b,551,22,550,0,0
2025-09-19T22:30:09Z,6f9be6443bd47ae3e49775a9f23e2e9c2b17a3da,551,22,550,0,12
2025-09-21T22:30:51Z,f33faaabadf02e732abe9d1527e0d86950a53844,551,22,550,0,32
2025-09-22T05:32:16Z,afc8bcf9f20b571751f3bf580e49d36a2d039f98,551,22,550,0,0
2025-09-22T08:41:01Z,84fc4768140bf6796e70fddb84a99d8be089434e,551,22,550,0,0
2025-09-22T09:34:48Z,a5023af47b4615cc06b40e49c6be4ddd79bb5eaf,551,22,550,0,3
2025-09-22T10:37:08Z,5407eec000e239463eb388fdfcdb9dae779b20e6,551,22,550,0,0
2025-09-22T13:40:06Z,4fcb60f6b77efe07ad89a8d5f1b888d9e54a365e,551,22,550,0,0
2025-09-22T22:30:47Z,bf969b23bac5f9fc0442c84efbd4d01adae8b07d,551,22,550,0,1817
2025-09-23T03:06:44Z,6c2404708d1b73a17b1cb19d9b9bd8693ef00113,551,22,550,0,7
2025-09-23T04:34:13Z,3f55fea4533d127eab488a10e2e3e23d953716e5,551,22,550,0,5
2025-09-23T05:32:11Z,6e712a0994318e356afd6102ccf62be7d5842b4c,551,22,550,0,4
2025-09-23T06:43:35Z,d6164b9febe08a9cbf0ee6da4f6c7111f32b2784,551,22,550,0,3
2025-09-23T08:38:41Z,a4d4de8f677d80a88feea2914445bad3ad6d07c3,551,22,550,0,3
2025-09-23T09:32:09Z,0acad785d87d286111df7369fe0e37a4f339ba3b,551,22,550,0,0
2025-09-23T10:34:40Z,07cfc97bdbbb5223674a456dc6df2c8f6a4d575e,551,22,550,0,1
2025-09-23T12:56:56Z,499a05fdbb87364134f2adb5f2cc65655c59c45e,551,22,550,0,0
2025-09-23T18:42:24Z,a94030abe31095349124b4daab8e0dfd0ad081ce,551,22,550,0,0
2025-09-24T12:57:38Z,53c6202247cb945228ceedc794f1150e1e520697,551,22,550,0,0
2025-09-25T06:44:18Z,cd82271d0ba23b7b810d1f07b56d6f25faa27607,551,22,550,0,1
2025-09-25T22:30:42Z,830606ac96ff61b0d4f5c3a14d46c04f45f254a2,551,22,550,0,45
2025-09-26T10:34:48Z,c1f1da276d374b4196c2ce09c69c7d2e4d7effe7,551,22,550,0,0
2025-09-26T11:27:01Z,d97cc04a72f882a93c392f76bdb926628d0b4393,551,22,550,0,0
2025-09-26T22:30:45Z,bd75f6646c12502e010c6ca992a27738a63ffc52,551,22,550,0,12
2025-09-27T09:27:29Z,c2b334aaee94d33b18b5f6ea3554e508e5611c54,551,22,550,0,2
2025-09-28T22:30:18Z,84a4a60a9b1acc11cbf63f92464d0b0bb00cd74d,551,22,550,0,32
2025-09-30T22:31:18Z,eb4713640bbad1a46e6d61e2587d0ac019bba800,551,22,550,0,0
2025-10-01T08:40:12Z,1adee27084e783b520be4f483be670590c2b285f,551,22,550,0,4
2025-10-01T11:27:35Z,571bd6983377b9dae3d8cb5ca8621c14f45a9bdc,551,22,550,0,4
2025-10-01T12:59:37Z,f2fc8cfb58d56325be53396526643cd21c50edbd,551,22,550,0,0
2025-10-02T08:38:08Z,f410e432682ebe6f84db93584cc2a232aedff4e6,551,22,550,0,4
2025-10-02T22:30:48Z,03028ae3b5037b0f9b0a8dd96ac1e508e8baf012,551,22,550,0,31
2025-10-03T06:41:46Z,e6c559c163068acceef12f5cb746285d40f7e650,551,22,550,0,0
2025-10-04T17:27:27Z,1dd81ca884fafad4b89292d514c12cd9cb281f36,551,22,550,0,0
2025-10-05T22:30:07Z,7078a8514c05bb2af191eac86dfd20e386b6896a,551,22,550,0,31
2025-10-06T08:39:47Z,9a47a8e8b493ee62e9c769caea30b4fea567560c,551,22,550,0,4
2025-10-06T16:38:26Z,641fe3da2ca1ec217b344dc32c5c4efff7c98b79,551,22,550,0,0
2025-10-06T22:30:41Z,3203894c2ce006a30b7848ce275ad578147968d8,551,22,550,0,1849
2025-10-07T03:06:25Z,0e8c3e2b7e70e76f76815c2156d384c59a0971d2,551,22,550,0,4
2025-10-07T04:34:28Z,ccf4955a70e469caac3257f71fab52d1e0eb89f1,551,22,550,0,12
2025-10-07T05:31:42Z,4c4b4f869d30e7728aac4f84f5e9e134332ffb21,551,22,550,0,3
2025-10-07T06:43:23Z,13f3e480320ae22f2f556c741de0244e850237ba,551,22,550,0,2
2025-10-07T07:29:06Z,5cf8e1230cda41e13113fe50eabae513af0414a6,551,22,550,0,1
2025-10-07T08:39:01Z,8a044610d78e370b4d06d7bbca932d175eb13958,551,22,550,0,2
2025-10-07T10:34:46Z,c5c00af728e62183c2e1e1c7b13856fed9742e25,551,22,550,0,1
2025-10-07T12:58:23Z,15d77d4dfd1060bdde190238d40e12d58bd16325,551,22,550,0,4
2025-10-08T08:39:52Z,29a31e052d90c54511a65407977e6400e6188e8c,551,22,550,0,0
2025-10-09T22:31:16Z,725f419f626a2330eca33129ef3f445576648073,551,22,550,0,95
2025-10-10T12:57:06Z,29bff6eb86d47b5e9ceceef98d0f7fb0334e01e4,551,22,550,0,8
2025-10-12T11:24:53Z,7eccc644b62f18fb830cdd4146d5fac3ee824eae,551,22,550,0,0
2025-10-12T22:30:28Z,f83cf3afbe1ebcae994fba2c5776c82aefe8ac53,551,22,550,0,31
2025-10-13T06:45:30Z,c396f4cb92473f751a0489f70280b91249a825f1,551,22,550,0,3
2025-10-13T09:35:36Z,8333f5073b11464cab34faa75e589f156c058890,551,22,550,0,10
2025-10-13T10:38:19Z,9cdf55bbf516f7b6d095fdd849e4eddf9e9722b6,551,22,550,0,106
2025-10-13T11:27:36Z,044822d279e4d4e17ef624a3465cc65cc38e7ed4,551,22,550,0,4
2025-10-13T22:31:14Z,77b7d7d3af3b7c2d9affd5430e71beb6450e8e27,551,22,550,0,29
2025-10-15T13:00:37Z,1abea0cb735515c0ed84f7eb1c3e88340a56e0f4,551,22,550,0,0
2025-10-15T22:30:39Z,71b67a76db264fdd305592695cbe852b14c8693f,551,22,550,0,0
2025-10-16T09:33:54Z,6ea2a6d528a89edf48a4e74e9c50f45ab6359ba9,551,22,550,0,4
2025-10-16T18:43:09Z,021f57227ddda00d71b2ac98d5aff594e1b9a158,551,22,550,0,1
2025-10-16T20:32:34Z,009d4f962efab7c8ef3052e65c776f78bf4b1c1e,551,22,550,0,1
2025-10-16T22:29:23Z,3fda56f43a0211e92d49fd107d45795c9774b7c8,551,22,550,0,31
2025-10-17T06:42:58Z,525cac3f45004c04eb5445e66894dd356d3f2e13,551,22,550,0,3
2025-10-17T08:40:11Z,d860ec3ae0c8f8a6f04312c3b27cdba184bc9f29,551,22,550,0,3
2025-10-17T10:35:17Z,ec5ef01605002a13eb0398d3443272366d350295,551,22,550,0,0
2025-10-19T22:31:39Z,3c61e46ecdcfb1f31191e47b9aba736078c497c3,551,22,550,0,30
2025-10-20T22:32:19Z,8e9784484b35c7ecce5459995ba0422702eb98a0,551,22,550,0,1869
2025-10-21T03:14:21Z,86642f6a499910a92aca0e80f1f9fc94f650a6c0,551,22,550,0,4
2025-10-21T04:35:56Z,b608bcc68faf7717c6d37c6605b6dc501a543ada,551,22,550,0,7
2025-10-21T05:32:55Z,905ef17a230d13105126a9506e9627c8ee926f15,551,22,550,0,7
2025-10-21T06:44:02Z,6cd69ef9470adef5e52a6c7beb9151b904a5ffcb,551,22,550,0,1
2025-10-21T09:37:20Z,db6bb519c771e7c803f262b361ca76cf933ae385,551,22,550,0,2
2025-10-22T06:45:30Z,3e55d9832e9b6a2f5152f29ccfae37b663492a84,551,22,550,0,1
2025-10-22T10:39:37Z,972f7f014c5cd7af3c1c14b28ffd0b4185600b89,551,22,550,0,0
2025-10-22T11:29:08Z,79c2805e92ec1fe82163673cd5f11a1ff00de0c0,551,22,550,0,4
2025-10-23T08:42:13Z,f43d9abbbb6ee139c641e798ec81beefd41ce0d9,551,22,550,0,9
2025-10-23T11:28:12Z,360a099ff60c4ef6b67a80032da9388310628e2b,551,22,550,0,0
2025-10-23T13:01:16Z,af4df77c75125d78361f1c0c75be90006493ff83,551,22,550,0,0
2025-10-23T22:31:59Z,e4ef40fadd7a59fa64b2f118cb678a7ef25f491d,551,22,550,0,31
2025-10-24T04:35:04Z,b76deea7af880c18d7dee785a0916bd4652212b8,551,22,550,0,0
2025-10-24T10:37:39Z,2b79e0534295dc30a5deed9361aab9616326a5af,551,22,550,0,4
2025-10-25T04:33:38Z,55c1e8232a0e054907a3081ff74fd47dbc9a4af3,551,22,550,0,0
2025-10-26T04:33:47Z,7831b6288ce898b097799afbcf00f0fe58ad97e2,551,22,550,0,0
2025-10-26T17:29:34Z,3749dbf4b3b39d3d3274663f74484d93f12c91b1,551,22,550,0,6
2025-10-27T04:43:05Z,7b50b07816640703229a65ae27267ce6f9ffa421,551,22,550,0,0
2025-10-27T16:42:47Z,0626c37215b7114bf21da4f347771a9538f5647c,551,22,550,0,0
2025-10-28T04:36:16Z,e9062cd30effa4c73f717d8788dd58be8350945a,551,22,550,0,0
2025-10-29T04:41:30Z,b58119d01d2a16c3a981055df765372bac338a0c,551,22,550,0,0
2025-10-29T16:43:30Z,82f0839dadfa3e02c8a4cda3d88e4b7baf573919,551,22,550,0,0
2025-10-30T04:35:39Z,bafee6b1bf89ff485460f6f2f0886aa86f877aac,551,22,550,0,0
2025-10-31T04:39:17Z,31de622a3306e42518ef2070c42ddfd15e0ce941,551,22,550,0,0
2025-11-01T04:33:48Z,043004953f2f97c19cc9d29f8b909dc7444d5b9d,551,22,550,0,0
2025-11-02T04:35:45Z,cb9869657e1525ec0ada4f510f51c7e6258cce9c,551,22,550,0,0
2025-11-02T23:27:53Z,988c9fbad3985b101718f5e033f3b1c3edb91776,551,22,550,0,32
2025-11-03T04:42:35Z,5d6813e22f48ca5c6e3b1da640ab5916fea6f3c4,551,22,550,0,0
2025-11-03T07:31:05Z,c57fe3f665a40466c33024e30330db25606393aa,551,22,550,0,4
2025-11-03T13:42:34Z,5f058effd27e13a10c60820d7c1afcc2c847b9c5,551,22,550,0,0
2025-11-03T16:40:02Z,93cbfef41596cf10ae167f6d6593fe791b72a6f6,551,22,550,0,0
2025-11-03T23:30:01Z,546213b26073c36e6111cef5acda47524efc45a4,551,22,550,0,1873
2025-11-04T04:36:28Z,7f75eaf2245b239dd58ec0781d774ab6bc460927,551,22,550,0,4
2025-11-04T05:33:53Z,cc25788879b734899d346b58e9f733087228fc3e,551,22,550,0,12
2025-11-04T06:45:45Z,f10ca28586ed01103e74d2d808a12e3e1f5a0135,551,22,550,0,6
2025-11-04T10:41:14Z,b0c68ba9f9fe17e49e5c89b39937e4911e691e6d,551,22,550,0,1
2025-11-04T13:04:14Z,80b83df49e7ddc7efbb8d37e9059d51cb0ea133c,551,22,550,0,7
2025-11-04T13:45:54Z,554fa3df459da01c91afb23e4340f2b52c53f40f,551,22,550,0,2
2025-11-05T04:37:28Z,dc4881659b40e62a2c7b9eb827fd147433b5c381,551,22,550,0,0
2025-11-05T16:43:24Z,b98c3ddc0c7fd541396490d1d6166d80255ee797,551,22,550,0,0
2025-11-06T04:41:47Z,bbd41659265fc7628ecb8d50e8483e2af8be1572,551,22,550,0,0
2025-11-06T16:44:07Z,8c01bba4a02e4748644246c3272e3aa3131aec6f,551,22,550,0,0
2025-11-06T22:33:44Z,e2a6ef42cb7108dfcae895becc4d33974679d46f,551,22,550,0,4
2025-11-06T23:29:38Z,62f88270b37ab29da96bcb636fa3b954503fe2ba,551,22,550,0,32
2025-11-07T04:37:03Z,fa44af59693ddce97df04669a0bdbedf3666c789,551,22,550,0,0
2025-11-08T04:34:47Z,750bbf8941072702cdcdfc05d2b17c16cb354a55,551,22,550,0,0
2025-11-09T04:35:12Z,4d553cbce863a8e7c14342ca389279fa9ec51b12,551,22,550,0,0
2025-11-09T23:28:21Z,0825df133a4bda5896eb06e8a3b095d7881d2134,551,22,550,0,95
2025-11-10T04:41:17Z,770c75cd8cb98c41a21495f721fbd5b4dc66c8c2,551,22,550,0,0
2025-11-10T11:28:21Z,3cdaa24d17eb006be55e01e2f14b05842f437937,551,22,550,0,7
2025-11-11T04:39:47Z,d8e81e8a7edff81f1ec6d79548745e7c0c229a6f,551,22,550,0,0
2025-11-11T23:29:27Z,123fdd071889fb292efbdb93b471f565b81f9f73,551,22,550,0,29
2025-11-12T04:38:55Z,4ae005badf2e31039b373080649dab7427d7a80d,551,22,550,0,0
2025-11-12T16:44:02Z,cbcef7f95d8730879baf21c34cdbd0911e547f54,551,22,550,0,0
2025-11-13T04:40:37Z,4c28acf830890d7c1fffde5d22959629de464c8f,552,22,550,0,5
2025-11-13T09:35:00Z,e767c66979ac3c42bef73b4df1791539a225b711,552,22,550,0,5
2025-11-13T10:40:49Z,cfeb6e8ec45851be7f536b96687d2556b4ce3c6b,552,22,550,0,4
2025-11-13T16:41:41Z,9c47031c45b845af0dad11198f090b2d40244969,552,22,550,0,0
2025-11-13T23:30:18Z,e17aed76a23583b48b43478e83a8a786708dea6c,552,22,550,0,32
2025-11-14T04:37:40Z,75331ca0e63f2ab57e7e0f6b34f45d8669da389e,552,22,550,0,0
2025-11-15T04:35:22Z,62ae48662a5c7beaf4cb827a41514a67a1df8c5c,552,22,550,0,0
2025-11-16T04:40:22Z,785074153bf899275801ff9d681de3d1946857f5,552,22,550,0,0
2025-11-16T23:29:04Z,04d676bf59d8dd331935bcd24edfd2a3a3ea6dde,552,22,550,0,32
2025-11-17T04:41:29Z,cbeddb10b18ea176fbc9625ef16349d74b29e15c,552,22,550,0,0
2025-11-17T06:46:41Z,d4ea1429b403fd682e14ae94efab73305f3be346,552,22,550,0,4
2025-11-17T08:44:10Z,b5016d80e3319f6418647316946bd734d4ae0542,552,22,550,0,0
2025-11-17T13:43:52Z,eaf7da2ef57a7eb98c5c3040dbecac3bc9f87456,552,22,550,0,3
2025-11-17T16:44:06Z,ea71472ab2fe11a0709b628f761793eea79a5ba8,552,22,550,0,0
2025-11-17T23:30:33Z,70c336be7c2324aba409f5e03cdbd256b4d68f01,552,22,550,0,367
2025-11-18T04:38:05Z,c39e4beb6c2faecdb540609acc641d8f24ee0c71,552,22,550,0,0
2025-11-18T06:45:25Z,e880272f3a38e9e4e3867d8eaed779cf464bee59,552,22,550,0,3
2025-11-18T08:42:50Z,4c7e98b5330546984aed2e02db8971a9f65fedd5,552,22,550,0,6
2025-11-18T09:35:09Z,4c22bbf4a3d34ddc28f570a2ce484ba82ac84118,552,22,550,0,23
2025-11-18T10:40:32Z,8723429e92e64079f1fda27af816dba7ee64e29c,552,22,550,0,0
2025-11-18T16:45:03Z,d622c9d5aa89a8ef3310bbdd966eaa940efbeaef,552,22,550,0,0
2025-11-19T04:38:32Z,6407129a21f1b687e241675fa467e594abe52490,552,22,550,0,0
2025-11-19T09:35:02Z,62910607940250e4cf0a390028113bb3bb6cd86f,552,22,550,0,0
2025-11-19T16:43:41Z,7c2ebf9ffc647422c6785e6f9667f12086b9f26e,552,22,550,0,0
2025-11-19T21:27:30Z,6d8057dbccde1904848a832dd1f6e179ba5177e3,552,22,550,0,5
2025-11-20T04:36:24Z,9fc10453ae0d0c0d893a040cfff397d5fe3ebab6,552,22,550,0,0
2025-11-20T09:33:32Z,1d4c8bd6bfc70bf7500784709600ad0fa0eb23ea,552,22,550,0,0
2025-11-21T04:39:04Z,d0493dbf80f028e4b575bbd06ab633456373a887,552,22,550,0,0
2025-11-21T08:43:05Z,40367a73c7a711689ae0b86cb9243e05c25150f6,552,22,550,0,32
2025-11-21T12:59:06Z,fb70847ce5363dd0a9b9712b2433a4bd5a8b2a67,552,22,550,0,3
2025-11-22T04:35:16Z,e39de1711959e652cccee4654c86855d16a0a020,552,22,550,0,0
2025-11-23T04:04:12Z,5a59c24057c52302dc1bf79c7889a2b0904aa71c,552,22,550,0,0
2025-11-23T23:29:49Z,b3467fab6e5ff7bf29dd948beeb42ca32d065ce9,552,22,550,0,32
2025-11-24T04:04:30Z,3c2b6a23d4b30ded1912493df27f1ec92f643afe,552,22,550,0,0
2025-11-24T08:44:26Z,ad1fd73ce5148fcf7a8cc82a106bab08907d1369,552,22,550,0,0
2025-11-24T09:39:37Z,74984f2684d7260a69fec5b6a068e554efcde3ba,552,22,550,0,0
2025-11-25T04:41:24Z,16a04217da1533559b3d002d35b5a9afbd17b336,552,22,550,0,0
2025-11-25T08:43:29Z,79e4cad2b8f9106f57fc6c1e225c5e620a73c52b,552,22,550,0,0
2025-11-25T09:37:37Z,a0d696a80eeae96fd48db7a558b42e395befc483,552,22,550,0,1
2025-11-25T16:45:09Z,715c685b3bb7308abad71bba68598aa0c2ab321a,552,22,550,0,0
2025-11-26T04:41:33Z,9ab1475e15199a2cf73bfa1aca0cbe67ce6a3db0,552,22,550,0,0
2025-11-26T07:31:20Z,114a185ba0d07f75db3bd3d6b8ae9fa4b64208e0,552,22,550,0,3
2025-11-26T08:43:06Z,36a62b60916fbf97eda5623483505b88cc2e55c7,552,22,550,0,0
2025-11-27T04:39:43Z,b3c09ff041850e00767774a366ec3a7073a5c73c,552,22,550,0,0
2025-11-27T08:43:41Z,9c439767d927da942221d5c8b6b2fb3bc85bff99,552,22,550,0,0
2025-11-27T23:29:32Z,7974a32be804f1527cc29ff0bf6c1c6af9e7c66c,552,22,550,0,32
2025-11-28T04:39:39Z,db5ef3e80ace765d9a2e0987d573d4c124cd3fca,552,22,550,0,0
2025-11-29T04:37:53Z,bfdbfa2d392eb7f4cf2f272481df193d65984951,552,22,550,0,0
2025-11-30T04:04:21Z,c4d9c6016695bd7a3c7f2e8d4b12a1b093d5b661,552,22,550,0,0
2025-11-30T23:29:52Z,65b684865397ba114ca20d261c3d668063503447,552,22,550,0,32
2025-12-01T04:18:39Z,c49dbe53cccce6c1a9a5a57886d9af8f0d51531d,552,22,550,0,0
2025-12-01T08:46:42Z,212cf842c0babece9f850de69acad4bdc90f47a7,552,22,550,0,0
2025-12-01T16:46:20Z,203a525c2dcec9c89c92f9c4f6ab9a9de5077f65,552,22,550,0,0
2025-12-01T23:32:04Z,b5ad8da10e692372f1e810c4f861c64d727da631,552,22,550,0,1639
2025-12-02T04:44:20Z,fa6e47842703a26384895b434f46dd83482a933b,552,22,550,0,4
2025-12-02T05:35:38Z,052d168952db95af155462baa74c0d8a71cadf6f,552,22,550,0,5
2025-12-02T06:48:40Z,bff12021bbd806e9bfaf402d9d004e6f6648285e,552,22,550,0,12
2025-12-02T07:33:57Z,1772ae58f9bc3d37aca84996b31bf2e2be29c8c0,552,22,550,0,2
2025-12-02T08:46:05Z,2a43362edc75d9fd8fd1e68ee76a5da93969d2b3,552,22,550,0,2
2025-12-02T09:41:10Z,f48196873cf7cf41f82149b937cb8ca0693fa49c,552,22,550,0,1
2025-12-02T13:05:01Z,97d448d317670c04dab90c5e31b03d688b466ae1,552,22,550,0,4
2025-12-02T14:42:21Z,0da37836fcab8678c0c90bbdd4941d0e337261bf,552,22,550,0,4
2025-12-03T04:43:07Z,75aac1cc34d8f3e7a41a5d9f51cd7de19e8f22e6,552,22,550,0,0
2025-12-03T07:33:41Z,246a356f6bf9fa816cb808f5fe931c1e79949bf6,552,22,550,0,0
2025-12-03T14:41:20Z,cf18b75c8d5cae339bfc0c064871a09ac065920e,552,22,550,0,3
2025-12-04T04:44:23Z,203598e6dd0f661712eca7969362d792bd97d18f,552,22,550,0,0
2025-12-04T07:33:01Z,82d3ad869bd2c5c15be92bfcfdf905742fafef2a,552,22,550,0,3
2025-12-04T08:45:04Z,d20506258969379b61f1837e25b12929b425946e,552,22,550,0,5
2025-12-04T13:05:38Z,2606b0e2604bcb8ff859f36e332378fd3f14cd6e,552,22,550,0,1
2025-12-04T14:41:16Z,2c90f751d9e2b90ffb90447c67120bbd02ce2278,552,22,550,0,2
2025-12-04T16:47:09Z,3bbed3f723daa9778123557b4336d77e305dc934,552,22,550,0,0
2025-12-04T23:31:38Z,3d7751143a8189472aaed99eebce3e73e3ada54d,552,22,550,0,32
2025-12-05T04:43:43Z,c0ba0766f02e20754ed82e2390628cc72c90a13b,552,22,550,0,0
2025-12-06T04:36:41Z,f2fabce544d141405f5a4c1ed88c797ab60970d0,552,22,550,0,0
2025-12-07T04:04:30Z,f786bd2a43b1209c7b6accf984d2cba04e6e0101,552,22,550,0,0
2025-12-07T23:29:48Z,e21fc83e07150817bfa3ea4ba21ebc89dcb2e6d9,552,22,550,0,32
2025-12-08T04:03:24Z,1970055777e46d96f55b9e1d65b3ce98dbda77c7,552,22,550,0,0
2025-12-08T08:46:44Z,160cc7dde67f264307f383e7ef43e03f4e87b194,552,22,550,0,0
2025-12-08T11:30:58Z,63cd5bad42879229c4f6ce8680d7c3fa214e1a69,552,22,550,0,1
2025-12-09T04:43:04Z,c6102a00056f7a76d3aa3d00f76a1aeee8686fce,552,22,550,0,0
2025-12-09T08:45:36Z,62ebd8b17e88453a033ff73219834cacb0266e43,552,22,550,0,0
2025-12-09T14:41:58Z,51ad1116fe5c1b53e1ce51563bf7651d447c9e56,552,22,550,0,13
2025-12-09T15:37:16Z,773bb900bfacdf64f8e409bf149280f7d775d4eb,552,22,550,0,21
2025-12-10T04:02:57Z,e8b47ed59361f93e926fe10660826a1e7bc4d134,552,22,550,0,0
2025-12-10T08:45:01Z,29c4ab054553eeb7ba5529c4c8b76b82b7042c77,552,22,550,0,0
2025-12-10T13:06:09Z,783414b690a70d061261e1c45ae0b7f57b759cb0,552,22,550,0,3
2025-12-10T16:44:51Z,49cd08a7bdd9b674ce80988c353ce54e34261d4e,552,22,550,0,0
2025-12-11T04:04:56Z,04b2d34c906108b3282878871cec6c662fb38955,552,22,550,0,0
2025-12-11T08:45:37Z,1116f257da3ec456e39e67e8d004e1824ec7ec93,552,22,550,0,0
2025-12-11T23:32:05Z,b2a269c264e2f86a388f02d47351ae7fe07d6dcc,552,22,550,0,32
2025-12-12T04:04:07Z,4bc1a229ac441744b18dfb52756480ee0a99dbac,552,22,550,0,0
2025-12-13T04:41:15Z,e9121ae0d85bdb87a95e32abedaa8db1e7e057fc,552,22,550,0,0
2025-12-14T04:07:02Z,512b20e2e7dd856e28879f3541d9a1c5c2f816e4,552,22,550,0,0
2025-12-14T23:30:11Z,931b331e2d2f8a2a7d9425912da28683cb635e57,552,22,550,0,32
2025-12-15T04:12:13Z,abbac412162c014a3170c040e05dd7fc1dc04f90,552,22,550,0,0
2025-12-15T08:48:19Z,6116e53207586ee1b4b9a9d1db48d69d94470b36,552,22,550,0,0
2025-12-15T23:32:15Z,d6be7ba1d535971b8e3f5f0168360ee7c1518de9,552,22,550,0,1811
2025-12-16T02:24:15Z,e02d0fbe6786b27d4ab0ce7a779905473c451751,552,22,550,0,67
2025-12-16T04:05:23Z,2d5c79f1d016f640e0119febb4c7c0e6b66b50a3,552,22,550,0,4
2025-12-16T05:39:51Z,7371b8a0bb169d2ca134b3de4c1e71989ca60ffd,552,22,550,0,8
2025-12-16T06:50:31Z,8afefc580f91ed12acd74ad9d0b7d15d4b6571c7,552,22,550,0,9
2025-12-16T08:46:54Z,db5c339cab97bb1db73967bdb76fc2780b36cac4,552,22,550,0,1
2025-12-16T09:41:20Z,64e4ef805798adf33a29193b1eb442ea05d3ccda,552,22,550,0,2
2025-12-16T13:50:35Z,ff5317ff998842092edd541c30a2c3cf60fec93a,552,22,550,0,46
2025-12-16T14:44:18Z,6a68a26dd3088f1ad7903cdaca16692f8a150215,552,22,550,0,1
2025-12-16T17:40:50Z,d3aebc35d4e7a120f6c67f4096047c7c36c2000b,552,22,550,0,2
2025-12-17T04:02:19Z,45c48038f721b525d537ec894ae0798bd5e897df,552,22,550,0,0
2025-12-17T08:46:34Z,f93c43fa318e36f9dc6b39ab0756a3e311d5da29,552,22,550,0,0
2025-12-18T04:03:30Z,69d6d9d75b65de721f140cf9339cd2199386e321,552,22,550,0,0
2025-12-18T08:45:55Z,fc827f2b3a817ec35d1954ba3c6aa838714c8232,552,22,550,0,0
2025-12-18T23:31:49Z,e648be448a52d01f47ccc2f1a48e10404f4dbe34,552,22,550,0,32
2025-12-19T04:05:02Z,5afde81c44f5f10fa9a343f21df02e55ba9cf542,552,22,550,0,0
2025-12-19T06:48:10Z,7271b5d45b9ec7525a027dcdcd5ab0aad3eb641a,552,22,550,0,6
2025-12-19T09:38:03Z,bd9bcb335be1f86b3d39995bc2618a739ad9dc94,552,22,550,0,0
2025-12-20T04:41:14Z,c0dfa3140a06f892bfd20143acaf8e6ab60a1aab,552,22,550,0,0
2025-12-21T04:08:08Z,0bd671875fd87d1dbcec429e62c7577e65107e5c,552,22,550,0,0
2025-12-22T04:11:56Z,831df37499ce9547d0e58a8f3e94edc130c6d3dd,552,22,550,0,0
2025-12-22T07:36:13Z,ec2f5424a5c447628a98dcfd42231589bec43ed8,552,22,550,0,1
2025-12-22T13:03:25Z,a54146b896f41cedb99083e1046bd9ff4bcab554,552,22,550,0,3
2025-12-22T16:43:52Z,58a0da6d8afc455a0e6a386efce7e4a6036f9ba1,552,22,550,0,0
2025-12-23T04:07:18Z,fcd2c553ac8198a8466caa3b86461feb912ce060,552,22,550,0,0
2025-12-23T14:39:43Z,0f2713f38b0383670e0b5389d3c3dc7bb283f367,552,22,550,0,3
2025-12-23T16:44:58Z,0ea87a1c1a6ce400b5ce3f3212e6b77a0b0b75e0,552,22,550,0,0
2025-12-24T04:05:27Z,b6edba387ed258ce1f3c2db273714f2d0a27f023,552,22,550,0,0
2025-12-24T07:36:03Z,f8f25c33b24fe2fbc92909736199c2ddbdafb1af,552,22,550,0,3
2025-12-24T14:36:10Z,c6f7381bd3b6ffc74386c6291faf0b8496ca5595,552,22,550,0,60
2025-12-24T16:42:05Z,7192849840d1937a973653181ba07a80c708d7f9,552,22,550,0,0
2025-12-25T04:07:48Z,fdeca6bafd49bfa6407ae97a1396a76941074132,552,22,550,0,0
2025-12-26T04:04:53Z,bd43b018e1654b2f63c68c8f11ac68e8fa2577d0,552,22,550,0,0
2025-12-27T04:02:34Z,e4d1657c1c30632ff21334c83eaa92e1ae4ce858,552,22,550,0,0
2025-12-28T04:15:58Z,ef80087d2aaa05deeb4c5464d250110fa931da31,552,22,550,0,0
2025-12-29T04:18:21Z,b1d961e1dfe12f9528294c9ab85f4e48b5fa4758,552,22,550,0,0
2025-12-29T15:36:23Z,048af430b3484bed91bf71c37b925802b3f27d74,552,22,550,0,2
2025-12-29T23:31:37Z,c8b288ba30233eef51da72bdb5c40f5fc448acca,552,22,550,0,1658
2025-12-30T04:08:34Z,f08e50dbdd454daf26d312e1a7042a03794c754c,552,22,550,0,4
2025-12-30T05:41:02Z,f54b96b472985c418beb4b25a1eec80924dfbd5d,552,22,550,0,7
2025-12-30T06:49:37Z,274839ca294c5c6407282baa726fd6824c888c34,552,22,550,0,159
2025-12-30T07:34:55Z,55a46083543ee7bca4e88ab67c08298757aa9bf0,552,22,550,0,18
2025-12-30T08:45:34Z,66353416b2f46b158032e17e5ba07c18cd0e736e,552,22,550,0,3
2025-12-30T09:39:47Z,ff9c6750165ef9ffc5b87ddd27b17962e2abe8b1,552,22,550,0,32
2025-12-30T10:41:52Z,2b0774fb9da600d0593e43ea89a83dba2e656bed,552,22,550,0,1
2025-12-31T04:07:50Z,b9459b107985d2e075e7889c2373143cf5671816,552,22,550,0,0
2025-12-31T16:42:45Z,eb8296e6c9c89ccc53df0c07d3cb6a4b90ce943b,552,22,550,0,0
2026-01-01T04:17:50Z,85d61d4c5abb60178d358a5afeaee8b99b824b26,552,22,550,0,0
2026-01-02T04:11:01Z,c8a1e4fd801e1709d71545dc16762097ff0b624b,552,22,550,0,0
2026-01-03T04:02:41Z,e97edff94717b0b5d9c2938c7b9d657dc1f669d2,552,22,550,0,0
2026-01-04T04:18:42Z,5c7c259b3e5dea72b7588edf1b7f666d9dae7cb5,552,22,550,0,0
2026-01-04T23:32:04Z,e03eac402073cf3928d52d1c7aadd851b42b84e8,552,22,550,0,32
2026-01-05T04:33:59Z,088b7c81f60c3ff32f396dd76b5490d935d8439b,552,22,550,0,0
2026-01-05T08:49:41Z,d75be593824cf8d65ded1018283269dad8e474aa,552,22,550,0,5
2026-01-05T13:08:50Z,e1e3aef0475b858a1f829fb562cada9e8a0006a5,552,22,550,0,2
2026-01-05T16:44:48Z,a3bce056006dff3abac8a971e8c4d0a90f6d2f90,552,22,550,0,0
2026-01-06T04:09:54Z,8153a617334547feca9c96084c0199bc94efb67c,552,22,550,0,0
2026-01-06T23:33:21Z,deb680dc41dc5ef56948e65b45c8ea4d5812c316,552,22,550,0,60
2026-01-07T04:10:27Z,3cf2143d47cb5f78c86078812ca79552c9af5b39,552,22,550,0,0
2026-01-07T08:47:27Z,a3e7abcb5590db37ab29e304652de06672be1b1c,552,22,550,0,0
2026-01-07T16:48:48Z,0af938d8405ab9cde502dd25e07e6b1d392d13b1,552,22,550,0,0
2026-01-08T04:09:34Z,c68d876b8b021b0ad9058e19d2b485a84a239de4,552,22,550,0,0
2026-01-08T08:47:18Z,c21456bfba99536b1897f6467858ce5761b28ce8,552,22,550,0,0
2026-01-08T23:30:10Z,4efb1ecc26da9dd0725084758d29e33e02fbc845,552,22,550,0,97
2026-01-09T04:09:58Z,49a17eafd35aa60584803ef3a1f013746be02469,552,22,550,0,0
2026-01-09T13:07:04Z,d899cd742d256de80822939ae15e947f5a0e601a,552,22,550,0,38
2026-01-09T13:50:00Z,f06dd0ab89a2ea7c9e0960a055ecaa3ed626822e,552,22,550,0,1
2026-01-09T14:42:42Z,b76bb330c9a2dafc94684596f6b3ae35f03be3b8,552,22,550,0,1
2026-01-09T16:46:47Z,406e3604908a5a8e5361e08113d44fdd5043e69b,552,22,550,0,36
2026-01-10T02:23:44Z,36b8282433a4ca7eab882f46ed9e7fa34dc62a15,552,22,550,0,2
2026-01-10T04:04:28Z,c1fb41c800ebbcb8bdb392554942c30da9d5489a,552,22,550,0,0
2026-01-10T16:41:29Z,8cdf5f53008eb7005210140bbe78f98138e9150c,552,22,550,0,0
2026-01-11T04:18:07Z,972c972169938bb7027349c56156fff998221644,552,22,550,0,0
2026-01-11T23:32:04Z,28b212cd6b7da213f62678fa39b608af7a210f9b,552,22,550,0,32
2026-01-12T04:18:57Z,f52395392c38be8eea748f35b0566e7b524bd340,552,22,550,0,0
2026-01-12T08:49:15Z,c83652af95433f8666662a4f6b4b84b54e3af92e,552,22,550,0,0
2026-01-12T11:33:18Z,24d684f58e3a6cdcc631c0bd6329208eb4a963cb,552,22,550,0,1
2026-01-12T13:09:35Z,b8fdaf6635b2a28f08113f6a4d33b210d892e145,552,22,550,0,2
2026-01-12T14:47:09Z,401718fc25aacaa39120279e83ebd5fdf4f1b69c,552,22,550,0,3
2026-01-12T16:46:11Z,53c7561ebfeff802ad7315d5b8b09d7dd5eb8fdb,552,22,550,0,0
2026-01-12T23:29:11Z,5153e19db17e7ddbaf5da553b5c53f8df9609382,552,22,550,0,1790
2026-01-13T04:10:20Z,79156e60901657979988021ab4b2659b883e6b7b,552,22,550,0,7
2026-01-13T05:43:00Z,2352ffe68a4d1466303cec018fa0914aac2e91c5,552,22,550,0,5
2026-01-13T06:51:20Z,6592fdbde1544960d1481f2247ddb57c87fe7a41,552,22,550,0,5
2026-01-13T07:37:57Z,7dfbcfe910097e66b25a9e556e76ce82ebfcd1ea,552,22,550,0,2
2026-01-13T08:48:07Z,e85b10a1c9b0d6fa9b986209aa9bba2ec47b6060,552,22,550,0,0
2026-01-13T09:43:14Z,78d6a18d80beb38f45c4edacf7fad9e0761daa14,552,22,550,0,1
2026-01-13T10:44:06Z,8d4850b49cf98ff4a5016ba6ef42af804193212a,552,22,550,0,0
2026-01-13T13:09:32Z,604889e5b3b789277fc03328e48c8728fae6f998,552,22,550,0,0
2026-01-13T16:50:29Z,118ba585b206e0fcb06af81c8026e8f9f60d719b,552,22,550,0,0
2026-01-14T04:17:19Z,7723616f9c3e8e4318c21c7d29cb1ae8e833ca21,552,22,550,0,0
2026-01-14T08:54:06Z,0ef3fbf3876613c97604e6b8da807792a289ff77,552,22,550,0,0
2026-01-14T10:45:06Z,347079891d8f30aeefbe663ac9afc86ee8e18624,552,22,550,0,20
2026-01-14T13:09:07Z,678a5eddda0c37b9e039158306f8804c93bd6a70,552,22,550,0,20
2026-01-14T23:29:32Z,1f432232fd77dcd05db57624edab90ad2557dc4d,552,22,550,0,29
2026-01-15T04:12:38Z,47bf7e1dd729ea6fe79bab4fc6db8df05b8c6a65,552,22,550,0,0
2026-01-15T08:47:18Z,c946068771cd858291e75f466b9e52b306714d27,552,22,550,0,0
2026-01-15T23:33:35Z,49cb34d0e3dcd6f7c7b6f89be8a697826d588dfb,552,22,550,0,61
2026-01-16T04:10:05Z,c07c1b30a2d3757ca359f1946da2aae0fbe2835d,552,22,550,0,0
2026-01-16T11:32:13Z,aed47624d091a085b88a97a6f9bc105f62f3df94,552,22,550,0,38
2026-01-16T13:06:37Z,a879885304866ce92d64dfaa2613a5dbc0a7badb,552,22,550,0,38
2026-01-16T23:32:39Z,842af51276db1eada36548b0eeb891117f8c0eae,552,22,550,0,29
2026-01-17T04:03:17Z,a790746a8e5a72a9c42ef30c50f45e2d03982962,552,22,550,0,0
2026-01-18T04:13:51Z,b49f28118c0a4db0e4c507b4f7d1ff78a2c25c2c,552,22,550,0,0
2026-01-18T16:41:01Z,3689df09152e6fbdd080d9dd102cd619243b0fe3,552,22,550,0,0
2026-01-18T23:32:22Z,8ca900a78c2f4a9cae50f57debb65e41635dfa75,552,22,550,0,32
2026-01-19T04:30:32Z,3baa5818ca8e41b22beb5ec4181fa21a260bf1f9,552,22,550,0,0
2026-01-19T08:50:12Z,ebc9a51adad14fe0c696977a6973fabde71b7162,552,22,550,0,0
2026-01-19T09:49:47Z,69112d00ca2b0ace1e944e03d3cd1752bfd082f1,552,22,550,0,4
2026-01-19T16:48:09Z,51df3be7a5535cde465bfcdf09285dde3af398bb,552,22,550,0,0
2026-01-20T04:15:11Z,8e09f7ed8071877a452ab7f10a6e2c047c9499e3,552,22,550,0,0
2026-01-20T08:50:31Z,2ddc9f25d38a490fb5db5f38ceb50828447a1fab,552,22,550,0,0
2026-01-21T04:14:41Z,a4116414069f429a197dcae3f6dc266dfb32703e,552,22,550,0,0
2026-01-21T08:48:47Z,572fa958c6030e572cd96a739a65e36e84e8efd1,552,22,550,0,0
2026-01-21T23:40:26Z,bf145c57de719fcea6184037eaf9adf2e696c73e,552,22,550,0,28
2026-01-22T04:17:38Z,5ca45c3139ee99c9bd1d5eb061498bd231a993e1,552,22,550,0,0
2026-01-22T09:47:10Z,361097c38c40b11b73774c42cedd4de50fd87203,552,22,550,0,0
2026-01-22T14:49:50Z,20829f77d433e1029c80df3c7b2a85666f8b7105,552,22,550,0,20
2026-01-22T23:34:43Z,fa7468f6d9872c9ff2ed781832dca7ce070c6e96,552,22,550,0,61
2026-01-23T04:12:53Z,b7d2297da90c720eee8792869c23c2fd98af14a7,552,22,550,0,0
2026-01-23T09:45:13Z,1fe8e158fb15133e0ee8bc385da3ce615f16f943,552,22,550,0,0
2026-01-23T10:45:33Z,d2bc579de42edb3a8b3b1ac8007d2c0ce0255d74,552,22,550,0,0
2026-01-24T04:06:45Z,7557322b91756f9045a4acab6293923c0756d440,552,22,550,0,0
2026-01-25T04:31:20Z,52540edc864e20003fea25e315f818e7361671f9,552,22,550,0,0
2026-01-25T23:33:08Z,709a5d1c8416993d1a07eb78306a0b12677dd2b8,552,22,550,0,32
2026-01-26T04:34:02Z,e295603ee32c737e914f07d03d89baaab2d13686,552,22,550,0,0
2026-01-26T23:36:24Z,1080c72ff27f8ea8efdb653d6c27ee81c9fd8cd7,552,22,550,0,1779
2026-01-27T04:15:52Z,744f20688ea2f146a9f45a5d457154b6f4ca248c,552,22,550,0,4
2026-01-27T05:44:51Z,518ec4beb868e2fcb249983f783a942c9de5a64f,552,22,550,0,7
2026-01-27T06:54:27Z,b2161ab2a31df542b1d1c9d54504e948f9bc7217,552,22,550,0,2
2026-01-27T07:42:10Z,d02a4d73445c6ec5199bf58e8a6a282a8d45caf9,552,22,550,0,2
2026-01-27T08:50:17Z,f5bff8b3e318d238cc4e46a729ef1aafac3b6978,552,22,550,0,2
2026-01-27T11:37:14Z,c922b126d689769b6683ef73b3755ebd47cf35d7,552,22,550,0,39
2026-01-27T13:13:41Z,0e58ab36dfc9e72ae81b5dbe075e2b0fe718ae5b,552,22,550,0,1
2026-01-28T02:32:46Z,60dff5da8636978e886ac8ff21a5510cc130b1fc,552,22,550,0,3
2026-01-28T04:14:34Z,01eed140a394eac5bc8b84361391bf80e876156e,552,22,550,0,0
2026-01-28T06:54:49Z,e92447cc9422156fa7d88c6926bd0aa0d690a105,552,22,550,0,2
2026-01-28T23:41:47Z,975f4302d9497b0cf009fc7701146e7b534fafa4,552,22,550,0,29
2026-01-29T04:48:46Z,dc42d46a7fa1e2318ed880464b46dd6555775441,552,22,550,0,0
2026-01-29T07:07:17Z,fef15b386816b17c1eb9aebf05da59fa297ddabb,552,22,550,0,2
2026-01-29T16:59:13Z,e80beb5faf405d02c4113ef5731e97373864b0d2,552,22,550,0,0
2026-01-29T23:42:50Z,3b847d010628dee2b72380b450aececb9c895e71,552,22,550,0,60
2026-01-30T04:50:42Z,b1f6ce6f4c8c37e4113d128ffa4f79d675600978,552,22,550,0,0
2026-01-31T04:43:32Z,22a9c75612cde9b735a021188863815255a2d83d,552,22,550,0,0
2026-02-01T05:38:03Z,15a2bd2427c78d416b6cadabf71099d0f040829e,552,22,550,0,0
2026-02-01T23:40:54Z,bfd757cb28274779223c2702888dfb93f6b13b23,552,22,550,0,32
2026-02-02T05:41:26Z,aadf3de32f356f85fb20b91fffc7651584322a7f,552,22,550,0,0
2026-02-02T17:01:46Z,80666600361384fa337a457ecd38d503e2d2ac0f,552,22,550,0,1
2026-02-03T04:58:42Z,a78d687a53f79a8b38db2b829dd99902e172e960,552,22,550,0,0
2026-02-03T08:58:09Z,aa2895207e25a4a7e44f62590b51ed3f9a11dbfd,552,22,550,0,1
2026-02-03T11:01:02Z,de5608f4977349ca2f8a0fc20817bf24c043dca7,552,22,550,0,2
2026-02-03T16:05:42Z,4caed82d6d48b8f4a18d5214131b3bd84b32920b,552,22,550,0,0
2026-02-04T04:51:09Z,1b1b03119cf0c5fb57a76955ec79a417233d2800,552,22,550,0,0
2026-02-04T23:43:51Z,9515037bb1ebe5c1934cfe8eb4c2de9a204d8037,552,22,550,0,28
2026-02-05T04:59:29Z,10bc0491a507986048b13eeac6c3515d069c45eb,552,22,550,0,0
2026-02-05T23:41:30Z,dc590c77134518414eeadb3d7d796c8ba05877c9,552,22,550,0,61
2026-02-06T04:57:46Z,b28565c2be3dd0fbfa445f0a4ee6651f86921e40,552,22,550,0,0
2026-02-07T04:47:40Z,1ac8d59ff4281a7f8e3c42548e219152fe8a6e60,552,22,550,0,0
2026-02-08T05:40:49Z,a1db84398fcb8ff513c0bb1098eb026e0c0451ed,552,22,550,0,0
2026-02-08T23:46:37Z,59a5cb693353917d9e97eb1a16740c8026419dfa,552,22,550,0,32
2026-02-09T05:46:44Z,dca83a302538e74f6bed783c969627c45a0fa780,552,22,550,0,0
2026-02-09T13:48:03Z,3fdf1578472a6406f7a998c99d7bce03e6c5e428,552,22,550,0,4
2026-02-09T16:14:13Z,00157028abc943903299b25104acc7c6f017ecb9,552,22,550,0,0
2026-02-09T23:53:38Z,6cb4db7c879657d9cf6855b836f9c31cca3a6716,552,22,550,0,1769
2026-02-10T05:48:43Z,ba2f9f2d801e724123b13132811593da7c7b7eb7,552,22,550,0,12
2026-02-10T07:31:54Z,ae11bd8305f6029761a983cbf050272233ecc36b,552,22,550,0,11
2026-02-10T09:12:29Z,9204f0a88e6b4b4ce16150f1ee899ec29eea6eac,552,22,550,0,1
2026-02-10T10:12:40Z,c399e7a46dc5bd92f5c2529f6738a76bea3e35f9,552,22,550,0,3
2026-02-10T15:34:37Z,5e143240a3c70a617f2293ac0a83fe5f8fc77082,552,22,550,0,1
2026-02-11T05:46:43Z,9db052cab151d924da82c1eee7848a565f9bf221,552,22,550,0,0
2026-02-11T23:46:58Z,2b67e30c31777eac6bcabfc8f1d27a8c25cc0177,552,22,550,0,29
2026-02-12T05:41:29Z,1b8a523a92de669dc988f98ebcfbcd648e5ff23d,552,22,550,0,0
2026-02-12T23:45:33Z,34e855ca70d8d4e6fdae41ae13951ffd7cd2e2f4,552,22,550,0,60
2026-02-13T05:38:08Z,1814be3e7b05575275ad2a2512769958107e1cf8,552,22,550,0,0
2026-02-14T04:51:57Z,255695b0ccaaa2f8c745242d1b94602502bd829e,552,22,550,0,0
2026-02-15T05:34:26Z,5ff3fc4b0746cd02297d711aa2a13b536af898e7,552,22,550,0,0
2026-02-15T23:43:00Z,37261d33a4009557cb3d968eb62cda7e86e4d25f,552,22,550,0,32
2026-02-16T05:45:16Z,daaa811aaa47318dba04cfb0102a1716af96061e,552,22,550,0,0
2026-02-16T17:03:25Z,6a858516906f51c1de43782d031335715b42738b,552,22,550,0,0
2026-02-17T05:04:38Z,2f5364aa18454edc954eeacf8dbe067a7eb57f6e,552,22,550,0,0
2026-02-18T05:39:38Z,45117ed518ffadb837dc2d64b6e610869d560ee6,552,22,550,0,0
2026-02-18T16:09:56Z,758208e963f6f8f719bcfb69e1b818e0b9978b7d,552,22,550,0,0
2026-02-18T23:45:45Z,97f78c7487ff78574805e9bd10b5c35e67ae6ab7,552,22,550,0,28
2026-02-19T05:37:30Z,3c85b70b57437c26493ed889eb368b9cbc0a843b,552,22,550,0,0
2026-02-19T13:42:16Z,6eeeed5c40eb202b7be2ef834e08a714b0e415c2,552,22,550,0,4
2026-02-19T23:46:18Z,9c48d9db5e3b77637e61387a6695abe6b696c755,552,22,550,0,60
2026-02-20T04:58:12Z,fe7452c7303ed8ee7b3cafd97d07d0fe3c98747b,552,22,550,0,0
2026-02-20T16:59:12Z,917fe6f6ebdc91ce5938e3880027326f9d41c665,552,22,550,0,0
2026-02-21T04:47:10Z,4f6b82a24034232eef9ebba3da459750177a25a6,552,22,550,0,0
2026-02-22T05:30:13Z,0158bdc5143e391089ba329916a816325a731df5,552,22,550,0,0
2026-02-22T23:41:43Z,0944f7e1e823ee4945240e7369f9fbf420888cce,552,22,550,0,31
2026-02-23T05:43:46Z,6163ae2c64c0cb82d5559ea7ad8cb86d81dbf566,552,22,550,0,0
2026-02-23T15:06:28Z,f9ebec36aa2461675eae0904a907ec23bf947c21,552,22,550,0,5
2026-02-23T23:02:17Z,771a719177a19ecefb66721bc859ccdb5c0badcb,552,22,550,0,1759
2026-02-24T03:14:52Z,bec907c4d86a1a53e13a11ea7d5a24286331bbc9,552,22,550,0,3
2026-02-24T05:04:11Z,a8c6f488c03ccfb55ba65fcd212e73b536e65c07,552,22,550,0,4
2026-02-24T06:13:32Z,425d03e33c7ebbc84bfcb366c95e00672a3fa8a0,552,22,550,0,6
2026-02-24T07:28:32Z,25471b9e5813838dc175685de318a3e80c500af7,552,22,550,0,11
2026-02-24T09:07:34Z,8d00afbd64f48e861898d514296acb24251c786a,552,22,550,0,1
2026-02-24T11:08:02Z,1a31eecfd705faa943ea96ef1c1bf6629b55e75b,552,22,550,0,38
2026-02-24T16:13:47Z,a94a34ec1a1b46edfde676aea94c68e08fb7039d,552,22,550,0,2
2026-02-25T05:39:13Z,37c8758901064f16ebb20e23ca7bad4822fe965f,552,22,550,0,0
2026-02-25T13:43:31Z,2c33658d6484d39a97c4c304ae49013420e24e56,552,22,550,0,3
2026-02-25T16:33:58Z,11886a7dd9783717cb01037ea3c3e807c7f6aefd,552,22,550,0,0
2026-02-25T23:44:46Z,d27d17196936edfd8a89c7b259adff0e5474f935,552,22,550,0,30
2026-02-26T05:02:12Z,963935cbf14553f5d2c8ef9688d8fa7aa8c4d79c,552,22,550,0,0
2026-02-26T11:55:41Z,48fb3203e936ebfcd3248c4de63783d1e87abe66,552,22,550,0,3
2026-02-26T16:07:51Z,51c70f16c523f2a9c8126671b2c28f5de0a33a22,552,22,550,0,0
2026-02-26T23:45:49Z,2c80e1a373758133c040cfb072b720fb38e4323a,552,22,550,0,61
2026-02-27T04:56:09Z,12887f3417d9e992b878bbe5966fbd6a72f19188,552,22,550,0,0
2026-02-28T04:33:38Z,d8237ab2ba50eb7124dbcb81523f30d1143b6689,552,22,550,0,0
2026-03-01T05:31:41Z,2e0b593bf4b21e2d01c92c6393219f9180de9bb9,552,22,550,0,0
2026-03-01T23:38:08Z,27c145277aeebac981d3d0d28f0967c027f709cc,552,22,550,0,31
2026-03-02T04:58:53Z,186cae11ced8b753608df8d06bd740a483e1772c,552,22,550,0,0
2026-03-02T17:06:21Z,43fe39cfa01268281f92017c0ffc81dd3ee87712,552,22,550,0,2
2026-03-03T04:57:49Z,7c1bb5be5861ef4c313c5f2059a1ae3766ab4f37,552,22,550,0,0
2026-03-04T04:50:33Z,69afee974134d07a7919e3106fd37cddb2513466,552,22,550,0,0
2026-03-04T23:45:09Z,e37d7543051291974a4e4dce17632889fdd024f1,552,22,550,0,29
2026-03-05T04:55:36Z,317ee026d2f852d26576085867e4003852a62fcf,552,22,550,0,0
2026-03-05T13:37:04Z,b18b4d4bca8508b7e4df3061932f73b10f91f5bf,552,22,550,0,0
2026-03-05T16:04:30Z,2423f0ecd33df18d4609354e896da725ea6356e5,552,22,550,0,0
2026-03-05T23:28:42Z,303af70de6189692baa5b24e737e0f4c9f3e7a87,552,22,550,0,60
2026-03-06T04:51:38Z,0747b109ff1a03a0195f343a56ec50f7bcad0b03,552,22,550,0,0
2026-03-06T23:42:41Z,427ff5b3e672ad5543e21faf62e8bc058179551a,552,22,550,0,58
2026-03-07T04:40:45Z,e7cedc3e6cd9f6523f3df7049bd64e15c9e46942,552,22,550,0,0
2026-03-08T04:53:54Z,4031ea484ed34f4170f4b8711ce202dc1678086a,552,22,550,0,0
2026-03-08T23:39:42Z,73d73f656088485523b2df6689f7d1cd2055ba81,552,22,550,0,31
2026-03-09T05:04:00Z,573596b84298634c823dda2138638232f816de89,552,22,550,0,0
2026-03-09T16:14:00Z,266223f9606a06132e8fe90f262d3e9f3a06ad82,552,22,550,0,0
2026-03-09T19:52:42Z,a5789d60ff0cc822ea400d33946da5c0f2d46b06,552,22,550,0,4
2026-03-09T23:43:43Z,587a68972d1f3d009438d34f4d832bbad6fc10f8,552,22,550,0,1767
2026-03-10T04:51:47Z,f053463736a5773906b5e42896d9eace665359ce,552,22,550,0,7
2026-03-10T06:00:56Z,d34a81d039616bcdad1698d011efefe8069e46bc,552,22,550,0,5
2026-03-10T07:09:01Z,a4f194f60af55d3ffefdde11cc531dc3124fa6af,552,22,550,0,9
2026-03-10T07:55:26Z,aec96f52e172c3e3d0817c8e47d3d7ee8dfc65ef,552,22,550,0,5
2026-03-10T09:01:44Z,77b2dde8649a9323ca45f8a59da3131d2a7c552a,552,22,550,0,2
2026-03-10T13:38:39Z,dd495d70926e2e7e8a4cbd41c5f404b8ca0a0406,552,22,550,0,69
2026-03-11T04:53:52Z,16bf3ae92df3096ff7fc482d5c923f44046f4857,552,22,550,0,0
2026-03-12T04:58:08Z,ea34da067dffbab26240981dc461d36917fcd023,552,22,550,0,0
2026-03-12T13:36:29Z,70321ee5adf2b14e2f48967332f2d6a86b1da022,552,22,550,0,5
2026-03-12T16:15:40Z,1232e4eca9fbf5f9b542e37af97fb6c75abd75e6,552,22,550,0,0
2026-03-12T23:43:41Z,b2b98d5d19a81a84b1f1700fa508ac7772c95672,552,22,550,0,31
2026-03-13T04:55:39Z,88276aea846a8901a0ac4d2c647fa555700aff46,552,22,550,0,0
2026-03-13T23:44:25Z,eacf5dc941dd58ccff396db9e7cecfdee5cb1aec,552,22,550,0,58
2026-03-14T04:53:14Z,5a89861da11cc75325c7c1b340adcd213fa42b15,552,22,550,0,0
2026-03-15T05:45:32Z,a743568a31dfd796e2b2ba3d0565268700e9ac89,552,22,550,0,0
2026-03-15T16:49:15Z,4b072d7a08499f6b85647af8b67c385f8288652d,552,22,550,0,0
2026-03-15T23:44:52Z,f550e3c7d522c8c1fbcc75c01f1c0fdf15b424a6,552,22,550,0,31
2026-03-16T05:57:09Z,023e8d78e6a5b1f8a0a240ae99cbf745605e4bbc,552,22,550,0,0
2026-03-16T07:49:16Z,10e1387a64e4af713d554428ad5c712841c2a8ae,552,22,550,0,3
2026-03-16T17:17:27Z,01a944f00047457a61953a1614a7e94add405a15,552,22,550,0,0
2026-03-16T23:44:38Z,388ee91411fa2e2e486d5f035cc7ab54a926c0a9,552,22,550,0,169
2026-03-17T05:04:09Z,367898f07dad6911cf7a14c058bc8ebc3f67e4a4,552,22,550,0,0
2026-03-17T11:56:15Z,3beb955924cc5f0c7b8c759fd59706da779bd0f9,552,22,550,0,3
2026-03-17T17:17:51Z,e58fc119b1dbab3e1501c76d440c6196f2663f5e,552,22,550,0,0
2026-03-18T05:41:30Z,8e1319630e68763697bedbde221ae998897b2d4c,552,22,550,0,0
2026-03-18T15:38:55Z,52056fbada9af67898813f08c8c27340b627fc1d,552,22,550,0,3
2026-03-18T17:17:48Z,bf8583e6a3f15ef8376220c18d69c220ec098855,552,22,550,0,0
2026-03-19T05:38:05Z,68909c047fcca3178f7bf68e0269e190eb4a763b,552,22,550,0,0
2026-03-19T16:09:33Z,c196cf781de7e2dd6f56036ea75ecee3327887d9,552,22,550,0,0
2026-03-19T23:45:22Z,17f515052fb32611fbc7bcf994a0ca3089e9db18,552,22,550,0,263
2026-03-20T04:57:52Z,126dc6fa45496323b697ae34f5cd8aaf2dd1bff3,552,22,550,0,0
2026-03-20T15:03:40Z,30b78e3e894ef778393b3bd03294c59e1db85e3e,552,22,550,0,16
2026-03-21T04:47:26Z,ffe110356d36d735dfd6a5fc53a7db136254ce1a,552,22,550,0,0
2026-03-21T11:37:03Z,396ad22fca295a9d185eab1effee32ddec12218a,552,22,550,0,74
2026-03-22T05:33:00Z,b64d48ab624537c71f52e1e517236fcf1e65ebda,552,22,550,0,0
2026-03-22T11:38:58Z,5d50ba74a36ae36976868da3c59b40619702ff72,552,22,550,0,74
2026-03-22T16:47:46Z,24c8c6a6901dac08426fb276a3d468d9585fba7a,552,22,550,0,0
2026-03-22T23:44:35Z,e17fc77a8c57cdbd0aed20d64f5797f506de8fb3,552,22,550,0,31
2026-03-23T05:48:12Z,bbee67c3512bbda32e93a55b5ebf54494d46eb5e,552,22,550,0,0
2026-03-23T16:13:05Z,aeb07206c8286fd962dcd47016321b101bdf9c33,552,22,550,0,0
2026-03-23T23:47:50Z,3fa8027f3763d7d3a12e39d715cc055237e62382,552,22,550,0,1748
2026-03-24T05:06:35Z,cc8a7bf56b0894e4198e4ee703a3a1cbb4ddbaee,552,22,550,0,9
2026-03-24T06:14:33Z,0cf8626b845638ee5ac6ac0832ef8b27f439be71,552,22,550,0,4
2026-03-24T07:32:27Z,746be72edd748528a0f2d646beeb4e24ed69f1f5,552,22,550,0,4
2026-03-24T09:09:04Z,758ab33d5302c970cd2a798fe550ff5c670cf938,552,22,550,0,4
2026-03-24T10:09:38Z,f1e2e3c547cee6a4844efbce5a4fdc2cd3d23b8d,552,22,550,0,28
2026-03-24T23:47:21Z,b9ada09eef23699d88aededca2da9c5617e24a5b,552,22,550,0,8
2026-03-25T05:39:00Z,15cc36b9dd9f1fe5ee24742e1e2980e5df8c8898,552,22,550,0,0
2026-03-25T17:17:32Z,20ae50b3600446fcadce6be443f9a9f66fede5de,552,22,550,0,58
2026-03-25T23:51:11Z,ec7d95bc55ae5d8c68d50cc4d8737dbe466c9cd2,552,22,550,0,70
2026-03-26T05:50:12Z,ea0898cef2530dde1b45edb200c257dc6c54937e,552,22,550,0,0
2026-03-26T17:18:46Z,4e0815e5ff7f5da23fc8079372390eb2af0681f3,552,22,550,0,0
2026-03-26T23:49:03Z,d79c19f7157cb7d49f723f50528fd0c59eb2ecf6,552,22,550,0,139
2026-03-27T05:50:45Z,ddede5c0ab64ac0f329d38471540c2e37c73d372,552,22,550,0,0
2026-03-27T23:46:37Z,d0fe07af79af554217327e25d618ede1bae93846,552,22,550,0,266
2026-03-28T05:35:21Z,d76440ef10db301225ba621014bed19ab090ac6d,552,22,550,0,0
2026-03-29T05:52:00Z,4f0225b15a2daddedc241a4b3fea44831b31e58b,552,22,550,0,0
2026-03-29T22:51:50Z,611211cc9e5b8aa896bb9dfd04435e8767a294df,552,22,550,0,31
2026-03-30T06:08:45Z,1bfcaf0e3c6e0cf07c00b287bd4e3359e1d9ff0a,552,22,550,0,0
2026-03-30T09:48:24Z,e56a49a3e2b032650f0c19ea16437574a890a2f8,552,22,550,0,4
2026-03-30T17:11:54Z,1590ca22d09b590c025225516d8d0c7ca7f646fc,552,22,550,0,0
2026-03-30T22:56:46Z,7c665ed199f1f649f1f62e365ad3935787594e55,552,22,550,0,1770
2026-03-31T03:30:14Z,e16eae9db6608c17a8956d448155592fad893b1e,552,22,550,0,2
2026-03-31T05:54:24Z,baf2c18eed33850722b1c8edbc6dfbe573f795c4,552,22,550,0,12
2026-03-31T09:18:21Z,be8978f91f9c2152817293e19275946d0f2eb400,552,22,550,0,1
2026-03-31T11:11:09Z,04f7c9074418ff13393ebb21ca82715a67d702de,552,22,550,0,2
2026-03-31T22:52:05Z,f8c912095cdf3db75ff9751f20c0ddba35e3699d,552,22,550,0,133
2026-04-01T06:03:27Z,78acc2e319f6f6e1895243c7e6f27b49ac656f5e,552,22,550,0,0
2026-04-01T09:36:02Z,5c33b25d470df058c7cecc6d1b064928c5a6fc70,552,22,550,0,0
2026-04-01T12:03:38Z,aebd09f891e92e3f0a7452cc896e045ff22457c8,552,22,550,0,3
2026-04-01T17:12:00Z,e31b363fc86c57f60801b4b383f17693a0dd148c,552,22,550,0,0
2026-04-01T22:58:04Z,a0ddf3110bcd46f1187a6193a7c8f2882fa2c60c,552,22,550,0,29
2026-04-02T05:49:44Z,fef9f0283d2144a86a99fda73c10f6b6e34cc5d6,552,22,550,0,0
2026-04-02T07:41:30Z,6f61a8e6126d837fc0152288d26270a8062f3c09,552,22,550,0,4
2026-04-02T09:16:05Z,d1fe904373d873ae88d4ae7f2fb9ff9ac7684587,552,22,550,0,5
2026-04-02T15:16:13Z,1003d0431af1b6440446b869fa1c30344140ab06,552,22,550,0,0
2026-04-02T22:51:26Z,e970faf97b4ea0dcdda65e1129a0dcdfcbf0bba4,552,22,550,0,67
2026-04-03T05:50:10Z,12240c99bc31acc2a266529d078ac4b2accff6b2,552,22,550,0,0
2026-04-03T09:10:37Z,79ac6850f6155c338a8e09ba40d4b4fec9ee606a,552,22,550,0,1
2026-04-03T10:04:24Z,16b8edc8f5633ae73adaf8230a7ea91d54c58a70,552,22,550,0,8
2026-04-03T11:03:56Z,0228738fe89217e2556c5705f31fdb54e14253c0,552,22,550,0,66
2026-04-03T11:54:12Z,5f6018eaa4c7541195818442ae164d2a2804c563,552,22,550,0,1
2026-04-03T16:57:28Z,6dcfcf93cf5e6d6c710b7ef9c3a14433b7cfa0cc,552,22,550,0,0
2026-04-04T05:35:22Z,2542212028df3f09d3e763c6127b26c474123e33,552,22,550,0,0
2026-04-05T05:53:44Z,9d42a47896376b5dcb7cdec2a3f5678e293add66,552,22,550,0,0
2026-04-06T06:09:15Z,56a913f4f151260d45a22d732af422e6f669e3a5,552,22,550,0,0
2026-04-07T05:56:12Z,0d27995986841271323cd6202e37235b7bf1dac7,552,22,550,0,0
2026-04-07T11:14:24Z,c7de62b81936190fe0b805cf893cf368c17450f6,551,22,550,0,1
2026-04-07T17:15:46Z,c3aee42f6badf2bb4230d0da4fa28d322af823b0,551,22,550,0,0
2026-04-07T22:59:12Z,4622994dc2a92c337fe0a766172c0da4c921c320,551,22,550,0,1682
2026-04-08T03:32:32Z,d8707a5a3967aa5c2003d865f26957039f737157,551,22,550,0,7
2026-04-08T05:58:24Z,4019791e71f2aed269d86a53a94208b5cd80513d,551,22,550,0,15
2026-04-08T07:53:12Z,af22b47da399bff282ae5b5a7e05461f848930fd,551,22,550,0,5
2026-04-08T17:32:39Z,fe878603775ec741e70ced1548e8fd2cc408dae1,551,22,550,0,0
2026-04-09T05:57:47Z,1fe1320984f57374e1088eb54b9fe6ee61bf7387,551,22,550,0,0
2026-04-09T15:56:09Z,37d6a59f147ccba79a97aecd0873a829912468b3,551,22,550,0,2
2026-04-09T23:01:57Z,08da2ae1747afdc102308404ef87610e15944ba3,551,22,550,0,33
2026-04-10T03:41:47Z,b84d3512315a284b95839bc93d51fba0e5cc9237,551,22,550,0,1
2026-04-10T06:09:00Z,80ccc25f10a10c6fa85670927c73f20b1cafd74e,551,22,550,0,0
2026-04-11T05:39:49Z,c4279e71d309a1f3896d4314850433cadad3f699,551,22,550,0,0
2026-04-12T06:02:53Z,d6a2c0438cdd22aa8ea38999f028126e1d36dbe9,551,22,550,0,0
2026-04-12T22:55:19Z,e72e4fcd4115e66cf701f2d56d7d9827f7d86c92,551,22,550,0,31
2026-04-13T06:26:46Z,942d601b1b7f1cceb270bec645984b4bb9b34bc6,551,22,550,0,0
2026-04-13T17:30:50Z,1c96b00bee3b2bcace59b696aa472cfa18309c2e,551,22,550,0,0
2026-04-13T22:03:19Z,4611ba01ef2268531ea0b24470acbfa6585af39e,551,22,550,0,1754
2026-04-14T03:42:57Z,c373e7e984cc09e2a921067f1dc35cb7796537b2,551,22,550,0,7
2026-04-14T06:11:17Z,ef96ca19484361d0820b94b62a36588ba4bfab98,551,22,550,0,11
2026-04-14T08:04:37Z,51293db59abc92c53efeb7fd8eb2e87dff51785c,551,22,550,0,6
2026-04-14T09:49:54Z,b0f5a7428445fbad328a1ade0d3938ce393f25d4,551,22,550,0,3
2026-04-15T06:11:09Z,cb2258d16ea70d22e93aff124c9ecff27971dd66,551,22,550,0,0
2026-04-15T11:17:12Z,7e36314b908e6670944d4336ab91275b8b0dedf8,551,22,550,0,4
2026-04-15T17:31:15Z,e0b41dbd406adc30dcea9b398fd936271e4c831b,551,22,550,0,0
2026-04-15T22:04:59Z,1e19a807dc2ce6507ce16e68a1b4ec8ce2d8fa68,551,22,550,0,193
2026-04-16T06:13:34Z,22305f914550029cb89cdc40fa570479876cf2b7,551,22,550,0,0
2026-04-16T23:03:37Z,b62ac0d26a3364b7809c2adf0998827e4a873f40,551,22,550,0,31
2026-04-17T06:13:45Z,32ab336981334c62df738d0aa6facaf53c79d538,551,22,550,0,0
2026-04-17T22:01:52Z,fcbb9a9b47e3d87eda1e71f7f7975d452c5f5ad5,551,22,550,0,245
2026-04-18T05:50:42Z,c7629e991c5aa62f29c98ca43b55515bd013a9fd,551,22,550,0,0
2026-04-19T06:08:31Z,a4f783d154e510b551536b5668a31653da5457a8,551,22,550,0,0
2026-04-19T22:56:28Z,2918d89b14262077133e994e356e5f2dd63b77a3,551,22,550,0,276
2026-04-20T06:27:10Z,3259abed4ae63ac64dd054ddf5e624c8a9b0e995,551,22,550,0,0
2026-04-20T22:03:43Z,42eb936dd308a0bcae3772756c63bf08342ecc83,551,22,550,0,1761
2026-04-20T23:04:05Z,8ceec2444f8cc3067e8f5896c12ff4dd4c924200,551,22,550,0,2
2026-04-21T03:45:58Z,70a4b5d87014a18ed54269616b944008dc7571c4,551,22,550,0,7
2026-04-21T06:13:45Z,7c99275c5c9a32268968da6c57c1762adef4ac09,551,22,550,0,11
2026-04-21T09:52:49Z,3a4030e1833a7f36aae270f0edf18cfcff50c96f,551,22,550,0,1
2026-04-21T11:32:41Z,f380ce83242238b541306eff99ca597f0198b925,551,22,550,0,4
2026-04-21T22:59:43Z,da2048365fbeb6a136db28d68a8c6d017ef8e717,551,22,550,0,74
2026-04-22T06:11:31Z,1698ca29e3b639fdabaf96ef0bd9bef5fde5872e,551,22,550,0,0
2026-04-23T06:16:59Z,574af9a8af117aed8dcd81b5bdf6de5ed1c0df99,551,22,550,0,0
2026-04-23T22:02:43Z,b86957a29bd65b1128793e27fa032a05b0865086,551,22,550,0,31
2026-04-24T06:20:11Z,5ac70dce01e403984604e6c28d32b1a87ab13306,551,22,550,0,0
2026-04-24T22:03:08Z,e5e678a0447884c732b73f0ad6a4a94d9ac37354,551,22,550,0,132
2026-04-25T05:58:56Z,e3c280d43929cfd56e06fff2be8c73252edbb8c2,551,22,550,0,0
2026-04-26T06:19:27Z,5c4f9d77484951a13750c48540fc7c884d75f77b,551,22,550,0,0
2026-04-27T04:00:36Z,0dc69d05b3feb44ac585f5bbea546ad90e70d4e8,551,22,550,0,0
2026-04-27T22:07:36Z,b9eafbb21e41df98b2461162686c74f61079c252,551,22,550,0,132
2026-04-28T04:07:14Z,aaace84c928cdccfc44fc1b937c77e080356cb03,551,22,550,0,0
2026-04-28T17:02:27Z,e17d8a9307fad055f332cdb4ac5429a184d8ec9c,551,22,550,0,0
2026-04-28T22:11:43Z,9d0959d3ae48bfd63414dde15c1fec255faac0ed,551,22,550,0,1779
2026-04-29T04:03:25Z,c692f67879fa045d9fe044162a9b8d596af44c46,551,22,550,0,6
2026-04-29T06:38:05Z,109ac1e20b7710794c0c4549d5b6b91732727cce,551,22,550,0,15
2026-04-29T09:25:01Z,3784962988ac63a9bde37d14f2aa3c0e4b6a81bb,551,22,550,0,1
2026-04-29T11:54:13Z,82c5c188ddef0653438a934fff2e5af384ffc812,551,22,550,0,2
2026-04-29T22:11:47Z,25ac372ba8881f4e50532a38c1af6a07c44b477d,551,22,550,0,132
2026-04-30T04:05:07Z,94bb5b0e4cff839e32019b7367b83ef3ba594df9,551,22,550,0,0
2026-04-30T16:48:33Z,e507dcd3c4687391a3ea6b338e3af31269c849ab,551,22,550,0,0
2026-05-01T04:18:56Z,5a6d85f37942899daf6cf81e46f2cf0b343fc442,551,22,550,0,0
2026-05-02T06:20:22Z,9ef256d28cc9d0ef646c55eef37abaa9efd5ea79,551,22,550,0,0
2026-05-02T16:01:33Z,18486a8f0b36df2bae2ad5dabe7254e323f9933c,551,22,550,0,0
2026-05-03T04:12:04Z,af9807934b3b096f7f24b17425b0cd332137d872,551,22,550,0,0
2026-05-03T22:01:55Z,733092473aae688a4212a97dbb576809ea79ddb0,551,22,550,0,163
2026-05-04T04:10:27Z,112c2ba20edbfb2d3d1283f6f87a2678f39a0491,551,22,550,0,0
2026-05-04T15:22:29Z,0eb47abba7559b4a8dedbe5d7a1eb217bdce595d,551,22,550,0,3
2026-05-04T17:52:04Z,96d89aaa67208e42b0c79c05d6e0c6e936b3f1a2,551,22,550,0,0
2026-05-04T23:10:45Z,a8b174dd8226204d8cc37a2e84f36fb35f2b895a,551,22,550,0,1776
2026-05-05T03:50:39Z,bf9b0e701e359d9e1fbd2eda748e0670e2129921,551,22,550,0,7
2026-05-05T06:28:50Z,d42224d403097b921bf10040f411eca87e7452de,551,22,550,0,11
2026-05-05T09:21:48Z,274aa8dd7641e60c6c3150e63c2d96ad9ea12df9,551,22,550,0,5
2026-05-05T16:55:33Z,202c7c9b90dece5c06dd92f755504533f8aac651,551,22,550,0,0
2026-05-06T04:06:53Z,a415fe7f4cf0ae123daeeee1797d781f90b6b470,551,22,550,0,0
2026-05-06T16:54:39Z,1ddbe562b91174756b7a07a52b09d7dd5666ccd9,551,22,550,0,0
2026-05-07T04:06:23Z,88918cc4dcb07e966e99196c329f2f6f901d44ab,551,22,550,0,0
2026-05-07T10:34:29Z,41bf979e6b768720f2ae6cd6da0423c7a2ddbb26,551,22,550,0,4
2026-05-07T22:30:44Z,61ed3b81c3cb8a05bde07ef10921bffce92b63d4,551,22,550,0,31
2026-05-08T06:09:36Z,449f3ec664891a9733a03470f75bb58398184de6,551,22,550,0,0
2026-05-08T09:55:10Z,e1a1a137a6aa6ee87d214b8c62da47beadd3a2ad,551,22,550,0,0
2026-05-08T16:45:29Z,b12e2ce3b26606817948a7cca7d459a328a285bc,551,22,550,0,0
2026-05-08T22:11:39Z,b0113f8267120a6706ca1bbd6c812cd0a6c8070f,551,22,550,0,132
2026-05-09T06:27:37Z,61e76462425b054e923856c18358e63c308cc53e,551,22,550,0,0
2026-05-10T04:16:30Z,17b1b9c4251256894051a996e9b81bbd0b2253ee,551,22,550,0,0
2026-05-10T11:14:29Z,d9cd52f46705667f42f7777689a5644151420d3d,551,22,550,0,5
2026-05-10T16:12:49Z,5db316add9c87bba926bbc71de8a17764cccb1a2,551,22,550,0,0
2026-05-10T22:05:17Z,db9282fe39cf3e7c44ccbfc4b1307a72c6a52d1f,551,22,550,0,233
2026-05-11T04:37:20Z,6d1b50d088448a47a9db6e1efcc1fd69101be642,551,22,550,0,0
2026-05-11T23:12:13Z,f4551dfb5afb4e88c5c1314edf18c4679dd6e4a0,551,22,550,0,670
2026-05-12T04:07:52Z,c062bbdf2139d5ffdc2dd55df4420a29a23013c3,551,22,550,0,0
2026-05-12T07:15:52Z,8dfe7acbb0fc82e9179058e52aaf05c58a816ff3,551,22,550,0,16
2026-05-12T10:42:10Z,cc129399cc4c44fcf3d9789039d6f1427df36939,551,22,550,0,4
2026-05-13T04:15:33Z,44da3a1ef6b2ad841e7b3e7aac99622200adf283,551,22,550,0,0
2026-05-14T04:57:08Z,27bb95fa47dc0d0a17542b010f191a22fa1effee,551,22,550,0,0
2026-05-14T10:34:46Z,21a669d7d03d181626dd0f5ac733e4d5b7de7d6f,551,22,550,0,136
2026-05-14T23:12:14Z,1b1d42ea5c19fccfcd847cb44d5ee31ea903b8fe,551,22,550,0,32
2026-05-15T04:29:50Z,8e02ed6764d817ff4758e8d1fcf83e137884f5db,551,22,550,0,0
2026-05-16T04:03:30Z,a0a058da18fbf35d5fd035d626e8aabaa6f63dba,551,22,550,0,0
2026-05-16T17:16:08Z,5fbd29eb592fdaf6fbb550d6596ab224e32cd4ef,551,22,550,0,0
2026-05-17T04:33:03Z,59a74b260be59e8a1e3127ca14ac0f0e825eb7f4,551,22,550,0,0
2026-05-17T17:16:06Z,1e5d1b106c35e4b720ad067904226d6c5502421d,551,22,550,0,0
2026-05-17T22:08:37Z,44212f395bf4e1aaf50a4973962f2b0d8974539d,551,22,550,0,168
2026-05-18T04:44:12Z,6a3266c3f19bc590d918b696488e5958568a9281,551,22,550,0,0
2026-05-18T12:47:24Z,9d2b0a8f4743da4d0028ab0ded51643811239131,551,22,550,0,5
2026-05-18T22:14:16Z,bc759672aa4d7d1214d2fd4677b6773ca2394e97,551,22,550,0,1775
2026-05-19T04:34:03Z,e95575e096580f532a89a54876a54dbdb4d765ef,551,22,550,0,12
2026-05-19T08:38:27Z,03cc4f443c9f1511fd3b7c673b7dfd3de7503163,551,22,550,0,8
2026-05-19T12:20:14Z,0bfb6980504b43bd9a6ad87fa860cdb9f5d036dd,551,22,550,0,5
2026-05-20T04:37:26Z,9530726ca1476a1a469ec12eec58d3a31b1ae112,551,22,550,0,0
2026-05-20T18:32:08Z,53421262aebcf4e737d98e9167f30de2ff54323e,551,22,550,0,0
2026-05-21T05:35:53Z,240a049192abb91185105801fa3b9a07435978d1,551,22,550,0,0
2026-05-21T13:31:49Z,1fc7d16a80a0241ffe415bae379b9fcc6784ac26,551,22,550,0,3
2026-05-21T16:48:40Z,91a36dd5bdb7df5c94b7f3df73d534f8dd8f5d19,551,22,550,0,0
2026-05-21T23:16:55Z,a46e39046a42702687cc79f92ae568dc45c9339d,551,22,550,0,32
2026-05-22T04:36:19Z,3ce00315f9f1c19bf111579c520a81f18644fd3a,551,22,550,0,0
2026-05-22T12:00:32Z,4288af6ad3b0f30acf94815a25f286aad7b62baa,551,22,550,0,4
2026-05-22T15:23:18Z,af54990715c5894f96ec80a335d609f36e49c8e5,551,22,550,0,136
2026-05-23T04:08:34Z,9162622b1515150bead579491e110abd13ad4f85,551,22,550,0,0
2026-05-24T04:41:59Z,117c83a848595454d0dce486ff3129ce251d4445,551,22,550,0,0
2026-05-24T17:16:09Z,95ff4959220902aefb44b57da1480a27788190e6,551,22,550,0,0
2026-05-24T22:12:52Z,eb481fbf1c2f777e5136cbcc7c5e807f482de572,551,22,550,0,32
2026-05-25T04:52:48Z,7198e8bfe5c8e98caf6bcfca7dacd26ea60b94ce,551,22,550,0,0
2026-05-25T12:44:32Z,b4f6050334025db3c16720b34903eeb277f66907,551,22,550,0,12
2026-05-25T23:32:29Z,3b83952f0a819966e653be7331144d2c2100881e,551,22,550,0,1067
2026-05-26T04:35:01Z,3f0321f9289c5cf441436ed39ae31d60a96f1a98,551,22,550,0,2
2026-05-26T08:43:13Z,992a3cf0f381f54e383d8d41daa458d1ad2f341a,551,22,550,0,22
2026-05-26T16:51:58Z,b62735b63c21c4e757333233918b66bef384c938,551,22,550,0,2
2026-05-27T04:49:50Z,8bf35592e4c6367f5b5607b39b1c8d4fb4927e38,551,22,550,0,0
2026-05-27T08:48:23Z,ebe54ff8f80362834184f69d8ebc089ad330836b,551,22,550,0,1
2026-05-28T04:41:37Z,bfb2b559ec4aa52afc0ad14135646379f2079912,551,22,550,0,0
2026-05-28T22:11:19Z,2536f7dfac5af0600229318070ad387468bc7b96,551,22,550,0,102
2026-05-29T04:43:44Z,4f85dcde820e14994ad1c26b585ed52acfe8a404,551,22,550,0,0
2026-05-29T12:27:22Z,8503b9ae4c62fdc98764d32526d65c5b2ef7c292,551,22,550,0,141
2026-05-29T16:53:24Z,cfbc51e653f5478863e969b810826ba6817f5c9c,551,22,550,0,0
2026-05-30T04:18:18Z,990a97e4bf7286d282d3296a8911fa53289d9648,551,22,550,0,0
2026-05-31T00:14:47Z,aada8f3268311b78dbd69a8157e770e28eb4a1f1,551,22,550,0,0
2026-05-31T22:14:23Z,cd419cc7561d97cb8c870075ce43e3d552add0f9,551,22,550,0,168
2026-06-01T05:16:48Z,a5bd439f57e5f904727a3dc1306bbb8f28d76f14,551,22,550,0,0
2026-06-01T12:09:31Z,6b9a272148b697bf4ab2d633a312165f5c2a230c,551,22,550,0,7
2026-06-01T22:16:26Z,13b1c11fe073d7b9a30b7c6042c849be86f38a92,551,22,550,0,1776
2026-06-02T01:36:58Z,209e9ea58a769c50fd4610eed3ea73e1c1cddbc9,551,22,550,0,2
2026-06-02T11:42:54Z,154d0a0e706d19553d76319c879290a1a4475516,551,22,550,0,26
2026-06-03T01:47:40Z,e97db33e75e4020a4e35ad1e4b51e3892f66ab85,551,22,550,0,0
2026-06-04T00:02:17Z,030910019c5b5f90c94846952343529265087658,551,22,550,0,70
2026-06-04T09:01:40Z,d258f12ac844d0dd01d0f5f9f99cecdd401030fa,551,22,550,0,4
2026-06-04T12:19:59Z,a1d441aa7646cf95a863e98e56c9cb7570fda10c,551,22,550,0,4
2026-06-04T16:28:29Z,3d64c7b67ffb78f1ef0f873ee1f032c693eb4eba,551,22,550,0,136
2026-06-04T23:37:53Z,cfbb0efabf14b465ebf04a487069204015d5cdf2,551,22,550,0,32
2026-06-05T04:47:57Z,bfc79be2d14e53629d769ed53055ce07110cfd2a,551,22,550,0,0
2026-06-06T04:29:27Z,cf402efe1e44b1955b80d341504b7131439b5ec6,551,22,550,0,0
2026-06-07T00:18:12Z,5e2d4f0e063c0e40db4d8a2b6c0f61c3d61c3334,551,22,550,0,0
2026-06-07T22:18:27Z,f20355748527c519d52cb1bd46d77bbe01133ece,551,22,550,0,168
2026-06-08T01:34:33Z,65a3226a896f94bafd887e9a3d101b3707b246b8,551,22,550,0,0
2026-06-08T22:01:21Z,94a1af90beca881dbb147ea541413fb89223794d,551,22,550,0,1625
2026-06-09T04:36:26Z,ca05e0f322f054dbbf7e29b6696dc634d33ba36b,551,22,550,0,12
2026-06-09T08:41:13Z,de12bf7d780e8f57d9c2f6360d2edeb5faa50af2,551,22,550,0,176
2026-06-10T01:31:51Z,526d1305f228c56d7f1ccca3972d51696cb87554,551,22,550,0,0
2026-06-10T22:57:17Z,b28f7d1b205195ebf4b04fe858fc6d788c6ea136,551,22,550,0,98
2026-06-11T01:40:45Z,0533e2dfc2d7cf2dd30bfd02d7ed45b0ffa3202a,551,22,550,0,0
2026-06-11T11:49:02Z,924ff6387c83931071837161d48b8cd1b5e98fae,551,22,550,0,2
2026-06-11T22:16:42Z,0bd2794a342e0941901f4c5042387146b496e673,551,22,550,0,102
2026-06-12T01:39:19Z,dd736c4bd06413f40d8cb4acc5f8467d929deb7e,551,22,550,0,0
2026-06-12T06:55:45Z,56dca907a0880e73bb8b6dc89c4c577392d831d5,551,22,550,0,4
2026-06-12T11:09:17Z,b089c982cd86e9110790cdef2001636ef175ade3,551,22,550,0,136
2026-06-12T14:15:27Z,ea46adc28819b83730d531c67c03b3279db32d37,551,22,550,0,0
2026-06-12T17:41:50Z,0dd7c3b26e0f813ba4f37fe1713fce4741c0d900,551,22,550,0,0
2026-06-13T01:34:10Z,5ec05f1c9884db29a5587fed87551231a8182a7c,551,22,550,0,0
2026-06-14T01:37:00Z,98bb0adb896439fa478719a69928b63123e78e71,551,22,550,0,0
2026-06-14T23:37:47Z,8b1f69a5038edd1f14e3e34311518d8dbea0fe34,551,22,550,0,168
2026-06-15T05:28:52Z,5481d95a5ca4cb9b0e6cbe1cb7db605133f93837,551,22,550,0,0
2026-06-15T12:42:50Z,a188dfd89b9f2b588234291a9a17b55caf62f443,551,22,550,0,12
2026-06-16T00:02:20Z,cf5a3c0858860159ed7c9b81e8dd7b0b1f218213,551,22,550,0,1290
2026-06-16T05:35:04Z,3f9cd27e90e3d3ddcaf86dcbb69b779eea35952c,551,22,550,0,21
2026-06-16T11:35:02Z,a3322fd7369a398fd20b0ea2cc38b7bf75dbf74f,551,22,550,0,7
2026-06-16T23:48:33Z,2811576f8d312a4b83e6cb2247b72dae84226838,551,22,550,0,76
2026-06-17T05:17:14Z,da546276e7bbe0ea19606f727541b65f7041962e,551,22,550,0,0
2026-06-17T11:17:29Z,49f66847ec0d88989c449cbca0d9af52980fb5c5,551,22,550,0,29
2026-06-18T05:03:15Z,131bf46807f53eafd295ccd6b962fc5b5a84df06,551,22,550,0,0
2026-06-18T23:09:04Z,aef7747cd5d2c414a8feb81a376433732fae2e6b,551,22,550,0,102
2026-06-19T02:06:10Z,9405bd227630cb757a2fe76e9d1c1bbae3960872,551,22,550,0,0
2026-06-19T12:17:31Z,a6ed19729063d38884ad1715231105ba6d221f63,551,22,550,0,136
2026-06-20T04:41:17Z,07350ece2bd97b871b8479dd8ffb2c8d988b53c3,551,22,550,0,0
2026-06-21T01:39:55Z,b5511238ce75c593c1e3ab763687a96701325fad,551,22,550,0,0
2026-06-21T13:18:14Z,0133b1607d9c01155cd13fff0d10f0f36f2e762d,551,22,550,0,0
2026-06-21T23:45:12Z,6822f34367cb85aaf81793a44de29e103a81d592,551,22,550,0,238
2026-06-22T05:31:51Z,7eed25b0da6a5fab34c758637d806bc849563d67,551,22,550,0,0
2026-06-22T12:26:30Z,2bcb2830996b5bc10330f96d9ffbe02cdb673b1e,551,22,550,0,4
2026-06-22T22:56:44Z,63dc0d1b938f791f2bcaadb99576d71331563e78,551,22,550,0,1389
2026-06-23T01:23:52Z,e63f4252526972a04217e7fb6e155616d3e9042f,551,22,550,0,0
2026-06-23T06:28:14Z,bd6fae8f6633dc19f0d2ea65347c3697a9ad6342,551,22,550,0,24
2026-06-23T10:43:43Z,2b1ac6ad35edf9b8a79f5199d2fa9a96f59a19c8,551,22,550,0,591
2026-06-24T04:37:39Z,def6e47bea8534be9ec12a456faeb810efa6ebc6,551,22,550,0,0
2026-06-24T12:01:03Z,e029814b17f90c90d0d5533d9981f727a9f38520,551,22,550,0,136
2026-06-25T04:34:49Z,893aaf8b0178664087eba4c85791318f2141536d,551,22,550,0,0
2026-06-25T22:47:27Z,7d53595e3541fad78e009e2dc163fe6aca0979bc,551,22,550,0,147
2026-06-26T01:30:40Z,2340839d934358819b44f757bf5add199c47172e,551,22,550,0,0
2026-06-27T01:23:26Z,3546f413c5590bc47cd9f7f104ea484ba6b59004,551,22,550,0,0
2026-06-28T00:15:08Z,c8b3d2dd0262383288387c2700ec97fd1c1ec826,551,22,550,0,0
2026-06-28T22:15:31Z,34502a0b7619713463b93afd3241a28de6164fcd,551,22,550,0,238
2026-06-29T01:31:25Z,529e6b5f9161ea3947a297dc6f7a20fb63278568,551,22,550,0,0
2026-06-29T12:09:58Z,6b218930f90dacedc4ecba5e11fc19e356796bd9,551,22,550,0,3
2026-06-29T22:32:10Z,15e518fed370f3f8b73840d7621089f6b5e15cee,551,22,550,0,1680
2026-06-30T01:25:23Z,4490446fc68e1b505e8414bd116ab7e8bc4a5d42,551,22,550,0,0
2026-06-30T06:33:14Z,f539ee16cc57a748d2a6fca196f6c06d9bce1ce0,551,22,550,0,13
2026-06-30T10:38:48Z,d9af70c34273b4387297de190d8ea64c10f5a2a5,551,22,550,0,3
2026-06-30T13:15:44Z,1011195a9f0cf081177ef8b13897fc024e1532e9,551,22,550,0,1
2026-06-30T22:41:17Z,021e7fc8a288a8c5291810b54642fbbc2576cc31,551,22,550,0,99
2026-07-01T01:32:44Z,f09812b3ad3d3c39cb854cec0fec6d0ecd0da266,551,22,550,0,0
2026-07-02T01:25:20Z,e6f581cc58bdd850470a60922b657b455d64a518,551,22,550,0,0
2026-07-02T12:21:17Z,19417de3c89025ddfbe3cc3af86f65c1f7a6f45e,551,22,550,0,0
2026-07-02T18:02:25Z,0e1b00954ea340a898ec7d58491d80fca195d7d5,551,22,550,0,0
2026-07-02T23:30:22Z,c8393a0fed265c5d463d4b0e5153de9474ea4b3d,551,22,550,0,102
2026-07-03T04:10:03Z,247dae75665bc9755c0694ea960fde78a4d93e94,551,22,550,0,0
2026-07-03T13:12:26Z,2e0325cb64145dc23379d3fe77893ae0f2774b8d,551,22,550,0,136
2026-07-03T23:18:55Z,3fbf16c2f3e064de7e3720d33ebec37796944c06,551,22,550,0,18
2026-07-04T04:02:46Z,2a3647ce6f2e8e85c31c47d5724ea46d5332234b,551,22,550,0,0
2026-07-05T04:30:45Z,76fbaf489e5d8cbdc68b84580dcf757731b7fae8,551,22,550,0,0
2026-07-05T20:31:21Z,3e435f0d3bba6b1409749eacc6acf55ae9e3972c,551,22,550,0,7
2026-07-05T22:14:04Z,7a86e7960ff1402b5db7cec4e936e71839ecb496,551,22,550,0,220
2026-07-06T04:40:17Z,3447db93a4298fe380bf7279f51d77a497a047fc,551,22,550,0,0
2026-07-06T09:10:51Z,912820d0fc7fbae0390f606d48df736a2424a968,551,22,550,0,18
2026-07-06T22:38:54Z,cace8e681131a56f67f68aabf610535be31bc393,551,22,550,0,1784
2026-07-07T01:08:01Z,7d91b21d2bbc8a2cf3c593c88d21dd3d4ea3ee13,551,22,550,0,0
2026-07-07T05:07:56Z,e1a67fc326867e1bc044bef049f83b8e65bde3bd,551,22,550,0,14
2026-07-07T08:43:50Z,f6d06ce270a7e90e7458378c634ce5e530d2b015,551,22,550,0,5
2026-07-07T12:09:37Z,4740c7a2cf7cc43d9d80a2e6deb784a6a509f9eb,551,22,550,0,5
2026-07-08T00:12:25Z,3e08c8dcbfb194f616fa809ed553b64812bf9881,551,22,550,0,0
2026-07-09T01:03:07Z,f0e829096f3be31b99a6e9d34e9f523d58de1f3c,551,22,550,0,0
2026-07-09T08:50:54Z,6911a80aa69661cd90ab0f5cb572d2f9275b4aba,551,22,550,0,4
2026-07-09T12:19:24Z,b984d6253bb164457d326f7454fd86410b2ebe85,551,22,550,0,0
2026-07-09T23:37:45Z,e8b9568ae948fe1a22d88b5eb3c0381d5ec0ffbd,551,22,550,0,168
2026-07-10T04:16:01Z,9bfd947de72d8dec04f70a326587455dfe6f2d8b,551,22,550,0,0
2026-07-10T12:08:19Z,f42b4305383fae66042e00cbd8bb30d4bef0a94c,551,22,550,0,136
2026-07-10T15:02:20Z,dce50aca158c61984ee821143d4cba849ca05f22,551,22,550,0,4
2026-07-10T17:09:15Z,b95c67c75ca4cbbb39d1dcfeaf7ba96cf47bcf2b,551,22,550,0,0
2026-07-11T00:10:36Z,785804d5f2e779d7e38f2624abffa25bcb0328b3,551,22,550,0,0
2026-07-12T00:12:04Z,7ec282c2f68cb852d7ea47625b508793353b7ab8,551,22,550,0,0
2026-07-12T22:08:46Z,6738990b7c42b231bb8e9c970177d122d17e263f,551,22,550,0,102
2026-07-13T00:11:28Z,01733673db4ccfc7f9ff2f072a333af0769279ed,551,22,550,0,0
2026-07-13T22:13:23Z,e666ce0e5535709e79e0d87121813277db630308,551,22,550,0,1815
2026-07-14T00:10:32Z,68c27d3d922b005ac798ac238f6d52a433170d5e,551,22,550,0,0
2026-07-14T03:36:21Z,d632d2cb99177539a45db2cb0b6f1a5cc7d2bdfe,551,22,550,0,7
2026-07-14T06:26:06Z,bb36d70515c47572e6e79d914954ce74f313539b,551,22,550,0,6
2026-07-14T09:17:44Z,787bcbd8057a20971e155527e75de4827fab92bf,551,22,550,0,5
2026-07-14T11:44:54Z,41f7cd5f48291066fa1e245afc9ef6ab3f154618,551,22,550,0,42
2026-07-14T14:14:32Z,4c4186db832fc3fb5b352e12d8a2df653f108c2b,551,22,550,0,2
2026-07-15T00:06:56Z,ca3187a935bf93e8619a37dfd06470c50579c7e5,551,22,550,0,0
2026-07-15T06:28:34Z,8a8beb80c7eb27f1092cb253c57b90f1adc45a81,551,22,550,0,0
2026-07-15T09:21:54Z,4220772bb4de0999b819bb39db703567cf0b55b0,551,22,550,0,0
2026-07-16T00:12:10Z,cea4384b49780161ea39a5e47c3d8a8b7a20ac9d,551,22,550,0,0
2026-07-16T09:29:05Z,3ec0b3d9fb943e7807565c824033da3140324d93,551,22,550,0,0
2026-07-16T14:24:32Z,a9d12bd436a35c568917cc13862f17d1bc088d72,551,22,550,0,0
2026-07-16T23:11:36Z,9403b6dc5f0b988e502343daa915eaaa239663bb,551,22,550,0,102
2026-07-17T00:13:52Z,15666866f5211f8ecc920f01b8388bf8d6ba1832,551,22,550,0,0
2026-07-17T09:21:31Z,6b9361eff5fc851ed5a0b59b8b2f60f040bab3ad,551,22,550,0,2
2026-07-17T14:04:09Z,9560212341fdc6381653b51451f63f1294b33ec1,551,22,550,0,136
2026-07-18T00:10:33Z,f0d1231fc07e9cd1cc5688a527f1d2862119698d,551,22,550,0,0
2026-07-19T00:11:46Z,3cec2d46621e0b9274b6a0e6ceddb14562ba68bc,551,22,550,0,0
2026-07-19T22:09:53Z,12f24a78e42caaa92e739dec0cb7c8199afe8a4f,551,22,550,0,102
2026-07-20T00:14:19Z,8006e6fbc434878dbad7c23b1a5bed5337ffd0fe,551,22,550,0,0
2026-07-20T22:13:26Z,83db0e7662e679906cd38e242c9382c4710599f6,551,22,550,0,1777
2026-07-21T03:47:25Z,14805d8d6a157ad6afe5696c8740ece6775e1c0d,551,22,550,0,7
2026-07-21T06:42:06Z,ebf8f3848c5ccbc29eaf9ada2b4a0022d2f8a822,551,22,550,0,15
2026-07-21T09:40:37Z,ab804f258ef9e66ac9f48ff623690113ed700424,551,22,550,0,99
2026-07-21T12:01:08Z,ea05cb998ed89e4d551b3cf61f8b48da893be788,551,22,550,0,38
2026-07-21T14:24:01Z,666678d51f7ffdf9b6af8cae9b2109195efd04f5,551,22,550,0,136
2026-07-21T18:41:01Z,9aabb906af17256fc43cfbdcdf8b98cbf23b6880,551,22,550,0,2
2026-07-22T00:10:43Z,8204a76a70717945e240cf85147d461cff0449c9,551,22,550,0,0
2026-07-22T09:39:05Z,e2e03ea08500418bda3f29964e8bc2e8b91e7dbf,551,22,550,0,60
2026-07-22T12:03:50Z,1facaa53c23598f746d0c10f98d0e1125eb992af,551,22,550,0,76
2026-07-22T14:23:31Z,efc1e46a15a220d315bf8042f0a1539f84378184,551,22,550,0,136
2026-07-23T00:13:36Z,efaf0bbab53807b3ad4c8dc6a8794b5c31dad50c,551,22,550,0,0
2026-07-23T09:37:31Z,60fa590b69687f186ecb02b3d35283b2b36b5de7,551,22,550,0,76
2026-07-23T12:03:02Z,1c9e4d767ad02706efe387107d9ff168ed5ea585,551,22,550,0,60
2026-07-23T14:33:35Z,123fec5fcb0f19a500c0e81813df48ede17c1ec4,551,22,550,0,136
2026-07-23T22:15:29Z,3b352b763e40bd115da6cea4dc957cb456e109fe,551,22,550,0,167
2026-07-24T00:11:47Z,bfd931db5050f89f09e8f98113ff68d216da384d,551,22,550,0,0
2026-07-24T14:14:22Z,05d6503f5d804b9eb9a8d3b5d6221b055533d488,551,22,550,0,138
2026-07-24T17:52:40Z,c08daa754e5644624bb4305686e3c8a407490e9a,551,22,550,0,0
2026-07-25T03:39:50Z,163076467727da13187bde23d3b8b158be77f690,551,22,550,0,0
2026-07-26T00:16:36Z,aa6a109b9252d17cdafad1d04229dd3b84d9d404,551,22,550,0,0
2026-07-26T22:14:54Z,090473d9c6d9367c627d5ae3e3b77bd45d373377,551,22,550,0,32
2026-07-27T04:03:30Z,4e95d1933e9a31c405257d5883d99ee4e908031b,551,22,550,0,0
2026-07-27T15:14:53Z,bea2c8dff75a7eac613219012f829d3e1573566c,551,22,550,0,0
2026-07-27T20:43:52Z,fb54b3b200bb56833a5090d3d47f0a9d64b9ad5a,551,22,550,0,136
2026-07-27T22:18:50Z,47c2c1ef1871460841634824f6cce752569a4d75,551,22,550,0,1782
2026-07-28T00:11:42Z,4695655628c3dd647537284e275773b660516eb2,551,22,550,0,0
2026-07-28T03:39:49Z,4ee825a44a0e94c6dfebaf2cb46c509d7b0844bc,551,22,550,0,5
2026-07-28T06:41:24Z,1977664cd9671086690e8eb81a343288134abe6b,551,22,550,0,14
2026-07-28T09:48:35Z,aff854c33b0019e273fcf7c2343cdc5a45a5ede9,551,22,550,0,99
2026-07-28T12:14:36Z,6fb7cb75d438ad0f0f48c292e2a33ea1be7e0eb0,551,22,550,0,38
2026-07-28T14:43:28Z,1e8cc42498e54c416c995e722ff840ffa5217136,551,22,550,0,136
2026-07-29T00:10:04Z,3a264f119db31a1b11906df8490282f2dd92eba0,551,22,550,0,0
2026-07-29T09:57:32Z,b1bd00b9e846a6bd1939a88f24a804f534902423,551,22,550,0,60
2026-07-29T12:21:21Z,f9ca1c8738479960a1fc0fcae482f3f2d4e02915,551,22,550,0,105
2026-07-29T15:19:39Z,06c983dc486550566250d02177725a3f257e7c2f,551,22,550,0,140
2026-07-30T03:30:58Z,d53d0b8675e55c82814aa99eb81057be284a5615,551,22,550,0,0
2026-07-30T09:43:12Z,cdcd59b1e15df149ac171555923fa7a54eb63628,551,22,550,0,78
2026-07-30T12:04:15Z,070d886bc6014547bb1dbe1d05707d9b21fe7b14,551,22,550,0,60
2026-07-30T14:33:13Z,1826280dcde3ab8d41099656f9f08765659841b1,551,22,550,0,136
2026-07-30T22:28:05Z,2b3c534940a4be75e2431a0717c88e283fed6c67,551,22,550,0,167
2026-07-31T00:15:43Z,9ebc0289af30051d693cb3eec966e7d360d6726a,551,22,550,0,0
2026-07-31T13:06:25Z,7df9537ea121a150671a2f64315f0f8b2f2515fd,551,22,550,0,136
2026-08-01T03:52:00Z,497e53574d24ff9a8eaa8e007265388e7b3dce88,551,22,550,0,0
2026-08-02T00:14:55Z,18f71988858a801c5ca39a5ab316534457fa83a6,551,22,550,0,0
2026-08-02T15:28:39Z,7a5968a93d733aa8987bc7a81dd77f85893fe91f,551,22,550,0,3
2026-08-02T17:16:44Z,d4b682c4df6c5de42e51a8834ca84c400b29e1ec,551,22,550,0,0
2026-08-02T22:11:39Z,a63c4712880d72a110c40e437250ce025cf4f627,551,22,550,0,32
2026-08-03T00:16:00Z,5c853a4f34ecc1a340997ec1a3cb7361fb855e12,551,22,550,0,0
2026-08-03T08:42:58Z,d78acd4103f6076d4dcf73e0c670d796ca1b862d,551,22,550,0,2
2026-08-03T19:59:10Z,1a5e10d05119719ed386e8e69e8a82d54e992a69,551,22,550,0,136
2026-08-03T23:27:26Z,5f492c66d5ee32692ba1b5aab5ed08fd1d2659fe,551,22,550,0,1738
2026-08-04T03:39:27Z,8f32c5ce806e67a28a75a51addba75281521a890,551,22,550,0,7
2026-08-04T06:41:38Z,2bc470ebf3d6de2bd5796f1f976803444549130c,551,22,550,0,14
2026-08-04T09:58:31Z,f16592e11acb9196569f93acdcb66ad4605ce4b5,551,22,550,0,101
2026-08-04T12:19:32Z,b065cb4dc9adfb4109d6a18039585afad4ea2687,551,22,550,0,42
2026-08-04T15:36:19Z,e8ec601fa287e44d7c44e8c52216713823a4f682,551,22,550,0,136
2026-08-05T03:34:12Z,f2947d7c7f30cce990e226e9fef4aebb65df3436,551,22,550,0,0
2026-08-05T09:56:50Z,d0260de03f86c8cc7afa5de5580c5a507845b15c,551,22,550,0,89
2026-08-05T12:17:41Z,a89646b86d2058b0cca57ac0df0d62d0a164a7f1,551,22,550,0,76
2026-08-05T15:28:24Z,516baf6f4a036986a56a720e77eae50b9400f9b3,551,22,550,0,136
2026-08-06T03:40:39Z,4ee308f217b1ccd877ca776581ac7abea6ef21bc,551,22,550,0,0
2026-08-06T09:59:48Z,337d2c01be481147f49d0bc85d728a323fd2fa6e,551,22,550,0,80
2026-08-06T12:19:54Z,a1db9b39b67106fed367ee1ea8050833789d6767,551,22,550,0,60
2026-08-06T15:28:51Z,c0bc90ea77c473366e429fef80adf6b801421910,551,22,550,0,136
2026-08-07T00:16:28Z,b3b8f05250484fe7cdd06c5dd65c3ebe83f93772,551,22,550,0,333
2026-08-07T09:16:03Z,54c1adfb790794d4e4bf8b8764be016dd5b7dd1c,551,22,550,0,2
2026-08-07T11:08:06Z,ffd6848ce6bd2dae8b5b69f38b905d1289e28bc1,551,22,550,0,2
2026-08-08T02:22:20Z,ede41805e5ce74c15e3e65793840300acb822021,551,22,550,0,0
2026-08-09T02:29:53Z,9e38f4dacc18873178f81b53614a7e27ebff901d,551,22,550,0,0
2026-08-09T15:47:38Z,c362cf388d63af2024b9c771d5e39ee6d0e71881,551,22,550,0,3
2026-08-09T16:55:38Z,4f2025d8016a69c6b2843de249fb3ed5ddef254a,551,22,550,0,0
2026-08-09T22:51:02Z,60402fac8f2f9698480180637e12db05904c58fa,551,22,550,0,32
2026-08-10T02:35:22Z,81cced7a9b3a1515af3463afb9b6437ae0ce93b4,551,22,550,0,0
2026-08-10T21:02:53Z,5f9c7019179d1c7b4ef212767eb8950755e24954,551,22,550,0,136
2026-08-10T22:57:20Z,ecf2dcbf062513c15bbe120129708b0799f8904f,551,22,550,0,1884
2026-08-11T02:28:38Z,d10311e0a4a2505e7d9c7ed728557d919f20f07d,551,22,550,0,3
2026-08-11T04:40:48Z,9eb0fab09d0cf25c9d381fc131dc30578e1d6642,551,22,550,0,13
2026-08-11T06:05:25Z,c6869cdf0da8390c4ee168e6ad70d823a70b96a2,551,22,550,0,4
2026-08-11T09:14:31Z,eff305ed0a0aac8b7e30c37fd903633b94f2319c,551,22,550,0,98
2026-08-11T10:14:07Z,52f1b6d11996bc4f576665d648699b2572424554,551,22,550,0,39
2026-08-11T11:07:53Z,9cdd60a022e3198c5b75d1ea6ddd72535d9da42b,551,22,550,0,2
2026-08-11T11:58:33Z,1e7e6db80f3afb7c1139826801f246a011c9aa0b,551,22,550,0,3
2026-08-11T13:43:51Z,22411dcb238660f053c25ccb955f7ea8b31df9ce,551,22,550,0,136
2026-08-12T00:00:32Z,1488aacfcf625ff01115728958e8691aecc18986,551,22,550,0,0
2026-08-12T10:26:52Z,cef1d28f067816b1b4deaa56e284e1ff132cf47d,551,22,550,0,136
2026-08-12T13:48:55Z,d6a02735e0345fa520f311ee94dfc5f834c11bfa,551,22,550,0,136
2026-08-13T02:48:22Z,9107bd0944071b5dfb439a6be9dd25093d5e3270,551,22,550,0,0
2026-08-13T10:28:50Z,d485b3aba8447e0643d3f3945aed0d586ccd68ea,551,22,550,0,136
2026-08-13T13:49:40Z,305beece9121b7586ba722958157bfd110c4f750,551,22,550,0,136
2026-08-13T22:04:06Z,3049f0bca620bee371f33caf9f1321c1f994686e,551,22,550,0,238
2026-08-14T02:47:05Z,17511628c53a1d280d1c7961b36ed868ec2d36ec,551,22,550,0,0
2026-08-14T13:44:45Z,20ba520006e4a0f527e2f72c8a51dec8710eea81,551,22,550,0,0
2026-08-14T16:06:46Z,79cd49c5ac0f09842845c03c1b40d48912e0e5ed,551,22,550,0,0
2026-08-15T01:50:38Z,2bde5e96b5c19c43bb690c86452319e4ad271246,551,22,550,0,0
2026-08-16T01:57:52Z,5cc0747138b296010e30eed1c1a77bd0caedc97f,551,22,550,0,0
2026-08-16T22:37:47Z,687b02673211e648eaa314ba72b9e432114e5c9f,551,22,550,0,32
2026-08-17T01:55:42Z,f958efb92676fa5c25e77e4a9eca4f680d674c5b,551,22,550,0,0
2026-08-17T15:42:05Z,77c1b8695282373ad542d66e89cc995bba8382d3,551,22,550,0,2
2026-08-17T16:46:55Z,1ae3bacad80c2cc51c91ebf8d876b87fe0ac11d4,551,22,550,0,0
2026-08-17T19:43:13Z,828cc624337491fac1ee75a712b1f4764f059ea7,551,22,550,0,136
2026-08-17T22:42:30Z,6f5c1fa8695c8b39fac3eb9072a3f85f3c6598f5,551,22,550,0,1817
2026-08-18T01:51:40Z,3fa2884ee37872289b26a221ab07316ee8677916,551,22,550,0,3
2026-08-18T03:09:12Z,502ba148aeb86301561359553c308607534d8bb9,551,22,550,0,4
2026-08-18T05:46:12Z,7c3b8142646abee125a9b22e7f3a68f8afad4182,551,22,550,0,4
2026-08-18T07:05:24Z,cc9bcb99ee504fe6c773b3435ed16fb19dbd58a7,551,22,550,0,3
2026-08-18T07:55:02Z,bf60fce7a6a59be19085f6ff21e689e005c430c1,551,22,550,0,3
2026-08-18T09:49:37Z,62ade8537e1c3ea2f78e2d3e7a8a995dcc51e46f,551,22,550,0,101
2026-08-18T10:47:40Z,96c19714c1190b6e8e1de0f94e68776f11e0bf1d,551,22,550,0,38
2026-08-18T13:09:29Z,e21d1210aa8c6d506e6d83e6b97207803473f728,551,22,550,0,101
2026-08-18T13:57:48Z,f2f530927bd37b6e62d769a75bd112a58c092003,551,22,550,0,38
2026-08-18T22:42:32Z,0aa919513ec6030941b88acce22d4dd30d874fd1,551,22,550,0,108
2026-08-19T01:53:56Z,b0cdfc067e50e379c1912f8ff47dfb275b634cb7,551,22,550,0,0
2026-08-19T09:49:56Z,217abb9c76e0fb531705f9c30b317c4b27dd9754,551,22,550,0,60
2026-08-19T10:47:10Z,8051a294cea5b796d73fd28255f8c2847838828f,551,22,550,0,76
2026-08-19T13:10:18Z,36a3daecfcad7b181aec57e8e6c0b361ff42df4f,551,22,550,0,60
2026-08-19T13:58:37Z,62d2afa4c4139cded51c93ffcf9155044e45a84b,551,22,550,0,76
2026-08-19T16:47:42Z,c74df6879c7c25b06a09d175241f1ed52b3207a0,551,22,550,0,0
2026-08-20T01:52:40Z,56e29cf3436c43fee4f86eed99f75ef2cdf1ffd4,551,22,550,0,0
2026-08-20T07:57:25Z,6422b5939b0780cdb74d017a32d1fe3eb8438dad,551,22,550,0,3
2026-08-20T08:57:12Z,4a4059dbb72ec8fd795f7ffce24932535aeaef0f,551,22,550,0,0
2026-08-20T09:50:33Z,955aedeb6e07a2e31e2c06a060d73975611d6710,551,22,550,0,76
2026-08-20T10:48:37Z,613a13dbb98877467711a777abc3359fc8f8d7a0,551,22,550,0,61
2026-08-20T13:11:50Z,30fb940cbb749cdacf01d6419bbd23e4410b4d39,551,22,550,0,76
2026-08-20T14:01:04Z,f194dd4913addf6af1b9dcb2f30fa0c74fd6b89a,551,22,550,0,60
2026-08-20T16:51:55Z,feb4f915ad29ec06c0d884759e4fe024eb4ea16b,551,22,550,0,0
2026-08-20T22:46:13Z,d13f6e661012ee72b29bec7c450a4510e14345aa,551,22,550,0,239
2026-08-21T01:58:29Z,3063ad56f1fbfc35340f63957ba87f0872d9db2e,551,22,550,0,0
2026-08-22T01:51:22Z,c4b42bf2b953b2d61ac61cf6627869a5bced3d17,551,22,550,0,0
2026-08-23T02:00:14Z,087847542c034e1b25421eceb3e7afd133540ff6,551,22,550,0,0
2026-08-23T22:39:30Z,0e80b5dbb9175d253c6cad3d3398e8e188748761,551,22,550,0,32
2026-08-24T01:58:33Z,f8e317e347a74463d4533027f529f6fc143b8d8d,551,22,550,0,0
2026-08-24T07:29:36Z,f39a84f28829f451d2c8e32c7ffa58ec09e2e85a,551,22,550,0,1
2026-08-24T19:45:49Z,04d018e8c6d5dd44eb793cad61482396d31d39f5,551,22,550,0,136
2026-08-24T22:45:54Z,daf356bcd7eed292bc7e635c1c17e827be9e773a,551,22,550,0,1756
2026-08-25T01:53:20Z,11fbdd5799d8e142796c70aba1f9ef36f320007b,551,22,550,0,3
2026-08-25T03:13:16Z,e09ff0d86d74149b8b6cb266042bf04aab88cae4,551,22,550,0,4
2026-08-25T04:03:32Z,928354fbe37b04e72d6d1fd237ce4ced3872ee67,551,22,550,0,4
2026-08-25T05:48:41Z,4ee41be9c6efdd927ce74ab200ddb4b089cbdccc,551,22,550,0,2
2026-08-25T07:09:31Z,ffd320631af81f974b04d49010926911a0ad27e2,551,22,550,0,11
2026-08-25T09:01:03Z,5972986ea1fb019c10505de39e9468247a8fb8bf,551,22,550,0,138
2026-08-25T09:52:16Z,a18d4197cf6ed0c9bf76cbabef9a342b315789a1,551,22,550,0,1
2026-08-25T10:50:41Z,b03bc2659c093aabb77936ee261d97be924779f0,551,22,550,0,38
2026-08-25T13:12:28Z,05737c0dcc17f57303045e947b657120ad3abe16,551,22,550,0,98
2026-08-25T14:07:20Z,f3c1ae211d56918af8c08ac678a5e0583e6898f5,551,22,550,0,38
2026-08-26T01:59:09Z,967e6ff997380f319f86e9b7e4e21f7af0cab310,551,22,550,0,0
2026-08-26T09:03:27Z,e53d277193f81c6add8b46ef063805dc6eac77cb,551,22,550,0,60
2026-08-26T10:52:16Z,5d83e7eb289b2ef6c321646bec65e57d9dca7f1b,551,22,550,0,76
2026-08-26T13:17:27Z,9cabb860c8c85ef027572fb6c3a73ca65b734c72,551,22,550,0,63
2026-08-26T15:54:03Z,4b46ba70ca9bf557c1fa2afb48d93cd2289f1135,551,22,550,0,76
2026-08-26T17:00:32Z,b770249c47292d67c61dc2d96a7887efea9aa0c3,551,22,550,0,0
2026-08-27T03:58:28Z,11680102e8e1f47cccb0d7ccffdfee26e13d4d1e,551,22,550,0,0
2026-08-27T04:30:19Z,2f79c40f7d449006f6a052bfc0a1632f71eba750,551,23,551,0,1
2026-08-27T09:53:03Z,6f092fc9b091ff3d86255eca3f8cb746083d9604,551,23,551,0,81
2026-08-27T16:54:51Z,041ad32cd86def33f2bb26b0fdda6c4852ceb5c6,551,23,551,0,76
2026-08-28T05:26:10Z,615f29af4a8cfdd1584f4c9860d4ccab8ce54d6f,551,23,551,0,238
2026-08-28T16:34:13Z,be555fc98c519b5761956f7f18b8fcea88e430aa,551,23,551,0,5
2026-08-29T02:13:43Z,41f4c0d50495d1442572414fd86023e66515e5c0,551,23,551,0,0
2026-08-30T00:22:27Z,d86331bde5f72ddff701abb360aa1d4e7a4a8a8b,551,23,551,0,0
2026-08-30T23:31:54Z,27b8113592766a39a4d97e0df87070ae9be5a597,551,23,551,0,32
2026-08-31T05:39:57Z,84817d4d2ba3d642dd17ea3e33b3af64df91c7a4,551,23,551,0,0
2026-08-31T13:56:24Z,8200de70f3ed8dcba52d1b21cf652941cd8e0d45,551,23,551,0,0
2026-08-31T20:07:47Z,66e56eac3d3b1bfa2a6216bdebd3f26b444e5041,551,23,551,0,136
2026-08-31T23:52:42Z,ba70183791a21db4ddb4b67538b15f9473f723fc,551,23,551,0,1636
2026-09-01T05:14:02Z,67596820a10519e4133d957628e93b50352c601a,551,23,551,0,11
2026-09-01T10:12:12Z,d7ddea06d1c8beead5795ff0080b55066f2a98f4,551,23,551,0,304
2026-09-01T14:56:41Z,2a6af9ac0beae352ee291fe3698ec87b15e03517,551,23,551,0,139
2026-09-02T00:17:02Z,1c952ebd914be8360ab019e62660dee951cbba19,551,23,551,0,0
2026-09-02T05:51:41Z,3b28a8366a4b6be6a021c52b171b2e6b64f45e64,551,23,551,0,2
