{
  "type": "FeatureCollection",
  "features": [
    {
      "type": "Feature",
      "id": 769,
      "geometry": {
        "type": "Point",
        "coordinates": [
          13.62228,
          45.81302
        ]
      },
      "properties": {
        "pk": 769,
        "franchise": 2,
        "franchise_name": "MOL & INA d.o.o.",
        "name": "BS MOL BRESTOVICA",
        "address": "Brestovica 116b",
        "zip_code": "6223",
        "open_hours": "Januar / Februar / Marec / Oktober / November / December\n07:00-19:00\n\nApril / Maj / Junij / Julij / Avgust / September\n07:00-20:00\n",
        "direction": "",
        "price_95": 1.623,
        "price_dizel": 1.811,
        "price_98": null,
        "price_100": null,
        "price_dizel-premium": null,
        "price_avtoplin-lpg": null,
        "price_KOEL": null,
        "price_hvo": null,
        "price_cng": null,
        "price_lng": null
      }
    },
    {
      "type": "Feature",
      "id": 771,
      "geometry": {
        "type": "Point",
        "coordinates": [
          15.595365,
          45.913737
        ]
      },
      "properties": {
        "pk": 771,
        "franchise": 2,
        "franchise_name": "MOL & INA d.o.o.",
        "name": "BS MOL BREŽICE",
        "address": "C.Svobode 35",
        "zip_code": "8250",
        "open_hours": "06:00-22:00\n",
        "direction": "",
        "price_95": 1.623,
        "price_dizel": 1.811,
        "price_98": null,
        "price_100": 1.979,
        "price_dizel-premium": 2.172,
        "price_avtoplin-lpg": null,
        "price_KOEL": 1.412,
        "price_hvo": null,
        "price_cng": null,
        "price_lng": null
      }
    },
    {
      "type": "Feature",
      "id": 773,
      "geometry": {
        "type": "Point",
        "coordinates": [
          15.27456,
          46.23923
        ]
      },
      "properties": {
        "pk": 773,
        "franchise": 2,
        "franchise_name": "MOL & INA d.o.o.",
        "name": "BS MOL CELJE MARIBORSKA JUG",
        "address": "Mariborska c. 84",
        "zip_code": "3000",
        "open_hours": "Ponedeljek, Torek, Sreda, Četrtek, Petek\n05:00-22:00\n\nSobota, Nedelja, Praznik\n06:00-22:00\n",
        "direction": "",
        "price_95": 1.623,
        "price_dizel": 1.811,
        "price_98": null,
        "price_100": 1.979,
        "price_dizel-premium": null,
        "price_avtoplin-lpg": null,
        "price_KOEL": 1.412,
        "price_hvo": null,
        "price_cng": null,
        "price_lng": null
      }
    },
    {
      "type": "Feature",
      "id": 774,
      "geometry": {
        "type": "Point",
        "coordinates": [
          15.235194,
          46.238118
        ]
      },
      "properties": {
        "pk": 774,
        "franchise": 2,
        "franchise_name": "MOL & INA d.o.o.",
        "name": "BS MOL CELJE LJUBLJANSKA",
        "address": "Ljubljanska cesta 110",
        "zip_code": "3000",
        "open_hours": "Ponedeljek, Torek, Sreda, Četrtek, Petek\n06:00-22:00\n\nSobota, Nedelja, Praznik\n07:00-21:00\n",
        "direction": "",
        "price_95": 1.623,
        "price_dizel": 1.811,
        "price_98": null,
        "price_100": 1.979,
        "price_dizel-premium": null,
        "price_avtoplin-lpg": null,
        "price_KOEL": null,
        "price_hvo": null,
        "price_cng": null,
        "price_lng": null
      }
    },
    {
      "type": "Feature",
      "id": 775,
      "geometry": {
        "type": "Point",
        "coordinates": [
          15.19583,
          45.57995
        ]
      },
      "properties": {
        "pk": 775,
        "franchise": 2,
        "franchise_name": "MOL & INA d.o.o.",
        "name": "BS MOL ČRNOMELJ",
        "address": "Belokranjska c. 18a",
        "zip_code": "8340",
        "open_hours": "Ponedeljek, Torek, Sreda, Četrtek, Petek, Sobota\n06:00-21:00\n\nNedelja, Praznik\n08:00-20:00\n",
        "direction": "",
        "price_95": 1.623,
        "price_dizel": 1.811,
        "price_98": null,
        "price_100": 1.979,
        "price_dizel-premium": 2.172,
        "price_avtoplin-lpg": null,
        "price_KOEL": null,
        "price_hvo": null,
        "price_cng": null,
        "price_lng": null
      }
    },
    {
      "type": "Feature",
      "id": 776,
      "geometry": {
        "type": "Point",
        "coordinates": [
          13.968687,
          45.681494
        ]
      },
      "properties": {
        "pk": 776,
        "franchise": 2,
        "franchise_name": "MOL & INA d.o.o.",
        "name": "BS MOL DIVAČA",
        "address": "Kolodvorska 1",
        "zip_code": "6215",
        "open_hours": "Ponedeljek, Torek, Sreda, Četrtek, Petek, Sobota\n06:00-20:00\n\nNedelja, Praznik\n09:00-18:00\n",
        "direction": "",
        "price_95": 1.623,
        "price_dizel": 1.811,
        "price_98": null,
        "price_100": 1.979,
        "price_dizel-premium": null,
        "price_avtoplin-lpg": null,
        "price_KOEL": 1.412,
        "price_hvo": null,
        "price_cng": null,
        "price_lng": null
      }
    },
    {
      "type": "Feature",
      "id": 777,
      "geometry": {
        "type": "Point",
        "coordinates": [
          15.663342,
          46.605931
        ]
      },
      "properties": {
        "pk": 777,
        "franchise": 2,
        "franchise_name": "MOL & INA d.o.o.",
        "name": "BS MOL DOBRENJE VZHOD",
        "address": "Sp.Dobrenje 41a",
        "zip_code": "2211",
        "open_hours": "00:00-23:59\n",
        "direction": "Gradec",
        "price_95": 1.844,
        "price_dizel": 1.998,
        "price_98": null,
        "price_100": 2.169,
        "price_dizel-premium": 2.359,
        "price_avtoplin-lpg": null,
        "price_KOEL": null,
        "price_hvo": null,
        "price_cng": null,
        "price_lng": null
      }
    },
    {
      "type": "Feature",
      "id": 778,
      "geometry": {
        "type": "Point",
        "coordinates": [
          15.662384,
          46.609699
        ]
      },
      "properties": {
        "pk": 778,
        "franchise": 2,
        "franchise_name": "MOL & INA d.o.o.",
        "name": "BS MOL DOBRENJE ZAHOD",
        "address": "Sp.Dobrenje 41d",
        "zip_code": "2211",
        "open_hours": "00:00-23:59\n",
        "direction": "Maribor",
        "price_95": 1.844,
        "price_dizel": 1.998,
        "price_98": null,
        "price_100": 2.169,
        "price_dizel-premium": 2.359,
        "price_avtoplin-lpg": null,
        "price_KOEL": null,
        "price_hvo": null,
        "price_cng": null,
        "price_lng": null
      }
    },
    {
      "type": "Feature",
      "id": 779,
      "geometry": {
        "type": "Point",
        "coordinates": [
          14.650805,
          46.090168
        ]
      },
      "properties": {
        "pk": 779,
        "franchise": 2,
        "franchise_name": "MOL & INA d.o.o.",
        "name": "BS MOL DOL PRI LJUBLJANI",
        "address": "Podgora pri Dolskem 40",
        "zip_code": "1262",
        "open_hours": "Ponedeljek, Torek, Sreda, Četrtek, Petek\n06:00-21:00\n\nSobota\n07:00-20:00\n\nNedelja, Praznik\n08:00-20:00\n\nNedelja, Praznik\n08:00-20:00\n",
        "direction": "",
        "price_95": 1.623,
        "price_dizel": 1.811,
        "price_98": null,
        "price_100": 1.979,
        "price_dizel-premium": null,
        "price_avtoplin-lpg": null,
        "price_KOEL": 1.412,
        "price_hvo": null,
        "price_cng": null,
        "price_lng": null
      }
    },
    {
      "type": "Feature",
      "id": 780,
      "geometry": {
        "type": "Point",
        "coordinates": [
          15.01542,
          46.59033
        ]
      },
      "properties": {
        "pk": 780,
        "franchise": 2,
        "franchise_name": "MOL & INA d.o.o.",
        "name": "BS MOL DRAVOGRAD",
        "address": "Koroška c. 49",
        "zip_code": "2370",
        "open_hours": "Januar / Februar / Marec / April / Oktober / November / December\nPonedeljek, Torek, Sreda, Četrtek, Petek, Sobota\n05:30-20:00\n\nMaj / Junij / Julij / Avgust / September\nPonedeljek, Torek, Sreda, Četrtek, Petek, Sobota\n07:00-21:00\n\nNedelja, Praznik\n07:00-20:00\n",
        "direction": "",
        "price_95": 1.623,
        "price_dizel": 1.811,
        "price_98": null,
        "price_100": 1.979,
        "price_dizel-premium": null,
        "price_avtoplin-lpg": null,
        "price_KOEL": 1.412,
        "price_hvo": null,
        "price_cng": null,
        "price_lng": null
      }
    },
    {
      "type": "Feature",
      "id": 781,
      "geometry": {
        "type": "Point",
        "coordinates": [
          15.794118,
          46.428962
        ]
      },
      "properties": {
        "pk": 781,
        "franchise": 2,
        "franchise_name": "MOL & INA d.o.o.",
        "name": "BS MOL DRAVSKO POLJE JUG",
        "address": "Gerečja vas 1h",
        "zip_code": "2288",
        "open_hours": "00:00-23:59\n",
        "direction": "Zagreb",
        "price_95": 1.844,
        "price_dizel": 1.998,
        "price_98": null,
        "price_100": 2.169,
        "price_dizel-premium": 2.359,
        "price_avtoplin-lpg": 1.028,
        "price_KOEL": null,
        "price_hvo": null,
        "price_cng": null,
        "price_lng": null
      }
    },
    {
      "type": "Feature",
      "id": 782,
      "geometry": {
        "type": "Point",
        "coordinates": [
          15.796613,
          46.428104
        ]
      },
      "properties": {
        "pk": 782,
        "franchise": 2,
        "franchise_name": "MOL & INA d.o.o.",
        "name": "BS MOL DRAVSKO POLJE SEVER",
        "address": "Gerečja vas 1g",
        "zip_code": "2288",
        "open_hours": "00:00-23:59\n",
        "direction": "Maribor",
        "price_95": 1.844,
        "price_dizel": 1.998,
        "price_98": null,
        "price_100": 2.169,
        "price_dizel-premium": 2.359,
        "price_avtoplin-lpg": 1.028,
        "price_KOEL": null,
        "price_hvo": null,
        "price_cng": null,
        "price_lng": null
      }
    },
    {
      "type": "Feature",
      "id": 783,
      "geometry": {
        "type": "Point",
        "coordinates": [
          13.835896,
          45.755992
        ]
      },
      "properties": {
        "pk": 783,
        "franchise": 2,
        "franchise_name": "MOL & INA d.o.o.",
        "name": "BS MOL DUTOVLJE",
        "address": "Dutovlje 3b",
        "zip_code": "6221",
        "open_hours": "Januar / Februar / Marec / Oktober / November / December\nPonedeljek, Torek, Sreda, Četrtek, Petek, Sobota\n07:00-20:00\n\nJanuar / Februar / Marec / Oktober / November / December\nNedelja, Praznik\n08:00-20:00\n\nApril / Maj / Junij / Julij / Avgust / September\nPonedeljek, Torek, Sreda, Četrtek, Petek, Sobota\n07:00-21:00\n\nApril / Maj / Junij / Julij / Avgust / September\nNedelja, Praznik\n08:00-20:00\n",
        "direction": "",
        "price_95": 1.623,
        "price_dizel": 1.811,
        "price_98": null,
        "price_100": 1.979,
        "price_dizel-premium": null,
        "price_avtoplin-lpg": null,
        "price_KOEL": 1.412,
        "price_hvo": null,
        "price_cng": null,
        "price_lng": null
      }
    },
    {
      "type": "Feature",
      "id": 784,
      "geometry": {
        "type": "Point",
        "coordinates": [
          13.8514001,
          45.70387478
        ]
      },
      "properties": {
        "pk": 784,
        "franchise": 2,
        "franchise_name": "MOL & INA d.o.o.",
        "name": "BS MOL TRUCK SEŽANA",
        "address": "Partizanska 77",
        "zip_code": "6210",
        "open_hours": "00:00-23:59\n",
        "direction": "",
        "price_95": null,
        "price_dizel": 1.811,
        "price_98": null,
        "price_100": null,
        "price_dizel-premium": null,
        "price_avtoplin-lpg": null,
        "price_KOEL": null,
        "price_hvo": null,
        "price_cng": null,
        "price_lng": null
      }
    },
    {
      "type": "Feature",
      "id": 785,
      "geometry": {
        "type": "Point",
        "coordinates": [
          16.44478697,
          46.54818511
        ]
      },
      "properties": {
        "pk": 785,
        "franchise": 2,
        "franchise_name": "MOL & INA d.o.o.",
        "name": "BS MOL TRUCK LENDAVA",
        "address": "Trimlini 65b",
        "zip_code": "9220",
        "open_hours": "00:00-23:59\n",
        "direction": "",
        "price_95": null,
        "price_dizel": 1.811,
        "price_98": null,
        "price_100": null,
        "price_dizel-premium": null,
        "price_avtoplin-lpg": null,
        "price_KOEL": null,
        "price_hvo": null,
        "price_cng": null,
        "price_lng": null
      }
    },
    {
      "type": "Feature",
      "id": 786,
      "geometry": {
        "type": "Point",
        "coordinates": [
          15.65123783,
          46.52543955
        ]
      },
      "properties": {
        "pk": 786,
        "franchise": 2,
        "franchise_name": "MOL & INA d.o.o.",
        "name": "BS MOL TRUCK MARIBOR",
        "address": "Tržaška c. 53a",
        "zip_code": "2000",
        "open_hours": "00:00-23:59\n",
        "direction": "",
        "price_95": null,
        "price_dizel": 1.811,
        "price_98": null,
        "price_100": null,
        "price_dizel-premium": null,
        "price_avtoplin-lpg": null,
        "price_KOEL": null,
        "price_hvo": null,
        "price_cng": null,
        "price_lng": null
      }
    },
    {
      "type": "Feature",
      "id": 788,
      "geometry": {
        "type": "Point",
        "coordinates": [
          13.63360622,
          45.92082361
        ]
      },
      "properties": {
        "pk": 788,
        "franchise": 2,
        "franchise_name": "MOL & INA d.o.o.",
        "name": "BS MOL TRUCK VRTOJBA",
        "address": "Polje 10",
        "zip_code": "5290",
        "open_hours": "00:00-23:59\n",
        "direction": "",
        "price_95": null,
        "price_dizel": 1.811,
        "price_98": null,
        "price_100": null,
        "price_dizel-premium": null,
        "price_avtoplin-lpg": null,
        "price_KOEL": null,
        "price_hvo": null,
        "price_cng": null,
        "price_lng": null
      }
    },
    {
      "type": "Feature",
      "id": 789,
      "geometry": {
        "type": "Point",
        "coordinates": [
          13.841505,
          45.701768
        ]
      },
      "properties": {
        "pk": 789,
        "franchise": 2,
        "franchise_name": "MOL & INA d.o.o.",
        "name": "BS MOL FERNETIČI",
        "address": "Partizanska c. 151",
        "zip_code": "6210",
        "open_hours": "07:00-22:00\n",
        "direction": "Sežana",
        "price_95": 1.623,
        "price_dizel": 1.811,
        "price_98": null,
        "price_100": 1.979,
        "price_dizel-premium": 2.172,
        "price_avtoplin-lpg": 0.968,
        "price_KOEL": null,
        "price_hvo": null,
        "price_cng": null,
        "price_lng": null
      }
    },
    {
      "type": "Feature",
      "id": 790,
      "geometry": {
        "type": "Point",
        "coordinates": [
          13.846496,
          45.704437
        ]
      },
      "properties": {
        "pk": 790,
        "franchise": 2,
        "franchise_name": "MOL & INA d.o.o.",
        "name": "BS MOL FERNETIČI JUG",
        "address": "Partizanska c. 98",
        "zip_code": "6210",
        "open_hours": "00:00-23:59\n",
        "direction": "Ljubljana",
        "price_95": 1.844,
        "price_dizel": 1.998,
        "price_98": null,
        "price_100": 2.169,
        "price_dizel-premium": 2.359,
        "price_avtoplin-lpg": null,
        "price_KOEL": null,
        "price_hvo": null,
        "price_cng": null,
        "price_lng": null
      }
    },
    {
      "type": "Feature",
      "id": 791,
      "geometry": {
        "type": "Point",
        "coordinates": [
          13.84554,
          45.70492
        ]
      },
      "properties": {
        "pk": 791,
        "franchise": 2,
        "franchise_name": "MOL & INA d.o.o.",
        "name": "BS MOL FERNETIČI SEVER",
        "address": "Partizanska c. 130",
        "zip_code": "6210",
        "open_hours": "00:00-23:59\n",
        "direction": "Benetke",
        "price_95": 1.844,
        "price_dizel": 1.998,
        "price_98": null,
        "price_100": 2.169,
        "price_dizel-premium": 2.359,
        "price_avtoplin-lpg": 1.028,
        "price_KOEL": null,
        "price_hvo": null,
        "price_cng": null,
        "price_lng": null
      }
    },
    {
      "type": "Feature",
      "id": 793,
      "geometry": {
        "type": "Point",
        "coordinates": [
          16.008947,
          46.584129
        ]
      },
      "properties": {
        "pk": 793,
        "franchise": 2,
        "franchise_name": "MOL & INA d.o.o.",
        "name": "BS MOL GRABONOŠ",
        "address": "Grabonoš 4c",
        "zip_code": "9244",
        "open_hours": "00:00-23:59\n",
        "direction": "Lenti",
        "price_95": 1.844,
        "price_dizel": 1.998,
        "price_98": null,
        "price_100": 2.169,
        "price_dizel-premium": 2.359,
        "price_avtoplin-lpg": 1.028,
        "price_KOEL": null,
        "price_hvo": null,
        "price_cng": null,
        "price_lng": null
      }
    },
    {
      "type": "Feature",
      "id": 794,
      "geometry": {
        "type": "Point",
        "coordinates": [
          13.873635,
          45.501301
        ]
      },
      "properties": {
        "pk": 794,
        "franchise": 2,
        "franchise_name": "MOL & INA d.o.o.",
        "name": "BS MOL GRAČIŠČE",
        "address": "Gračišče 4a",
        "zip_code": "6272",
        "open_hours": "Januar / Februar / Marec / Oktober / November / December\nPonedeljek, Torek, Sreda, Četrtek, Petek, Sobota\n06:00-20:00\n\nJanuar / Februar / Marec / Oktober / November / December\nNedelja, Praznik\n08:00-20:00\n\nApril / Maj / Junij / Julij / Avgust / September\nPonedeljek, Torek, Sreda, Četrtek, Petek, Sobota\n06:00-21:00\n\nApril / Maj / Junij / Julij / Avgust / September\nNedelja, Praznik\n07:00-21:00\n",
        "direction": "",
        "price_95": 1.623,
        "price_dizel": 1.811,
        "price_98": null,
        "price_100": null,
        "price_dizel-premium": null,
        "price_avtoplin-lpg": null,
        "price_KOEL": null,
        "price_hvo": null,
        "price_cng": null,
        "price_lng": null
      }
    },
    {
      "type": "Feature",
      "id": 796,
      "geometry": {
        "type": "Point",
        "coordinates": [
          14.625555555555556,
          45.9730555555556
        ]
      },
      "properties": {
        "pk": 796,
        "franchise": 2,
        "franchise_name": "MOL & INA d.o.o.",
        "name": "BS MOL GROSUPLJE CIKAVA",
        "address": "Ljubljanska cesta 129",
        "zip_code": "1290",
        "open_hours": "00:00-23:59\n",
        "direction": "Grosuplje",
        "price_95": 1.844,
        "price_dizel": 1.998,
        "price_98": null,
        "price_100": 2.169,
        "price_dizel-premium": 2.359,
        "price_avtoplin-lpg": 1.028,
        "price_KOEL": null,
        "price_hvo": null,
        "price_cng": null,
        "price_lng": null
      }
    },
    {
      "type": "Feature",
      "id": 797,
      "geometry": {
        "type": "Point",
        "coordinates": [
          14.244346,
          45.559604
        ]
      },
      "properties": {
        "pk": 797,
        "franchise": 2,
        "franchise_name": "MOL & INA d.o.o.",
        "name": "BS MOL ILIRSKA BISTRICA",
        "address": "Bazoviška 45",
        "zip_code": "6250",
        "open_hours": "",
        "direction": "",
        "price_95": 1.623,
        "price_dizel": 1.811,
        "price_98": null,
        "price_100": 1.979,
        "price_dizel-premium": 2.172,
        "price_avtoplin-lpg": null,
        "price_KOEL": 1.412,
        "price_hvo": null,
        "price_cng": null,
        "price_lng": null
      }
    },
    {
      "type": "Feature",
      "id": 798,
      "geometry": {
        "type": "Point",
        "coordinates": [
          13.66795,
          45.53687
        ]
      },
      "properties": {
        "pk": 798,
        "franchise": 2,
        "franchise_name": "MOL & INA d.o.o.",
        "name": "BS MOL IZOLA",
        "address": "Prešernova cesta 1a",
        "zip_code": "6310",
        "open_hours": "06:00-22:00\n",
        "direction": "",
        "price_95": 1.623,
        "price_dizel": 1.811,
        "price_98": null,
        "price_100": 1.979,
        "price_dizel-premium": 2.172,
        "price_avtoplin-lpg": null,
        "price_KOEL": null,
        "price_hvo": null,
        "price_cng": null,
        "price_lng": null
      }
    },
    {
      "type": "Feature",
      "id": 800,
      "geometry": {
        "type": "Point",
        "coordinates": [
          14.606844,
          46.208865
        ]
      },
      "properties": {
        "pk": 800,
        "franchise": 2,
        "franchise_name": "MOL & INA d.o.o.",
        "name": "BS MOL KAMNIK",
        "address": "Perovo 32",
        "zip_code": "1240",
        "open_hours": "05:00-22:00\n",
        "direction": "",
        "price_95": 1.623,
        "price_dizel": 1.811,
        "price_98": null,
        "price_100": 1.979,
        "price_dizel-premium": 2.172,
        "price_avtoplin-lpg": null,
        "price_KOEL": null,
        "price_hvo": null,
        "price_cng": null,
        "price_lng": null
      }
    },
    {
      "type": "Feature",
      "id": 802,
      "geometry": {
        "type": "Point",
        "coordinates": [
          13.745429,
          45.816868
        ]
      },
      "properties": {
        "pk": 802,
        "franchise": 2,
        "franchise_name": "MOL & INA d.o.o.",
        "name": "BS MOL KOMEN",
        "address": "Komen 119a",
        "zip_code": "6223",
        "open_hours": "Januar / Februar / Marec / Oktober / November / December\n07:00-19:00\n\nApril / Maj / Junij / Julij / Avgust / September\n07:00-20:00\n",
        "direction": "",
        "price_95": 1.623,
        "price_dizel": 1.811,
        "price_98": null,
        "price_100": 1.979,
        "price_dizel-premium": null,
        "price_avtoplin-lpg": null,
        "price_KOEL": null,
        "price_hvo": null,
        "price_cng": null,
        "price_lng": null
      }
    },
    {
      "type": "Feature",
      "id": 804,
      "geometry": {
        "type": "Point",
        "coordinates": [
          13.7263,
          45.5404
        ]
      },
      "properties": {
        "pk": 804,
        "franchise": 2,
        "franchise_name": "MOL & INA d.o.o.",
        "name": "BS MOL KOPER BONIFIKA",
        "address": "Istrska cesta 14",
        "zip_code": "6000",
        "open_hours": "00:00-23:59\n",
        "direction": "Portorož",
        "price_95": 1.623,
        "price_dizel": 1.811,
        "price_98": null,
        "price_100": 2.029,
        "price_dizel-premium": 2.222,
        "price_avtoplin-lpg": 0.968,
        "price_KOEL": null,
        "price_hvo": null,
        "price_cng": null,
        "price_lng": null
      }
    },
    {
      "type": "Feature",
      "id": 806,
      "geometry": {
        "type": "Point",
        "coordinates": [
          13.742681,
          45.545957
        ]
      },
      "properties": {
        "pk": 806,
        "franchise": 2,
        "franchise_name": "MOL & INA d.o.o.",
        "name": "BS MOL KOPER ANKARANSKA",
        "address": "Ankaranska c. 5d",
        "zip_code": "6000",
        "open_hours": "Ponedeljek, Torek, Sreda, Četrtek, Petek, Sobota\n06:00-22:00\n\nNedelja, Praznik\n09:00-21:00\n",
        "direction": "",
        "price_95": 1.623,
        "price_dizel": 1.811,
        "price_98": null,
        "price_100": 1.979,
        "price_dizel-premium": null,
        "price_avtoplin-lpg": null,
        "price_KOEL": null,
        "price_hvo": null,
        "price_cng": null,
        "price_lng": null
      }
    },
    {
      "type": "Feature",
      "id": 807,
      "geometry": {
        "type": "Point",
        "coordinates": [
          13.734777,
          45.530207
        ]
      },
      "properties": {
        "pk": 807,
        "franchise": 2,
        "franchise_name": "MOL & INA d.o.o.",
        "name": "BS MOL KOPER ŠMARSKA",
        "address": "Šmarska c. 4a",
        "zip_code": "6000",
        "open_hours": "06:00-22:00\n",
        "direction": "",
        "price_95": 1.623,
        "price_dizel": 1.811,
        "price_98": null,
        "price_100": 1.979,
        "price_dizel-premium": 2.172,
        "price_avtoplin-lpg": null,
        "price_KOEL": 1.412,
        "price_hvo": null,
        "price_cng": null,
        "price_lng": null
      }
    },
    {
      "type": "Feature",
      "id": 808,
      "geometry": {
        "type": "Point",
        "coordinates": [
          13.93501,
          45.60807
        ]
      },
      "properties": {
        "pk": 808,
        "franchise": 2,
        "franchise_name": "MOL & INA d.o.o.",
        "name": "BS MOL KOZINA",
        "address": "Mestni trg 7",
        "zip_code": "6240",
        "open_hours": "Ponedeljek, Torek, Sreda, Četrtek, Petek, Sobota\n06:00-22:00\n\nNedelja, Praznik\n07:00-22:00\n",
        "direction": "",
        "price_95": 1.623,
        "price_dizel": 1.811,
        "price_98": null,
        "price_100": 1.979,
        "price_dizel-premium": null,
        "price_avtoplin-lpg": null,
        "price_KOEL": null,
        "price_hvo": null,
        "price_cng": null,
        "price_lng": null
      }
    },
    {
      "type": "Feature",
      "id": 809,
      "geometry": {
        "type": "Point",
        "coordinates": [
          14.371453,
          46.24277
        ]
      },
      "properties": {
        "pk": 809,
        "franchise": 2,
        "franchise_name": "MOL & INA d.o.o.",
        "name": "BS MOL KRANJ PRIMSKOVO",
        "address": "Cesta Staneta Žagarja 53c",
        "zip_code": "4000",
        "open_hours": "Ponedeljek, Torek, Sreda, Četrtek, Petek, Sobota\n06:00-22:00\n\nNedelja, Praznik\n07:00-20:00\n",
        "direction": "",
        "price_95": 1.623,
        "price_dizel": 1.811,
        "price_98": null,
        "price_100": 1.979,
        "price_dizel-premium": null,
        "price_avtoplin-lpg": null,
        "price_KOEL": null,
        "price_hvo": null,
        "price_cng": null,
        "price_lng": null
      }
    },
    {
      "type": "Feature",
      "id": 810,
      "geometry": {
        "type": "Point",
        "coordinates": [
          15.48733,
          45.94429
        ]
      },
      "properties": {
        "pk": 810,
        "franchise": 2,
        "franchise_name": "MOL & INA d.o.o.",
        "name": "BS MOL KRŠKO",
        "address": "C.Krških žrtev 131a",
        "zip_code": "8270",
        "open_hours": "06:00-22:00\n",
        "direction": "",
        "price_95": 1.623,
        "price_dizel": 1.811,
        "price_98": null,
        "price_100": 1.979,
        "price_dizel-premium": 2.172,
        "price_avtoplin-lpg": null,
        "price_KOEL": 1.412,
        "price_hvo": null,
        "price_cng": null,
        "price_lng": null
      }
    },
    {
      "type": "Feature",
      "id": 811,
      "geometry": {
        "type": "Point",
        "coordinates": [
          13.910126,
          45.61885
        ]
      },
      "properties": {
        "pk": 811,
        "franchise": 2,
        "franchise_name": "MOL & INA d.o.o.",
        "name": "BS MOL KRVAVI POTOK",
        "address": "Krvavi potok 1",
        "zip_code": "6240",
        "open_hours": "Ponedeljek, Torek, Sreda, Četrtek, Petek, Sobota\n08:00-15:00\n",
        "direction": "Trst",
        "price_95": 1.623,
        "price_dizel": 1.811,
        "price_98": null,
        "price_100": null,
        "price_dizel-premium": null,
        "price_avtoplin-lpg": null,
        "price_KOEL": null,
        "price_hvo": null,
        "price_cng": null,
        "price_lng": null
      }
    },
    {
      "type": "Feature",
      "id": 812,
      "geometry": {
        "type": "Point",
        "coordinates": [
          13.72411,
          45.59283
        ]
      },
      "properties": {
        "pk": 812,
        "franchise": 2,
        "franchise_name": "MOL & INA d.o.o.",
        "name": "BS MOL LAZARET",
        "address": "Jadranska c. 1",
        "zip_code": "6280",
        "open_hours": "Januar / Februar / Marec / Oktober / November / December\n07:00-20:00\n\nApril / Maj\n07:00-21:00\n\nJunij / Julij / Avgust / September\n07:00-22:00\n",
        "direction": "Koper",
        "price_95": 1.623,
        "price_dizel": 1.811,
        "price_98": null,
        "price_100": 1.979,
        "price_dizel-premium": 2.172,
        "price_avtoplin-lpg": null,
        "price_KOEL": null,
        "price_hvo": null,
        "price_cng": null,
        "price_lng": null
      }
    },
    {
      "type": "Feature",
      "id": 813,
      "geometry": {
        "type": "Point",
        "coordinates": [
          14.16032,
          46.365369
        ]
      },
      "properties": {
        "pk": 813,
        "franchise": 2,
        "franchise_name": "MOL & INA d.o.o.",
        "name": "BS MOL LESCE",
        "address": "Hraška c. 17",
        "zip_code": "4248",
        "open_hours": "06:00-22:00\n",
        "direction": "",
        "price_95": 1.623,
        "price_dizel": 1.811,
        "price_98": null,
        "price_100": 1.979,
        "price_dizel-premium": null,
        "price_avtoplin-lpg": null,
        "price_KOEL": null,
        "price_hvo": null,
        "price_cng": null,
        "price_lng": null
      }
    },
    {
      "type": "Feature",
      "id": 814,
      "geometry": {
        "type": "Point",
        "coordinates": [
          16.214332,
          46.625125
        ]
      },
      "properties": {
        "pk": 814,
        "franchise": 2,
        "franchise_name": "MOL & INA d.o.o.",
        "name": "BS MOL LIPOVCI",
        "address": "Lipovci 243b",
        "zip_code": "9231",
        "open_hours": "Ponedeljek, Torek, Sreda, Četrtek, Petek\n05:00-22:00\n\nSobota\n06:00-22:00\n\nNedelja, Praznik\n07:00-21:00\n",
        "direction": "",
        "price_95": 1.623,
        "price_dizel": 1.811,
        "price_98": null,
        "price_100": 1.979,
        "price_dizel-premium": null,
        "price_avtoplin-lpg": null,
        "price_KOEL": 1.412,
        "price_hvo": null,
        "price_cng": null,
        "price_lng": null
      }
    },
    {
      "type": "Feature",
      "id": 815,
      "geometry": {
        "type": "Point",
        "coordinates": [
          14.832858,
          46.058713
        ]
      },
      "properties": {
        "pk": 815,
        "franchise": 2,
        "franchise_name": "MOL & INA d.o.o.",
        "name": "BS MOL LITIJA",
        "address": "Zasavska c. 1",
        "zip_code": "1270",
        "open_hours": "Ponedeljek, Torek, Sreda, Četrtek, Petek\n06:00-22:00\n\nSobota\n07:00-21:00\n\nNedelja, Praznik\n08:00-20:00\n",
        "direction": "",
        "price_95": 1.623,
        "price_dizel": 1.811,
        "price_98": null,
        "price_100": 1.979,
        "price_dizel-premium": 2.172,
        "price_avtoplin-lpg": null,
        "price_KOEL": 1.412,
        "price_hvo": null,
        "price_cng": null,
        "price_lng": null
      }
    },
    {
      "type": "Feature",
      "id": 816,
      "geometry": {
        "type": "Point",
        "coordinates": [
          14.570349,
          46.062474
        ]
      },
      "properties": {
        "pk": 816,
        "franchise": 2,
        "franchise_name": "MOL & INA d.o.o.",
        "name": "BS MOL LJUBLJANA LETALIŠKA",
        "address": "Letališka c. 33b",
        "zip_code": "1000",
        "open_hours": "Ponedeljek, Torek, Sreda, Četrtek, Petek\n06:00-21:00\n\nSobota\n07:00-19:00\n",
        "direction": "",
        "price_95": 1.623,
        "price_dizel": 1.811,
        "price_98": null,
        "price_100": 1.979,
        "price_dizel-premium": null,
        "price_avtoplin-lpg": null,
        "price_KOEL": null,
        "price_hvo": null,
        "price_cng": null,
        "price_lng": null
      }
    },
    {
      "type": "Feature",
      "id": 817,
      "geometry": {
        "type": "Point",
        "coordinates": [
          14.546097,
          46.047401
        ]
      },
      "properties": {
        "pk": 817,
        "franchise": 2,
        "franchise_name": "MOL & INA d.o.o.",
        "name": "BS MOL LJUBLJANA LITIJSKA",
        "address": "Litijska c. 40",
        "zip_code": "1000",
        "open_hours": "06:00-22:00\n",
        "direction": "",
        "price_95": 1.623,
        "price_dizel": 1.811,
        "price_98": null,
        "price_100": 1.979,
        "price_dizel-premium": 2.172,
        "price_avtoplin-lpg": null,
        "price_KOEL": null,
        "price_hvo": null,
        "price_cng": null,
        "price_lng": null
      }
    },
    {
      "type": "Feature",
      "id": 818,
      "geometry": {
        "type": "Point",
        "coordinates": [
          14.460958,
          46.09891
        ]
      },
      "properties": {
        "pk": 818,
        "franchise": 2,
        "franchise_name": "MOL & INA d.o.o.",
        "name": "BS MOL LJUBLJANA CELOVŠKA",
        "address": "Celovška c. 455",
        "zip_code": "1210",
        "open_hours": "00:00-23:59\n",
        "direction": "",
        "price_95": 1.623,
        "price_dizel": 1.811,
        "price_98": null,
        "price_100": 1.979,
        "price_dizel-premium": null,
        "price_avtoplin-lpg": null,
        "price_KOEL": null,
        "price_hvo": null,
        "price_cng": null,
        "price_lng": null
      }
    },
    {
      "type": "Feature",
      "id": 819,
      "geometry": {
        "type": "Point",
        "coordinates": [
          14.562775,
          46.05628
        ]
      },
      "properties": {
        "pk": 819,
        "franchise": 2,
        "franchise_name": "MOL & INA d.o.o.",
        "name": "BS MOL LJUBLJANA ZALOŠKA JUG",
        "address": "Zaloška 158",
        "zip_code": "1000",
        "open_hours": "06:00-22:00\n",
        "direction": "",
        "price_95": 1.623,
        "price_dizel": 1.811,
        "price_98": null,
        "price_100": 1.979,
        "price_dizel-premium": 2.172,
        "price_avtoplin-lpg": null,
        "price_KOEL": null,
        "price_hvo": null,
        "price_cng": null,
        "price_lng": null
      }
    },
    {
      "type": "Feature",
      "id": 820,
      "geometry": {
        "type": "Point",
        "coordinates": [
          14.55814,
          46.056444
        ]
      },
      "properties": {
        "pk": 820,
        "franchise": 2,
        "franchise_name": "MOL & INA d.o.o.",
        "name": "BS MOL LJUBLJANA ZALOŠKA SEVER",
        "address": "Zaloška 157",
        "zip_code": "1000",
        "open_hours": "06:00-22:00\n",
        "direction": "",
        "price_95": 1.623,
        "price_dizel": 1.811,
        "price_98": null,
        "price_100": 1.979,
        "price_dizel-premium": 2.172,
        "price_avtoplin-lpg": null,
        "price_KOEL": null,
        "price_hvo": null,
        "price_cng": null,
        "price_lng": null
      }
    },
    {
      "type": "Feature",
      "id": 823,
      "geometry": {
        "type": "Point",
        "coordinates": [
          15.22071,
          46.261718
        ]
      },
      "properties": {
        "pk": 823,
        "franchise": 2,
        "franchise_name": "MOL & INA d.o.o.",
        "name": "BS MOL LOPATA JUG",
        "address": "Lopata 80",
        "zip_code": "3000",
        "open_hours": "00:00-23:59\n",
        "direction": "Maribor",
        "price_95": 1.844,
        "price_dizel": 1.998,
        "price_98": null,
        "price_100": 2.169,
        "price_dizel-premium": 2.359,
        "price_avtoplin-lpg": null,
        "price_KOEL": null,
        "price_hvo": null,
        "price_cng": null,
        "price_lng": null
      }
    },
    {
      "type": "Feature",
      "id": 824,
      "geometry": {
        "type": "Point",
        "coordinates": [
          13.59658,
          45.50526
        ]
      },
      "properties": {
        "pk": 824,
        "franchise": 2,
        "franchise_name": "MOL & INA d.o.o.",
        "name": "BS MOL MARINA PORTOROŽ",
        "address": "Seča 188",
        "zip_code": "6320",
        "open_hours": "Januar / Februar / Marec / April / Oktober / November / December\n08:00-14:00\n\nMaj / Junij / Julij / Avgust / September\n09:00-19:00\n",
        "direction": "",
        "price_95": 1.623,
        "price_dizel": 1.811,
        "price_98": null,
        "price_100": null,
        "price_dizel-premium": null,
        "price_avtoplin-lpg": null,
        "price_KOEL": null,
        "price_hvo": null,
        "price_cng": null,
        "price_lng": null
      }
    },
    {
      "type": "Feature",
      "id": 826,
      "geometry": {
        "type": "Point",
        "coordinates": [
          13.61022,
          45.50043
        ]
      },
      "properties": {
        "pk": 826,
        "franchise": 2,
        "franchise_name": "MOL & INA d.o.o.",
        "name": "BS MOL LUCIJA",
        "address": "Seča 188 a",
        "zip_code": "6320",
        "open_hours": "06:00-22:00\n",
        "direction": "",
        "price_95": 1.623,
        "price_dizel": 1.811,
        "price_98": null,
        "price_100": 1.979,
        "price_dizel-premium": null,
        "price_avtoplin-lpg": null,
        "price_KOEL": 1.412,
        "price_hvo": null,
        "price_cng": null,
        "price_lng": null
      }
    },
    {
      "type": "Feature",
      "id": 828,
      "geometry": {
        "type": "Point",
        "coordinates": [
          14.6896,
          46.16606
        ]
      },
      "properties": {
        "pk": 828,
        "franchise": 2,
        "franchise_name": "MOL & INA d.o.o.",
        "name": "BS MOL LUKOVICA",
        "address": "Koseskega cesta 4",
        "zip_code": "1225",
        "open_hours": "00:00-23:59\n",
        "direction": "Ljubljana",
        "price_95": 1.844,
        "price_dizel": 1.998,
        "price_98": null,
        "price_100": 2.169,
        "price_dizel-premium": 2.359,
        "price_avtoplin-lpg": 1.028,
        "price_KOEL": null,
        "price_hvo": null,
        "price_cng": null,
        "price_lng": null
      }
    },
    {
      "type": "Feature",
      "id": 832,
      "geometry": {
        "type": "Point",
        "coordinates": [
          13.72786,
          45.55049
        ]
      },
      "properties": {
        "pk": 832,
        "franchise": 2,
        "franchise_name": "MOL & INA d.o.o.",
        "name": "BS MOL MARINA KOPER",
        "address": "Kopališko nabrežje 5",
        "zip_code": "6000",
        "open_hours": "Ponedeljek, Torek, Sreda, Četrtek, Petek, Sobota\n08:00-18:00\n\nNedelja, Praznik\n09:00-18:00\n",
        "direction": "Koper",
        "price_95": 1.623,
        "price_dizel": 1.811,
        "price_98": null,
        "price_100": null,
        "price_dizel-premium": null,
        "price_avtoplin-lpg": null,
        "price_KOEL": null,
        "price_hvo": null,
        "price_cng": null,
        "price_lng": null
      }
    },
    {
      "type": "Feature",
      "id": 834,
      "geometry": {
        "type": "Point",
        "coordinates": [
          14.504678,
          45.773401
        ]
      },
      "properties": {
        "pk": 834,
        "franchise": 2,
        "franchise_name": "MOL & INA d.o.o.",
        "name": "BS MOL NOVA VAS",
        "address": "Nova vas 1a",
        "zip_code": "1385",
        "open_hours": "Ponedeljek, Torek, Sreda, Četrtek, Petek, Sobota\n07:00-19:00\n",
        "direction": "",
        "price_95": 1.623,
        "price_dizel": 1.811,
        "price_98": null,
        "price_100": 1.979,
        "price_dizel-premium": null,
        "price_avtoplin-lpg": null,
        "price_KOEL": 1.412,
        "price_hvo": null,
        "price_cng": null,
        "price_lng": null
      }
    },
    {
      "type": "Feature",
      "id": 835,
      "geometry": {
        "type": "Point",
        "coordinates": [
          15.181842,
          45.804054
        ]
      },
      "properties": {
        "pk": 835,
        "franchise": 2,
        "franchise_name": "MOL & INA d.o.o.",
        "name": "BS MOL NOVO MESTO LEVIČNIKOVA",
        "address": "Levičnikova c. 4",
        "zip_code": "8000",
        "open_hours": "06:00-22:00\n",
        "direction": "",
        "price_95": 1.623,
        "price_dizel": 1.811,
        "price_98": null,
        "price_100": 1.979,
        "price_dizel-premium": 2.172,
        "price_avtoplin-lpg": null,
        "price_KOEL": 1.412,
        "price_hvo": null,
        "price_cng": null,
        "price_lng": null
      }
    },
    {
      "type": "Feature",
      "id": 836,
      "geometry": {
        "type": "Point",
        "coordinates": [
          15.153116666666667,
          45.8139
        ]
      },
      "properties": {
        "pk": 836,
        "franchise": 2,
        "franchise_name": "MOL & INA d.o.o.",
        "name": "BS MOL NOVO MESTO LJUBLJANSKA",
        "address": "Ljubljanska cesta 11",
        "zip_code": "8000",
        "open_hours": "Ponedeljek, Torek, Sreda, Četrtek, Petek, Sobota\n06:00-22:00\n\nNedelja, Praznik\n08:00-20:00\n",
        "direction": "",
        "price_95": 1.623,
        "price_dizel": 1.811,
        "price_98": null,
        "price_100": 1.979,
        "price_dizel-premium": 2.172,
        "price_avtoplin-lpg": null,
        "price_KOEL": null,
        "price_hvo": null,
        "price_cng": null,
        "price_lng": null
      }
    },
    {
      "type": "Feature",
      "id": 837,
      "geometry": {
        "type": "Point",
        "coordinates": [
          15.684443,
          45.854884
        ]
      },
      "properties": {
        "pk": 837,
        "franchise": 2,
        "franchise_name": "MOL & INA d.o.o.",
        "name": "BS MOL OBREŽJE JUG",
        "address": "Jesenice 36a",
        "zip_code": "8261",
        "open_hours": "00:00-23:59\n",
        "direction": "Zagreb",
        "price_95": 1.844,
        "price_dizel": 1.998,
        "price_98": null,
        "price_100": 2.169,
        "price_dizel-premium": 2.359,
        "price_avtoplin-lpg": null,
        "price_KOEL": null,
        "price_hvo": null,
        "price_cng": null,
        "price_lng": null
      }
    },
    {
      "type": "Feature",
      "id": 838,
      "geometry": {
        "type": "Point",
        "coordinates": [
          16.160733,
          46.409754
        ]
      },
      "properties": {
        "pk": 838,
        "franchise": 2,
        "franchise_name": "MOL & INA d.o.o.",
        "name": "BS MOL ORMOŽ",
        "address": "Hardek 44d",
        "zip_code": "2270",
        "open_hours": "06:00-22:00\n",
        "direction": "",
        "price_95": 1.623,
        "price_dizel": 1.811,
        "price_98": null,
        "price_100": 1.979,
        "price_dizel-premium": 2.172,
        "price_avtoplin-lpg": null,
        "price_KOEL": 1.412,
        "price_hvo": null,
        "price_cng": null,
        "price_lng": null
      }
    },
    {
      "type": "Feature",
      "id": 839,
      "geometry": {
        "type": "Point",
        "coordinates": [
          13.906935,
          45.620425
        ]
      },
      "properties": {
        "pk": 839,
        "franchise": 2,
        "franchise_name": "MOL & INA d.o.o.",
        "name": "BS MOL PESEK",
        "address": "Krvavi potok 25",
        "zip_code": "6240",
        "open_hours": "07:00-22:00\n",
        "direction": "Kozina",
        "price_95": 1.623,
        "price_dizel": 1.811,
        "price_98": null,
        "price_100": 1.979,
        "price_dizel-premium": null,
        "price_avtoplin-lpg": null,
        "price_KOEL": null,
        "price_hvo": null,
        "price_cng": null,
        "price_lng": null
      }
    },
    {
      "type": "Feature",
      "id": 840,
      "geometry": {
        "type": "Point",
        "coordinates": [
          14.14733,
          45.52107
        ]
      },
      "properties": {
        "pk": 840,
        "franchise": 2,
        "franchise_name": "MOL & INA d.o.o.",
        "name": "BS MOL PODGRAD",
        "address": "Podgrad 12a",
        "zip_code": "6244",
        "open_hours": "Januar / Februar / Marec / Oktober / November / December\nPonedeljek, Torek, Sreda, Četrtek, Petek, Sobota\n06:00-20:00\n\nApril / Maj\nPonedeljek, Torek, Sreda, Četrtek, Petek, Sobota\n06:00-21:00\n\nJanuar / Februar / Marec / April / Maj / Oktober / November / December\nNedelja, Praznik\n08:00-20:00\n\nJunij / Julij / Avgust / September\nPonedeljek, Torek, Sreda, Četrtek, Petek, Sobota\n06:00-22:00\n\nJunij / Julij / Avgust / September\nNedelja, Praznik\n07:00-22:00\n",
        "direction": "",
        "price_95": 1.623,
        "price_dizel": 1.811,
        "price_98": null,
        "price_100": 1.979,
        "price_dizel-premium": 2.172,
        "price_avtoplin-lpg": null,
        "price_KOEL": null,
        "price_hvo": null,
        "price_cng": null,
        "price_lng": null
      }
    },
    {
      "type": "Feature",
      "id": 841,
      "geometry": {
        "type": "Point",
        "coordinates": [
          13.580759,
          45.515177
        ]
      },
      "properties": {
        "pk": 841,
        "franchise": 2,
        "franchise_name": "MOL & INA d.o.o.",
        "name": "BS MOL PORTOROŽ",
        "address": "Fizine 17",
        "zip_code": "6320",
        "open_hours": "Januar / Februar / Marec / April / Maj / Oktober / November / December\n06:00-22:00\n\nJunij / Julij / Avgust / September\nPonedeljek, Torek, Sreda, Četrtek\n06:00-22:00\n\nJunij / Julij / Avgust / September\nPetek, Sobota, Nedelja, Praznik\n06:00-23:59\n",
        "direction": "",
        "price_95": 1.623,
        "price_dizel": 1.811,
        "price_98": null,
        "price_100": 1.979,
        "price_dizel-premium": 2.172,
        "price_avtoplin-lpg": null,
        "price_KOEL": null,
        "price_hvo": null,
        "price_cng": null,
        "price_lng": null
      }
    },
    {
      "type": "Feature",
      "id": 842,
      "geometry": {
        "type": "Point",
        "coordinates": [
          14.201277,
          45.77113
        ]
      },
      "properties": {
        "pk": 842,
        "franchise": 2,
        "franchise_name": "MOL & INA d.o.o.",
        "name": "BS MOL POSTOJNA TITOVA",
        "address": "Titova c.12",
        "zip_code": "6230",
        "open_hours": "06:00-22:00\n",
        "direction": "",
        "price_95": 1.623,
        "price_dizel": 1.811,
        "price_98": null,
        "price_100": 1.979,
        "price_dizel-premium": null,
        "price_avtoplin-lpg": null,
        "price_KOEL": 1.412,
        "price_hvo": null,
        "price_cng": null,
        "price_lng": null
      }
    },
    {
      "type": "Feature",
      "id": 844,
      "geometry": {
        "type": "Point",
        "coordinates": [
          14.19095,
          46.33865
        ]
      },
      "properties": {
        "pk": 844,
        "franchise": 2,
        "franchise_name": "MOL & INA d.o.o.",
        "name": "BS MOL RADOVLJICA JUG",
        "address": "Ljubljanska cesta 70",
        "zip_code": "4240",
        "open_hours": "00:00-23:59\n",
        "direction": "Ljubljana",
        "price_95": 1.844,
        "price_dizel": 1.998,
        "price_98": null,
        "price_100": 2.169,
        "price_dizel-premium": 2.359,
        "price_avtoplin-lpg": 1.028,
        "price_KOEL": null,
        "price_hvo": null,
        "price_cng": null,
        "price_lng": null
      }
    },
    {
      "type": "Feature",
      "id": 845,
      "geometry": {
        "type": "Point",
        "coordinates": [
          14.19201,
          46.33934
        ]
      },
      "properties": {
        "pk": 845,
        "franchise": 2,
        "franchise_name": "MOL & INA d.o.o.",
        "name": "BS MOL RADOVLJICA SEVER",
        "address": "Ljubljanska cesta 71",
        "zip_code": "4240",
        "open_hours": "00:00-23:59\n",
        "direction": "Jesenice",
        "price_95": 1.844,
        "price_dizel": 1.998,
        "price_98": null,
        "price_100": 2.169,
        "price_dizel-premium": 2.359,
        "price_avtoplin-lpg": 1.028,
        "price_KOEL": null,
        "price_hvo": null,
        "price_cng": null,
        "price_lng": null
      }
    },
    {
      "type": "Feature",
      "id": 846,
      "geometry": {
        "type": "Point",
        "coordinates": [
          14.329101,
          45.808113
        ]
      },
      "properties": {
        "pk": 846,
        "franchise": 2,
        "franchise_name": "MOL & INA d.o.o.",
        "name": "BS MOL RAKEK",
        "address": "Partizanska 73a",
        "zip_code": "1381",
        "open_hours": "06:00-22:00\n",
        "direction": "",
        "price_95": 1.623,
        "price_dizel": 1.811,
        "price_98": null,
        "price_100": 1.979,
        "price_dizel-premium": null,
        "price_avtoplin-lpg": null,
        "price_KOEL": 1.412,
        "price_hvo": null,
        "price_cng": null,
        "price_lng": null
      }
    },
    {
      "type": "Feature",
      "id": 847,
      "geometry": {
        "type": "Point",
        "coordinates": [
          14.22304178,
          45.78312588
        ]
      },
      "properties": {
        "pk": 847,
        "franchise": 2,
        "franchise_name": "MOL & INA d.o.o.",
        "name": "BS MOL RAVBARKOMANDA VZHOD",
        "address": "Javorniška pot 9a",
        "zip_code": "6230",
        "open_hours": "00:00-23:59\n",
        "direction": "Ljubljana",
        "price_95": 1.844,
        "price_dizel": 1.998,
        "price_98": null,
        "price_100": null,
        "price_dizel-premium": 2.359,
        "price_avtoplin-lpg": 1.028,
        "price_KOEL": null,
        "price_hvo": null,
        "price_cng": null,
        "price_lng": null
      }
    },
    {
      "type": "Feature",
      "id": 848,
      "geometry": {
        "type": "Point",
        "coordinates": [
          14.22271237,
          45.78536414
        ]
      },
      "properties": {
        "pk": 848,
        "franchise": 2,
        "franchise_name": "MOL & INA d.o.o.",
        "name": "BS MOL RAVBARKOMANDA ZAHOD",
        "address": "Javorniška pot 7a",
        "zip_code": "6230",
        "open_hours": "00:00-23:59\n",
        "direction": "Koper",
        "price_95": 1.844,
        "price_dizel": 1.998,
        "price_98": null,
        "price_100": null,
        "price_dizel-premium": 2.359,
        "price_avtoplin-lpg": 1.028,
        "price_KOEL": null,
        "price_hvo": null,
        "price_cng": null,
        "price_lng": null
      }
    },
    {
      "type": "Feature",
      "id": 849,
      "geometry": {
        "type": "Point",
        "coordinates": [
          13.640395,
          45.940972
        ]
      },
      "properties": {
        "pk": 849,
        "franchise": 2,
        "franchise_name": "MOL & INA d.o.o.",
        "name": "BS MOL ROŽNA DOLINA SEVER",
        "address": "Angela Besednjaka 8",
        "zip_code": "5000",
        "open_hours": "Ponedeljek, Torek, Sreda, Četrtek, Petek, Sobota\n06:00-22:00\n\nNedelja, Praznik\n07:00-21:00\n",
        "direction": "",
        "price_95": 1.623,
        "price_dizel": 1.811,
        "price_98": null,
        "price_100": 1.979,
        "price_dizel-premium": 2.172,
        "price_avtoplin-lpg": null,
        "price_KOEL": null,
        "price_hvo": null,
        "price_cng": null,
        "price_lng": null
      }
    },
    {
      "type": "Feature",
      "id": 851,
      "geometry": {
        "type": "Point",
        "coordinates": [
          15.47797,
          46.02489
        ]
      },
      "properties": {
        "pk": 851,
        "franchise": 2,
        "franchise_name": "MOL & INA d.o.o.",
        "name": "BS MOL SENOVO",
        "address": "Titova ulica 101c",
        "zip_code": "8281",
        "open_hours": "Ponedeljek, Torek, Sreda, Četrtek, Petek, Sobota\n06:00-22:00\n\nNedelja, Praznik\n07:00-21:00\n",
        "direction": "",
        "price_95": 1.623,
        "price_dizel": 1.811,
        "price_98": null,
        "price_100": 1.979,
        "price_dizel-premium": 2.172,
        "price_avtoplin-lpg": null,
        "price_KOEL": null,
        "price_hvo": null,
        "price_cng": null,
        "price_lng": null
      }
    },
    {
      "type": "Feature",
      "id": 852,
      "geometry": {
        "type": "Point",
        "coordinates": [
          14.04572,
          45.72321
        ]
      },
      "properties": {
        "pk": 852,
        "franchise": 2,
        "franchise_name": "MOL & INA d.o.o.",
        "name": "BS MOL SENOŽEČE",
        "address": "Senožeče 10a",
        "zip_code": "6224",
        "open_hours": "Januar / Februar / Marec / Oktober / November / December\nPonedeljek, Torek, Sreda, Četrtek, Petek, Sobota\n07:00-19:00\n\nJanuar / Februar / Marec / Oktober / November / December\nNedelja, Praznik\n08:00-18:00\n\nApril / Maj / Junij / Julij / Avgust / September\nPonedeljek, Torek, Sreda, Četrtek, Petek, Sobota\n07:00-20:00\n\nApril / Maj / Junij / Julij / Avgust / September\nNedelja, Praznik\n08:00-20:00\n",
        "direction": "",
        "price_95": 1.623,
        "price_dizel": 1.811,
        "price_98": null,
        "price_100": null,
        "price_dizel-premium": null,
        "price_avtoplin-lpg": null,
        "price_KOEL": null,
        "price_hvo": null,
        "price_cng": null,
        "price_lng": null
      }
    },
    {
      "type": "Feature",
      "id": 853,
      "geometry": {
        "type": "Point",
        "coordinates": [
          13.863156,
          45.705649
        ]
      },
      "properties": {
        "pk": 853,
        "franchise": 2,
        "franchise_name": "MOL & INA d.o.o.",
        "name": "BS MOL SEŽANA",
        "address": "Partizanska 63a",
        "zip_code": "6210",
        "open_hours": "06:00-22:00\n",
        "direction": "",
        "price_95": 1.623,
        "price_dizel": 1.811,
        "price_98": null,
        "price_100": 1.979,
        "price_dizel-premium": null,
        "price_avtoplin-lpg": null,
        "price_KOEL": null,
        "price_hvo": null,
        "price_cng": null,
        "price_lng": null
      }
    },
    {
      "type": "Feature",
      "id": 854,
      "geometry": {
        "type": "Point",
        "coordinates": [
          15.571972,
          46.385322
        ]
      },
      "properties": {
        "pk": 854,
        "franchise": 2,
        "franchise_name": "MOL & INA d.o.o.",
        "name": "BS MOL SLOVENSKA BISTRICA ŽOLGARJEVA",
        "address": "Žolgarjeva ulica 16",
        "zip_code": "2310",
        "open_hours": "06:00-22:00\n",
        "direction": "",
        "price_95": 1.623,
        "price_dizel": 1.811,
        "price_98": null,
        "price_100": 1.979,
        "price_dizel-premium": 2.172,
        "price_avtoplin-lpg": null,
        "price_KOEL": null,
        "price_hvo": null,
        "price_cng": null,
        "price_lng": null
      }
    },
    {
      "type": "Feature",
      "id": 855,
      "geometry": {
        "type": "Point",
        "coordinates": [
          15.41675,
          46.34068
        ]
      },
      "properties": {
        "pk": 855,
        "franchise": 2,
        "franchise_name": "MOL & INA d.o.o.",
        "name": "BS MOL SLOVENSKE KONJICE",
        "address": "Liptovska 36a",
        "zip_code": "3210",
        "open_hours": "06:00-22:00\n",
        "direction": "",
        "price_95": 1.623,
        "price_dizel": 1.811,
        "price_98": null,
        "price_100": 1.979,
        "price_dizel-premium": null,
        "price_avtoplin-lpg": null,
        "price_KOEL": 1.412,
        "price_hvo": null,
        "price_cng": null,
        "price_lng": null
      }
    },
    {
      "type": "Feature",
      "id": 856,
      "geometry": {
        "type": "Point",
        "coordinates": [
          15.37137,
          45.90773
        ]
      },
      "properties": {
        "pk": 856,
        "franchise": 2,
        "franchise_name": "MOL & INA d.o.o.",
        "name": "BS MOL SMEDNIK",
        "address": "Smednik 12a",
        "zip_code": "8274",
        "open_hours": "06:00-22:00\n",
        "direction": "Novo Mesto",
        "price_95": 1.623,
        "price_dizel": 1.811,
        "price_98": null,
        "price_100": 1.979,
        "price_dizel-premium": 2.172,
        "price_avtoplin-lpg": 0.968,
        "price_KOEL": null,
        "price_hvo": null,
        "price_cng": null,
        "price_lng": null
      }
    },
    {
      "type": "Feature",
      "id": 857,
      "geometry": {
        "type": "Point",
        "coordinates": [
          14.0288,
          46.01699
        ]
      },
      "properties": {
        "pk": 857,
        "franchise": 2,
        "franchise_name": "MOL & INA d.o.o.",
        "name": "BS MOL SPODNJA IDRIJA",
        "address": "Vojkova ulica 24",
        "zip_code": "5280",
        "open_hours": "Ponedeljek, Torek, Sreda, Četrtek, Petek\n06:00-21:00\n\nSobota\n07:00-21:00\n\nNedelja, Praznik\n08:00-20:00\n",
        "direction": "",
        "price_95": 1.623,
        "price_dizel": 1.811,
        "price_98": null,
        "price_100": 1.979,
        "price_dizel-premium": 2.172,
        "price_avtoplin-lpg": null,
        "price_KOEL": 1.412,
        "price_hvo": null,
        "price_cng": null,
        "price_lng": null
      }
    },
    {
      "type": "Feature",
      "id": 858,
      "geometry": {
        "type": "Point",
        "coordinates": [
          15.751535,
          46.501143
        ]
      },
      "properties": {
        "pk": 858,
        "franchise": 2,
        "franchise_name": "MOL & INA d.o.o.",
        "name": "BS MOL SPODNJI DUPLEK",
        "address": "C. 4.julija 69",
        "zip_code": "2241",
        "open_hours": "Ponedeljek, Torek, Sreda, Četrtek, Petek, Sobota\n06:00-21:00\n\nNedelja, Praznik\n08:00-20:00\n",
        "direction": "",
        "price_95": 1.623,
        "price_dizel": 1.811,
        "price_98": null,
        "price_100": 1.979,
        "price_dizel-premium": null,
        "price_avtoplin-lpg": null,
        "price_KOEL": 1.412,
        "price_hvo": null,
        "price_cng": null,
        "price_lng": null
      }
    },
    {
      "type": "Feature",
      "id": 859,
      "geometry": {
        "type": "Point",
        "coordinates": [
          14.470974,
          45.715829
        ]
      },
      "properties": {
        "pk": 859,
        "franchise": 2,
        "franchise_name": "MOL & INA d.o.o.",
        "name": "BS MOL STARI TRG",
        "address": "C.Notranjskega odreda 5",
        "zip_code": "1386",
        "open_hours": "Ponedeljek, Torek, Sreda, Četrtek, Petek\n07:00-19:00\n\nSobota\n07:00-15:00\n\nNedelja\n07:00-13:00\n",
        "direction": "",
        "price_95": 1.623,
        "price_dizel": 1.811,
        "price_98": null,
        "price_100": null,
        "price_dizel-premium": null,
        "price_avtoplin-lpg": null,
        "price_KOEL": null,
        "price_hvo": null,
        "price_cng": null,
        "price_lng": null
      }
    },
    {
      "type": "Feature",
      "id": 861,
      "geometry": {
        "type": "Point",
        "coordinates": [
          13.721916,
          45.917693
        ]
      },
      "properties": {
        "pk": 861,
        "franchise": 2,
        "franchise_name": "MOL & INA d.o.o.",
        "name": "BS MOL ŠEMPAS",
        "address": "Šempas 160b",
        "zip_code": "5261",
        "open_hours": "00:00-23:59\n",
        "direction": "Nova Gorica",
        "price_95": 1.844,
        "price_dizel": 1.998,
        "price_98": null,
        "price_100": 2.169,
        "price_dizel-premium": 2.359,
        "price_avtoplin-lpg": 1.028,
        "price_KOEL": null,
        "price_hvo": null,
        "price_cng": null,
        "price_lng": null
      }
    },
    {
      "type": "Feature",
      "id": 862,
      "geometry": {
        "type": "Point",
        "coordinates": [
          15.38352,
          46.214942
        ]
      },
      "properties": {
        "pk": 862,
        "franchise": 2,
        "franchise_name": "MOL & INA d.o.o.",
        "name": "BS MOL ŠENTJUR",
        "address": "Ljubljanska c. 20a",
        "zip_code": "3230",
        "open_hours": "Ponedeljek, Torek, Sreda, Četrtek, Petek, Sobota\n06:00-22:00\n\nNedelja, Praznik\n07:00-21:00\n",
        "direction": "",
        "price_95": 1.623,
        "price_dizel": 1.811,
        "price_98": null,
        "price_100": 1.979,
        "price_dizel-premium": 2.172,
        "price_avtoplin-lpg": null,
        "price_KOEL": 1.412,
        "price_hvo": null,
        "price_cng": null,
        "price_lng": null
      }
    },
    {
      "type": "Feature",
      "id": 863,
      "geometry": {
        "type": "Point",
        "coordinates": [
          13.797535,
          45.580603
        ]
      },
      "properties": {
        "pk": 863,
        "franchise": 2,
        "franchise_name": "MOL & INA d.o.o.",
        "name": "BS MOL ŠKOFIJE VZHOD",
        "address": "Sp.Škofije 260",
        "zip_code": "6281",
        "open_hours": "Januar / Februar / Marec / April / Maj / Junij / September / Oktober / November / December\nPonedeljek, Torek, Sreda, Četrtek, Petek, Sobota\n06:00-21:00\n\nJanuar / Februar / Marec / April / Maj / Junij / September / Oktober / November / December\nNedelja, Praznik\n07:00-21:00\n\nJulij / Avgust\nPonedeljek, Torek, Sreda, Četrtek, Petek, Sobota\n06:00-22:00\n\nJulij / Avgust\nNedelja, Praznik\n07:00-22:00\n",
        "direction": "Trst",
        "price_95": 1.623,
        "price_dizel": 1.811,
        "price_98": null,
        "price_100": 2.029,
        "price_dizel-premium": null,
        "price_avtoplin-lpg": 0.968,
        "price_KOEL": 1.412,
        "price_hvo": null,
        "price_cng": null,
        "price_lng": null
      }
    },
    {
      "type": "Feature",
      "id": 864,
      "geometry": {
        "type": "Point",
        "coordinates": [
          13.796288,
          45.579851
        ]
      },
      "properties": {
        "pk": 864,
        "franchise": 2,
        "franchise_name": "MOL & INA d.o.o.",
        "name": "BS MOL ŠKOFIJE ZAHOD",
        "address": "Sp.Škofije 256a",
        "zip_code": "6281",
        "open_hours": "Januar / Februar / Marec / April / Maj / Oktober / November / December\n06:00-22:00\n\nJunij / Julij / Avgust / September\n06:00-23:59\n",
        "direction": "Koper",
        "price_95": 1.623,
        "price_dizel": 1.811,
        "price_98": null,
        "price_100": 2.029,
        "price_dizel-premium": null,
        "price_avtoplin-lpg": null,
        "price_KOEL": null,
        "price_hvo": null,
        "price_cng": null,
        "price_lng": null
      }
    },
    {
      "type": "Feature",
      "id": 865,
      "geometry": {
        "type": "Point",
        "coordinates": [
          14.31952,
          46.168842
        ]
      },
      "properties": {
        "pk": 865,
        "franchise": 2,
        "franchise_name": "MOL & INA d.o.o.",
        "name": "BS MOL ŠKOFJA LOKA",
        "address": "Kidričeva 23a",
        "zip_code": "4220",
        "open_hours": "06:00-22:00\n",
        "direction": "",
        "price_95": 1.623,
        "price_dizel": 1.811,
        "price_98": null,
        "price_100": 1.979,
        "price_dizel-premium": 2.172,
        "price_avtoplin-lpg": null,
        "price_KOEL": 1.412,
        "price_hvo": null,
        "price_cng": null,
        "price_lng": null
      }
    },
    {
      "type": "Feature",
      "id": 866,
      "geometry": {
        "type": "Point",
        "coordinates": [
          13.707064,
          45.510467
        ]
      },
      "properties": {
        "pk": 866,
        "franchise": 2,
        "franchise_name": "MOL & INA d.o.o.",
        "name": "BS MOL ŠMARJE",
        "address": "Srgaši 42a",
        "zip_code": "6274",
        "open_hours": "Januar / Februar / Marec / Oktober / November / December\nPonedeljek, Torek, Sreda, Četrtek, Petek, Sobota\n06:00-20:00\n\nJanuar / Februar / Marec / Oktober / November / December\nNedelja, Praznik\n07:00-20:00\n\nApril / Maj\nPonedeljek, Torek, Sreda, Četrtek, Petek, Sobota\n06:00-21:00\n\nApril / Maj\nNedelja, Praznik\n07:00-21:00\n\nJunij / Julij / Avgust / September\nPonedeljek, Torek, Sreda, Četrtek, Petek, Sobota\n06:00-22:00\n\nJunij / Julij / Avgust / September\nNedelja, Praznik\n07:00-22:00\n",
        "direction": "",
        "price_95": 1.623,
        "price_dizel": 1.811,
        "price_98": null,
        "price_100": 1.979,
        "price_dizel-premium": null,
        "price_avtoplin-lpg": null,
        "price_KOEL": null,
        "price_hvo": null,
        "price_cng": null,
        "price_lng": null
      }
    },
    {
      "type": "Feature",
      "id": 867,
      "geometry": {
        "type": "Point",
        "coordinates": [
          13.84414,
          45.81842
        ]
      },
      "properties": {
        "pk": 867,
        "franchise": 2,
        "franchise_name": "MOL & INA d.o.o.",
        "name": "BS MOL ŠTANJEL",
        "address": "Štanjel 80",
        "zip_code": "6222",
        "open_hours": "Ponedeljek, Torek, Sreda, Četrtek, Petek, Sobota\n09:00-19:00\n\nNedelja, Praznik\n08:00-16:00\n",
        "direction": "",
        "price_95": 1.623,
        "price_dizel": 1.811,
        "price_98": null,
        "price_100": 1.979,
        "price_dizel-premium": null,
        "price_avtoplin-lpg": null,
        "price_KOEL": null,
        "price_hvo": null,
        "price_cng": null,
        "price_lng": null
      }
    },
    {
      "type": "Feature",
      "id": 869,
      "geometry": {
        "type": "Point",
        "coordinates": [
          15.025649,
          45.910462
        ]
      },
      "properties": {
        "pk": 869,
        "franchise": 2,
        "franchise_name": "MOL & INA d.o.o.",
        "name": "BS MOL TREBNJE",
        "address": "Obrtniška 28",
        "zip_code": "8210",
        "open_hours": "06:00-22:00\n",
        "direction": "",
        "price_95": 1.623,
        "price_dizel": 1.811,
        "price_98": null,
        "price_100": 1.979,
        "price_dizel-premium": 2.172,
        "price_avtoplin-lpg": null,
        "price_KOEL": 1.412,
        "price_hvo": null,
        "price_cng": null,
        "price_lng": null
      }
    },
    {
      "type": "Feature",
      "id": 870,
      "geometry": {
        "type": "Point",
        "coordinates": [
          15.099174,
          46.359472
        ]
      },
      "properties": {
        "pk": 870,
        "franchise": 2,
        "franchise_name": "MOL & INA d.o.o.",
        "name": "BS MOL VELENJE PARTIZANSKA",
        "address": "Partizanska c. 15a",
        "zip_code": "3320",
        "open_hours": "01.04.2026 – 14.10.2026\nSobota\n06:00-22:00\n\nPonedeljek, Torek, Sreda, Četrtek, Petek\n06:00-22:00\n\nNedelja, Praznik\n07:00-22:00\n",
        "direction": "",
        "price_95": 1.623,
        "price_dizel": 1.811,
        "price_98": null,
        "price_100": 1.979,
        "price_dizel-premium": null,
        "price_avtoplin-lpg": null,
        "price_KOEL": null,
        "price_hvo": null,
        "price_cng": null,
        "price_lng": null
      }
    },
    {
      "type": "Feature",
      "id": 871,
      "geometry": {
        "type": "Point",
        "coordinates": [
          15.13265,
          46.36972
        ]
      },
      "properties": {
        "pk": 871,
        "franchise": 2,
        "franchise_name": "MOL & INA d.o.o.",
        "name": "BS MOL VELENJE SELO",
        "address": "Selo 10a",
        "zip_code": "3320",
        "open_hours": "Ponedeljek, Torek, Sreda, Četrtek, Petek, Sobota\n06:00-22:00\n\nNedelja, Praznik\n07:00-22:00\n",
        "direction": "",
        "price_95": 1.623,
        "price_dizel": 1.811,
        "price_98": null,
        "price_100": 1.979,
        "price_dizel-premium": 2.172,
        "price_avtoplin-lpg": null,
        "price_KOEL": 1.412,
        "price_hvo": null,
        "price_cng": null,
        "price_lng": null
      }
    },
    {
      "type": "Feature",
      "id": 872,
      "geometry": {
        "type": "Point",
        "coordinates": [
          13.540767,
          45.966782
        ]
      },
      "properties": {
        "pk": 872,
        "franchise": 2,
        "franchise_name": "MOL & INA d.o.o.",
        "name": "BS MOL VIPOLŽE",
        "address": "Vipolže 6b",
        "zip_code": "5212",
        "open_hours": "Ponedeljek, Torek, Sreda, Četrtek, Petek, Sobota\n06:00-21:00\n\nNedelja, Praznik\n08:00-20:00\n",
        "direction": "",
        "price_95": 1.623,
        "price_dizel": 1.811,
        "price_98": null,
        "price_100": 1.979,
        "price_dizel-premium": 2.172,
        "price_avtoplin-lpg": null,
        "price_KOEL": null,
        "price_hvo": null,
        "price_cng": null,
        "price_lng": null
      }
    },
    {
      "type": "Feature",
      "id": 873,
      "geometry": {
        "type": "Point",
        "coordinates": [
          14.60635,
          46.147666
        ]
      },
      "properties": {
        "pk": 873,
        "franchise": 2,
        "franchise_name": "MOL & INA d.o.o.",
        "name": "BS MOL VIR DOMŽALE",
        "address": "Šaranovičeva c. 10a",
        "zip_code": "1230",
        "open_hours": "06:00-22:00\n",
        "direction": "",
        "price_95": 1.623,
        "price_dizel": 1.811,
        "price_98": null,
        "price_100": 1.979,
        "price_dizel-premium": null,
        "price_avtoplin-lpg": null,
        "price_KOEL": null,
        "price_hvo": null,
        "price_cng": null,
        "price_lng": null
      }
    },
    {
      "type": "Feature",
      "id": 874,
      "geometry": {
        "type": "Point",
        "coordinates": [
          13.631287,
          45.920878
        ]
      },
      "properties": {
        "pk": 874,
        "franchise": 2,
        "franchise_name": "MOL & INA d.o.o.",
        "name": "BS MOL VRTOJBA",
        "address": "Polje 6",
        "zip_code": "5290",
        "open_hours": "06:00-22:00\n",
        "direction": "",
        "price_95": 1.623,
        "price_dizel": 1.811,
        "price_98": null,
        "price_100": 1.979,
        "price_dizel-premium": 2.172,
        "price_avtoplin-lpg": null,
        "price_KOEL": 1.412,
        "price_hvo": null,
        "price_cng": null,
        "price_lng": null
      }
    },
    {
      "type": "Feature",
      "id": 875,
      "geometry": {
        "type": "Point",
        "coordinates": [
          14.83524,
          45.85943
        ]
      },
      "properties": {
        "pk": 875,
        "franchise": 2,
        "franchise_name": "MOL & INA d.o.o.",
        "name": "BS MOL ZAGRADEC",
        "address": "Zagradec 34",
        "zip_code": "1303",
        "open_hours": "06:00-20:00\n",
        "direction": "",
        "price_95": 1.623,
        "price_dizel": 1.811,
        "price_98": null,
        "price_100": 1.979,
        "price_dizel-premium": null,
        "price_avtoplin-lpg": null,
        "price_KOEL": 1.412,
        "price_hvo": null,
        "price_cng": null,
        "price_lng": null
      }
    },
    {
      "type": "Feature",
      "id": 1548,
      "geometry": {
        "type": "Point",
        "coordinates": [
          15.799085,
          46.404094
        ]
      },
      "properties": {
        "pk": 1548,
        "franchise": 2,
        "franchise_name": "MOL & INA d.o.o.",
        "name": "BS MOL KIDRIČEVO",
        "address": "TOVARNIŠKA CESTA 8A",
        "zip_code": "2325",
        "open_hours": "Nedelja, Praznik\n08:00-20:00\n\nApril / Maj / Junij / Julij / Avgust / September / Oktober\nPonedeljek, Torek, Sreda, Četrtek, Petek, Sobota\n05:00-23:00\n\nJanuar / Februar / Marec / November / December\nPonedeljek, Torek, Sreda, Četrtek, Petek\n05:00-22:00\n\nJanuar / Februar / Marec / November / December\nSobota\n06:00-22:00\n",
        "direction": "",
        "price_95": 1.623,
        "price_dizel": 1.811,
        "price_98": null,
        "price_100": 1.979,
        "price_dizel-premium": 2.172,
        "price_avtoplin-lpg": null,
        "price_KOEL": null,
        "price_hvo": null,
        "price_cng": null,
        "price_lng": null
      }
    },
    {
      "type": "Feature",
      "id": 1552,
      "geometry": {
        "type": "Point",
        "coordinates": [
          14.8544269,
          45.6488405
        ]
      },
      "properties": {
        "pk": 1552,
        "franchise": 2,
        "franchise_name": "MOL & INA d.o.o.",
        "name": "BS MOL KOČEVJE",
        "address": "LJUBLJANSKA CESTA 40",
        "zip_code": "1330",
        "open_hours": "Ponedeljek, Torek, Sreda, Četrtek, Petek, Sobota\n05:00-23:00\n\nNedelja, Praznik\n08:00-20:00\n",
        "direction": "",
        "price_95": 1.623,
        "price_dizel": 1.811,
        "price_98": null,
        "price_100": 1.979,
        "price_dizel-premium": 2.172,
        "price_avtoplin-lpg": null,
        "price_KOEL": null,
        "price_hvo": null,
        "price_cng": null,
        "price_lng": null
      }
    },
    {
      "type": "Feature",
      "id": 1553,
      "geometry": {
        "type": "Point",
        "coordinates": [
          15.563571,
          46.38245
        ]
      },
      "properties": {
        "pk": 1553,
        "franchise": 2,
        "franchise_name": "MOL & INA d.o.o.",
        "name": "BS MOL SLOVENSKA BISTRICA",
        "address": "LJUBLJANSKA CESTA 91",
        "zip_code": "",
        "open_hours": "00:00-23:59\n",
        "direction": "",
        "price_95": 1.623,
        "price_dizel": 1.811,
        "price_98": null,
        "price_100": 1.979,
        "price_dizel-premium": 2.172,
        "price_avtoplin-lpg": null,
        "price_KOEL": null,
        "price_hvo": null,
        "price_cng": null,
        "price_lng": null
      }
    },
    {
      "type": "Feature",
      "id": 1554,
      "geometry": {
        "type": "Point",
        "coordinates": [
          16.1751469,
          46.6560676
        ]
      },
      "properties": {
        "pk": 1554,
        "franchise": 2,
        "franchise_name": "MOL & INA d.o.o.",
        "name": "BS MOL MURSKA SOBOTA",
        "address": "MALA NOVA ULICA 1",
        "zip_code": "9000",
        "open_hours": "Ponedeljek, Torek, Sreda, Četrtek, Petek, Sobota\n05:00-22:00\n\nNedelja, Praznik\n08:00-20:00\n",
        "direction": "",
        "price_95": 1.623,
        "price_dizel": 1.811,
        "price_98": null,
        "price_100": 1.979,
        "price_dizel-premium": 2.172,
        "price_avtoplin-lpg": null,
        "price_KOEL": null,
        "price_hvo": null,
        "price_cng": null,
        "price_lng": null
      }
    },
    {
      "type": "Feature",
      "id": 1555,
      "geometry": {
        "type": "Point",
        "coordinates": [
          14.733154,
          45.738688
        ]
      },
      "properties": {
        "pk": 1555,
        "franchise": 2,
        "franchise_name": "MOL & INA d.o.o.",
        "name": "BS MOL RIBNICA",
        "address": "MERHARJEVA ULICA 13",
        "zip_code": "1310",
        "open_hours": "Ponedeljek, Torek, Sreda, Četrtek, Petek, Sobota\n05:00-23:00\n\nNedelja, Praznik\n08:00-20:00\n",
        "direction": "",
        "price_95": 1.623,
        "price_dizel": 1.811,
        "price_98": null,
        "price_100": 1.979,
        "price_dizel-premium": 2.172,
        "price_avtoplin-lpg": null,
        "price_KOEL": null,
        "price_hvo": null,
        "price_cng": null,
        "price_lng": null
      }
    },
    {
      "type": "Feature",
      "id": 1556,
      "geometry": {
        "type": "Point",
        "coordinates": [
          14.218824,
          45.9166669
        ]
      },
      "properties": {
        "pk": 1556,
        "franchise": 2,
        "franchise_name": "MOL & INA d.o.o.",
        "name": "BS MOL LOGATEC",
        "address": "TRŽAŠKA 74A",
        "zip_code": "1370",
        "open_hours": "Ponedeljek, Torek, Sreda, Četrtek, Petek, Sobota\n05:00-23:00\n\nNedelja, Praznik\n08:00-20:00\n",
        "direction": "",
        "price_95": 1.623,
        "price_dizel": 1.811,
        "price_98": null,
        "price_100": 1.979,
        "price_dizel-premium": 2.172,
        "price_avtoplin-lpg": null,
        "price_KOEL": null,
        "price_hvo": null,
        "price_cng": null,
        "price_lng": null
      }
    },
    {
      "type": "Feature",
      "id": 1557,
      "geometry": {
        "type": "Point",
        "coordinates": [
          15.2776158,
          46.2451779
        ]
      },
      "properties": {
        "pk": 1557,
        "franchise": 2,
        "franchise_name": "MOL & INA d.o.o.",
        "name": "BS MOL CELJE, MARIBORSKA",
        "address": "MARIBORSKA CESTA 111",
        "zip_code": "3000",
        "open_hours": "Ponedeljek\n00:00-23:00\n\nTorek, Sreda, Četrtek, Petek, Sobota\n05:00-23:00\n\nNedelja\n08:00-23:59\n\nPraznik\n08:00-20:00\n",
        "direction": "",
        "price_95": 1.623,
        "price_dizel": 1.811,
        "price_98": null,
        "price_100": 1.979,
        "price_dizel-premium": 2.172,
        "price_avtoplin-lpg": null,
        "price_KOEL": null,
        "price_hvo": null,
        "price_cng": null,
        "price_lng": null
      }
    },
    {
      "type": "Feature",
      "id": 1559,
      "geometry": {
        "type": "Point",
        "coordinates": [
          16.51979,
          46.522006
        ]
      },
      "properties": {
        "pk": 1559,
        "franchise": 2,
        "franchise_name": "MOL & INA d.o.o.",
        "name": "BS MOL PINCE",
        "address": "LENDAVSKA CESTA 44 A",
        "zip_code": "9220",
        "open_hours": "00:00-23:59\n",
        "direction": "smer Murska Sobota",
        "price_95": 1.844,
        "price_dizel": 1.998,
        "price_98": null,
        "price_100": 2.169,
        "price_dizel-premium": 2.359,
        "price_avtoplin-lpg": 1.028,
        "price_KOEL": null,
        "price_hvo": null,
        "price_cng": null,
        "price_lng": null
      }
    },
    {
      "type": "Feature",
      "id": 1560,
      "geometry": {
        "type": "Point",
        "coordinates": [
          13.6399226,
          45.9404582
        ]
      },
      "properties": {
        "pk": 1560,
        "franchise": 2,
        "franchise_name": "MOL & INA d.o.o.",
        "name": "BS MOL ROŽNA DOLINA",
        "address": "ULICA ANGELA BESEDNJAKA 8A",
        "zip_code": "5000",
        "open_hours": "00:00-23:59\n",
        "direction": "",
        "price_95": 1.623,
        "price_dizel": 1.811,
        "price_98": null,
        "price_100": 1.979,
        "price_dizel-premium": 2.172,
        "price_avtoplin-lpg": 0.968,
        "price_KOEL": null,
        "price_hvo": null,
        "price_cng": null,
        "price_lng": null
      }
    },
    {
      "type": "Feature",
      "id": 1561,
      "geometry": {
        "type": "Point",
        "coordinates": [
          15.6202679,
          46.5360559
        ]
      },
      "properties": {
        "pk": 1561,
        "franchise": 2,
        "franchise_name": "MOL & INA d.o.o.",
        "name": "BS MOL RADVANJE MARIBOR",
        "address": "STRELIŠKA CESTA 16/A",
        "zip_code": "2000",
        "open_hours": "Ponedeljek, Torek, Sreda, Četrtek, Petek, Sobota\n06:00-22:00\n\nNedelja, Praznik\n08:00-20:00\n",
        "direction": "",
        "price_95": 1.623,
        "price_dizel": 1.811,
        "price_98": null,
        "price_100": 1.979,
        "price_dizel-premium": 2.172,
        "price_avtoplin-lpg": 0.968,
        "price_KOEL": 1.412,
        "price_hvo": null,
        "price_cng": null,
        "price_lng": null
      }
    },
    {
      "type": "Feature",
      "id": 1563,
      "geometry": {
        "type": "Point",
        "coordinates": [
          15.9961534,
          46.6699694
        ]
      },
      "properties": {
        "pk": 1563,
        "franchise": 2,
        "franchise_name": "MOL & INA d.o.o.",
        "name": "BS MOL GORNJA RADGONA",
        "address": "LJUTOMERSKA CESTA 12",
        "zip_code": "",
        "open_hours": "Ponedeljek, Torek, Sreda, Četrtek, Petek, Sobota\n06:00-22:00\n\nNedelja, Praznik\n08:00-20:00\n",
        "direction": "",
        "price_95": 1.623,
        "price_dizel": 1.811,
        "price_98": null,
        "price_100": 1.979,
        "price_dizel-premium": 2.172,
        "price_avtoplin-lpg": null,
        "price_KOEL": null,
        "price_hvo": null,
        "price_cng": null,
        "price_lng": null
      }
    },
    {
      "type": "Feature",
      "id": 1564,
      "geometry": {
        "type": "Point",
        "coordinates": [
          15.6550055,
          46.5005164
        ]
      },
      "properties": {
        "pk": 1564,
        "franchise": 2,
        "franchise_name": "MOL & INA d.o.o.",
        "name": "BS MOL HOČE",
        "address": "MIKLAVŠKA CESTA 80",
        "zip_code": "2311",
        "open_hours": "Ponedeljek, Torek, Sreda, Četrtek, Petek, Sobota\n06:00-22:00\n\nNedelja\n07:00-22:00\n\nPraznik\n08:00-20:00\n",
        "direction": "",
        "price_95": 1.623,
        "price_dizel": 1.811,
        "price_98": null,
        "price_100": 1.979,
        "price_dizel-premium": 2.172,
        "price_avtoplin-lpg": null,
        "price_KOEL": null,
        "price_hvo": null,
        "price_cng": null,
        "price_lng": null
      }
    },
    {
      "type": "Feature",
      "id": 1567,
      "geometry": {
        "type": "Point",
        "coordinates": [
          15.4977882,
          46.5523428
        ]
      },
      "properties": {
        "pk": 1567,
        "franchise": 2,
        "franchise_name": "MOL & INA d.o.o.",
        "name": "BS MOL SELNICA OB DRAVI",
        "address": "MARIBORSKA CESTA 10 C",
        "zip_code": "",
        "open_hours": "01.04.2026 – 14.10.2026\nPonedeljek, Torek, Sreda, Četrtek, Petek, Sobota\n05:00-23:00\n\nNedelja, Praznik\n08:00-20:00\n",
        "direction": "",
        "price_95": 1.623,
        "price_dizel": 1.811,
        "price_98": null,
        "price_100": 1.979,
        "price_dizel-premium": 2.172,
        "price_avtoplin-lpg": null,
        "price_KOEL": null,
        "price_hvo": null,
        "price_cng": null,
        "price_lng": null
      }
    },
    {
      "type": "Feature",
      "id": 1568,
      "geometry": {
        "type": "Point",
        "coordinates": [
          15.8255,
          46.566917
        ]
      },
      "properties": {
        "pk": 1568,
        "franchise": 2,
        "franchise_name": "MOL & INA d.o.o.",
        "name": "BS MOL LORMANJE",
        "address": "LORMANJE 22D",
        "zip_code": "2230",
        "open_hours": "00:00-23:59\n",
        "direction": "smer Maribor",
        "price_95": 1.844,
        "price_dizel": 1.998,
        "price_98": null,
        "price_100": 2.169,
        "price_dizel-premium": 2.359,
        "price_avtoplin-lpg": 1.028,
        "price_KOEL": null,
        "price_hvo": null,
        "price_cng": null,
        "price_lng": null
      }
    },
    {
      "type": "Feature",
      "id": 1571,
      "geometry": {
        "type": "Point",
        "coordinates": [
          15.3918165,
          46.260293
        ]
      },
      "properties": {
        "pk": 1571,
        "franchise": 2,
        "franchise_name": "MOL & INA d.o.o.",
        "name": "BS MOL DRAMLJE",
        "address": "LAZE PRI DRAMLJAH 6B",
        "zip_code": "3222",
        "open_hours": "Ponedeljek, Torek, Sreda, Četrtek, Petek, Sobota\n05:00-22:00\n\nNedelja, Praznik\n08:00-22:00\n",
        "direction": "",
        "price_95": 1.623,
        "price_dizel": 1.811,
        "price_98": null,
        "price_100": 1.979,
        "price_dizel-premium": 2.172,
        "price_avtoplin-lpg": 0.968,
        "price_KOEL": null,
        "price_hvo": null,
        "price_cng": null,
        "price_lng": null
      }
    },
    {
      "type": "Feature",
      "id": 1572,
      "geometry": {
        "type": "Point",
        "coordinates": [
          15.5634657,
          46.2343558
        ]
      },
      "properties": {
        "pk": 1572,
        "franchise": 2,
        "franchise_name": "MOL & INA d.o.o.",
        "name": "BS MOL MESTINJE",
        "address": "MESTINJE 2A",
        "zip_code": "3241",
        "open_hours": "Ponedeljek, Torek, Sreda, Četrtek, Petek, Sobota\n06:00-22:00\n\nNedelja, Praznik\n08:00-20:00\n",
        "direction": "",
        "price_95": 1.623,
        "price_dizel": 1.811,
        "price_98": null,
        "price_100": 1.979,
        "price_dizel-premium": 2.172,
        "price_avtoplin-lpg": null,
        "price_KOEL": null,
        "price_hvo": null,
        "price_cng": null,
        "price_lng": null
      }
    },
    {
      "type": "Feature",
      "id": 1575,
      "geometry": {
        "type": "Point",
        "coordinates": [
          15.036667,
          46.5695
        ]
      },
      "properties": {
        "pk": 1575,
        "franchise": 2,
        "franchise_name": "MOL & INA d.o.o.",
        "name": "BS MOL OTIŠKI VRH",
        "address": "OTIŠKI VRH 52",
        "zip_code": "2373",
        "open_hours": "01.09.2025 – \nSobota\n06:00-23:00\n\nPonedeljek, Torek, Sreda, Četrtek, Petek\n05:00-23:00\n\nNedelja, Praznik\n07:00-22:00\n",
        "direction": "",
        "price_95": 1.623,
        "price_dizel": 1.811,
        "price_98": null,
        "price_100": 1.979,
        "price_dizel-premium": 2.172,
        "price_avtoplin-lpg": null,
        "price_KOEL": null,
        "price_hvo": null,
        "price_cng": null,
        "price_lng": null
      }
    },
    {
      "type": "Feature",
      "id": 1576,
      "geometry": {
        "type": "Point",
        "coordinates": [
          15.674833,
          46.546333
        ]
      },
      "properties": {
        "pk": 1576,
        "franchise": 2,
        "franchise_name": "MOL & INA d.o.o.",
        "name": "BS MOL POBREŽJE MARIBOR",
        "address": "ULICA VELJKA VLAHOVIČA 8",
        "zip_code": "2000",
        "open_hours": "Ponedeljek, Torek, Sreda, Četrtek, Petek, Sobota\n06:00-22:00\n\nNedelja, Praznik\n08:00-20:00\n",
        "direction": "",
        "price_95": 1.623,
        "price_dizel": 1.811,
        "price_98": null,
        "price_100": 1.979,
        "price_dizel-premium": 2.172,
        "price_avtoplin-lpg": null,
        "price_KOEL": null,
        "price_hvo": null,
        "price_cng": null,
        "price_lng": null
      }
    },
    {
      "type": "Feature",
      "id": 1579,
      "geometry": {
        "type": "Point",
        "coordinates": [
          15.652583,
          46.677917
        ]
      },
      "properties": {
        "pk": 1579,
        "franchise": 2,
        "franchise_name": "MOL & INA d.o.o.",
        "name": "BS MOL ŠENTILJ",
        "address": "MARIBORSKA CESTA 6",
        "zip_code": "",
        "open_hours": "Nedelja, Praznik\n08:00-20:00\n\nPonedeljek, Torek, Sreda, Četrtek, Petek, Sobota\n06:00-22:00\n",
        "direction": "",
        "price_95": 1.623,
        "price_dizel": 1.811,
        "price_98": null,
        "price_100": 1.979,
        "price_dizel-premium": 2.172,
        "price_avtoplin-lpg": null,
        "price_KOEL": null,
        "price_hvo": null,
        "price_cng": null,
        "price_lng": null
      }
    },
    {
      "type": "Feature",
      "id": 1580,
      "geometry": {
        "type": "Point",
        "coordinates": [
          15.88666,
          46.421507
        ]
      },
      "properties": {
        "pk": 1580,
        "franchise": 2,
        "franchise_name": "MOL & INA d.o.o.",
        "name": "BS MOL PTUJ",
        "address": "PUHOVA ULICA 18A",
        "zip_code": "2250",
        "open_hours": "Ponedeljek, Torek, Sreda, Četrtek, Petek, Sobota\n06:00-22:00\n\nNedelja, Praznik\n08:00-22:00\n",
        "direction": "",
        "price_95": 1.623,
        "price_dizel": 1.811,
        "price_98": null,
        "price_100": 1.979,
        "price_dizel-premium": 2.172,
        "price_avtoplin-lpg": 0.968,
        "price_KOEL": null,
        "price_hvo": null,
        "price_cng": null,
        "price_lng": null
      }
    },
    {
      "type": "Feature",
      "id": 1581,
      "geometry": {
        "type": "Point",
        "coordinates": [
          15.0066052,
          46.1110129
        ]
      },
      "properties": {
        "pk": 1581,
        "franchise": 2,
        "franchise_name": "MOL & INA d.o.o.",
        "name": "BS MOL ZASAVJE",
        "address": "ZAVRŠJE 30",
        "zip_code": "",
        "open_hours": "Ponedeljek, Torek, Sreda, Četrtek, Petek, Sobota\n05:00-21:00\n\nNedelja, Praznik\n08:00-20:00\n",
        "direction": "",
        "price_95": 1.623,
        "price_dizel": 1.811,
        "price_98": null,
        "price_100": 1.979,
        "price_dizel-premium": 2.172,
        "price_avtoplin-lpg": 0.968,
        "price_KOEL": null,
        "price_hvo": null,
        "price_cng": null,
        "price_lng": null
      }
    },
    {
      "type": "Feature",
      "id": 1587,
      "geometry": {
        "type": "Point",
        "coordinates": [
          15.026208,
          46.311732
        ]
      },
      "properties": {
        "pk": 1587,
        "franchise": 2,
        "franchise_name": "MOL & INA d.o.o.",
        "name": "BS MOL LETUŠ",
        "address": "LETUŠ 11 D",
        "zip_code": "3327",
        "open_hours": "Januar / Februar / Marec / April / Oktober / November / December\nPonedeljek, Torek, Sreda, Četrtek, Petek\n06:00-21:00\n\nJanuar / Februar / Marec / April / Oktober / November / December\nSobota\n07:00-21:00\n\nMaj / Junij / Julij / Avgust / September\nPonedeljek, Torek, Sreda, Četrtek, Petek\n06:00-21:30\n\nMaj / Junij / Julij / Avgust / September\nSobota\n07:00-21:30\n\nNedelja, Praznik\n08:00-20:00\n",
        "direction": "",
        "price_95": 1.623,
        "price_dizel": 1.811,
        "price_98": null,
        "price_100": 1.979,
        "price_dizel-premium": 2.172,
        "price_avtoplin-lpg": null,
        "price_KOEL": null,
        "price_hvo": null,
        "price_cng": null,
        "price_lng": null
      }
    },
    {
      "type": "Feature",
      "id": 1590,
      "geometry": {
        "type": "Point",
        "coordinates": [
          14.530471,
          46.01729
        ]
      },
      "properties": {
        "pk": 1590,
        "franchise": 2,
        "franchise_name": "MOL & INA d.o.o.",
        "name": "BS MOL RUDNIK",
        "address": "PREMRLOVA ULICA 10",
        "zip_code": "1000",
        "open_hours": "Ponedeljek, Torek, Sreda, Četrtek, Petek\n06:00-22:00\n\nSobota\n07:00-22:00\n\nNedelja, Praznik\n08:00-16:00\n",
        "direction": "",
        "price_95": 1.623,
        "price_dizel": 1.811,
        "price_98": null,
        "price_100": 1.979,
        "price_dizel-premium": 2.172,
        "price_avtoplin-lpg": null,
        "price_KOEL": null,
        "price_hvo": null,
        "price_cng": null,
        "price_lng": null
      }
    },
    {
      "type": "Feature",
      "id": 1591,
      "geometry": {
        "type": "Point",
        "coordinates": [
          14.487635,
          46.185997
        ]
      },
      "properties": {
        "pk": 1591,
        "franchise": 2,
        "franchise_name": "MOL & INA d.o.o.",
        "name": "BS MOL VODICE",
        "address": "ŠKOFJELOŠKA CESTA 14",
        "zip_code": "",
        "open_hours": "Ponedeljek, Torek, Sreda, Četrtek, Petek, Sobota\n06:00-22:00\n\nNedelja, Praznik\n08:00-20:00\n",
        "direction": "",
        "price_95": 1.623,
        "price_dizel": 1.811,
        "price_98": null,
        "price_100": 1.979,
        "price_dizel-premium": 2.172,
        "price_avtoplin-lpg": null,
        "price_KOEL": null,
        "price_hvo": null,
        "price_cng": null,
        "price_lng": null
      }
    },
    {
      "type": "Feature",
      "id": 1592,
      "geometry": {
        "type": "Point",
        "coordinates": [
          13.905018,
          45.880481
        ]
      },
      "properties": {
        "pk": 1592,
        "franchise": 2,
        "franchise_name": "MOL & INA d.o.o.",
        "name": "BS MOL AJDOVŠČINA",
        "address": "Mirce 10",
        "zip_code": "5270",
        "open_hours": "Januar / Februar / Marec / April / Oktober / November / December\nPonedeljek, Torek, Sreda, Četrtek, Petek\n06:00-21:00\n\nJanuar / Februar / Marec / April / Oktober / November / December\nSobota\n07:00-21:00\n\nMaj / Junij / Julij / Avgust / September\nPonedeljek, Torek, Sreda, Četrtek, Petek\n06:00-22:00\n\nMaj / Junij / Julij / Avgust / September\nSobota\n07:00-22:00\n\nNedelja, Praznik\n08:00-20:00\n",
        "direction": "",
        "price_95": 1.623,
        "price_dizel": 1.811,
        "price_98": null,
        "price_100": 1.979,
        "price_dizel-premium": 2.172,
        "price_avtoplin-lpg": null,
        "price_KOEL": null,
        "price_hvo": null,
        "price_cng": null,
        "price_lng": null
      }
    },
    {
      "type": "Feature",
      "id": 1593,
      "geometry": {
        "type": "Point",
        "coordinates": [
          14.550083,
          46.062837
        ]
      },
      "properties": {
        "pk": 1593,
        "franchise": 2,
        "franchise_name": "MOL & INA d.o.o.",
        "name": "BS MOL BRATISLAVSKA",
        "address": "BRATISALVSKA CESTA 11",
        "zip_code": "1000",
        "open_hours": "Ponedeljek, Torek, Sreda, Četrtek, Petek, Sobota\n06:00-22:00\n\nNedelja, Praznik\n08:00-16:00\n",
        "direction": "",
        "price_95": 1.623,
        "price_dizel": 1.811,
        "price_98": null,
        "price_100": 1.979,
        "price_dizel-premium": 2.172,
        "price_avtoplin-lpg": 0.968,
        "price_KOEL": null,
        "price_hvo": null,
        "price_cng": null,
        "price_lng": null
      }
    },
    {
      "type": "Feature",
      "id": 1921,
      "geometry": {
        "type": "Point",
        "coordinates": [
          15.64633113,
          46.53769944
        ]
      },
      "properties": {
        "pk": 1921,
        "franchise": 1,
        "franchise_name": "Petrol d.d., Ljubljana",
        "name": "PETROL MARIBOR - TRŽAŠKA 36",
        "address": "TRŽAŠKA CESTA 36",
        "zip_code": "2000",
        "open_hours": "00:00-23:59\n",
        "direction": "Maribor -> Ljubljana",
        "price_95": 1.623,
        "price_dizel": 1.811,
        "price_98": null,
        "price_100": 1.983,
        "price_dizel-premium": null,
        "price_avtoplin-lpg": null,
        "price_KOEL": null,
        "price_hvo": null,
        "price_cng": null,
        "price_lng": null
      }
    },
    {
      "type": "Feature",
      "id": 1922,
      "geometry": {
        "type": "Point",
        "coordinates": [
          15.65508386,
          46.5573545
        ]
      },
      "properties": {
        "pk": 1922,
        "franchise": 1,
        "franchise_name": "Petrol d.d., Ljubljana",
        "name": "PETROL MARIBOR - MLINSKA",
        "address": "MLINSKA ULICA 33",
        "zip_code": "2000",
        "open_hours": "Ponedeljek, Torek, Sreda, Četrtek, Petek\n08:00-11:30, 12:00-16:00\n\nSobota\n08:00-11:30, 12:00-14:00\n",
        "direction": "",
        "price_95": 1.623,
        "price_dizel": 1.811,
        "price_98": null,
        "price_100": null,
        "price_dizel-premium": null,
        "price_avtoplin-lpg": null,
        "price_KOEL": 1.412,
        "price_hvo": null,
        "price_cng": null,
        "price_lng": null
      }
    },
    {
      "type": "Feature",
      "id": 1923,
      "geometry": {
        "type": "Point",
        "coordinates": [
          15.64986497,
          46.68509786
        ]
      },
      "properties": {
        "pk": 1923,
        "franchise": 1,
        "franchise_name": "Petrol d.d., Ljubljana",
        "name": "PETROL ŠENTILJ AC - ZAHOD",
        "address": "CESTA 2. JULIJA 19",
        "zip_code": "2212",
        "open_hours": "00:00-23:59\n",
        "direction": "Maribor -> Ljubljana",
        "price_95": 1.79,
        "price_dizel": 1.95,
        "price_98": null,
        "price_100": 2.104,
        "price_dizel-premium": null,
        "price_avtoplin-lpg": 1.036,
        "price_KOEL": null,
        "price_hvo": null,
        "price_cng": null,
        "price_lng": null
      }
    },
    {
      "type": "Feature",
      "id": 1924,
      "geometry": {
        "type": "Point",
        "coordinates": [
          15.66655604,
          46.53249876
        ]
      },
      "properties": {
        "pk": 1924,
        "franchise": 1,
        "franchise_name": "Petrol d.d., Ljubljana",
        "name": "PETROL MARIBOR - PTUJSKA 136",
        "address": "PTUJSKA CESTA 136",
        "zip_code": "2000",
        "open_hours": "Ponedeljek, Torek, Sreda, Četrtek, Petek\n06:00-19:00\n\nSobota\n08:00-18:00\n",
        "direction": "",
        "price_95": 1.623,
        "price_dizel": 1.811,
        "price_98": null,
        "price_100": null,
        "price_dizel-premium": null,
        "price_avtoplin-lpg": null,
        "price_KOEL": 1.412,
        "price_hvo": null,
        "price_cng": null,
        "price_lng": null
      }
    },
    {
      "type": "Feature",
      "id": 1925,
      "geometry": {
        "type": "Point",
        "coordinates": [
          15.633782,
          46.555036
        ]
      },
      "properties": {
        "pk": 1925,
        "franchise": 1,
        "franchise_name": "Petrol d.d., Ljubljana",
        "name": "PETROL MARIBOR - VALVASORJEVA",
        "address": "VALVASORJEVA ULICA 51",
        "zip_code": "2000",
        "open_hours": "Ponedeljek, Torek, Sreda, Četrtek, Petek\n06:00-20:00\n\nSobota\n07:00-20:00\n\nNedelja, Praznik\n08:00-19:00\n",
        "direction": "",
        "price_95": 1.623,
        "price_dizel": 1.811,
        "price_98": null,
        "price_100": null,
        "price_dizel-premium": null,
        "price_avtoplin-lpg": null,
        "price_KOEL": 1.412,
        "price_hvo": null,
        "price_cng": null,
        "price_lng": null
      }
    },
    {
      "type": "Feature",
      "id": 1926,
      "geometry": {
        "type": "Point",
        "coordinates": [
          15.5654534,
          46.38470725
        ]
      },
      "properties": {
        "pk": 1926,
        "franchise": 1,
        "franchise_name": "Petrol d.d., Ljubljana",
        "name": "PETROL SLOVENSKA BISTRICA - LJUBLJANSKA ZAHOD",
        "address": "LJUBLJANSKA CESTA 74",
        "zip_code": "2310",
        "open_hours": "Ponedeljek, Torek, Sreda, Četrtek, Petek\n06:00-21:00\n\nSobota\n07:00-21:00\n\nNedelja, Praznik\n08:00-20:00\n",
        "direction": "",
        "price_95": 1.623,
        "price_dizel": 1.811,
        "price_98": null,
        "price_100": null,
        "price_dizel-premium": null,
        "price_avtoplin-lpg": null,
        "price_KOEL": 1.412,
        "price_hvo": null,
        "price_cng": null,
        "price_lng": null
      }
    },
    {
      "type": "Feature",
      "id": 1927,
      "geometry": {
        "type": "Point",
        "coordinates": [
          15.62682805,
          46.56386643
        ]
      },
      "properties": {
        "pk": 1927,
        "franchise": 1,
        "franchise_name": "Petrol d.d., Ljubljana",
        "name": "PETROL MARIBOR - GOSPOSVETSKA SEVER",
        "address": "GOSPOSVETSKA CESTA 92",
        "zip_code": "2000",
        "open_hours": "Ponedeljek, Torek, Sreda, Četrtek, Petek\n07:00-21:00\n\nSobota\n07:00-21:00\n\nNedelja, Praznik\n08:00-19:00\n",
        "direction": "",
        "price_95": 1.623,
        "price_dizel": 1.811,
        "price_98": null,
        "price_100": null,
        "price_dizel-premium": null,
        "price_avtoplin-lpg": null,
        "price_KOEL": null,
        "price_hvo": null,
        "price_cng": null,
        "price_lng": null
      }
    },
    {
      "type": "Feature",
      "id": 1928,
      "geometry": {
        "type": "Point",
        "coordinates": [
          13.64164681,
          45.96778633
        ]
      },
      "properties": {
        "pk": 1928,
        "franchise": 1,
        "franchise_name": "Petrol d.d., Ljubljana",
        "name": "PETROL SOLKAN",
        "address": "CESTA IX. KORPUSA 67",
        "zip_code": "5250",
        "open_hours": "Ponedeljek, Torek, Sreda, Četrtek, Petek\n07:00-20:00\n\nSobota\n07:00-20:00\n\nNedelja, Praznik\n08:00-20:00\n",
        "direction": "",
        "price_95": 1.623,
        "price_dizel": 1.811,
        "price_98": null,
        "price_100": 1.983,
        "price_dizel-premium": null,
        "price_avtoplin-lpg": null,
        "price_KOEL": 1.412,
        "price_hvo": null,
        "price_cng": null,
        "price_lng": null
      }
    },
    {
      "type": "Feature",
      "id": 1929,
      "geometry": {
        "type": "Point",
        "coordinates": [
          15.65925818,
          46.56486151
        ]
      },
      "properties": {
        "pk": 1929,
        "franchise": 1,
        "franchise_name": "Petrol d.d., Ljubljana",
        "name": "PETROL MARIBOR - PARTIZANSKA",
        "address": "PARTIZANSKA CESTA 58",
        "zip_code": "2000",
        "open_hours": "Ponedeljek, Torek, Sreda, Četrtek, Petek\n06:00-21:00\n\nSobota\n06:00-21:00\n\nNedelja, Praznik\n07:00-21:00\n",
        "direction": "",
        "price_95": 1.623,
        "price_dizel": 1.811,
        "price_98": null,
        "price_100": 1.983,
        "price_dizel-premium": null,
        "price_avtoplin-lpg": null,
        "price_KOEL": 1.412,
        "price_hvo": null,
        "price_cng": null,
        "price_lng": null
      }
    },
    {
      "type": "Feature",
      "id": 1930,
      "geometry": {
        "type": "Point",
        "coordinates": [
          15.66759889,
          46.53248364
        ]
      },
      "properties": {
        "pk": 1930,
        "franchise": 1,
        "franchise_name": "Petrol d.d., Ljubljana",
        "name": "PETROL MARIBOR - PTUJSKA 111",
        "address": "PTUJSKA CESTA 111",
        "zip_code": "2000",
        "open_hours": "Začasno zaprto do 20. september 2026",
        "direction": "",
        "price_95": null,
        "price_dizel": null,
        "price_98": null,
        "price_100": null,
        "price_dizel-premium": null,
        "price_avtoplin-lpg": null,
        "price_KOEL": null,
        "price_hvo": null,
        "price_cng": null,
        "price_lng": null
      }
    },
    {
      "type": "Feature",
      "id": 1931,
      "geometry": {
        "type": "Point",
        "coordinates": [
          15.51724169,
          46.54026886
        ]
      },
      "properties": {
        "pk": 1931,
        "franchise": 1,
        "franchise_name": "Petrol d.d., Ljubljana",
        "name": "PETROL RUŠE",
        "address": "INDUSTRIJSKA ULICA 4",
        "zip_code": "2342",
        "open_hours": "Ponedeljek, Torek, Sreda, Četrtek, Petek\n06:00-20:00\n\nSobota\n07:00-20:00\n\nNedelja, Praznik\n07:00-18:00\n",
        "direction": "",
        "price_95": 1.623,
        "price_dizel": 1.811,
        "price_98": null,
        "price_100": null,
        "price_dizel-premium": null,
        "price_avtoplin-lpg": null,
        "price_KOEL": 1.412,
        "price_hvo": null,
        "price_cng": null,
        "price_lng": null
      }
    },
    {
      "type": "Feature",
      "id": 1932,
      "geometry": {
        "type": "Point",
        "coordinates": [
          15.65879604,
          46.39511839
        ]
      },
      "properties": {
        "pk": 1932,
        "franchise": 1,
        "franchise_name": "Petrol d.d., Ljubljana",
        "name": "PETROL PRAGERSKO",
        "address": "PTUJSKA CESTA 20",
        "zip_code": "2331",
        "open_hours": "Ponedeljek, Torek, Sreda, Četrtek, Petek\n07:00-20:00\n\nSobota\n07:00-20:00\n\nNedelja, Praznik\n08:30-12:00\n",
        "direction": "",
        "price_95": 1.623,
        "price_dizel": 1.811,
        "price_98": null,
        "price_100": null,
        "price_dizel-premium": null,
        "price_avtoplin-lpg": null,
        "price_KOEL": 1.412,
        "price_hvo": null,
        "price_cng": null,
        "price_lng": null
      }
    },
    {
      "type": "Feature",
      "id": 1933,
      "geometry": {
        "type": "Point",
        "coordinates": [
          15.67336264,
          46.45289915
        ]
      },
      "properties": {
        "pk": 1933,
        "franchise": 1,
        "franchise_name": "Petrol d.d., Ljubljana",
        "name": "PETROL RAČE",
        "address": "LJUBLJANSKA CESTA 22",
        "zip_code": "2327",
        "open_hours": "Ponedeljek, Torek, Sreda, Četrtek, Petek\n06:00-20:00\n\nSobota\n07:00-20:00\n\nNedelja, Praznik\n08:00-13:00\n",
        "direction": "",
        "price_95": 1.623,
        "price_dizel": 1.811,
        "price_98": null,
        "price_100": null,
        "price_dizel-premium": null,
        "price_avtoplin-lpg": null,
        "price_KOEL": 1.412,
        "price_hvo": null,
        "price_cng": null,
        "price_lng": null
      }
    },
    {
      "type": "Feature",
      "id": 1934,
      "geometry": {
        "type": "Point",
        "coordinates": [
          15.64785997,
          46.54123587
        ]
      },
      "properties": {
        "pk": 1934,
        "franchise": 1,
        "franchise_name": "Petrol d.d., Ljubljana",
        "name": "PETROL MARIBOR - TRŽAŠKA 10",
        "address": "TRŽAŠKA CESTA 10",
        "zip_code": "2000",
        "open_hours": "Ponedeljek, Torek, Sreda, Četrtek, Petek\n07:00-21:00\n\nSobota\n07:00-20:00\n\nNedelja, Praznik\n08:00-20:00\n",
        "direction": "",
        "price_95": 1.623,
        "price_dizel": 1.811,
        "price_98": null,
        "price_100": null,
        "price_dizel-premium": null,
        "price_avtoplin-lpg": null,
        "price_KOEL": null,
        "price_hvo": null,
        "price_cng": null,
        "price_lng": null
      }
    },
    {
      "type": "Feature",
      "id": 1935,
      "geometry": {
        "type": "Point",
        "coordinates": [
          13.64146317,
          45.92923326
        ]
      },
      "properties": {
        "pk": 1935,
        "franchise": 1,
        "franchise_name": "Petrol d.d., Ljubljana",
        "name": "PETROL ŠEMPETER PRI GORICI - PADLIH BORCEV",
        "address": "ULICA PADLIH BORCEV 2",
        "zip_code": "5290",
        "open_hours": "Ponedeljek, Torek, Sreda, Četrtek, Petek\n07:00-20:00\n\nSobota\n07:00-20:00\n",
        "direction": "",
        "price_95": 1.623,
        "price_dizel": 1.811,
        "price_98": null,
        "price_100": 1.983,
        "price_dizel-premium": null,
        "price_avtoplin-lpg": null,
        "price_KOEL": 1.412,
        "price_hvo": null,
        "price_cng": null,
        "price_lng": null
      }
    },
    {
      "type": "Feature",
      "id": 1936,
      "geometry": {
        "type": "Point",
        "coordinates": [
          15.66080301,
          46.67188025
        ]
      },
      "properties": {
        "pk": 1936,
        "franchise": 1,
        "franchise_name": "Petrol d.d., Ljubljana",
        "name": "PETROL ŠENTILJ - MARIBORSKA",
        "address": "MARIBORSKA CESTA 49",
        "zip_code": "2212",
        "open_hours": "Ponedeljek, Torek, Sreda, Četrtek, Petek\n06:00-20:00\n\nSobota\n07:00-19:00\n\nNedelja, Praznik\n07:00-18:00\n",
        "direction": "",
        "price_95": 1.623,
        "price_dizel": 1.811,
        "price_98": null,
        "price_100": null,
        "price_dizel-premium": null,
        "price_avtoplin-lpg": null,
        "price_KOEL": 1.412,
        "price_hvo": null,
        "price_cng": null,
        "price_lng": null
      }
    },
    {
      "type": "Feature",
      "id": 1937,
      "geometry": {
        "type": "Point",
        "coordinates": [
          15.76300861,
          46.46753906
        ]
      },
      "properties": {
        "pk": 1937,
        "franchise": 1,
        "franchise_name": "Petrol d.d., Ljubljana",
        "name": "PETROL STARŠE",
        "address": "STARŠE 78A",
        "zip_code": "2205",
        "open_hours": "Ponedeljek, Torek, Sreda, Četrtek, Petek\n07:00-20:00\n\nSobota\n07:00-20:00\n",
        "direction": "",
        "price_95": 1.623,
        "price_dizel": 1.811,
        "price_98": null,
        "price_100": null,
        "price_dizel-premium": null,
        "price_avtoplin-lpg": null,
        "price_KOEL": 1.412,
        "price_hvo": null,
        "price_cng": null,
        "price_lng": null
      }
    },
    {
      "type": "Feature",
      "id": 1938,
      "geometry": {
        "type": "Point",
        "coordinates": [
          15.577384,
          46.309005
        ]
      },
      "properties": {
        "pk": 1938,
        "franchise": 1,
        "franchise_name": "Petrol d.d., Ljubljana",
        "name": "PETROL POLJČANE",
        "address": "BISTRIŠKA CESTA 93",
        "zip_code": "2319",
        "open_hours": "Ponedeljek, Torek, Sreda, Četrtek, Petek\n06:00-20:00\n\nSobota\n07:00-20:00\n\nNedelja, Praznik\n08:00-13:00\n",
        "direction": "",
        "price_95": 1.623,
        "price_dizel": 1.811,
        "price_98": null,
        "price_100": null,
        "price_dizel-premium": null,
        "price_avtoplin-lpg": null,
        "price_KOEL": 1.412,
        "price_hvo": null,
        "price_cng": null,
        "price_lng": null
      }
    },
    {
      "type": "Feature",
      "id": 1939,
      "geometry": {
        "type": "Point",
        "coordinates": [
          15.654919,
          46.482509
        ]
      },
      "properties": {
        "pk": 1939,
        "franchise": 1,
        "franchise_name": "Petrol d.d., Ljubljana",
        "name": "PETROL SLIVNICA ZAHOD",
        "address": "POT K ČRPALKI 5",
        "zip_code": "2312",
        "open_hours": "Ponedeljek, Torek, Sreda, Četrtek, Petek\n06:00-20:00\n\nSobota\n06:00-20:00\n\nNedelja, Praznik\n07:00-20:00\n",
        "direction": "",
        "price_95": 1.623,
        "price_dizel": 1.811,
        "price_98": null,
        "price_100": null,
        "price_dizel-premium": null,
        "price_avtoplin-lpg": null,
        "price_KOEL": 1.412,
        "price_hvo": null,
        "price_cng": null,
        "price_lng": null
      }
    },
    {
      "type": "Feature",
      "id": 1940,
      "geometry": {
        "type": "Point",
        "coordinates": [
          15.62652364,
          46.56349021
        ]
      },
      "properties": {
        "pk": 1940,
        "franchise": 1,
        "franchise_name": "Petrol d.d., Ljubljana",
        "name": "PETROL MARIBOR - GOSPOSVETSKA JUG",
        "address": "GOSPOSVETSKA CESTA 81",
        "zip_code": "2000",
        "open_hours": "Ponedeljek, Torek, Sreda, Četrtek, Petek\n06:00-19:00\n\nSobota\n07:00-17:00\n",
        "direction": "",
        "price_95": 1.623,
        "price_dizel": 1.811,
        "price_98": null,
        "price_100": null,
        "price_dizel-premium": null,
        "price_avtoplin-lpg": null,
        "price_KOEL": 1.412,
        "price_hvo": null,
        "price_cng": null,
        "price_lng": null
      }
    },
    {
      "type": "Feature",
      "id": 1941,
      "geometry": {
        "type": "Point",
        "coordinates": [
          15.448916,
          46.38403
        ]
      },
      "properties": {
        "pk": 1941,
        "franchise": 1,
        "franchise_name": "Petrol d.d., Ljubljana",
        "name": "PETROL OPLOTNICA",
        "address": "PARTIZANSKA CESTA 31",
        "zip_code": "2317",
        "open_hours": "Ponedeljek, Torek, Sreda, Četrtek, Petek\n07:00-20:00\n\nSobota\n07:00-16:00\n\nNedelja, Praznik\n08:00-15:00\n",
        "direction": "",
        "price_95": 1.623,
        "price_dizel": 1.811,
        "price_98": null,
        "price_100": null,
        "price_dizel-premium": null,
        "price_avtoplin-lpg": null,
        "price_KOEL": 1.412,
        "price_hvo": null,
        "price_cng": null,
        "price_lng": null
      }
    },
    {
      "type": "Feature",
      "id": 1942,
      "geometry": {
        "type": "Point",
        "coordinates": [
          15.4860149,
          46.54934191
        ]
      },
      "properties": {
        "pk": 1942,
        "franchise": 1,
        "franchise_name": "Petrol d.d., Ljubljana",
        "name": "PETROL SELNICA OB DRAVI",
        "address": "MARIBORSKA CESTA 46",
        "zip_code": "2352",
        "open_hours": "Ponedeljek, Torek, Sreda, Četrtek, Petek\n06:00-20:00\n\nSobota\n06:00-19:00\n\nNedelja, Praznik\n08:00-18:00\n",
        "direction": "",
        "price_95": 1.623,
        "price_dizel": 1.811,
        "price_98": null,
        "price_100": 1.983,
        "price_dizel-premium": null,
        "price_avtoplin-lpg": null,
        "price_KOEL": 1.412,
        "price_hvo": null,
        "price_cng": null,
        "price_lng": null
      }
    },
    {
      "type": "Feature",
      "id": 1943,
      "geometry": {
        "type": "Point",
        "coordinates": [
          15.630002,
          46.551953
        ]
      },
      "properties": {
        "pk": 1943,
        "franchise": 1,
        "franchise_name": "Petrol d.d., Ljubljana",
        "name": "PETROL MARIBOR - NA POLJANAH",
        "address": "NA POLJANAH 10",
        "zip_code": "2000",
        "open_hours": "Ponedeljek, Torek, Sreda, Četrtek, Petek\n06:00-23:00\n\nSobota\n06:00-23:00\n\nNedelja, Praznik\n07:00-22:00\n",
        "direction": "",
        "price_95": 1.623,
        "price_dizel": 1.811,
        "price_98": null,
        "price_100": 1.983,
        "price_dizel-premium": null,
        "price_avtoplin-lpg": 0.976,
        "price_KOEL": 1.412,
        "price_hvo": null,
        "price_cng": null,
        "price_lng": null
      }
    },
    {
      "type": "Feature",
      "id": 1944,
      "geometry": {
        "type": "Point",
        "coordinates": [
          15.40182431,
          46.54696377
        ]
      },
      "properties": {
        "pk": 1944,
        "franchise": 1,
        "franchise_name": "Petrol d.d., Ljubljana",
        "name": "PETROL LOVRENC NA POHORJU",
        "address": "MARIBORSKA CESTA 43",
        "zip_code": "2344",
        "open_hours": "Začasno zaprto do 20. september 2026",
        "direction": "",
        "price_95": null,
        "price_dizel": null,
        "price_98": null,
        "price_100": null,
        "price_dizel-premium": null,
        "price_avtoplin-lpg": null,
        "price_KOEL": null,
        "price_hvo": null,
        "price_cng": null,
        "price_lng": null
      }
    },
    {
      "type": "Feature",
      "id": 1945,
      "geometry": {
        "type": "Point",
        "coordinates": [
          15.65055471,
          46.6859127
        ]
      },
      "properties": {
        "pk": 1945,
        "franchise": 1,
        "franchise_name": "Petrol d.d., Ljubljana",
        "name": "PETROL ŠENTILJ AC - VZHOD",
        "address": "CESTA 2. JULIJA 22",
        "zip_code": "2212",
        "open_hours": "00:00-23:59\n",
        "direction": "",
        "price_95": 1.79,
        "price_dizel": 1.95,
        "price_98": null,
        "price_100": 2.104,
        "price_dizel-premium": null,
        "price_avtoplin-lpg": 1.036,
        "price_KOEL": null,
        "price_hvo": null,
        "price_cng": null,
        "price_lng": null
      }
    },
    {
      "type": "Feature",
      "id": 1946,
      "geometry": {
        "type": "Point",
        "coordinates": [
          16.277736,
          46.394433
        ]
      },
      "properties": {
        "pk": 1946,
        "franchise": 1,
        "franchise_name": "Petrol d.d., Ljubljana",
        "name": "PETROL SREDIŠČE OB DRAVI",
        "address": "SLOVENSKA CESTA 91A",
        "zip_code": "2277",
        "open_hours": "Začasno zaprto do 20. september 2026",
        "direction": "",
        "price_95": null,
        "price_dizel": null,
        "price_98": null,
        "price_100": null,
        "price_dizel-premium": null,
        "price_avtoplin-lpg": null,
        "price_KOEL": null,
        "price_hvo": null,
        "price_cng": null,
        "price_lng": null
      }
    },
    {
      "type": "Feature",
      "id": 1947,
      "geometry": {
        "type": "Point",
        "coordinates": [
          13.649495,
          45.962335
        ]
      },
      "properties": {
        "pk": 1947,
        "franchise": 1,
        "franchise_name": "Petrol d.d., Ljubljana",
        "name": "PETROL NOVA GORICA - VOJKOVA VZHOD",
        "address": "VOJKOVA CESTA 51",
        "zip_code": "5000",
        "open_hours": "06:00-23:00\n",
        "direction": "",
        "price_95": 1.623,
        "price_dizel": 1.811,
        "price_98": null,
        "price_100": 1.983,
        "price_dizel-premium": null,
        "price_avtoplin-lpg": null,
        "price_KOEL": 1.412,
        "price_hvo": null,
        "price_cng": null,
        "price_lng": null
      }
    },
    {
      "type": "Feature",
      "id": 1948,
      "geometry": {
        "type": "Point",
        "coordinates": [
          15.985636,
          46.41689
        ]
      },
      "properties": {
        "pk": 1948,
        "franchise": 1,
        "franchise_name": "Petrol d.d., Ljubljana",
        "name": "PETROL MOŠKANJCI",
        "address": "MOŠKANJCI 1G",
        "zip_code": "2272",
        "open_hours": "06:00-21:00\n",
        "direction": "",
        "price_95": 1.623,
        "price_dizel": 1.811,
        "price_98": null,
        "price_100": null,
        "price_dizel-premium": 2.169,
        "price_avtoplin-lpg": 0.976,
        "price_KOEL": 1.412,
        "price_hvo": null,
        "price_cng": null,
        "price_lng": null
      }
    },
    {
      "type": "Feature",
      "id": 1949,
      "geometry": {
        "type": "Point",
        "coordinates": [
          15.880214,
          46.326604
        ]
      },
      "properties": {
        "pk": 1949,
        "franchise": 1,
        "franchise_name": "Petrol d.d., Ljubljana",
        "name": "PETROL PODLEHNIK AC - VZHOD",
        "address": "STANOŠINA 35",
        "zip_code": "2286",
        "open_hours": "00:00-23:59\n",
        "direction": "",
        "price_95": 1.79,
        "price_dizel": 1.95,
        "price_98": null,
        "price_100": 2.104,
        "price_dizel-premium": 2.291,
        "price_avtoplin-lpg": 1.036,
        "price_KOEL": null,
        "price_hvo": null,
        "price_cng": null,
        "price_lng": null
      }
    },
    {
      "type": "Feature",
      "id": 1950,
      "geometry": {
        "type": "Point",
        "coordinates": [
          14.02764615,
          46.00620792
        ]
      },
      "properties": {
        "pk": 1950,
        "franchise": 1,
        "franchise_name": "Petrol d.d., Ljubljana",
        "name": "PETROL IDRIJA",
        "address": "VOJKOVA ULICA 27",
        "zip_code": "5280",
        "open_hours": "Ponedeljek, Torek, Sreda, Četrtek, Petek\n05:30-21:00\n\nSobota\n06:00-21:00\n\nNedelja, Praznik\n07:00-21:00\n",
        "direction": "",
        "price_95": 1.623,
        "price_dizel": 1.811,
        "price_98": null,
        "price_100": 1.983,
        "price_dizel-premium": 2.169,
        "price_avtoplin-lpg": null,
        "price_KOEL": 1.412,
        "price_hvo": null,
        "price_cng": null,
        "price_lng": null
      }
    },
    {
      "type": "Feature",
      "id": 1951,
      "geometry": {
        "type": "Point",
        "coordinates": [
          15.84030408,
          46.58401138
        ]
      },
      "properties": {
        "pk": 1951,
        "franchise": 1,
        "franchise_name": "Petrol d.d., Ljubljana",
        "name": "PETROL LENART",
        "address": "KRAIGHERJEVA ULICA 40",
        "zip_code": "2230",
        "open_hours": "Ponedeljek, Torek, Sreda, Četrtek, Petek\n00:00-06:00, 06:00-22:00, 22:00-00:00\n\nSobota\n00:00-06:00, 06:00-22:00, 22:00-00:00\n\nNedelja, Praznik\n00:00-07:00, 07:00-22:00, 22:00-00:00\n",
        "direction": "",
        "price_95": 1.623,
        "price_dizel": 1.811,
        "price_98": null,
        "price_100": 1.983,
        "price_dizel-premium": null,
        "price_avtoplin-lpg": 0.976,
        "price_KOEL": 1.412,
        "price_hvo": null,
        "price_cng": null,
        "price_lng": null
      }
    },
    {
      "type": "Feature",
      "id": 1952,
      "geometry": {
        "type": "Point",
        "coordinates": [
          13.638451,
          45.942191
        ]
      },
      "properties": {
        "pk": 1952,
        "franchise": 1,
        "franchise_name": "Petrol d.d., Ljubljana",
        "name": "PETROL ROŽNA DOLINA",
        "address": "VIPAVSKA CESTA 3A",
        "zip_code": "5000",
        "open_hours": "00:00-23:59\n",
        "direction": "",
        "price_95": 1.623,
        "price_dizel": 1.811,
        "price_98": null,
        "price_100": 1.983,
        "price_dizel-premium": 2.169,
        "price_avtoplin-lpg": 0.976,
        "price_KOEL": null,
        "price_hvo": null,
        "price_cng": null,
        "price_lng": null
      }
    },
    {
      "type": "Feature",
      "id": 1953,
      "geometry": {
        "type": "Point",
        "coordinates": [
          15.88782207,
          46.69630599
        ]
      },
      "properties": {
        "pk": 1953,
        "franchise": 1,
        "franchise_name": "Petrol d.d., Ljubljana",
        "name": "PETROL ČRNCI",
        "address": "ČRNCI 47A",
        "zip_code": "9253",
        "open_hours": "Ponedeljek, Torek, Sreda, Četrtek, Petek\n05:00-19:00\n\nSobota\n07:00-17:00\n\nNedelja, Praznik\n08:00-12:00\n",
        "direction": "",
        "price_95": 1.623,
        "price_dizel": 1.811,
        "price_98": null,
        "price_100": null,
        "price_dizel-premium": null,
        "price_avtoplin-lpg": null,
        "price_KOEL": 1.412,
        "price_hvo": null,
        "price_cng": null,
        "price_lng": null
      }
    },
    {
      "type": "Feature",
      "id": 1954,
      "geometry": {
        "type": "Point",
        "coordinates": [
          15.66939413,
          46.5542838
        ]
      },
      "properties": {
        "pk": 1954,
        "franchise": 1,
        "franchise_name": "Petrol d.d., Ljubljana",
        "name": "PETROL MARIBOR - POBREŽJE",
        "address": "ČUFARJEVA CESTA 10",
        "zip_code": "2000",
        "open_hours": "Ponedeljek, Torek, Sreda, Četrtek, Petek\n06:00-22:00\n\nSobota\n07:00-21:00\n\nNedelja, Praznik\n07:00-21:00\n",
        "direction": "",
        "price_95": 1.623,
        "price_dizel": 1.811,
        "price_98": null,
        "price_100": 1.983,
        "price_dizel-premium": null,
        "price_avtoplin-lpg": null,
        "price_KOEL": 1.412,
        "price_hvo": null,
        "price_cng": null,
        "price_lng": null
      }
    },
    {
      "type": "Feature",
      "id": 1955,
      "geometry": {
        "type": "Point",
        "coordinates": [
          13.74145196,
          46.15283904
        ]
      },
      "properties": {
        "pk": 1955,
        "franchise": 1,
        "franchise_name": "Petrol d.d., Ljubljana",
        "name": "PETROL MOST NA SOČI",
        "address": "MOST NA SOČI 51B",
        "zip_code": "5216",
        "open_hours": "Ponedeljek, Torek, Sreda, Četrtek, Petek\n07:00-20:00\n\nSobota\n07:00-20:00\n\nNedelja, Praznik\n12:00-17:00, 17:30-20:00\n",
        "direction": "",
        "price_95": 1.623,
        "price_dizel": 1.811,
        "price_98": null,
        "price_100": 1.983,
        "price_dizel-premium": null,
        "price_avtoplin-lpg": null,
        "price_KOEL": null,
        "price_hvo": null,
        "price_cng": null,
        "price_lng": null
      }
    },
    {
      "type": "Feature",
      "id": 1956,
      "geometry": {
        "type": "Point",
        "coordinates": [
          15.67244913,
          46.52829802
        ]
      },
      "properties": {
        "pk": 1956,
        "franchise": 1,
        "franchise_name": "Petrol d.d., Ljubljana",
        "name": "PETROL MARIBOR - PTUJSKA 188",
        "address": "PTUJSKA CESTA 188",
        "zip_code": "2000",
        "open_hours": "Ponedeljek, Torek, Sreda, Četrtek, Petek\n05:00-22:00\n\nSobota\n06:00-22:00\n\nNedelja, Praznik\n07:00-21:00\n",
        "direction": "",
        "price_95": 1.623,
        "price_dizel": 1.811,
        "price_98": null,
        "price_100": 1.983,
        "price_dizel-premium": null,
        "price_avtoplin-lpg": 0.976,
        "price_KOEL": null,
        "price_hvo": null,
        "price_cng": null,
        "price_lng": null
      }
    },
    {
      "type": "Feature",
      "id": 1957,
      "geometry": {
        "type": "Point",
        "coordinates": [
          13.58250354,
          46.2417162
        ]
      },
      "properties": {
        "pk": 1957,
        "franchise": 1,
        "franchise_name": "Petrol d.d., Ljubljana",
        "name": "PETROL KOBARID",
        "address": "GORIŠKA CESTA 8",
        "zip_code": "5222",
        "open_hours": "Ponedeljek, Torek, Sreda, Četrtek, Petek\n00:00-06:00, 06:00-22:00, 22:00-00:00\n\nSobota\n00:00-07:00, 07:00-22:00, 22:00-00:00\n\nNedelja, Praznik\n00:00-07:00, 07:00-22:00, 22:00-00:00\n",
        "direction": "",
        "price_95": 1.623,
        "price_dizel": 1.811,
        "price_98": null,
        "price_100": 1.983,
        "price_dizel-premium": null,
        "price_avtoplin-lpg": 0.976,
        "price_KOEL": 1.412,
        "price_hvo": null,
        "price_cng": null,
        "price_lng": null
      }
    },
    {
      "type": "Feature",
      "id": 1958,
      "geometry": {
        "type": "Point",
        "coordinates": [
          13.63259475,
          46.08786527
        ]
      },
      "properties": {
        "pk": 1958,
        "franchise": 1,
        "franchise_name": "Petrol d.d., Ljubljana",
        "name": "PETROL KANAL OB SOČI",
        "address": "KIDRIČEVA CESTA 10A",
        "zip_code": "5213",
        "open_hours": "Ponedeljek, Torek, Sreda, Četrtek, Petek\n07:00-10:00, 10:30-17:00, 17:30-20:00\n\nSobota\n07:00-10:00, 10:30-17:00, 17:30-20:00\n\nNedelja, Praznik\n13:00-17:00, 17:30-20:00\n",
        "direction": "",
        "price_95": 1.623,
        "price_dizel": 1.811,
        "price_98": null,
        "price_100": 1.983,
        "price_dizel-premium": null,
        "price_avtoplin-lpg": null,
        "price_KOEL": 1.412,
        "price_hvo": null,
        "price_cng": null,
        "price_lng": null
      }
    },
    {
      "type": "Feature",
      "id": 1959,
      "geometry": {
        "type": "Point",
        "coordinates": [
          13.63826623,
          45.93235392
        ]
      },
      "properties": {
        "pk": 1959,
        "franchise": 1,
        "franchise_name": "Petrol d.d., Ljubljana",
        "name": "PETROL ŠEMPETER PRI GORICI - PREKOMORSKIH BRIGAD",
        "address": "CESTA PREKOMORSKIH BRIGAD 64A",
        "zip_code": "5290",
        "open_hours": "Ponedeljek, Torek, Sreda, Četrtek, Petek\n07:00-20:00\n\nSobota\n07:00-20:00\n\nNedelja, Praznik\n08:00-18:00\n",
        "direction": "",
        "price_95": 1.623,
        "price_dizel": 1.811,
        "price_98": null,
        "price_100": 1.983,
        "price_dizel-premium": null,
        "price_avtoplin-lpg": null,
        "price_KOEL": null,
        "price_hvo": null,
        "price_cng": null,
        "price_lng": null
      }
    },
    {
      "type": "Feature",
      "id": 1960,
      "geometry": {
        "type": "Point",
        "coordinates": [
          13.608726,
          45.898043
        ]
      },
      "properties": {
        "pk": 1960,
        "franchise": 1,
        "franchise_name": "Petrol d.d., Ljubljana",
        "name": "PETROL MIREN",
        "address": "MIREN 13D",
        "zip_code": "5291",
        "open_hours": "Ponedeljek, Torek, Sreda, Četrtek, Petek\n07:00-21:00\n\nSobota\n07:00-21:00\n\nNedelja, Praznik\n08:00-20:00\n",
        "direction": "",
        "price_95": 1.623,
        "price_dizel": 1.811,
        "price_98": null,
        "price_100": 1.983,
        "price_dizel-premium": null,
        "price_avtoplin-lpg": null,
        "price_KOEL": null,
        "price_hvo": null,
        "price_cng": null,
        "price_lng": null
      }
    },
    {
      "type": "Feature",
      "id": 1961,
      "geometry": {
        "type": "Point",
        "coordinates": [
          16.19426906,
          46.52201409
        ]
      },
      "properties": {
        "pk": 1961,
        "franchise": 1,
        "franchise_name": "Petrol d.d., Ljubljana",
        "name": "PETROL LJUTOMER",
        "address": "PREŠERNOVA ULICA 19",
        "zip_code": "9240",
        "open_hours": "Ponedeljek, Torek, Sreda, Četrtek, Petek\n06:00-21:00\n\nSobota\n06:00-21:00\n\nNedelja, Praznik\n07:00-21:00\n",
        "direction": "",
        "price_95": 1.623,
        "price_dizel": 1.811,
        "price_98": null,
        "price_100": 1.983,
        "price_dizel-premium": null,
        "price_avtoplin-lpg": null,
        "price_KOEL": 1.412,
        "price_hvo": null,
        "price_cng": null,
        "price_lng": null
      }
    },
    {
      "type": "Feature",
      "id": 1962,
      "geometry": {
        "type": "Point",
        "coordinates": [
          16.44790177,
          46.55996722
        ]
      },
      "properties": {
        "pk": 1962,
        "franchise": 1,
        "franchise_name": "Petrol d.d., Ljubljana",
        "name": "PETROL LENDAVA",
        "address": "KOLODVORSKA ULICA 8A",
        "zip_code": "9220",
        "open_hours": "Ponedeljek, Torek, Sreda, Četrtek, Petek\n06:00-21:00\n\nSobota\n06:00-21:00\n\nNedelja, Praznik\n07:00-21:00\n",
        "direction": "",
        "price_95": 1.623,
        "price_dizel": 1.811,
        "price_98": null,
        "price_100": 1.983,
        "price_dizel-premium": 2.169,
        "price_avtoplin-lpg": 0.976,
        "price_KOEL": 1.412,
        "price_hvo": null,
        "price_cng": null,
        "price_lng": null
      }
    },
    {
      "type": "Feature",
      "id": 1963,
      "geometry": {
        "type": "Point",
        "coordinates": [
          16.03618722,
          46.798925
        ]
      },
      "properties": {
        "pk": 1963,
        "franchise": 1,
        "franchise_name": "Petrol d.d., Ljubljana",
        "name": "PETROL ROGAŠOVCI",
        "address": "SVETI JURIJ 7A",
        "zip_code": "9262",
        "open_hours": "Ponedeljek, Torek, Sreda, Četrtek, Petek\n06:00-21:00\n\nSobota\n07:00-21:00\n\nNedelja, Praznik\n07:00-20:00\n",
        "direction": "",
        "price_95": 1.623,
        "price_dizel": 1.811,
        "price_98": null,
        "price_100": null,
        "price_dizel-premium": null,
        "price_avtoplin-lpg": null,
        "price_KOEL": 1.412,
        "price_hvo": null,
        "price_cng": null,
        "price_lng": null
      }
    },
    {
      "type": "Feature",
      "id": 1964,
      "geometry": {
        "type": "Point",
        "coordinates": [
          16.44233518,
          46.55372124
        ]
      },
      "properties": {
        "pk": 1964,
        "franchise": 1,
        "franchise_name": "Petrol d.d., Ljubljana",
        "name": "PETROL DOLNJI LAKOŠ",
        "address": "GLAVNA ULICA 3",
        "zip_code": "9220",
        "open_hours": "Ponedeljek, Torek, Sreda, Četrtek, Petek\n06:00-20:00\n\nSobota\n06:00-20:00\n\nNedelja, Praznik\n08:00-20:00\n",
        "direction": "",
        "price_95": 1.623,
        "price_dizel": 1.811,
        "price_98": null,
        "price_100": null,
        "price_dizel-premium": null,
        "price_avtoplin-lpg": null,
        "price_KOEL": 1.412,
        "price_hvo": null,
        "price_cng": null,
        "price_lng": null
      }
    },
    {
      "type": "Feature",
      "id": 1965,
      "geometry": {
        "type": "Point",
        "coordinates": [
          16.03435514,
          46.64504675
        ]
      },
      "properties": {
        "pk": 1965,
        "franchise": 1,
        "franchise_name": "Petrol d.d., Ljubljana",
        "name": "PETROL RADENCI",
        "address": "RADGONSKA CESTA 14",
        "zip_code": "9252",
        "open_hours": "Ponedeljek, Torek, Sreda, Četrtek, Petek\n06:00-20:00\n\nSobota\n06:00-20:00\n\nNedelja, Praznik\n08:30-12:00\n",
        "direction": "",
        "price_95": 1.623,
        "price_dizel": 1.811,
        "price_98": null,
        "price_100": null,
        "price_dizel-premium": null,
        "price_avtoplin-lpg": null,
        "price_KOEL": 1.412,
        "price_hvo": null,
        "price_cng": null,
        "price_lng": null
      }
    },
    {
      "type": "Feature",
      "id": 1966,
      "geometry": {
        "type": "Point",
        "coordinates": [
          16.22745614,
          46.6116377
        ]
      },
      "properties": {
        "pk": 1966,
        "franchise": 1,
        "franchise_name": "Petrol d.d., Ljubljana",
        "name": "PETROL BELTINCI",
        "address": "PANONSKA ULICA 2B",
        "zip_code": "9231",
        "open_hours": "Ponedeljek, Torek, Sreda, Četrtek, Petek\n06:00-22:00\n\nSobota\n06:00-22:00\n\nNedelja, Praznik\n07:00-21:00\n",
        "direction": "",
        "price_95": 1.623,
        "price_dizel": 1.811,
        "price_98": null,
        "price_100": 1.983,
        "price_dizel-premium": null,
        "price_avtoplin-lpg": null,
        "price_KOEL": 1.412,
        "price_hvo": null,
        "price_cng": null,
        "price_lng": null
      }
    },
    {
      "type": "Feature",
      "id": 1967,
      "geometry": {
        "type": "Point",
        "coordinates": [
          16.14313338,
          46.55783512
        ]
      },
      "properties": {
        "pk": 1967,
        "franchise": 1,
        "franchise_name": "Petrol d.d., Ljubljana",
        "name": "PETROL KRIŽEVCI",
        "address": "KLJUČAROVCI PRI LJUTOMERU 83",
        "zip_code": "9242",
        "open_hours": "Ponedeljek, Torek, Sreda, Četrtek, Petek\n06:00-20:00\n\nSobota\n07:00-20:00\n\nNedelja, Praznik\n08:00-11:30\n",
        "direction": "",
        "price_95": 1.623,
        "price_dizel": 1.811,
        "price_98": null,
        "price_100": null,
        "price_dizel-premium": null,
        "price_avtoplin-lpg": null,
        "price_KOEL": 1.412,
        "price_hvo": null,
        "price_cng": null,
        "price_lng": null
      }
    },
    {
      "type": "Feature",
      "id": 1968,
      "geometry": {
        "type": "Point",
        "coordinates": [
          16.35338368,
          46.65099893
        ]
      },
      "properties": {
        "pk": 1968,
        "franchise": 1,
        "franchise_name": "Petrol d.d., Ljubljana",
        "name": "PETROL DOBROVNIK",
        "address": "DOBROVNIK 4A",
        "zip_code": "9223",
        "open_hours": "Ponedeljek, Torek, Sreda, Četrtek, Petek\n07:00-20:00\n\nSobota\n07:00-20:00\n\nNedelja, Praznik\n08:30-12:00\n",
        "direction": "",
        "price_95": 1.623,
        "price_dizel": 1.811,
        "price_98": null,
        "price_100": null,
        "price_dizel-premium": null,
        "price_avtoplin-lpg": null,
        "price_KOEL": 1.412,
        "price_hvo": null,
        "price_cng": null,
        "price_lng": null
      }
    },
    {
      "type": "Feature",
      "id": 1969,
      "geometry": {
        "type": "Point",
        "coordinates": [
          16.28224598,
          46.58197141
        ]
      },
      "properties": {
        "pk": 1969,
        "franchise": 1,
        "franchise_name": "Petrol d.d., Ljubljana",
        "name": "PETROL ODRANCI",
        "address": "NASELJE GREDICE 1A",
        "zip_code": "9233",
        "open_hours": "Ponedeljek, Torek, Sreda, Četrtek, Petek\n06:00-21:00\n\nSobota\n06:00-21:00\n\nNedelja, Praznik\n08:00-19:00\n",
        "direction": "Maribor -> Madžarska",
        "price_95": 1.623,
        "price_dizel": 1.811,
        "price_98": null,
        "price_100": null,
        "price_dizel-premium": null,
        "price_avtoplin-lpg": null,
        "price_KOEL": 1.412,
        "price_hvo": null,
        "price_cng": null,
        "price_lng": null
      }
    },
    {
      "type": "Feature",
      "id": 1970,
      "geometry": {
        "type": "Point",
        "coordinates": [
          16.01446177,
          46.66198841
        ]
      },
      "properties": {
        "pk": 1970,
        "franchise": 1,
        "franchise_name": "Petrol d.d., Ljubljana",
        "name": "PETROL GORNJA RADGONA - MELE",
        "address": "LJUTOMERSKA CESTA 36",
        "zip_code": "9250",
        "open_hours": "Začasno zaprto do 20. september 2026",
        "direction": "",
        "price_95": null,
        "price_dizel": null,
        "price_98": null,
        "price_100": null,
        "price_dizel-premium": null,
        "price_avtoplin-lpg": null,
        "price_KOEL": null,
        "price_hvo": null,
        "price_cng": null,
        "price_lng": null
      }
    },
    {
      "type": "Feature",
      "id": 1971,
      "geometry": {
        "type": "Point",
        "coordinates": [
          16.19649434,
          46.68760198
        ]
      },
      "properties": {
        "pk": 1971,
        "franchise": 1,
        "franchise_name": "Petrol d.d., Ljubljana",
        "name": "PETROL MARTJANCI",
        "address": "MARTJANCI 83B",
        "zip_code": "9221",
        "open_hours": "Ponedeljek, Torek, Sreda, Četrtek, Petek\n06:00-21:00\n\nSobota\n06:00-21:00\n\nNedelja, Praznik\n08:00-19:30\n",
        "direction": "",
        "price_95": 1.623,
        "price_dizel": 1.811,
        "price_98": null,
        "price_100": 1.983,
        "price_dizel-premium": null,
        "price_avtoplin-lpg": null,
        "price_KOEL": 1.412,
        "price_hvo": null,
        "price_cng": null,
        "price_lng": null
      }
    },
    {
      "type": "Feature",
      "id": 1972,
      "geometry": {
        "type": "Point",
        "coordinates": [
          16.14565,
          46.651421
        ]
      },
      "properties": {
        "pk": 1972,
        "franchise": 1,
        "franchise_name": "Petrol d.d., Ljubljana",
        "name": "PETROL MURSKA SOBOTA - TIŠINSKA JUG",
        "address": "TIŠINSKA ULICA 29D",
        "zip_code": "9000",
        "open_hours": "Ponedeljek, Torek, Sreda, Četrtek, Petek\n00:00-06:00, 06:00-22:00, 22:00-00:00\n\nSobota\n00:00-06:00, 06:00-22:00, 22:00-00:00\n\nNedelja, Praznik\n00:00-07:00, 07:00-21:00, 21:00-00:00\n",
        "direction": "",
        "price_95": 1.623,
        "price_dizel": 1.811,
        "price_98": null,
        "price_100": 1.983,
        "price_dizel-premium": null,
        "price_avtoplin-lpg": 0.976,
        "price_KOEL": 1.412,
        "price_hvo": null,
        "price_cng": null,
        "price_lng": null
      }
    },
    {
      "type": "Feature",
      "id": 1973,
      "geometry": {
        "type": "Point",
        "coordinates": [
          14.09433635,
          45.95665729
        ]
      },
      "properties": {
        "pk": 1973,
        "franchise": 1,
        "franchise_name": "Petrol d.d., Ljubljana",
        "name": "PETROL GODOVIČ",
        "address": "GODOVIČ 2B",
        "zip_code": "5275",
        "open_hours": "Ponedeljek\n07:00-10:00, 10:30-17:00, 17:30-19:00\n\nTorek\n07:00-10:00, 10:30-17:00, 17:30-18:00\n\nSreda\n07:00-10:00, 10:30-17:00, 17:30-18:00\n\nČetrtek\n07:00-10:00, 10:30-17:00, 17:30-18:00\n\nPetek\n07:00-10:00, 10:30-17:00, 17:30-18:00\n\nSobota\n13:00-17:00, 17:30-19:00\n",
        "direction": "",
        "price_95": 1.623,
        "price_dizel": 1.811,
        "price_98": null,
        "price_100": null,
        "price_dizel-premium": null,
        "price_avtoplin-lpg": null,
        "price_KOEL": 1.412,
        "price_hvo": null,
        "price_cng": null,
        "price_lng": null
      }
    },
    {
      "type": "Feature",
      "id": 1974,
      "geometry": {
        "type": "Point",
        "coordinates": [
          16.02095244,
          46.71906544
        ]
      },
      "properties": {
        "pk": 1974,
        "franchise": 1,
        "franchise_name": "Petrol d.d., Ljubljana",
        "name": "PETROL CANKOVA",
        "address": "CANKOVA 35",
        "zip_code": "9261",
        "open_hours": "Ponedeljek, Torek, Sreda, Četrtek, Petek\n07:00-18:00\n\nSobota\n07:00-13:00\n",
        "direction": "",
        "price_95": 1.623,
        "price_dizel": 1.811,
        "price_98": null,
        "price_100": null,
        "price_dizel-premium": null,
        "price_avtoplin-lpg": null,
        "price_KOEL": 1.412,
        "price_hvo": null,
        "price_cng": null,
        "price_lng": null
      }
    },
    {
      "type": "Feature",
      "id": 1975,
      "geometry": {
        "type": "Point",
        "coordinates": [
          16.081947,
          46.834052
        ]
      },
      "properties": {
        "pk": 1975,
        "franchise": 1,
        "franchise_name": "Petrol d.d., Ljubljana",
        "name": "PETROL KUZMA",
        "address": "KUZMA 26B",
        "zip_code": "9263",
        "open_hours": "Ponedeljek, Torek, Sreda, Četrtek, Petek\n07:30-18:00\n\nSobota\n07:30-13:00\n",
        "direction": "",
        "price_95": 1.623,
        "price_dizel": 1.811,
        "price_98": null,
        "price_100": null,
        "price_dizel-premium": null,
        "price_avtoplin-lpg": null,
        "price_KOEL": 1.412,
        "price_hvo": null,
        "price_cng": null,
        "price_lng": null
      }
    },
    {
      "type": "Feature",
      "id": 1976,
      "geometry": {
        "type": "Point",
        "coordinates": [
          16.007142,
          46.585173
        ]
      },
      "properties": {
        "pk": 1976,
        "franchise": 1,
        "franchise_name": "Petrol d.d., Ljubljana",
        "name": "PETROL GRABONOŠ AC - SEVER",
        "address": "GRABONOŠ 4D",
        "zip_code": "9244",
        "open_hours": "00:00-23:59\n",
        "direction": "",
        "price_95": 1.79,
        "price_dizel": 1.95,
        "price_98": null,
        "price_100": 2.104,
        "price_dizel-premium": null,
        "price_avtoplin-lpg": 1.036,
        "price_KOEL": null,
        "price_hvo": null,
        "price_cng": null,
        "price_lng": null
      }
    },
    {
      "type": "Feature",
      "id": 1977,
      "geometry": {
        "type": "Point",
        "coordinates": [
          15.699297,
          46.532935
        ]
      },
      "properties": {
        "pk": 1977,
        "franchise": 1,
        "franchise_name": "Petrol d.d., Ljubljana",
        "name": "PETROL MARIBOR - AC ZAHOD",
        "address": "NA POLJU 24",
        "zip_code": "2000",
        "open_hours": "00:00-23:59\n",
        "direction": "Maribor -> Ljubljana",
        "price_95": 1.79,
        "price_dizel": 1.95,
        "price_98": null,
        "price_100": 2.104,
        "price_dizel-premium": 2.291,
        "price_avtoplin-lpg": 1.036,
        "price_KOEL": null,
        "price_hvo": null,
        "price_cng": null,
        "price_lng": null
      }
    },
    {
      "type": "Feature",
      "id": 1978,
      "geometry": {
        "type": "Point",
        "coordinates": [
          15.701209,
          46.531265
        ]
      },
      "properties": {
        "pk": 1978,
        "franchise": 1,
        "franchise_name": "Petrol d.d., Ljubljana",
        "name": "PETROL MARIBOR - AC VZHOD",
        "address": "NA POLJU 20",
        "zip_code": "2000",
        "open_hours": "00:00-23:59\n",
        "direction": "Maribor -> Pince",
        "price_95": 1.79,
        "price_dizel": 1.95,
        "price_98": null,
        "price_100": 2.104,
        "price_dizel-premium": 2.291,
        "price_avtoplin-lpg": 1.036,
        "price_KOEL": null,
        "price_hvo": null,
        "price_cng": null,
        "price_lng": null
      }
    },
    {
      "type": "Feature",
      "id": 1979,
      "geometry": {
        "type": "Point",
        "coordinates": [
          16.107841,
          46.590862
        ]
      },
      "properties": {
        "pk": 1979,
        "franchise": 1,
        "franchise_name": "Petrol d.d., Ljubljana",
        "name": "PETROL VUČJA VAS",
        "address": "BUČEČOVCI 4B",
        "zip_code": "9242",
        "open_hours": "Ponedeljek, Torek, Sreda, Četrtek, Petek\n06:00-22:00\n\nSobota\n06:00-22:00\n\nNedelja, Praznik\n07:00-21:00\n",
        "direction": "Maribor -> Pince",
        "price_95": 1.623,
        "price_dizel": 1.811,
        "price_98": null,
        "price_100": 1.983,
        "price_dizel-premium": null,
        "price_avtoplin-lpg": null,
        "price_KOEL": 1.412,
        "price_hvo": null,
        "price_cng": null,
        "price_lng": null
      }
    },
    {
      "type": "Feature",
      "id": 1980,
      "geometry": {
        "type": "Point",
        "coordinates": [
          13.73292985,
          45.88507011
        ]
      },
      "properties": {
        "pk": 1980,
        "franchise": 1,
        "franchise_name": "Petrol d.d., Ljubljana",
        "name": "PETROL DORNBERK",
        "address": "DRAGA 18A",
        "zip_code": "5294",
        "open_hours": "Ponedeljek, Torek, Sreda, Četrtek, Petek\n07:00-21:00\n\nSobota\n07:00-21:00\n\nNedelja, Praznik\n08:00-19:00\n",
        "direction": "",
        "price_95": 1.623,
        "price_dizel": 1.811,
        "price_98": null,
        "price_100": 1.983,
        "price_dizel-premium": null,
        "price_avtoplin-lpg": null,
        "price_KOEL": 1.412,
        "price_hvo": null,
        "price_cng": null,
        "price_lng": null
      }
    },
    {
      "type": "Feature",
      "id": 1981,
      "geometry": {
        "type": "Point",
        "coordinates": [
          13.65237464,
          45.95320889
        ]
      },
      "properties": {
        "pk": 1981,
        "franchise": 1,
        "franchise_name": "Petrol d.d., Ljubljana",
        "name": "PETROL NOVA GORICA - GRČNA",
        "address": "VOJKOVA CESTA 68",
        "zip_code": "5000",
        "open_hours": "Ponedeljek, Torek, Sreda, Četrtek, Petek\n06:00-21:00\n\nSobota\n07:00-21:00\n\nNedelja, Praznik\n08:00-21:00\n",
        "direction": "",
        "price_95": 1.623,
        "price_dizel": 1.811,
        "price_98": null,
        "price_100": 1.983,
        "price_dizel-premium": null,
        "price_avtoplin-lpg": null,
        "price_KOEL": null,
        "price_hvo": null,
        "price_cng": null,
        "price_lng": null
      }
    },
    {
      "type": "Feature",
      "id": 1982,
      "geometry": {
        "type": "Point",
        "coordinates": [
          13.89897002,
          45.88663093
        ]
      },
      "properties": {
        "pk": 1982,
        "franchise": 1,
        "franchise_name": "Petrol d.d., Ljubljana",
        "name": "PETROL AJDOVŠČINA - GORIŠKA",
        "address": "GORIŠKA CESTA 29",
        "zip_code": "5270",
        "open_hours": "Ponedeljek, Torek, Sreda, Četrtek, Petek\n06:00-20:00\n\nSobota\n06:00-20:00\n\nNedelja, Praznik\n08:00-19:00\n",
        "direction": "",
        "price_95": 1.623,
        "price_dizel": 1.811,
        "price_98": null,
        "price_100": null,
        "price_dizel-premium": null,
        "price_avtoplin-lpg": null,
        "price_KOEL": 1.412,
        "price_hvo": null,
        "price_cng": null,
        "price_lng": null
      }
    },
    {
      "type": "Feature",
      "id": 1983,
      "geometry": {
        "type": "Point",
        "coordinates": [
          13.497999,
          46.054382
        ]
      },
      "properties": {
        "pk": 1983,
        "franchise": 1,
        "franchise_name": "Petrol d.d., Ljubljana",
        "name": "PETROL GOLO BRDO V BRDIH",
        "address": "GOLO BRDO 10B",
        "zip_code": "5212",
        "open_hours": "Ponedeljek, Torek, Sreda, Četrtek, Petek\n07:00-10:00, 10:30-17:00, 17:30-20:00\n\nSobota\n07:00-10:00, 10:30-17:00, 17:30-20:00\n\nNedelja, Praznik\n08:00-12:00, 12:45-20:00\n",
        "direction": "",
        "price_95": 1.623,
        "price_dizel": 1.811,
        "price_98": null,
        "price_100": null,
        "price_dizel-premium": null,
        "price_avtoplin-lpg": null,
        "price_KOEL": null,
        "price_hvo": null,
        "price_cng": null,
        "price_lng": null
      }
    },
    {
      "type": "Feature",
      "id": 1984,
      "geometry": {
        "type": "Point",
        "coordinates": [
          13.64898236,
          45.96223076
        ]
      },
      "properties": {
        "pk": 1984,
        "franchise": 1,
        "franchise_name": "Petrol d.d., Ljubljana",
        "name": "PETROL NOVA GORICA - VOJKOVA ZAHOD",
        "address": "VOJKOVA CESTA 52",
        "zip_code": "5000",
        "open_hours": "Ponedeljek, Torek, Sreda, Četrtek, Petek\n07:00-20:00\n\nSobota\n07:00-20:00\n",
        "direction": "",
        "price_95": 1.623,
        "price_dizel": 1.811,
        "price_98": null,
        "price_100": 1.983,
        "price_dizel-premium": null,
        "price_avtoplin-lpg": null,
        "price_KOEL": null,
        "price_hvo": null,
        "price_cng": null,
        "price_lng": null
      }
    },
    {
      "type": "Feature",
      "id": 1985,
      "geometry": {
        "type": "Point",
        "coordinates": [
          13.73978149,
          45.93039187
        ]
      },
      "properties": {
        "pk": 1985,
        "franchise": 1,
        "franchise_name": "Petrol d.d., Ljubljana",
        "name": "PETROL ŠEMPAS",
        "address": "ŠEMPAS 161A",
        "zip_code": "5261",
        "open_hours": "Ponedeljek, Torek, Sreda, Četrtek, Petek\n07:00-10:00, 10:30-17:00, 17:30-19:00\n\nSobota\n08:00-10:00, 10:30-17:00, 17:30-19:00\n\nNedelja, Praznik\n08:00-12:00, 12:30-15:00\n",
        "direction": "",
        "price_95": 1.623,
        "price_dizel": 1.811,
        "price_98": null,
        "price_100": null,
        "price_dizel-premium": null,
        "price_avtoplin-lpg": null,
        "price_KOEL": 1.412,
        "price_hvo": null,
        "price_cng": null,
        "price_lng": null
      }
    },
    {
      "type": "Feature",
      "id": 1986,
      "geometry": {
        "type": "Point",
        "coordinates": [
          13.54135681,
          46.33279417
        ]
      },
      "properties": {
        "pk": 1986,
        "franchise": 1,
        "franchise_name": "Petrol d.d., Ljubljana",
        "name": "PETROL BOVEC",
        "address": "DVOR 44",
        "zip_code": "5230",
        "open_hours": "Ponedeljek, Torek, Sreda, Četrtek, Petek\n07:00-20:00\n\nSobota\n07:00-20:00\n\nNedelja, Praznik\n08:00-20:00\n",
        "direction": "",
        "price_95": 1.623,
        "price_dizel": 1.811,
        "price_98": null,
        "price_100": 1.983,
        "price_dizel-premium": null,
        "price_avtoplin-lpg": null,
        "price_KOEL": 1.412,
        "price_hvo": null,
        "price_cng": null,
        "price_lng": null
      }
    },
    {
      "type": "Feature",
      "id": 1987,
      "geometry": {
        "type": "Point",
        "coordinates": [
          14.05336933,
          45.92556913
        ]
      },
      "properties": {
        "pk": 1987,
        "franchise": 1,
        "franchise_name": "Petrol d.d., Ljubljana",
        "name": "PETROL ČRNI VRH",
        "address": "ČRNI VRH 121",
        "zip_code": "5274",
        "open_hours": "Ponedeljek\n08:00-12:00, 12:30-16:00\n\nTorek\n08:00-12:00, 12:30-16:00\n\nSreda\n08:00-12:00, 12:30-18:00\n\nČetrtek\n08:00-12:00, 12:30-16:00\n\nPetek\n08:00-12:00, 12:30-16:00\n\nSobota\n09:00-12:00\n",
        "direction": "",
        "price_95": 1.623,
        "price_dizel": 1.811,
        "price_98": null,
        "price_100": null,
        "price_dizel-premium": null,
        "price_avtoplin-lpg": null,
        "price_KOEL": 1.412,
        "price_hvo": null,
        "price_cng": null,
        "price_lng": null
      }
    },
    {
      "type": "Feature",
      "id": 1988,
      "geometry": {
        "type": "Point",
        "coordinates": [
          13.61904093,
          46.05406598
        ]
      },
      "properties": {
        "pk": 1988,
        "franchise": 1,
        "franchise_name": "Petrol d.d., Ljubljana",
        "name": "PETROL DESKLE",
        "address": "SREBRNIČEVA ULICA 4",
        "zip_code": "5210",
        "open_hours": "Ponedeljek, Torek, Sreda, Četrtek, Petek\n07:00-20:00\n\nSobota\n07:00-20:00\n\nNedelja, Praznik\n08:00-20:00\n",
        "direction": "",
        "price_95": 1.623,
        "price_dizel": 1.811,
        "price_98": null,
        "price_100": null,
        "price_dizel-premium": null,
        "price_avtoplin-lpg": null,
        "price_KOEL": 1.412,
        "price_hvo": null,
        "price_cng": null,
        "price_lng": null
      }
    },
    {
      "type": "Feature",
      "id": 1989,
      "geometry": {
        "type": "Point",
        "coordinates": [
          13.73383929,
          46.18282816
        ]
      },
      "properties": {
        "pk": 1989,
        "franchise": 1,
        "franchise_name": "Petrol d.d., Ljubljana",
        "name": "PETROL TOLMIN",
        "address": "TRG MARŠALA TITA 18",
        "zip_code": "5220",
        "open_hours": "Ponedeljek, Torek, Sreda, Četrtek, Petek\n06:00-21:00\n\nSobota\n07:00-21:00\n\nNedelja, Praznik\n08:00-21:00\n",
        "direction": "",
        "price_95": 1.623,
        "price_dizel": 1.811,
        "price_98": null,
        "price_100": null,
        "price_dizel-premium": null,
        "price_avtoplin-lpg": null,
        "price_KOEL": 1.412,
        "price_hvo": null,
        "price_cng": null,
        "price_lng": null
      }
    },
    {
      "type": "Feature",
      "id": 1990,
      "geometry": {
        "type": "Point",
        "coordinates": [
          13.76037054,
          45.55178982
        ]
      },
      "properties": {
        "pk": 1990,
        "franchise": 1,
        "franchise_name": "Petrol d.d., Ljubljana",
        "name": "PETROL KOPER, SERMIN",
        "address": "SERMIN 7D",
        "zip_code": "6000",
        "open_hours": "Ponedeljek, Torek, Sreda, Četrtek, Petek\n05:00-21:00\n\nSobota\n06:00-21:00\n\nNedelja, Praznik\n08:00-20:00\n",
        "direction": "",
        "price_95": 1.623,
        "price_dizel": 1.811,
        "price_98": null,
        "price_100": 1.983,
        "price_dizel-premium": null,
        "price_avtoplin-lpg": 0.976,
        "price_KOEL": null,
        "price_hvo": null,
        "price_cng": null,
        "price_lng": null
      }
    },
    {
      "type": "Feature",
      "id": 1991,
      "geometry": {
        "type": "Point",
        "coordinates": [
          13.959792,
          46.206127
        ]
      },
      "properties": {
        "pk": 1991,
        "franchise": 1,
        "franchise_name": "Petrol d.d., Ljubljana",
        "name": "PETROL PODBRDO",
        "address": "PODBRDO 60C",
        "zip_code": "5243",
        "open_hours": "Ponedeljek, Torek, Sreda, Četrtek, Petek\n08:00-16:00\n\nSobota\n08:00-15:00\n",
        "direction": "",
        "price_95": 1.623,
        "price_dizel": 1.811,
        "price_98": null,
        "price_100": null,
        "price_dizel-premium": null,
        "price_avtoplin-lpg": null,
        "price_KOEL": 1.412,
        "price_hvo": null,
        "price_cng": null,
        "price_lng": null
      }
    },
    {
      "type": "Feature",
      "id": 1992,
      "geometry": {
        "type": "Point",
        "coordinates": [
          13.88112209,
          45.6554886
        ]
      },
      "properties": {
        "pk": 1992,
        "franchise": 1,
        "franchise_name": "Petrol d.d., Ljubljana",
        "name": "PETROL LIPICA",
        "address": "LIPICA 26",
        "zip_code": "6210",
        "open_hours": "Ponedeljek, Torek, Sreda, Četrtek, Petek\n07:00-21:00\n\nSobota\n07:00-20:00\n\nNedelja, Praznik\n07:00-20:00\n",
        "direction": "",
        "price_95": 1.623,
        "price_dizel": 1.811,
        "price_98": null,
        "price_100": 1.983,
        "price_dizel-premium": null,
        "price_avtoplin-lpg": 0.976,
        "price_KOEL": 1.412,
        "price_hvo": null,
        "price_cng": null,
        "price_lng": null
      }
    },
    {
      "type": "Feature",
      "id": 1993,
      "geometry": {
        "type": "Point",
        "coordinates": [
          13.84361,
          45.702385
        ]
      },
      "properties": {
        "pk": 1993,
        "franchise": 1,
        "franchise_name": "Petrol d.d., Ljubljana",
        "name": "PETROL SEŽANA",
        "address": "PARTIZANSKA CESTA 147",
        "zip_code": "6210",
        "open_hours": "Ponedeljek, Torek, Sreda, Četrtek, Petek\n06:00-21:00\n\nSobota\n07:00-21:00\n\nNedelja, Praznik\n07:00-21:00\n",
        "direction": "",
        "price_95": 1.623,
        "price_dizel": 1.811,
        "price_98": null,
        "price_100": 1.983,
        "price_dizel-premium": null,
        "price_avtoplin-lpg": 0.976,
        "price_KOEL": 1.412,
        "price_hvo": null,
        "price_cng": null,
        "price_lng": null
      }
    },
    {
      "type": "Feature",
      "id": 1994,
      "geometry": {
        "type": "Point",
        "coordinates": [
          13.6508096,
          45.52451738
        ]
      },
      "properties": {
        "pk": 1994,
        "franchise": 1,
        "franchise_name": "Petrol d.d., Ljubljana",
        "name": "PETROL JAGODJE - JUG",
        "address": "JAGODJE 10",
        "zip_code": "6310",
        "open_hours": "00:00-06:00, 06:00-22:00, 22:00-00:00\n",
        "direction": "",
        "price_95": 1.623,
        "price_dizel": 1.811,
        "price_98": null,
        "price_100": 1.983,
        "price_dizel-premium": null,
        "price_avtoplin-lpg": 0.976,
        "price_KOEL": 1.412,
        "price_hvo": null,
        "price_cng": null,
        "price_lng": null
      }
    },
    {
      "type": "Feature",
      "id": 1995,
      "geometry": {
        "type": "Point",
        "coordinates": [
          14.23202,
          45.575503
        ]
      },
      "properties": {
        "pk": 1995,
        "franchise": 1,
        "franchise_name": "Petrol d.d., Ljubljana",
        "name": "PETROL ILIRSKA BISTRICA",
        "address": "VILHARJEVA CESTA 33C",
        "zip_code": "6250",
        "open_hours": "Ponedeljek, Torek, Sreda, Četrtek, Petek\n06:00-21:00\n\nSobota\n06:00-21:00\n\nNedelja, Praznik\n07:00-21:00\n",
        "direction": "",
        "price_95": 1.623,
        "price_dizel": 1.811,
        "price_98": null,
        "price_100": 1.983,
        "price_dizel-premium": null,
        "price_avtoplin-lpg": 0.976,
        "price_KOEL": 1.412,
        "price_hvo": null,
        "price_cng": null,
        "price_lng": null
      }
    },
    {
      "type": "Feature",
      "id": 1996,
      "geometry": {
        "type": "Point",
        "coordinates": [
          14.19834697,
          45.76695944
        ]
      },
      "properties": {
        "pk": 1996,
        "franchise": 1,
        "franchise_name": "Petrol d.d., Ljubljana",
        "name": "PETROL POSTOJNA",
        "address": "REŠKA CESTA 5",
        "zip_code": "6230",
        "open_hours": "Ponedeljek, Torek, Sreda, Četrtek, Petek\n06:00-22:00\n\nSobota\n06:00-22:00\n\nNedelja, Praznik\n06:00-21:00\n",
        "direction": "",
        "price_95": 1.623,
        "price_dizel": 1.811,
        "price_98": null,
        "price_100": 1.983,
        "price_dizel-premium": null,
        "price_avtoplin-lpg": 0.976,
        "price_KOEL": 1.412,
        "price_hvo": null,
        "price_cng": null,
        "price_lng": null
      }
    },
    {
      "type": "Feature",
      "id": 1997,
      "geometry": {
        "type": "Point",
        "coordinates": [
          13.628483,
          45.920547
        ]
      },
      "properties": {
        "pk": 1997,
        "franchise": 1,
        "franchise_name": "Petrol d.d., Ljubljana",
        "name": "PETROL VRTOJBA AC - SEVER",
        "address": "MEDNARODNI PREHOD 1A",
        "zip_code": "5290",
        "open_hours": "00:00-23:59\n",
        "direction": "",
        "price_95": 1.79,
        "price_dizel": 1.95,
        "price_98": null,
        "price_100": 2.104,
        "price_dizel-premium": 2.291,
        "price_avtoplin-lpg": null,
        "price_KOEL": null,
        "price_hvo": null,
        "price_cng": null,
        "price_lng": null
      }
    },
    {
      "type": "Feature",
      "id": 1998,
      "geometry": {
        "type": "Point",
        "coordinates": [
          13.64867549,
          45.52595915
        ]
      },
      "properties": {
        "pk": 1998,
        "franchise": 1,
        "franchise_name": "Petrol d.d., Ljubljana",
        "name": "PETROL JAGODJE - SEVER",
        "address": "JAGODJE 9",
        "zip_code": "6310",
        "open_hours": "06:00-22:00\n",
        "direction": "",
        "price_95": 1.623,
        "price_dizel": 1.811,
        "price_98": null,
        "price_100": 1.983,
        "price_dizel-premium": null,
        "price_avtoplin-lpg": null,
        "price_KOEL": null,
        "price_hvo": null,
        "price_cng": null,
        "price_lng": null
      }
    },
    {
      "type": "Feature",
      "id": 1999,
      "geometry": {
        "type": "Point",
        "coordinates": [
          13.97148427,
          46.11808413
        ]
      },
      "properties": {
        "pk": 1999,
        "franchise": 1,
        "franchise_name": "Petrol d.d., Ljubljana",
        "name": "PETROL CERKNO",
        "address": "GORIŠKA CESTA 37",
        "zip_code": "5282",
        "open_hours": "Ponedeljek, Torek, Sreda, Četrtek, Petek\n07:00-20:00\n\nSobota\n07:00-20:00\n\nNedelja, Praznik\n08:00-19:00\n",
        "direction": "",
        "price_95": 1.623,
        "price_dizel": 1.811,
        "price_98": null,
        "price_100": 1.983,
        "price_dizel-premium": null,
        "price_avtoplin-lpg": null,
        "price_KOEL": 1.412,
        "price_hvo": null,
        "price_cng": null,
        "price_lng": null
      }
    },
    {
      "type": "Feature",
      "id": 2000,
      "geometry": {
        "type": "Point",
        "coordinates": [
          13.627636,
          45.91934
        ]
      },
      "properties": {
        "pk": 2000,
        "franchise": 1,
        "franchise_name": "Petrol d.d., Ljubljana",
        "name": "PETROL VRTOJBA AC - JUG",
        "address": "MEDNARODNI PREHOD 4A",
        "zip_code": "5290",
        "open_hours": "Ponedeljek, Torek, Sreda, Četrtek, Petek\n06:00-23:00\n\nSobota\n06:00-23:00\n\nNedelja, Praznik\n08:00-21:00\n",
        "direction": "",
        "price_95": 1.79,
        "price_dizel": 1.95,
        "price_98": null,
        "price_100": 2.104,
        "price_dizel-premium": 2.291,
        "price_avtoplin-lpg": 1.036,
        "price_KOEL": null,
        "price_hvo": null,
        "price_cng": null,
        "price_lng": null
      }
    },
    {
      "type": "Feature",
      "id": 2001,
      "geometry": {
        "type": "Point",
        "coordinates": [
          13.95468545,
          45.8488706
        ]
      },
      "properties": {
        "pk": 2001,
        "franchise": 1,
        "franchise_name": "Petrol d.d., Ljubljana",
        "name": "PETROL VIPAVA",
        "address": "GORIŠKA CESTA 41",
        "zip_code": "5271",
        "open_hours": "Ponedeljek, Torek, Sreda, Četrtek, Petek\n06:00-20:00\n\nSobota\n06:00-20:00\n\nNedelja, Praznik\n08:00-20:00\n",
        "direction": "",
        "price_95": 1.623,
        "price_dizel": 1.811,
        "price_98": null,
        "price_100": 1.983,
        "price_dizel-premium": null,
        "price_avtoplin-lpg": null,
        "price_KOEL": 1.412,
        "price_hvo": null,
        "price_cng": null,
        "price_lng": null
      }
    },
    {
      "type": "Feature",
      "id": 2002,
      "geometry": {
        "type": "Point",
        "coordinates": [
          13.69107053,
          45.9530272
        ]
      },
      "properties": {
        "pk": 2002,
        "franchise": 1,
        "franchise_name": "Petrol d.d., Ljubljana",
        "name": "PETROL AJŠEVICA",
        "address": "AJŠEVICA 19",
        "zip_code": "5000",
        "open_hours": "Ponedeljek, Torek, Sreda, Četrtek, Petek\n06:00-21:00\n\nSobota\n06:00-21:00\n\nNedelja, Praznik\n08:00-20:00\n",
        "direction": "",
        "price_95": 1.623,
        "price_dizel": 1.811,
        "price_98": null,
        "price_100": 1.983,
        "price_dizel-premium": null,
        "price_avtoplin-lpg": 0.976,
        "price_KOEL": null,
        "price_hvo": null,
        "price_cng": null,
        "price_lng": null
      }
    },
    {
      "type": "Feature",
      "id": 2003,
      "geometry": {
        "type": "Point",
        "coordinates": [
          14.36984285,
          45.78853568
        ]
      },
      "properties": {
        "pk": 2003,
        "franchise": 1,
        "franchise_name": "Petrol d.d., Ljubljana",
        "name": "PETROL CERKNICA",
        "address": "CESTA 4. MAJA 3A",
        "zip_code": "1380",
        "open_hours": "Ponedeljek, Torek, Sreda, Četrtek, Petek\n06:00-22:00\n\nSobota\n06:00-22:00\n\nNedelja, Praznik\n07:00-21:00\n",
        "direction": "",
        "price_95": 1.623,
        "price_dizel": 1.811,
        "price_98": null,
        "price_100": 1.983,
        "price_dizel-premium": null,
        "price_avtoplin-lpg": 0.976,
        "price_KOEL": 1.412,
        "price_hvo": null,
        "price_cng": null,
        "price_lng": null
      }
    },
    {
      "type": "Feature",
      "id": 2004,
      "geometry": {
        "type": "Point",
        "coordinates": [
          13.73568232,
          45.53250448
        ]
      },
      "properties": {
        "pk": 2004,
        "franchise": 1,
        "franchise_name": "Petrol d.d., Ljubljana",
        "name": "PETROL KOPER - ŠMARSKA",
        "address": "ŠMARSKA CESTA 5F",
        "zip_code": "6000",
        "open_hours": "05:00-00:00\n",
        "direction": "",
        "price_95": 1.623,
        "price_dizel": 1.811,
        "price_98": null,
        "price_100": 1.983,
        "price_dizel-premium": 2.169,
        "price_avtoplin-lpg": 0.976,
        "price_KOEL": null,
        "price_hvo": null,
        "price_cng": null,
        "price_lng": null
      }
    },
    {
      "type": "Feature",
      "id": 2005,
      "geometry": {
        "type": "Point",
        "coordinates": [
          13.671735,
          45.535631
        ]
      },
      "properties": {
        "pk": 2005,
        "franchise": 1,
        "franchise_name": "Petrol d.d., Ljubljana",
        "name": "PETROL IZOLA, INDUSTRIJSKA",
        "address": "INDUSTRIJSKA CESTA 9B",
        "zip_code": "6310",
        "open_hours": "Ponedeljek, Torek, Sreda, Četrtek, Petek\n06:00-22:00\n\nSobota\n06:00-22:00\n\nNedelja, Praznik\n07:00-21:00\n",
        "direction": "",
        "price_95": 1.623,
        "price_dizel": 1.811,
        "price_98": null,
        "price_100": 1.983,
        "price_dizel-premium": 2.169,
        "price_avtoplin-lpg": 0.976,
        "price_KOEL": null,
        "price_hvo": null,
        "price_cng": null,
        "price_lng": null
      }
    },
    {
      "type": "Feature",
      "id": 2006,
      "geometry": {
        "type": "Point",
        "coordinates": [
          13.949959,
          45.604489
        ]
      },
      "properties": {
        "pk": 2006,
        "franchise": 1,
        "franchise_name": "Petrol d.d., Ljubljana",
        "name": "PETROL HRPELJE",
        "address": "REŠKA CESTA 51",
        "zip_code": "6240",
        "open_hours": "Ponedeljek, Torek, Sreda, Četrtek, Petek\n06:00-22:00\n\nSobota\n06:00-22:00\n\nNedelja, Praznik\n08:00-20:00\n",
        "direction": "",
        "price_95": 1.623,
        "price_dizel": 1.811,
        "price_98": null,
        "price_100": 1.983,
        "price_dizel-premium": 2.169,
        "price_avtoplin-lpg": 0.976,
        "price_KOEL": null,
        "price_hvo": null,
        "price_cng": null,
        "price_lng": null
      }
    },
    {
      "type": "Feature",
      "id": 2007,
      "geometry": {
        "type": "Point",
        "coordinates": [
          13.51782499,
          46.00171653
        ]
      },
      "properties": {
        "pk": 2007,
        "franchise": 1,
        "franchise_name": "Petrol d.d., Ljubljana",
        "name": "PETROL ŠTALONI",
        "address": "KOZARNO 1B",
        "zip_code": "5212",
        "open_hours": "07:00-22:00\n",
        "direction": "",
        "price_95": 1.623,
        "price_dizel": 1.811,
        "price_98": null,
        "price_100": 1.983,
        "price_dizel-premium": null,
        "price_avtoplin-lpg": 0.976,
        "price_KOEL": 1.412,
        "price_hvo": null,
        "price_cng": null,
        "price_lng": null
      }
    },
    {
      "type": "Feature",
      "id": 2008,
      "geometry": {
        "type": "Point",
        "coordinates": [
          13.719403,
          45.917
        ]
      },
      "properties": {
        "pk": 2008,
        "franchise": 1,
        "franchise_name": "Petrol d.d., Ljubljana",
        "name": "PETROL ŠEMPAS AC - JUG",
        "address": "ŠEMPAS 160C",
        "zip_code": "5261",
        "open_hours": "00:00-23:59\n",
        "direction": "",
        "price_95": 1.79,
        "price_dizel": 1.95,
        "price_98": null,
        "price_100": 2.104,
        "price_dizel-premium": null,
        "price_avtoplin-lpg": null,
        "price_KOEL": null,
        "price_hvo": null,
        "price_cng": null,
        "price_lng": null
      }
    },
    {
      "type": "Feature",
      "id": 2009,
      "geometry": {
        "type": "Point",
        "coordinates": [
          13.928699,
          45.60515
        ]
      },
      "properties": {
        "pk": 2009,
        "franchise": 1,
        "franchise_name": "Petrol d.d., Ljubljana",
        "name": "PETROL KOZINA AC - VZHOD",
        "address": "BAZOVIŠKA CESTA 23A",
        "zip_code": "6240",
        "open_hours": "00:00-23:59\n",
        "direction": "Koper -> Ljubljana",
        "price_95": 1.79,
        "price_dizel": 1.95,
        "price_98": null,
        "price_100": 2.104,
        "price_dizel-premium": 2.291,
        "price_avtoplin-lpg": 1.036,
        "price_KOEL": null,
        "price_hvo": null,
        "price_cng": null,
        "price_lng": null
      }
    },
    {
      "type": "Feature",
      "id": 2010,
      "geometry": {
        "type": "Point",
        "coordinates": [
          16.15117853,
          46.40764081
        ]
      },
      "properties": {
        "pk": 2010,
        "franchise": 1,
        "franchise_name": "Petrol d.d., Ljubljana",
        "name": "PETROL ORMOŽ",
        "address": "KOLODVORSKA CESTA 5",
        "zip_code": "2270",
        "open_hours": "Ponedeljek, Torek, Sreda, Četrtek, Petek\n06:00-20:00\n\nSobota\n07:00-20:00\n\nNedelja, Praznik\n08:00-20:00\n",
        "direction": "",
        "price_95": 1.623,
        "price_dizel": 1.811,
        "price_98": null,
        "price_100": 1.983,
        "price_dizel-premium": null,
        "price_avtoplin-lpg": null,
        "price_KOEL": 1.412,
        "price_hvo": null,
        "price_cng": null,
        "price_lng": null
      }
    },
    {
      "type": "Feature",
      "id": 2011,
      "geometry": {
        "type": "Point",
        "coordinates": [
          15.8826979,
          46.41703099
        ]
      },
      "properties": {
        "pk": 2011,
        "franchise": 1,
        "franchise_name": "Petrol d.d., Ljubljana",
        "name": "PETROL PTUJ - ORMOŠKA 25",
        "address": "ORMOŠKA CESTA 25",
        "zip_code": "2250",
        "open_hours": "Ponedeljek, Torek, Sreda, Četrtek, Petek\n07:00-11:00, 11:30-15:00\n\nSobota\n08:00-11:30\n",
        "direction": "",
        "price_95": 1.623,
        "price_dizel": 1.811,
        "price_98": null,
        "price_100": null,
        "price_dizel-premium": null,
        "price_avtoplin-lpg": null,
        "price_KOEL": 1.412,
        "price_hvo": null,
        "price_cng": null,
        "price_lng": null
      }
    },
    {
      "type": "Feature",
      "id": 2012,
      "geometry": {
        "type": "Point",
        "coordinates": [
          15.82734335,
          46.42559375
        ]
      },
      "properties": {
        "pk": 2012,
        "franchise": 1,
        "franchise_name": "Petrol d.d., Ljubljana",
        "name": "PETROL HAJDOŠE",
        "address": "HAJDOŠE 43D",
        "zip_code": "2288",
        "open_hours": "Ponedeljek, Torek, Sreda, Četrtek, Petek\n07:00-20:00\n\nSobota\n07:00-19:00\n",
        "direction": "",
        "price_95": 1.623,
        "price_dizel": 1.811,
        "price_98": null,
        "price_100": null,
        "price_dizel-premium": null,
        "price_avtoplin-lpg": null,
        "price_KOEL": 1.412,
        "price_hvo": null,
        "price_cng": null,
        "price_lng": null
      }
    },
    {
      "type": "Feature",
      "id": 2013,
      "geometry": {
        "type": "Point",
        "coordinates": [
          15.73672014,
          46.3487854
        ]
      },
      "properties": {
        "pk": 2013,
        "franchise": 1,
        "franchise_name": "Petrol d.d., Ljubljana",
        "name": "PETROL MAJŠPERK",
        "address": "MAJŠPERK 55A",
        "zip_code": "2322",
        "open_hours": "Ponedeljek, Torek, Sreda, Četrtek, Petek\n07:00-18:00\n\nSobota\n07:00-15:00\n\nNedelja, Praznik\n08:00-11:30\n",
        "direction": "",
        "price_95": 1.623,
        "price_dizel": 1.811,
        "price_98": null,
        "price_100": null,
        "price_dizel-premium": null,
        "price_avtoplin-lpg": null,
        "price_KOEL": 1.412,
        "price_hvo": null,
        "price_cng": null,
        "price_lng": null
      }
    },
    {
      "type": "Feature",
      "id": 2014,
      "geometry": {
        "type": "Point",
        "coordinates": [
          15.88049476,
          46.41676013
        ]
      },
      "properties": {
        "pk": 2014,
        "franchise": 1,
        "franchise_name": "Petrol d.d., Ljubljana",
        "name": "PETROL PTUJ - ORMOŠKA 26/B",
        "address": "ORMOŠKA CESTA 26B",
        "zip_code": "2250",
        "open_hours": "00:00-23:59\n",
        "direction": "",
        "price_95": 1.623,
        "price_dizel": 1.811,
        "price_98": null,
        "price_100": 1.983,
        "price_dizel-premium": 2.169,
        "price_avtoplin-lpg": 0.976,
        "price_KOEL": 1.412,
        "price_hvo": null,
        "price_cng": null,
        "price_lng": null
      }
    },
    {
      "type": "Feature",
      "id": 2015,
      "geometry": {
        "type": "Point",
        "coordinates": [
          15.8836554,
          46.42711936
        ]
      },
      "properties": {
        "pk": 2015,
        "franchise": 1,
        "franchise_name": "Petrol d.d., Ljubljana",
        "name": "PETROL PTUJ - OSOJNIKOVA",
        "address": "OSOJNIKOVA CESTA 10",
        "zip_code": "2250",
        "open_hours": "Ponedeljek, Torek, Sreda, Četrtek, Petek\n06:00-21:00\n\nSobota\n06:00-21:00\n\nNedelja, Praznik\n07:00-21:00\n",
        "direction": "",
        "price_95": 1.623,
        "price_dizel": 1.811,
        "price_98": null,
        "price_100": 1.983,
        "price_dizel-premium": null,
        "price_avtoplin-lpg": null,
        "price_KOEL": 1.412,
        "price_hvo": null,
        "price_cng": null,
        "price_lng": null
      }
    },
    {
      "type": "Feature",
      "id": 2016,
      "geometry": {
        "type": "Point",
        "coordinates": [
          13.90989,
          45.88288
        ]
      },
      "properties": {
        "pk": 2016,
        "franchise": 1,
        "franchise_name": "Petrol d.d., Ljubljana",
        "name": "PETROL AJDOVŠČINA - VIPAVSKA",
        "address": "VIPAVSKA CESTA 4C",
        "zip_code": "5270",
        "open_hours": "00:00-23:59\n",
        "direction": "",
        "price_95": 1.623,
        "price_dizel": 1.811,
        "price_98": null,
        "price_100": 1.983,
        "price_dizel-premium": 2.169,
        "price_avtoplin-lpg": 0.976,
        "price_KOEL": null,
        "price_hvo": null,
        "price_cng": null,
        "price_lng": null
      }
    },
    {
      "type": "Feature",
      "id": 2017,
      "geometry": {
        "type": "Point",
        "coordinates": [
          16.46019878,
          46.59372345
        ]
      },
      "properties": {
        "pk": 2017,
        "franchise": 1,
        "franchise_name": "Petrol d.d., Ljubljana",
        "name": "PETROL DOLGA VAS",
        "address": "GLAVNA ULICA 200",
        "zip_code": "9220",
        "open_hours": "05:00-23:00\n",
        "direction": "",
        "price_95": 1.623,
        "price_dizel": 1.811,
        "price_98": null,
        "price_100": null,
        "price_dizel-premium": null,
        "price_avtoplin-lpg": null,
        "price_KOEL": 1.412,
        "price_hvo": null,
        "price_cng": null,
        "price_lng": null
      }
    },
    {
      "type": "Feature",
      "id": 2018,
      "geometry": {
        "type": "Point",
        "coordinates": [
          16.166272,
          46.635944
        ]
      },
      "properties": {
        "pk": 2018,
        "franchise": 1,
        "franchise_name": "Petrol d.d., Ljubljana",
        "name": "PETROL MURSKA SOBOTA AC - SEVER",
        "address": "BAKOVSKA ULICA 53",
        "zip_code": "9000",
        "open_hours": "00:00-23:59\n",
        "direction": "",
        "price_95": 1.79,
        "price_dizel": 1.95,
        "price_98": null,
        "price_100": 2.104,
        "price_dizel-premium": null,
        "price_avtoplin-lpg": 1.036,
        "price_KOEL": null,
        "price_hvo": null,
        "price_cng": null,
        "price_lng": null
      }
    },
    {
      "type": "Feature",
      "id": 2019,
      "geometry": {
        "type": "Point",
        "coordinates": [
          16.164346,
          46.634461
        ]
      },
      "properties": {
        "pk": 2019,
        "franchise": 1,
        "franchise_name": "Petrol d.d., Ljubljana",
        "name": "PETROL MURSKA SOBOTA AC - JUG",
        "address": "BAKOVSKA ULICA 51",
        "zip_code": "9000",
        "open_hours": "00:00-23:59\n",
        "direction": "",
        "price_95": 1.79,
        "price_dizel": 1.95,
        "price_98": null,
        "price_100": 2.104,
        "price_dizel-premium": null,
        "price_avtoplin-lpg": null,
        "price_KOEL": null,
        "price_hvo": null,
        "price_cng": null,
        "price_lng": null
      }
    },
    {
      "type": "Feature",
      "id": 2020,
      "geometry": {
        "type": "Point",
        "coordinates": [
          15.70616915,
          46.59570289
        ]
      },
      "properties": {
        "pk": 2020,
        "franchise": 1,
        "franchise_name": "Petrol d.d., Ljubljana",
        "name": "PETROL VOSEK",
        "address": "VOSEK 22A",
        "zip_code": "2231",
        "open_hours": "Ponedeljek, Torek, Sreda, Četrtek, Petek\n06:00-21:00\n\nSobota\n06:00-21:00\n\nNedelja, Praznik\n08:00-20:00\n",
        "direction": "Maribor -> Madžarska",
        "price_95": 1.623,
        "price_dizel": 1.811,
        "price_98": null,
        "price_100": 1.983,
        "price_dizel-premium": null,
        "price_avtoplin-lpg": null,
        "price_KOEL": 1.412,
        "price_hvo": null,
        "price_cng": null,
        "price_lng": null
      }
    },
    {
      "type": "Feature",
      "id": 2021,
      "geometry": {
        "type": "Point",
        "coordinates": [
          15.569006,
          46.387184
        ]
      },
      "properties": {
        "pk": 2021,
        "franchise": 1,
        "franchise_name": "Petrol d.d., Ljubljana",
        "name": "PETROL SLOVENSKA BISTRICA - LJUBLJANSKA KROŽIŠČE",
        "address": "LJUBLJANSKA CESTA 45",
        "zip_code": "2310",
        "open_hours": "Ponedeljek, Torek, Sreda, Četrtek, Petek\n05:00-22:00\n\nSobota\n06:00-22:00\n\nNedelja, Praznik\n08:00-21:00\n",
        "direction": "",
        "price_95": 1.623,
        "price_dizel": 1.811,
        "price_98": null,
        "price_100": 1.983,
        "price_dizel-premium": null,
        "price_avtoplin-lpg": 0.976,
        "price_KOEL": null,
        "price_hvo": null,
        "price_cng": null,
        "price_lng": null
      }
    },
    {
      "type": "Feature",
      "id": 2022,
      "geometry": {
        "type": "Point",
        "coordinates": [
          15.866315,
          46.40705215
        ]
      },
      "properties": {
        "pk": 2022,
        "franchise": 1,
        "franchise_name": "Petrol d.d., Ljubljana",
        "name": "PETROL PTUJ - ZAGREBŠKA",
        "address": "ZAGREBŠKA CESTA 49B",
        "zip_code": "2250",
        "open_hours": "Ponedeljek, Torek, Sreda, Četrtek, Petek\n06:00-21:00\n\nSobota\n07:00-20:00\n\nNedelja, Praznik\n07:00-19:00\n",
        "direction": "",
        "price_95": 1.623,
        "price_dizel": 1.811,
        "price_98": null,
        "price_100": 1.983,
        "price_dizel-premium": null,
        "price_avtoplin-lpg": null,
        "price_KOEL": 1.412,
        "price_hvo": null,
        "price_cng": null,
        "price_lng": null
      }
    },
    {
      "type": "Feature",
      "id": 2023,
      "geometry": {
        "type": "Point",
        "coordinates": [
          15.67767389,
          46.54782826
        ]
      },
      "properties": {
        "pk": 2023,
        "franchise": 1,
        "franchise_name": "Petrol d.d., Ljubljana",
        "name": "PETROL MARIBOR - PUHOVA",
        "address": "PUHOVA ULICA 3",
        "zip_code": "2000",
        "open_hours": "Ponedeljek, Torek, Sreda, Četrtek, Petek\n07:00-20:00\n\nSobota\n08:00-18:00\n\nNedelja, Praznik\n08:00-12:00, 12:30-18:00\n",
        "direction": "",
        "price_95": 1.623,
        "price_dizel": 1.811,
        "price_98": null,
        "price_100": 1.983,
        "price_dizel-premium": null,
        "price_avtoplin-lpg": null,
        "price_KOEL": null,
        "price_hvo": null,
        "price_cng": null,
        "price_lng": null
      }
    },
    {
      "type": "Feature",
      "id": 2024,
      "geometry": {
        "type": "Point",
        "coordinates": [
          15.88908401,
          46.42336766
        ]
      },
      "properties": {
        "pk": 2024,
        "franchise": 1,
        "franchise_name": "Petrol d.d., Ljubljana",
        "name": "PETROL PTUJ - DORNAVSKA",
        "address": "DORNAVSKA CESTA 6B",
        "zip_code": "2250",
        "open_hours": "Ponedeljek, Torek, Sreda, Četrtek, Petek\n06:00-21:00\n\nSobota\n07:00-20:00\n\nNedelja, Praznik\n08:00-20:00\n",
        "direction": "",
        "price_95": 1.623,
        "price_dizel": 1.811,
        "price_98": null,
        "price_100": 1.983,
        "price_dizel-premium": null,
        "price_avtoplin-lpg": null,
        "price_KOEL": 1.412,
        "price_hvo": null,
        "price_cng": null,
        "price_lng": null
      }
    },
    {
      "type": "Feature",
      "id": 2025,
      "geometry": {
        "type": "Point",
        "coordinates": [
          15.64737991,
          46.53817035
        ]
      },
      "properties": {
        "pk": 2025,
        "franchise": 1,
        "franchise_name": "Petrol d.d., Ljubljana",
        "name": "PETROL MARIBOR - TRŽAŠKA 11",
        "address": "TRŽAŠKA CESTA 11",
        "zip_code": "2000",
        "open_hours": "Ponedeljek, Torek, Sreda, Četrtek, Petek\n06:00-21:00\n\nSobota\n07:00-20:00\n\nNedelja, Praznik\n07:00-20:00\n",
        "direction": "Ljubljana -> Maribor",
        "price_95": 1.623,
        "price_dizel": 1.811,
        "price_98": null,
        "price_100": null,
        "price_dizel-premium": null,
        "price_avtoplin-lpg": 0.976,
        "price_KOEL": 1.412,
        "price_hvo": null,
        "price_cng": null,
        "price_lng": null
      }
    },
    {
      "type": "Feature",
      "id": 2026,
      "geometry": {
        "type": "Point",
        "coordinates": [
          15.826899,
          46.564825
        ]
      },
      "properties": {
        "pk": 2026,
        "franchise": 1,
        "franchise_name": "Petrol d.d., Ljubljana",
        "name": "PETROL LORMANJE AC - JUG",
        "address": "LORMANJE 22C",
        "zip_code": "2230",
        "open_hours": "00:00-23:59\n",
        "direction": "Maribor -> Madžarska",
        "price_95": 1.79,
        "price_dizel": 1.95,
        "price_98": null,
        "price_100": 2.104,
        "price_dizel-premium": null,
        "price_avtoplin-lpg": 1.036,
        "price_KOEL": null,
        "price_hvo": null,
        "price_cng": null,
        "price_lng": null
      }
    },
    {
      "type": "Feature",
      "id": 2027,
      "geometry": {
        "type": "Point",
        "coordinates": [
          16.51791,
          46.521752
        ]
      },
      "properties": {
        "pk": 2027,
        "franchise": 1,
        "franchise_name": "Petrol d.d., Ljubljana",
        "name": "PETROL PINCE AC - JUG",
        "address": "PINCE-MAROF 55",
        "zip_code": "9220",
        "open_hours": "00:00-23:59\n",
        "direction": "Maribor -> Madžarska",
        "price_95": 1.79,
        "price_dizel": 1.95,
        "price_98": null,
        "price_100": 2.104,
        "price_dizel-premium": 2.291,
        "price_avtoplin-lpg": 1.036,
        "price_KOEL": null,
        "price_hvo": null,
        "price_cng": null,
        "price_lng": null
      }
    },
    {
      "type": "Feature",
      "id": 2028,
      "geometry": {
        "type": "Point",
        "coordinates": [
          15.652196,
          46.493923
        ]
      },
      "properties": {
        "pk": 2028,
        "franchise": 1,
        "franchise_name": "Petrol d.d., Ljubljana",
        "name": "PETROL SLIVNICA VZHOD",
        "address": "LJUBLJANSKA CESTA 61",
        "zip_code": "2311",
        "open_hours": "Ponedeljek, Torek, Sreda, Četrtek, Petek\n06:00-20:00\n\nSobota\n06:00-20:00\n\nNedelja, Praznik\n07:00-20:00\n",
        "direction": "",
        "price_95": 1.623,
        "price_dizel": 1.811,
        "price_98": null,
        "price_100": 1.983,
        "price_dizel-premium": null,
        "price_avtoplin-lpg": 0.976,
        "price_KOEL": null,
        "price_hvo": null,
        "price_cng": null,
        "price_lng": null
      }
    },
    {
      "type": "Feature",
      "id": 2029,
      "geometry": {
        "type": "Point",
        "coordinates": [
          16.178624,
          46.656739
        ]
      },
      "properties": {
        "pk": 2029,
        "franchise": 1,
        "franchise_name": "Petrol d.d., Ljubljana",
        "name": "PETROL MURSKA SOBOTA - PLESE",
        "address": "PANONSKA ULICA 5",
        "zip_code": "9000",
        "open_hours": "00:00-23:59\n",
        "direction": "",
        "price_95": 1.623,
        "price_dizel": 1.811,
        "price_98": null,
        "price_100": 1.983,
        "price_dizel-premium": 2.169,
        "price_avtoplin-lpg": 0.976,
        "price_KOEL": null,
        "price_hvo": null,
        "price_cng": null,
        "price_lng": null
      }
    },
    {
      "type": "Feature",
      "id": 2030,
      "geometry": {
        "type": "Point",
        "coordinates": [
          13.940151,
          45.703393
        ]
      },
      "properties": {
        "pk": 2030,
        "franchise": 1,
        "franchise_name": "Petrol d.d., Ljubljana",
        "name": "PETROL POVIR AC - JUG",
        "address": "POVIR 95",
        "zip_code": "6210",
        "open_hours": "00:00-23:59\n",
        "direction": "Fernetiči -> Ljublja",
        "price_95": 1.79,
        "price_dizel": 1.95,
        "price_98": null,
        "price_100": 2.104,
        "price_dizel-premium": null,
        "price_avtoplin-lpg": 1.036,
        "price_KOEL": null,
        "price_hvo": null,
        "price_cng": null,
        "price_lng": null
      }
    },
    {
      "type": "Feature",
      "id": 2031,
      "geometry": {
        "type": "Point",
        "coordinates": [
          13.941688,
          45.703632
        ]
      },
      "properties": {
        "pk": 2031,
        "franchise": 1,
        "franchise_name": "Petrol d.d., Ljubljana",
        "name": "PETROL POVIR AC - SEVER",
        "address": "POVIR 96",
        "zip_code": "6210",
        "open_hours": "00:00-23:59\n",
        "direction": "",
        "price_95": 1.79,
        "price_dizel": 1.95,
        "price_98": null,
        "price_100": 2.104,
        "price_dizel-premium": null,
        "price_avtoplin-lpg": 1.036,
        "price_KOEL": null,
        "price_hvo": null,
        "price_cng": null,
        "price_lng": null
      }
    },
    {
      "type": "Feature",
      "id": 2032,
      "geometry": {
        "type": "Point",
        "coordinates": [
          13.958807,
          45.829264
        ]
      },
      "properties": {
        "pk": 2032,
        "franchise": 1,
        "franchise_name": "Petrol d.d., Ljubljana",
        "name": "PETROL VIPAVA AC - SEVER",
        "address": "GORIŠKA CESTA 3A",
        "zip_code": "5271",
        "open_hours": "00:00-23:59\n",
        "direction": "",
        "price_95": 1.79,
        "price_dizel": 1.95,
        "price_98": null,
        "price_100": 2.104,
        "price_dizel-premium": 2.291,
        "price_avtoplin-lpg": 1.036,
        "price_KOEL": null,
        "price_hvo": null,
        "price_cng": null,
        "price_lng": null
      }
    },
    {
      "type": "Feature",
      "id": 2033,
      "geometry": {
        "type": "Point",
        "coordinates": [
          14.19717139,
          45.68611881
        ]
      },
      "properties": {
        "pk": 2033,
        "franchise": 1,
        "franchise_name": "Petrol d.d., Ljubljana",
        "name": "PETROL PIVKA",
        "address": "POSTOJNSKA CESTA 20A",
        "zip_code": "6257",
        "open_hours": "Ponedeljek, Torek, Sreda, Četrtek, Petek\n00:00-05:00, 05:00-22:00, 22:00-00:00\n\nSobota\n00:00-06:00, 06:00-22:00, 22:00-00:00\n\nNedelja, Praznik\n00:00-07:00, 07:00-22:00, 22:00-00:00\n",
        "direction": "",
        "price_95": 1.623,
        "price_dizel": 1.811,
        "price_98": null,
        "price_100": 1.983,
        "price_dizel-premium": 2.169,
        "price_avtoplin-lpg": 0.976,
        "price_KOEL": null,
        "price_hvo": null,
        "price_cng": null,
        "price_lng": null
      }
    },
    {
      "type": "Feature",
      "id": 2034,
      "geometry": {
        "type": "Point",
        "coordinates": [
          13.735513,
          45.542714
        ]
      },
      "properties": {
        "pk": 2034,
        "franchise": 1,
        "franchise_name": "Petrol d.d., Ljubljana",
        "name": "PETROL KOPER - KOLODVORSKA",
        "address": "KOLODVORSKA CESTA 3A",
        "zip_code": "6000",
        "open_hours": "Ponedeljek, Torek, Sreda, Četrtek, Petek\n06:00-22:00\n\nSobota\n06:00-22:00\n\nNedelja, Praznik\n07:00-22:00\n",
        "direction": "",
        "price_95": 1.623,
        "price_dizel": 1.811,
        "price_98": null,
        "price_100": 1.983,
        "price_dizel-premium": null,
        "price_avtoplin-lpg": 0.976,
        "price_KOEL": null,
        "price_hvo": null,
        "price_cng": null,
        "price_lng": null
      }
    },
    {
      "type": "Feature",
      "id": 2035,
      "geometry": {
        "type": "Point",
        "coordinates": [
          13.65634,
          45.538539
        ]
      },
      "properties": {
        "pk": 2035,
        "franchise": 1,
        "franchise_name": "Petrol d.d., Ljubljana",
        "name": "PETROL IZOLA MANDRAČ",
        "address": "VELIKI TRG 0N",
        "zip_code": "6310",
        "open_hours": "Začasno zaprto do 23. julij 2026",
        "direction": "",
        "price_95": null,
        "price_dizel": null,
        "price_98": null,
        "price_100": null,
        "price_dizel-premium": null,
        "price_avtoplin-lpg": null,
        "price_KOEL": null,
        "price_hvo": null,
        "price_cng": null,
        "price_lng": null
      }
    },
    {
      "type": "Feature",
      "id": 2036,
      "geometry": {
        "type": "Point",
        "coordinates": [
          14.479525,
          46.081849
        ]
      },
      "properties": {
        "pk": 2036,
        "franchise": 1,
        "franchise_name": "Petrol d.d., Ljubljana",
        "name": "PETROL LJUBLJANA - CELOVŠKA 226",
        "address": "CELOVŠKA CESTA 226",
        "zip_code": "1000",
        "open_hours": "00:00-23:59\n",
        "direction": "Ljubljana -> Kranj",
        "price_95": 1.623,
        "price_dizel": 1.811,
        "price_98": null,
        "price_100": 1.983,
        "price_dizel-premium": null,
        "price_avtoplin-lpg": null,
        "price_KOEL": null,
        "price_hvo": null,
        "price_cng": null,
        "price_lng": null
      }
    },
    {
      "type": "Feature",
      "id": 2037,
      "geometry": {
        "type": "Point",
        "coordinates": [
          14.52693479,
          46.03323598
        ]
      },
      "properties": {
        "pk": 2037,
        "franchise": 1,
        "franchise_name": "Petrol d.d., Ljubljana",
        "name": "PETROL LJUBLJANA - RAKOVNIK",
        "address": "DOLENJSKA CESTA 136A",
        "zip_code": "1000",
        "open_hours": "Ponedeljek, Torek, Sreda, Četrtek, Petek\n06:00-22:00\n\nSobota\n06:00-22:00\n\nNedelja, Praznik\n07:00-22:00\n",
        "direction": "",
        "price_95": 1.623,
        "price_dizel": 1.811,
        "price_98": null,
        "price_100": 1.983,
        "price_dizel-premium": null,
        "price_avtoplin-lpg": null,
        "price_KOEL": null,
        "price_hvo": null,
        "price_cng": null,
        "price_lng": null
      }
    },
    {
      "type": "Feature",
      "id": 2038,
      "geometry": {
        "type": "Point",
        "coordinates": [
          14.52518352,
          46.0630141
        ]
      },
      "properties": {
        "pk": 2038,
        "franchise": 1,
        "franchise_name": "Petrol d.d., Ljubljana",
        "name": "PETROL LJUBLJANA - ŠMARTINSKA 45",
        "address": "ŠMARTINSKA CESTA 45",
        "zip_code": "1000",
        "open_hours": "Ponedeljek, Torek, Sreda, Četrtek, Petek\n06:30-20:00\n\nSobota\n07:00-13:00\n",
        "direction": "",
        "price_95": 1.623,
        "price_dizel": 1.811,
        "price_98": null,
        "price_100": null,
        "price_dizel-premium": null,
        "price_avtoplin-lpg": null,
        "price_KOEL": null,
        "price_hvo": null,
        "price_cng": null,
        "price_lng": null
      }
    },
    {
      "type": "Feature",
      "id": 2039,
      "geometry": {
        "type": "Point",
        "coordinates": [
          14.512668,
          46.078052
        ]
      },
      "properties": {
        "pk": 2039,
        "franchise": 1,
        "franchise_name": "Petrol d.d., Ljubljana",
        "name": "PETROL LJUBLJANA - DUNAJSKA 130",
        "address": "DUNAJSKA CESTA 130",
        "zip_code": "1000",
        "open_hours": "00:00-23:59\n",
        "direction": "",
        "price_95": 1.623,
        "price_dizel": 1.811,
        "price_98": null,
        "price_100": 1.983,
        "price_dizel-premium": null,
        "price_avtoplin-lpg": null,
        "price_KOEL": null,
        "price_hvo": null,
        "price_cng": null,
        "price_lng": null
      }
    },
    {
      "type": "Feature",
      "id": 2040,
      "geometry": {
        "type": "Point",
        "coordinates": [
          14.48517761,
          46.04443147
        ]
      },
      "properties": {
        "pk": 2040,
        "franchise": 1,
        "franchise_name": "Petrol d.d., Ljubljana",
        "name": "PETROL LJUBLJANA - TRŽAŠKA 44",
        "address": "TRŽAŠKA CESTA 44",
        "zip_code": "1000",
        "open_hours": "Ponedeljek, Torek, Sreda, Četrtek, Petek\n07:00-21:00\n\nSobota\n07:00-13:00\n",
        "direction": "",
        "price_95": 1.623,
        "price_dizel": 1.811,
        "price_98": null,
        "price_100": 1.983,
        "price_dizel-premium": null,
        "price_avtoplin-lpg": null,
        "price_KOEL": 1.412,
        "price_hvo": null,
        "price_cng": null,
        "price_lng": null
      }
    },
    {
      "type": "Feature",
      "id": 2041,
      "geometry": {
        "type": "Point",
        "coordinates": [
          14.47088774,
          46.03869769
        ]
      },
      "properties": {
        "pk": 2041,
        "franchise": 1,
        "franchise_name": "Petrol d.d., Ljubljana",
        "name": "PETROL LJUBLJANA - TRŽAŠKA 131A",
        "address": "TRŽAŠKA CESTA 131A",
        "zip_code": "1000",
        "open_hours": "Ponedeljek, Torek, Sreda, Četrtek, Petek\n06:00-21:00\n\nSobota\n06:30-21:00\n\nNedelja, Praznik\n08:00-20:00\n",
        "direction": "",
        "price_95": 1.623,
        "price_dizel": 1.811,
        "price_98": null,
        "price_100": 1.983,
        "price_dizel-premium": null,
        "price_avtoplin-lpg": null,
        "price_KOEL": null,
        "price_hvo": null,
        "price_cng": null,
        "price_lng": null
      }
    },
    {
      "type": "Feature",
      "id": 2042,
      "geometry": {
        "type": "Point",
        "coordinates": [
          14.53893203,
          46.05587096
        ]
      },
      "properties": {
        "pk": 2042,
        "franchise": 1,
        "franchise_name": "Petrol d.d., Ljubljana",
        "name": "PETROL LJUBLJANA - ZALOŠKA",
        "address": "ZALOŠKA CESTA 60A",
        "zip_code": "1000",
        "open_hours": "00:00-23:59\n",
        "direction": "",
        "price_95": 1.623,
        "price_dizel": 1.811,
        "price_98": null,
        "price_100": null,
        "price_dizel-premium": null,
        "price_avtoplin-lpg": null,
        "price_KOEL": 1.412,
        "price_hvo": null,
        "price_cng": null,
        "price_lng": null
      }
    },
    {
      "type": "Feature",
      "id": 2043,
      "geometry": {
        "type": "Point",
        "coordinates": [
          14.54272853,
          46.01990066
        ]
      },
      "properties": {
        "pk": 2043,
        "franchise": 1,
        "franchise_name": "Petrol d.d., Ljubljana",
        "name": "PETROL LJUBLJANA - RUDNIK VZHOD",
        "address": "DOLENJSKA CESTA 157A",
        "zip_code": "1000",
        "open_hours": "Ponedeljek, Torek, Sreda, Četrtek, Petek\n05:30-21:00\n\nSobota\n06:30-21:00\n\nNedelja, Praznik\n07:30-21:00\n",
        "direction": "",
        "price_95": 1.623,
        "price_dizel": 1.811,
        "price_98": null,
        "price_100": 1.983,
        "price_dizel-premium": null,
        "price_avtoplin-lpg": null,
        "price_KOEL": null,
        "price_hvo": null,
        "price_cng": null,
        "price_lng": null
      }
    },
    {
      "type": "Feature",
      "id": 2044,
      "geometry": {
        "type": "Point",
        "coordinates": [
          14.51209267,
          46.07883295
        ]
      },
      "properties": {
        "pk": 2044,
        "franchise": 1,
        "franchise_name": "Petrol d.d., Ljubljana",
        "name": "PETROL LJUBLJANA - DUNAJSKA 133",
        "address": "DUNAJSKA CESTA 133",
        "zip_code": "1000",
        "open_hours": "Ponedeljek, Torek, Sreda, Četrtek, Petek\n06:00-21:00\n\nSobota\n07:00-21:00\n\nNedelja, Praznik\n08:00-20:00\n",
        "direction": "",
        "price_95": 1.623,
        "price_dizel": 1.811,
        "price_98": null,
        "price_100": 1.983,
        "price_dizel-premium": null,
        "price_avtoplin-lpg": null,
        "price_KOEL": null,
        "price_hvo": null,
        "price_cng": null,
        "price_lng": null
      }
    },
    {
      "type": "Feature",
      "id": 2045,
      "geometry": {
        "type": "Point",
        "coordinates": [
          14.531219,
          46.066152
        ]
      },
      "properties": {
        "pk": 2045,
        "franchise": 1,
        "franchise_name": "Petrol d.d., Ljubljana",
        "name": "PETROL LJUBLJANA - ŠMARTINSKA 101",
        "address": "ŠMARTINSKA CESTA 101",
        "zip_code": "1000",
        "open_hours": "Ponedeljek, Torek, Sreda, Četrtek, Petek\n05:30-22:00\n\nSobota\n06:00-22:00\n\nNedelja, Praznik\n07:00-22:00\n",
        "direction": "",
        "price_95": 1.623,
        "price_dizel": 1.811,
        "price_98": null,
        "price_100": 1.983,
        "price_dizel-premium": null,
        "price_avtoplin-lpg": null,
        "price_KOEL": null,
        "price_hvo": null,
        "price_cng": null,
        "price_lng": null
      }
    },
    {
      "type": "Feature",
      "id": 2046,
      "geometry": {
        "type": "Point",
        "coordinates": [
          14.46933955,
          46.03844761
        ]
      },
      "properties": {
        "pk": 2046,
        "franchise": 1,
        "franchise_name": "Petrol d.d., Ljubljana",
        "name": "PETROL LJUBLJANA - TRŽAŠKA 130",
        "address": "TRŽAŠKA CESTA 130",
        "zip_code": "1000",
        "open_hours": "00:00-23:59\n",
        "direction": "Ljubljana -> Koper",
        "price_95": 1.623,
        "price_dizel": 1.811,
        "price_98": null,
        "price_100": 1.983,
        "price_dizel-premium": 2.169,
        "price_avtoplin-lpg": 0.976,
        "price_KOEL": null,
        "price_hvo": null,
        "price_cng": null,
        "price_lng": null
      }
    },
    {
      "type": "Feature",
      "id": 2047,
      "geometry": {
        "type": "Point",
        "coordinates": [
          14.47901865,
          46.08132492
        ]
      },
      "properties": {
        "pk": 2047,
        "franchise": 1,
        "franchise_name": "Petrol d.d., Ljubljana",
        "name": "PETROL LJUBLJANA - CELOVŠKA 251",
        "address": "CELOVŠKA CESTA 251",
        "zip_code": "1000",
        "open_hours": "Ponedeljek, Torek, Sreda, Četrtek, Petek\n06:00-21:00\n\nSobota\n06:00-21:00\n\nNedelja, Praznik\n07:00-21:00\n",
        "direction": "",
        "price_95": 1.623,
        "price_dizel": 1.811,
        "price_98": null,
        "price_100": 1.983,
        "price_dizel-premium": null,
        "price_avtoplin-lpg": null,
        "price_KOEL": null,
        "price_hvo": null,
        "price_cng": null,
        "price_lng": null
      }
    },
    {
      "type": "Feature",
      "id": 2048,
      "geometry": {
        "type": "Point",
        "coordinates": [
          14.50344546,
          46.0580724
        ]
      },
      "properties": {
        "pk": 2048,
        "franchise": 1,
        "franchise_name": "Petrol d.d., Ljubljana",
        "name": "PETROL LJUBLJANA - TIVOLSKA",
        "address": "TIVOLSKA CESTA 43",
        "zip_code": "1000",
        "open_hours": "00:00-23:59\n",
        "direction": "",
        "price_95": 1.623,
        "price_dizel": 1.811,
        "price_98": null,
        "price_100": 1.983,
        "price_dizel-premium": null,
        "price_avtoplin-lpg": 0.976,
        "price_KOEL": null,
        "price_hvo": null,
        "price_cng": null,
        "price_lng": null
      }
    },
    {
      "type": "Feature",
      "id": 2049,
      "geometry": {
        "type": "Point",
        "coordinates": [
          14.54248084,
          46.06921194
        ]
      },
      "properties": {
        "pk": 2049,
        "franchise": 1,
        "franchise_name": "Petrol d.d., Ljubljana",
        "name": "PETROL LJUBLJANA - ŠMARTINSKA 150",
        "address": "ŠMARTINSKA CESTA 150",
        "zip_code": "1000",
        "open_hours": "06:00-22:00\n",
        "direction": "",
        "price_95": 1.623,
        "price_dizel": 1.811,
        "price_98": null,
        "price_100": 1.983,
        "price_dizel-premium": null,
        "price_avtoplin-lpg": null,
        "price_KOEL": 1.412,
        "price_hvo": null,
        "price_cng": null,
        "price_lng": null
      }
    },
    {
      "type": "Feature",
      "id": 2050,
      "geometry": {
        "type": "Point",
        "coordinates": [
          14.48691567,
          46.07303365
        ]
      },
      "properties": {
        "pk": 2050,
        "franchise": 1,
        "franchise_name": "Petrol d.d., Ljubljana",
        "name": "PETROL LJUBLJANA - CELOVŠKA 148",
        "address": "CELOVŠKA CESTA 148",
        "zip_code": "1000",
        "open_hours": "Ponedeljek, Torek, Sreda, Četrtek, Petek\n07:00-20:00\n\nSobota\n07:00-10:30, 11:00-13:00\n",
        "direction": "Ljubljana -> Kranj",
        "price_95": 1.623,
        "price_dizel": 1.811,
        "price_98": null,
        "price_100": null,
        "price_dizel-premium": null,
        "price_avtoplin-lpg": null,
        "price_KOEL": null,
        "price_hvo": null,
        "price_cng": null,
        "price_lng": null
      }
    },
    {
      "type": "Feature",
      "id": 2051,
      "geometry": {
        "type": "Point",
        "coordinates": [
          14.587178,
          46.053796
        ]
      },
      "properties": {
        "pk": 2051,
        "franchise": 1,
        "franchise_name": "Petrol d.d., Ljubljana",
        "name": "PETROL LJUBLJANA - POLJE",
        "address": "ZALOŠKA CESTA 166",
        "zip_code": "1260",
        "open_hours": "Ponedeljek, Torek, Sreda, Četrtek, Petek\n06:00-21:00\n\nSobota\n07:00-20:00\n",
        "direction": "",
        "price_95": 1.623,
        "price_dizel": 1.811,
        "price_98": null,
        "price_100": null,
        "price_dizel-premium": null,
        "price_avtoplin-lpg": null,
        "price_KOEL": 1.412,
        "price_hvo": null,
        "price_cng": null,
        "price_lng": null
      }
    },
    {
      "type": "Feature",
      "id": 2052,
      "geometry": {
        "type": "Point",
        "coordinates": [
          14.50003317,
          46.03925962
        ]
      },
      "properties": {
        "pk": 2052,
        "franchise": 1,
        "franchise_name": "Petrol d.d., Ljubljana",
        "name": "PETROL LJUBLJANA - TRNOVO",
        "address": "RIHARJEVA ULICA 31",
        "zip_code": "1000",
        "open_hours": "Začasno zaprto do 20. september 2026",
        "direction": "",
        "price_95": null,
        "price_dizel": null,
        "price_98": null,
        "price_100": null,
        "price_dizel-premium": null,
        "price_avtoplin-lpg": null,
        "price_KOEL": null,
        "price_hvo": null,
        "price_cng": null,
        "price_lng": null
      }
    },
    {
      "type": "Feature",
      "id": 2053,
      "geometry": {
        "type": "Point",
        "coordinates": [
          14.42151956,
          46.0520304
        ]
      },
      "properties": {
        "pk": 2053,
        "franchise": 1,
        "franchise_name": "Petrol d.d., Ljubljana",
        "name": "PETROL DOBROVA",
        "address": "POLHOGRAJSKA CESTA 12",
        "zip_code": "1356",
        "open_hours": "Ponedeljek, Torek, Sreda, Četrtek, Petek\n06:00-20:00\n\nSobota\n06:00-13:00\n",
        "direction": "",
        "price_95": 1.623,
        "price_dizel": 1.811,
        "price_98": null,
        "price_100": null,
        "price_dizel-premium": null,
        "price_avtoplin-lpg": null,
        "price_KOEL": 1.412,
        "price_hvo": null,
        "price_cng": null,
        "price_lng": null
      }
    },
    {
      "type": "Feature",
      "id": 2054,
      "geometry": {
        "type": "Point",
        "coordinates": [
          14.422124,
          45.973133
        ]
      },
      "properties": {
        "pk": 2054,
        "franchise": 1,
        "franchise_name": "Petrol d.d., Ljubljana",
        "name": "PETROL PODPEČ",
        "address": "JEZERO 103",
        "zip_code": "1352",
        "open_hours": "Ponedeljek, Torek, Sreda, Četrtek, Petek\n06:00-21:00\n\nSobota\n07:00-20:00\n\nNedelja, Praznik\n08:00-17:00\n",
        "direction": "",
        "price_95": 1.623,
        "price_dizel": 1.811,
        "price_98": null,
        "price_100": null,
        "price_dizel-premium": null,
        "price_avtoplin-lpg": null,
        "price_KOEL": 1.412,
        "price_hvo": null,
        "price_cng": null,
        "price_lng": null
      }
    },
    {
      "type": "Feature",
      "id": 2055,
      "geometry": {
        "type": "Point",
        "coordinates": [
          14.54127278,
          46.10458934
        ]
      },
      "properties": {
        "pk": 2055,
        "franchise": 1,
        "franchise_name": "Petrol d.d., Ljubljana",
        "name": "PETROL LJUBLJANA - ČRNUČE, DUNAJSKA",
        "address": "DUNAJSKA CESTA 460",
        "zip_code": "1231",
        "open_hours": "Ponedeljek, Torek, Sreda, Četrtek, Petek\n06:00-10:00, 10:30-16:00, 16:30-20:00\n\nSobota\n07:00-10:00, 10:30-13:00\n",
        "direction": "",
        "price_95": 1.623,
        "price_dizel": 1.811,
        "price_98": null,
        "price_100": null,
        "price_dizel-premium": null,
        "price_avtoplin-lpg": null,
        "price_KOEL": null,
        "price_hvo": null,
        "price_cng": null,
        "price_lng": null
      }
    },
    {
      "type": "Feature",
      "id": 2056,
      "geometry": {
        "type": "Point",
        "coordinates": [
          14.51074492,
          46.06882986
        ]
      },
      "properties": {
        "pk": 2056,
        "franchise": 1,
        "franchise_name": "Petrol d.d., Ljubljana",
        "name": "PETROL LJUBLJANA - DUNAJSKA 70",
        "address": "DUNAJSKA CESTA 70",
        "zip_code": "1000",
        "open_hours": "Ponedeljek, Torek, Sreda, Četrtek, Petek\n06:00-22:00\n\nSobota\n07:00-21:00\n\nNedelja, Praznik\n07:00-21:00\n",
        "direction": "",
        "price_95": 1.623,
        "price_dizel": 1.811,
        "price_98": null,
        "price_100": 1.983,
        "price_dizel-premium": 2.169,
        "price_avtoplin-lpg": null,
        "price_KOEL": null,
        "price_hvo": null,
        "price_cng": null,
        "price_lng": null
      }
    },
    {
      "type": "Feature",
      "id": 2057,
      "geometry": {
        "type": "Point",
        "coordinates": [
          14.54219888,
          46.01990756
        ]
      },
      "properties": {
        "pk": 2057,
        "franchise": 1,
        "franchise_name": "Petrol d.d., Ljubljana",
        "name": "PETROL LJUBLJANA - RUDNIK ZAHOD",
        "address": "DOLENJSKA CESTA 242F",
        "zip_code": "1000",
        "open_hours": "Ponedeljek, Torek, Sreda, Četrtek, Petek\n07:00-20:00\n\nSobota\n07:00-19:00\n",
        "direction": "",
        "price_95": 1.623,
        "price_dizel": 1.811,
        "price_98": null,
        "price_100": null,
        "price_dizel-premium": null,
        "price_avtoplin-lpg": null,
        "price_KOEL": null,
        "price_hvo": null,
        "price_cng": null,
        "price_lng": null
      }
    },
    {
      "type": "Feature",
      "id": 2058,
      "geometry": {
        "type": "Point",
        "coordinates": [
          14.59614121,
          46.03588324
        ]
      },
      "properties": {
        "pk": 2058,
        "franchise": 1,
        "franchise_name": "Petrol d.d., Ljubljana",
        "name": "PETROL ZADVOR",
        "address": "CESTA II. GRUPE ODREDOV 48",
        "zip_code": "1261",
        "open_hours": "Ponedeljek, Torek, Sreda, Četrtek, Petek\n07:00-19:00\n\nSobota\n07:00-11:30, 12:00-14:00\n",
        "direction": "",
        "price_95": 1.623,
        "price_dizel": 1.811,
        "price_98": null,
        "price_100": null,
        "price_dizel-premium": null,
        "price_avtoplin-lpg": null,
        "price_KOEL": null,
        "price_hvo": null,
        "price_cng": null,
        "price_lng": null
      }
    },
    {
      "type": "Feature",
      "id": 2059,
      "geometry": {
        "type": "Point",
        "coordinates": [
          14.481739,
          46.029136
        ]
      },
      "properties": {
        "pk": 2059,
        "franchise": 1,
        "franchise_name": "Petrol d.d., Ljubljana",
        "name": "PETROL LJUBLJANA AC - BARJE SEVER",
        "address": "CESTA DVEH CESARJEV 71",
        "zip_code": "1000",
        "open_hours": "00:00-23:59\n",
        "direction": "",
        "price_95": 1.79,
        "price_dizel": 1.95,
        "price_98": null,
        "price_100": 2.104,
        "price_dizel-premium": 2.291,
        "price_avtoplin-lpg": 1.036,
        "price_KOEL": null,
        "price_hvo": 3.245,
        "price_cng": 1.375,
        "price_lng": null
      }
    },
    {
      "type": "Feature",
      "id": 2060,
      "geometry": {
        "type": "Point",
        "coordinates": [
          14.478422,
          46.028806
        ]
      },
      "properties": {
        "pk": 2060,
        "franchise": 1,
        "franchise_name": "Petrol d.d., Ljubljana",
        "name": "PETROL LJUBLJANA AC - BARJE JUG",
        "address": "CESTA DVEH CESARJEV 73",
        "zip_code": "1000",
        "open_hours": "00:00-23:59\n",
        "direction": "",
        "price_95": 1.79,
        "price_dizel": 1.95,
        "price_98": null,
        "price_100": 2.104,
        "price_dizel-premium": 2.291,
        "price_avtoplin-lpg": 1.036,
        "price_KOEL": null,
        "price_hvo": 3.245,
        "price_cng": 1.375,
        "price_lng": null
      }
    },
    {
      "type": "Feature",
      "id": 2061,
      "geometry": {
        "type": "Point",
        "coordinates": [
          14.11723896,
          46.36846888
        ]
      },
      "properties": {
        "pk": 2061,
        "franchise": 1,
        "franchise_name": "Petrol d.d., Ljubljana",
        "name": "PETROL BLED - LJUBLJANSKA JUG",
        "address": "LJUBLJANSKA CESTA 30",
        "zip_code": "4260",
        "open_hours": "Ponedeljek, Torek, Sreda, Četrtek, Petek\n06:00-22:00\n\nSobota\n06:00-23:00\n\nNedelja, Praznik\n07:00-22:00\n",
        "direction": "",
        "price_95": 1.623,
        "price_dizel": 1.811,
        "price_98": null,
        "price_100": 1.983,
        "price_dizel-premium": null,
        "price_avtoplin-lpg": null,
        "price_KOEL": 1.412,
        "price_hvo": null,
        "price_cng": null,
        "price_lng": null
      }
    },
    {
      "type": "Feature",
      "id": 2062,
      "geometry": {
        "type": "Point",
        "coordinates": [
          14.58035495,
          46.13555764
        ]
      },
      "properties": {
        "pk": 2062,
        "franchise": 1,
        "franchise_name": "Petrol d.d., Ljubljana",
        "name": "PETROL DOMŽALE - LJUBLJANSKA",
        "address": "LJUBLJANSKA CESTA 2",
        "zip_code": "1230",
        "open_hours": "Ponedeljek, Torek, Sreda, Četrtek, Petek\n06:00-20:00\n\nSobota\n07:00-20:00\n",
        "direction": "",
        "price_95": 1.623,
        "price_dizel": 1.811,
        "price_98": null,
        "price_100": 1.983,
        "price_dizel-premium": null,
        "price_avtoplin-lpg": null,
        "price_KOEL": 1.412,
        "price_hvo": null,
        "price_cng": null,
        "price_lng": null
      }
    },
    {
      "type": "Feature",
      "id": 2063,
      "geometry": {
        "type": "Point",
        "coordinates": [
          14.349614,
          46.247434
        ]
      },
      "properties": {
        "pk": 2063,
        "franchise": 1,
        "franchise_name": "Petrol d.d., Ljubljana",
        "name": "PETROL KRANJ - ZLATO POLJE ZAHOD",
        "address": "KOROŠKA CESTA 53B",
        "zip_code": "4000",
        "open_hours": "00:00-23:59\n",
        "direction": "",
        "price_95": 1.623,
        "price_dizel": 1.811,
        "price_98": null,
        "price_100": 1.983,
        "price_dizel-premium": null,
        "price_avtoplin-lpg": null,
        "price_KOEL": null,
        "price_hvo": null,
        "price_cng": null,
        "price_lng": null
      }
    },
    {
      "type": "Feature",
      "id": 2064,
      "geometry": {
        "type": "Point",
        "coordinates": [
          14.82416328,
          46.05721177
        ]
      },
      "properties": {
        "pk": 2064,
        "franchise": 1,
        "franchise_name": "Petrol d.d., Ljubljana",
        "name": "PETROL LITIJA - LJUBLJANSKA",
        "address": "LJUBLJANSKA CESTA 8",
        "zip_code": "1270",
        "open_hours": "Ponedeljek, Torek, Sreda, Četrtek, Petek\n00:00-06:00, 06:00-09:30, 10:00-16:00, 16:00-00:00\n\nSobota\n00:00-07:00, 07:00-13:00, 13:00-00:00\n\nNedelja, Praznik\n00:00-00:00\n",
        "direction": "",
        "price_95": 1.623,
        "price_dizel": 1.811,
        "price_98": null,
        "price_100": 1.983,
        "price_dizel-premium": null,
        "price_avtoplin-lpg": null,
        "price_KOEL": 1.412,
        "price_hvo": null,
        "price_cng": null,
        "price_lng": null
      }
    },
    {
      "type": "Feature",
      "id": 2065,
      "geometry": {
        "type": "Point",
        "coordinates": [
          14.22441176,
          45.91699729
        ]
      },
      "properties": {
        "pk": 2065,
        "franchise": 1,
        "franchise_name": "Petrol d.d., Ljubljana",
        "name": "PETROL LOGATEC",
        "address": "TRŽAŠKA CESTA 21",
        "zip_code": "1370",
        "open_hours": "Ponedeljek, Torek, Sreda, Četrtek, Petek\n00:00-06:00, 06:00-22:00, 22:00-00:00\n\nSobota\n00:00-06:00, 06:00-22:00, 22:00-00:00\n\nNedelja, Praznik\n00:00-07:00, 07:00-22:00, 22:00-00:00\n",
        "direction": "",
        "price_95": 1.623,
        "price_dizel": 1.811,
        "price_98": null,
        "price_100": 1.983,
        "price_dizel-premium": null,
        "price_avtoplin-lpg": null,
        "price_KOEL": 1.412,
        "price_hvo": null,
        "price_cng": null,
        "price_lng": null
      }
    },
    {
      "type": "Feature",
      "id": 2066,
      "geometry": {
        "type": "Point",
        "coordinates": [
          14.1817862,
          46.34605506
        ]
      },
      "properties": {
        "pk": 2066,
        "franchise": 1,
        "franchise_name": "Petrol d.d., Ljubljana",
        "name": "PETROL RADOVLJICA - KRANJSKA",
        "address": "KRANJSKA CESTA 20",
        "zip_code": "4240",
        "open_hours": "Ponedeljek, Torek, Sreda, Četrtek, Petek\n06:00-20:30\n\nSobota\n07:00-20:00\n\nNedelja, Praznik\n08:00-19:00\n",
        "direction": "",
        "price_95": 1.623,
        "price_dizel": 1.811,
        "price_98": null,
        "price_100": null,
        "price_dizel-premium": null,
        "price_avtoplin-lpg": null,
        "price_KOEL": 1.412,
        "price_hvo": null,
        "price_cng": null,
        "price_lng": null
      }
    },
    {
      "type": "Feature",
      "id": 2067,
      "geometry": {
        "type": "Point",
        "coordinates": [
          15.04055907,
          46.14637991
        ]
      },
      "properties": {
        "pk": 2067,
        "franchise": 1,
        "franchise_name": "Petrol d.d., Ljubljana",
        "name": "PETROL TRBOVLJE - TRG REVOLUCIJE",
        "address": "TRG REVOLUCIJE 8A",
        "zip_code": "1420",
        "open_hours": "Ponedeljek, Torek, Sreda, Četrtek, Petek\n06:00-22:00\n\nSobota\n07:00-22:00\n\nNedelja, Praznik\n07:00-21:00\n",
        "direction": "",
        "price_95": 1.623,
        "price_dizel": 1.811,
        "price_98": null,
        "price_100": 1.983,
        "price_dizel-premium": 2.169,
        "price_avtoplin-lpg": null,
        "price_KOEL": 1.412,
        "price_hvo": null,
        "price_cng": null,
        "price_lng": null
      }
    },
    {
      "type": "Feature",
      "id": 2068,
      "geometry": {
        "type": "Point",
        "coordinates": [
          14.2930683,
          46.35376615
        ]
      },
      "properties": {
        "pk": 2068,
        "franchise": 1,
        "franchise_name": "Petrol d.d., Ljubljana",
        "name": "PETROL TRŽIČ - VZHOD",
        "address": "CESTA STE MARIE AUX MINES 13A",
        "zip_code": "4290",
        "open_hours": "Ponedeljek, Torek, Sreda, Četrtek, Petek\n00:00-06:00, 06:00-21:00, 21:00-00:00\n\nSobota\n00:00-06:00, 06:00-21:00, 21:00-00:00\n\nNedelja, Praznik\n00:00-08:00, 08:00-19:30, 19:30-00:00\n",
        "direction": "",
        "price_95": 1.623,
        "price_dizel": 1.811,
        "price_98": null,
        "price_100": null,
        "price_dizel-premium": 2.169,
        "price_avtoplin-lpg": null,
        "price_KOEL": null,
        "price_hvo": null,
        "price_cng": null,
        "price_lng": null
      }
    },
    {
      "type": "Feature",
      "id": 2069,
      "geometry": {
        "type": "Point",
        "coordinates": [
          14.299194,
          45.968275
        ]
      },
      "properties": {
        "pk": 2069,
        "franchise": 1,
        "franchise_name": "Petrol d.d., Ljubljana",
        "name": "PETROL VRHNIKA - LJUBLJANSKA ZAHOD",
        "address": "LJUBLJANSKA CESTA 3",
        "zip_code": "1360",
        "open_hours": "Ponedeljek, Torek, Sreda, Četrtek, Petek\n06:00-22:00\n\nSobota\n06:00-22:00\n\nNedelja, Praznik\n06:00-22:00\n",
        "direction": "",
        "price_95": 1.623,
        "price_dizel": 1.811,
        "price_98": null,
        "price_100": 1.983,
        "price_dizel-premium": 2.169,
        "price_avtoplin-lpg": null,
        "price_KOEL": null,
        "price_hvo": null,
        "price_cng": null,
        "price_lng": null
      }
    },
    {
      "type": "Feature",
      "id": 2070,
      "geometry": {
        "type": "Point",
        "coordinates": [
          14.99353794,
          46.1272492
        ]
      },
      "properties": {
        "pk": 2070,
        "franchise": 1,
        "franchise_name": "Petrol d.d., Ljubljana",
        "name": "PETROL ZAGORJE OB SAVI",
        "address": "CESTA ZMAGE 51B",
        "zip_code": "1410",
        "open_hours": "Ponedeljek, Torek, Sreda, Četrtek, Petek\n06:00-21:00\n\nSobota\n07:00-21:00\n\nNedelja, Praznik\n07:00-20:00\n",
        "direction": "",
        "price_95": 1.623,
        "price_dizel": 1.811,
        "price_98": null,
        "price_100": 1.983,
        "price_dizel-premium": null,
        "price_avtoplin-lpg": null,
        "price_KOEL": 1.412,
        "price_hvo": null,
        "price_cng": null,
        "price_lng": null
      }
    },
    {
      "type": "Feature",
      "id": 2071,
      "geometry": {
        "type": "Point",
        "coordinates": [
          14.599615,
          46.146469
        ]
      },
      "properties": {
        "pk": 2071,
        "franchise": 1,
        "franchise_name": "Petrol d.d., Ljubljana",
        "name": "PETROL DOMŽALE - ČEŠMINOVA",
        "address": "ČEŠMINOVA ULICA 1",
        "zip_code": "1230",
        "open_hours": "00:00-23:59\n",
        "direction": "Maribor -> Ljubljana",
        "price_95": 1.623,
        "price_dizel": 1.811,
        "price_98": null,
        "price_100": 1.983,
        "price_dizel-premium": 2.169,
        "price_avtoplin-lpg": 0.976,
        "price_KOEL": 1.412,
        "price_hvo": null,
        "price_cng": null,
        "price_lng": null
      }
    },
    {
      "type": "Feature",
      "id": 2072,
      "geometry": {
        "type": "Point",
        "coordinates": [
          14.569698,
          46.157861
        ]
      },
      "properties": {
        "pk": 2072,
        "franchise": 1,
        "franchise_name": "Petrol d.d., Ljubljana",
        "name": "PETROL MENGEŠ - SLOVENSKA",
        "address": "SLOVENSKA CESTA 83",
        "zip_code": "1234",
        "open_hours": "Ponedeljek, Torek, Sreda, Četrtek, Petek\n06:30-19:00\n\nSobota\n07:00-18:00\n\nNedelja, Praznik\n08:00-18:00\n",
        "direction": "",
        "price_95": 1.623,
        "price_dizel": 1.811,
        "price_98": null,
        "price_100": null,
        "price_dizel-premium": null,
        "price_avtoplin-lpg": null,
        "price_KOEL": 1.412,
        "price_hvo": null,
        "price_cng": null,
        "price_lng": null
      }
    },
    {
      "type": "Feature",
      "id": 2073,
      "geometry": {
        "type": "Point",
        "coordinates": [
          13.708622,
          46.497066
        ]
      },
      "properties": {
        "pk": 2073,
        "franchise": 1,
        "franchise_name": "Petrol d.d., Ljubljana",
        "name": "PETROL RATEČE",
        "address": "RATEČE 88A",
        "zip_code": "4283",
        "open_hours": "Ponedeljek, Torek, Sreda, Četrtek, Petek\n08:00-20:00\n\nSobota\n08:00-18:00\n\nNedelja, Praznik\n08:00-19:00\n",
        "direction": "",
        "price_95": 1.623,
        "price_dizel": 1.811,
        "price_98": null,
        "price_100": 1.983,
        "price_dizel-premium": null,
        "price_avtoplin-lpg": null,
        "price_KOEL": 1.412,
        "price_hvo": null,
        "price_cng": null,
        "price_lng": null
      }
    },
    {
      "type": "Feature",
      "id": 2074,
      "geometry": {
        "type": "Point",
        "coordinates": [
          14.354692,
          46.229097
        ]
      },
      "properties": {
        "pk": 2074,
        "franchise": 1,
        "franchise_name": "Petrol d.d., Ljubljana",
        "name": "PETROL KRANJ - LABORE",
        "address": "LJUBLJANSKA CESTA 23",
        "zip_code": "4000",
        "open_hours": "Ponedeljek, Torek, Sreda, Četrtek, Petek\n06:00-22:00\n\nSobota\n07:00-21:00\n\nNedelja, Praznik\n08:00-20:00\n",
        "direction": "",
        "price_95": 1.623,
        "price_dizel": 1.811,
        "price_98": null,
        "price_100": 1.983,
        "price_dizel-premium": null,
        "price_avtoplin-lpg": 0.976,
        "price_KOEL": 1.412,
        "price_hvo": null,
        "price_cng": null,
        "price_lng": null
      }
    },
    {
      "type": "Feature",
      "id": 2075,
      "geometry": {
        "type": "Point",
        "coordinates": [
          14.50115773,
          46.39473412
        ]
      },
      "properties": {
        "pk": 2075,
        "franchise": 1,
        "franchise_name": "Petrol d.d., Ljubljana",
        "name": "PETROL ZGORNJE JEZERSKO",
        "address": "ZGORNJE JEZERSKO 65A",
        "zip_code": "4206",
        "open_hours": "09:00-12:30, 13:00-17:00\n",
        "direction": "",
        "price_95": 1.623,
        "price_dizel": 1.811,
        "price_98": null,
        "price_100": null,
        "price_dizel-premium": null,
        "price_avtoplin-lpg": null,
        "price_KOEL": 1.412,
        "price_hvo": null,
        "price_cng": null,
        "price_lng": null
      }
    },
    {
      "type": "Feature",
      "id": 2076,
      "geometry": {
        "type": "Point",
        "coordinates": [
          14.17252414,
          46.22626724
        ]
      },
      "properties": {
        "pk": 2076,
        "franchise": 1,
        "franchise_name": "Petrol d.d., Ljubljana",
        "name": "PETROL ŽELEZNIKI",
        "address": "ČEŠNJICA 55",
        "zip_code": "4228",
        "open_hours": "Ponedeljek, Torek, Sreda, Četrtek, Petek\n06:00-20:00\n\nSobota\n06:00-20:00\n\nNedelja, Praznik\n07:00-12:15, 13:00-19:00\n",
        "direction": "",
        "price_95": 1.623,
        "price_dizel": 1.811,
        "price_98": null,
        "price_100": null,
        "price_dizel-premium": null,
        "price_avtoplin-lpg": null,
        "price_KOEL": 1.412,
        "price_hvo": null,
        "price_cng": null,
        "price_lng": null
      }
    },
    {
      "type": "Feature",
      "id": 2077,
      "geometry": {
        "type": "Point",
        "coordinates": [
          14.3478394,
          46.24951232
        ]
      },
      "properties": {
        "pk": 2077,
        "franchise": 1,
        "franchise_name": "Petrol d.d., Ljubljana",
        "name": "PETROL KRANJ - ZLATO POLJE VZHOD",
        "address": "KOROŠKA CESTA 18A",
        "zip_code": "4000",
        "open_hours": "Ponedeljek, Torek, Sreda, Četrtek, Petek\n06:00-18:00\n\nSobota\n09:00-13:00\n\nNedelja, Praznik\n09:00-13:00\n",
        "direction": "",
        "price_95": 1.623,
        "price_dizel": 1.811,
        "price_98": null,
        "price_100": null,
        "price_dizel-premium": null,
        "price_avtoplin-lpg": null,
        "price_KOEL": 1.412,
        "price_hvo": null,
        "price_cng": null,
        "price_lng": null
      }
    },
    {
      "type": "Feature",
      "id": 2078,
      "geometry": {
        "type": "Point",
        "coordinates": [
          14.03643803,
          46.44194598
        ]
      },
      "properties": {
        "pk": 2078,
        "franchise": 1,
        "franchise_name": "Petrol d.d., Ljubljana",
        "name": "PETROL JESENICE - MARŠALA TITA",
        "address": "CESTA MARŠALA TITA 113",
        "zip_code": "4270",
        "open_hours": "Ponedeljek, Torek, Sreda, Četrtek, Petek\n06:00-20:00\n\nSobota\n07:00-20:00\n\nNedelja, Praznik\n08:00-19:00\n",
        "direction": "",
        "price_95": 1.623,
        "price_dizel": 1.811,
        "price_98": null,
        "price_100": null,
        "price_dizel-premium": null,
        "price_avtoplin-lpg": null,
        "price_KOEL": 1.412,
        "price_hvo": null,
        "price_cng": null,
        "price_lng": null
      }
    },
    {
      "type": "Feature",
      "id": 2079,
      "geometry": {
        "type": "Point",
        "coordinates": [
          14.485884,
          46.247136
        ]
      },
      "properties": {
        "pk": 2079,
        "franchise": 1,
        "franchise_name": "Petrol d.d., Ljubljana",
        "name": "PETROL CERKLJE NA GORENJSKEM",
        "address": "SLOVENSKA CESTA 52",
        "zip_code": "4207",
        "open_hours": "Ponedeljek, Torek, Sreda, Četrtek, Petek\n07:00-19:00\n\nSobota\n08:00-16:00\n",
        "direction": "",
        "price_95": 1.623,
        "price_dizel": 1.811,
        "price_98": null,
        "price_100": null,
        "price_dizel-premium": null,
        "price_avtoplin-lpg": null,
        "price_KOEL": 1.412,
        "price_hvo": null,
        "price_cng": null,
        "price_lng": null
      }
    },
    {
      "type": "Feature",
      "id": 2080,
      "geometry": {
        "type": "Point",
        "coordinates": [
          14.33101817,
          46.17302892
        ]
      },
      "properties": {
        "pk": 2080,
        "franchise": 1,
        "franchise_name": "Petrol d.d., Ljubljana",
        "name": "PETROL ŠKOFJA LOKA - TRATA",
        "address": "KIDRIČEVA CESTA 57A",
        "zip_code": "4220",
        "open_hours": "Ponedeljek, Torek, Sreda, Četrtek, Petek\n07:00-10:00, 10:30-15:30\n\nSobota\n07:00-14:00\n",
        "direction": "",
        "price_95": 1.623,
        "price_dizel": 1.811,
        "price_98": null,
        "price_100": 1.983,
        "price_dizel-premium": null,
        "price_avtoplin-lpg": 0.976,
        "price_KOEL": 1.412,
        "price_hvo": null,
        "price_cng": null,
        "price_lng": null
      }
    },
    {
      "type": "Feature",
      "id": 2082,
      "geometry": {
        "type": "Point",
        "coordinates": [
          14.59993502,
          46.21205029
        ]
      },
      "properties": {
        "pk": 2082,
        "franchise": 1,
        "franchise_name": "Petrol d.d., Ljubljana",
        "name": "PETROL KAMNIK - LJUBLJANSKA",
        "address": "LJUBLJANSKA CESTA 10A",
        "zip_code": "1241",
        "open_hours": "Ponedeljek, Torek, Sreda, Četrtek, Petek\n06:00-21:00\n\nSobota\n07:00-21:00\n\nNedelja, Praznik\n08:00-19:30\n",
        "direction": "",
        "price_95": 1.623,
        "price_dizel": 1.811,
        "price_98": null,
        "price_100": 1.983,
        "price_dizel-premium": null,
        "price_avtoplin-lpg": null,
        "price_KOEL": 1.412,
        "price_hvo": null,
        "price_cng": null,
        "price_lng": null
      }
    },
    {
      "type": "Feature",
      "id": 2083,
      "geometry": {
        "type": "Point",
        "coordinates": [
          14.16883456,
          46.34844567
        ]
      },
      "properties": {
        "pk": 2083,
        "franchise": 1,
        "franchise_name": "Petrol d.d., Ljubljana",
        "name": "PETROL RADOVLJICA - GORENJSKA",
        "address": "GORENJSKA CESTA 41A",
        "zip_code": "4240",
        "open_hours": "Ponedeljek, Torek, Sreda, Četrtek, Petek\n07:00-20:00\n\nSobota\n07:00-09:30, 10:00-16:00, 16:30-20:00\n",
        "direction": "",
        "price_95": 1.623,
        "price_dizel": 1.811,
        "price_98": null,
        "price_100": null,
        "price_dizel-premium": null,
        "price_avtoplin-lpg": 0.976,
        "price_KOEL": 1.412,
        "price_hvo": null,
        "price_cng": null,
        "price_lng": null
      }
    },
    {
      "type": "Feature",
      "id": 2084,
      "geometry": {
        "type": "Point",
        "coordinates": [
          14.36914271,
          46.24334118
        ]
      },
      "properties": {
        "pk": 2084,
        "franchise": 1,
        "franchise_name": "Petrol d.d., Ljubljana",
        "name": "PETROL KRANJ - STANETA ŽAGARJA 58B",
        "address": "CESTA STANETA ŽAGARJA 58B",
        "zip_code": "4000",
        "open_hours": "Ponedeljek, Torek, Sreda, Četrtek, Petek\n07:00-19:00\n\nSobota\n08:00-13:00\n",
        "direction": "",
        "price_95": 1.623,
        "price_dizel": 1.811,
        "price_98": null,
        "price_100": 1.983,
        "price_dizel-premium": 2.169,
        "price_avtoplin-lpg": null,
        "price_KOEL": 1.412,
        "price_hvo": null,
        "price_cng": null,
        "price_lng": null
      }
    },
    {
      "type": "Feature",
      "id": 2085,
      "geometry": {
        "type": "Point",
        "coordinates": [
          13.76471293,
          46.4896618
        ]
      },
      "properties": {
        "pk": 2085,
        "franchise": 1,
        "franchise_name": "Petrol d.d., Ljubljana",
        "name": "PETROL PODKOREN",
        "address": "PODKOREN 1A",
        "zip_code": "4280",
        "open_hours": "Ponedeljek, Torek, Sreda, Četrtek, Petek\n08:00-11:30, 12:00-14:00\n",
        "direction": "",
        "price_95": 1.623,
        "price_dizel": 1.811,
        "price_98": null,
        "price_100": null,
        "price_dizel-premium": null,
        "price_avtoplin-lpg": null,
        "price_KOEL": null,
        "price_hvo": null,
        "price_cng": null,
        "price_lng": null
      }
    },
    {
      "type": "Feature",
      "id": 2086,
      "geometry": {
        "type": "Point",
        "coordinates": [
          14.31367281,
          46.27058563
        ]
      },
      "properties": {
        "pk": 2086,
        "franchise": 1,
        "franchise_name": "Petrol d.d., Ljubljana",
        "name": "PETROL NAKLO",
        "address": "KRANJSKA CESTA 4",
        "zip_code": "4202",
        "open_hours": "Ponedeljek, Torek, Sreda, Četrtek, Petek\n06:00-20:00\n\nSobota\n07:00-14:00\n",
        "direction": "",
        "price_95": 1.623,
        "price_dizel": 1.811,
        "price_98": null,
        "price_100": null,
        "price_dizel-premium": null,
        "price_avtoplin-lpg": null,
        "price_KOEL": 1.412,
        "price_hvo": null,
        "price_cng": null,
        "price_lng": null
      }
    },
    {
      "type": "Feature",
      "id": 2087,
      "geometry": {
        "type": "Point",
        "coordinates": [
          14.74115067,
          46.13700902
        ]
      },
      "properties": {
        "pk": 2087,
        "franchise": 1,
        "franchise_name": "Petrol d.d., Ljubljana",
        "name": "PETROL MORAVČE",
        "address": "PARTIZANSKA CESTA 18",
        "zip_code": "1251",
        "open_hours": "Ponedeljek, Torek, Sreda, Četrtek, Petek\n06:00-09:30, 09:55-16:00, 16:20-19:00\n\nSobota\n07:00-12:30, 13:00-18:00\n\nNedelja, Praznik\n08:00-11:40, 12:00-13:00\n",
        "direction": "",
        "price_95": 1.623,
        "price_dizel": 1.811,
        "price_98": null,
        "price_100": null,
        "price_dizel-premium": null,
        "price_avtoplin-lpg": null,
        "price_KOEL": 1.412,
        "price_hvo": null,
        "price_cng": null,
        "price_lng": null
      }
    },
    {
      "type": "Feature",
      "id": 2088,
      "geometry": {
        "type": "Point",
        "coordinates": [
          14.254887,
          45.898796
        ]
      },
      "properties": {
        "pk": 2088,
        "franchise": 1,
        "franchise_name": "Petrol d.d., Ljubljana",
        "name": "PETROL LOM AC - ZAHOD",
        "address": "NOTRANJSKA CESTA 75",
        "zip_code": "1370",
        "open_hours": "00:00-23:59\n",
        "direction": "Ljubljana -> Koper",
        "price_95": 1.79,
        "price_dizel": 1.95,
        "price_98": null,
        "price_100": 2.104,
        "price_dizel-premium": 2.291,
        "price_avtoplin-lpg": 1.036,
        "price_KOEL": null,
        "price_hvo": null,
        "price_cng": null,
        "price_lng": null
      }
    },
    {
      "type": "Feature",
      "id": 2089,
      "geometry": {
        "type": "Point",
        "coordinates": [
          14.256533,
          45.89814
        ]
      },
      "properties": {
        "pk": 2089,
        "franchise": 1,
        "franchise_name": "Petrol d.d., Ljubljana",
        "name": "PETROL LOM AC - VZHOD",
        "address": "NOTRANJSKA CESTA 77",
        "zip_code": "1370",
        "open_hours": "00:00-23:59\n",
        "direction": "Koper -> Ljubljana",
        "price_95": 1.79,
        "price_dizel": 1.95,
        "price_98": null,
        "price_100": 2.104,
        "price_dizel-premium": 2.291,
        "price_avtoplin-lpg": 1.036,
        "price_KOEL": null,
        "price_hvo": null,
        "price_cng": null,
        "price_lng": null
      }
    },
    {
      "type": "Feature",
      "id": 2090,
      "geometry": {
        "type": "Point",
        "coordinates": [
          14.80743334,
          46.17650516
        ]
      },
      "properties": {
        "pk": 2090,
        "franchise": 1,
        "franchise_name": "Petrol d.d., Ljubljana",
        "name": "PETROL BLAGOVICA",
        "address": "BLAGOVICA 30",
        "zip_code": "1223",
        "open_hours": "Ponedeljek\n09:00-12:00, 12:30-16:00\n\nTorek\n09:00-12:00, 12:30-16:00\n\nSreda\n09:00-12:00, 12:30-18:00\n\nČetrtek\n09:00-12:00, 12:30-16:00\n\nPetek\n09:00-12:00, 12:30-16:00\n\nSobota\n08:00-10:00, 10:30-13:00\n",
        "direction": "",
        "price_95": 1.623,
        "price_dizel": 1.811,
        "price_98": null,
        "price_100": 1.983,
        "price_dizel-premium": null,
        "price_avtoplin-lpg": null,
        "price_KOEL": 1.412,
        "price_hvo": null,
        "price_cng": null,
        "price_lng": null
      }
    },
    {
      "type": "Feature",
      "id": 2091,
      "geometry": {
        "type": "Point",
        "coordinates": [
          13.9514971,
          46.27794883
        ]
      },
      "properties": {
        "pk": 2091,
        "franchise": 1,
        "franchise_name": "Petrol d.d., Ljubljana",
        "name": "PETROL BOHINJSKA BISTRICA",
        "address": "SAVSKA CESTA 22",
        "zip_code": "4264",
        "open_hours": "Ponedeljek, Torek, Sreda, Četrtek, Petek\n06:00-21:00\n\nSobota\n06:00-21:00\n\nNedelja, Praznik\n07:00-13:00, 13:50-20:00\n",
        "direction": "",
        "price_95": 1.623,
        "price_dizel": 1.811,
        "price_98": null,
        "price_100": 1.983,
        "price_dizel-premium": null,
        "price_avtoplin-lpg": null,
        "price_KOEL": 1.412,
        "price_hvo": null,
        "price_cng": null,
        "price_lng": null
      }
    },
    {
      "type": "Feature",
      "id": 2092,
      "geometry": {
        "type": "Point",
        "coordinates": [
          14.553637,
          46.123204
        ]
      },
      "properties": {
        "pk": 2092,
        "franchise": 1,
        "franchise_name": "Petrol d.d., Ljubljana",
        "name": "PETROL TRZIN",
        "address": "LJUBLJANSKA CESTA 50",
        "zip_code": "1236",
        "open_hours": "Ponedeljek, Torek, Sreda, Četrtek, Petek\n00:00-06:00, 06:00-21:00, 21:00-00:00\n\nSobota\n00:00-07:00, 07:00-21:00, 21:00-00:00\n\nNedelja, Praznik\n00:00-07:00, 07:00-19:00, 19:00-00:00\n",
        "direction": "",
        "price_95": 1.623,
        "price_dizel": 1.811,
        "price_98": null,
        "price_100": 1.983,
        "price_dizel-premium": 2.169,
        "price_avtoplin-lpg": 0.976,
        "price_KOEL": 1.412,
        "price_hvo": null,
        "price_cng": null,
        "price_lng": null
      }
    },
    {
      "type": "Feature",
      "id": 2093,
      "geometry": {
        "type": "Point",
        "coordinates": [
          14.25352741,
          46.1379264
        ]
      },
      "properties": {
        "pk": 2093,
        "franchise": 1,
        "franchise_name": "Petrol d.d., Ljubljana",
        "name": "PETROL BRODE",
        "address": "BRODE 20",
        "zip_code": "4220",
        "open_hours": "Ponedeljek, Torek, Sreda, Četrtek, Petek\n06:00-21:00\n\nSobota\n06:00-21:00\n\nNedelja, Praznik\n08:00-21:00\n",
        "direction": "",
        "price_95": 1.623,
        "price_dizel": 1.811,
        "price_98": null,
        "price_100": null,
        "price_dizel-premium": null,
        "price_avtoplin-lpg": null,
        "price_KOEL": 1.412,
        "price_hvo": null,
        "price_cng": null,
        "price_lng": null
      }
    },
    {
      "type": "Feature",
      "id": 2094,
      "geometry": {
        "type": "Point",
        "coordinates": [
          15.08074191,
          46.11937061
        ]
      },
      "properties": {
        "pk": 2094,
        "franchise": 1,
        "franchise_name": "Petrol d.d., Ljubljana",
        "name": "PETROL HRASTNIK",
        "address": "PODKRAJ 77B",
        "zip_code": "1430",
        "open_hours": "Ponedeljek, Torek, Sreda, Četrtek, Petek\n06:00-21:00\n\nSobota\n08:00-20:00\n\nNedelja, Praznik\n08:00-20:00\n",
        "direction": "",
        "price_95": 1.623,
        "price_dizel": 1.811,
        "price_98": null,
        "price_100": 1.983,
        "price_dizel-premium": null,
        "price_avtoplin-lpg": 0.976,
        "price_KOEL": 1.412,
        "price_hvo": null,
        "price_cng": null,
        "price_lng": null
      }
    },
    {
      "type": "Feature",
      "id": 2095,
      "geometry": {
        "type": "Point",
        "coordinates": [
          14.026493,
          46.440467
        ]
      },
      "properties": {
        "pk": 2095,
        "franchise": 1,
        "franchise_name": "Petrol d.d., Ljubljana",
        "name": "PETROL HRUŠICA AC - JUG",
        "address": "SPODNJI PLAVŽ 24A",
        "zip_code": "4270",
        "open_hours": "00:00-23:59\n",
        "direction": "",
        "price_95": 1.79,
        "price_dizel": 1.95,
        "price_98": null,
        "price_100": 2.104,
        "price_dizel-premium": 2.291,
        "price_avtoplin-lpg": null,
        "price_KOEL": null,
        "price_hvo": null,
        "price_cng": null,
        "price_lng": null
      }
    },
    {
      "type": "Feature",
      "id": 2096,
      "geometry": {
        "type": "Point",
        "coordinates": [
          14.028828,
          46.440937
        ]
      },
      "properties": {
        "pk": 2096,
        "franchise": 1,
        "franchise_name": "Petrol d.d., Ljubljana",
        "name": "PETROL HRUŠICA AC - SEVER",
        "address": "SPODNJI PLAVŽ 24B",
        "zip_code": "4270",
        "open_hours": "00:00-23:59\n",
        "direction": "Ljubljana -> Karavan",
        "price_95": 1.79,
        "price_dizel": 1.95,
        "price_98": null,
        "price_100": 2.104,
        "price_dizel-premium": 2.291,
        "price_avtoplin-lpg": 1.036,
        "price_KOEL": null,
        "price_hvo": null,
        "price_cng": null,
        "price_lng": null
      }
    },
    {
      "type": "Feature",
      "id": 2097,
      "geometry": {
        "type": "Point",
        "coordinates": [
          14.14181044,
          45.96963904
        ]
      },
      "properties": {
        "pk": 2097,
        "franchise": 1,
        "franchise_name": "Petrol d.d., Ljubljana",
        "name": "PETROL ROVTE",
        "address": "ROVTE 20C",
        "zip_code": "1373",
        "open_hours": "Začasno zaprto do 20. september 2026",
        "direction": "",
        "price_95": null,
        "price_dizel": null,
        "price_98": null,
        "price_100": null,
        "price_dizel-premium": null,
        "price_avtoplin-lpg": null,
        "price_KOEL": null,
        "price_hvo": null,
        "price_cng": null,
        "price_lng": null
      }
    },
    {
      "type": "Feature",
      "id": 2098,
      "geometry": {
        "type": "Point",
        "coordinates": [
          14.804536,
          45.935276
        ]
      },
      "properties": {
        "pk": 2098,
        "franchise": 1,
        "franchise_name": "Petrol d.d., Ljubljana",
        "name": "PETROL IVANČNA GORICA",
        "address": "VODOTUČINE 14",
        "zip_code": "1295",
        "open_hours": "Ponedeljek, Torek, Sreda, Četrtek, Petek\n05:30-22:00\n\nSobota\n06:00-22:00\n\nNedelja, Praznik\n07:00-22:00\n",
        "direction": "",
        "price_95": 1.623,
        "price_dizel": 1.811,
        "price_98": null,
        "price_100": 1.983,
        "price_dizel-premium": 2.169,
        "price_avtoplin-lpg": 0.976,
        "price_KOEL": 1.412,
        "price_hvo": null,
        "price_cng": null,
        "price_lng": null
      }
    },
    {
      "type": "Feature",
      "id": 2099,
      "geometry": {
        "type": "Point",
        "coordinates": [
          14.411983,
          46.237904
        ]
      },
      "properties": {
        "pk": 2099,
        "franchise": 1,
        "franchise_name": "Petrol d.d., Ljubljana",
        "name": "PETROL ŠENČUR",
        "address": "POSLOVNA CONA A 1",
        "zip_code": "4208",
        "open_hours": "Ponedeljek, Torek, Sreda, Četrtek, Petek\n05:30-22:00\n\nSobota\n05:30-22:00\n\nNedelja, Praznik\n07:00-21:00\n",
        "direction": "",
        "price_95": 1.623,
        "price_dizel": 1.811,
        "price_98": null,
        "price_100": 1.983,
        "price_dizel-premium": null,
        "price_avtoplin-lpg": null,
        "price_KOEL": 1.412,
        "price_hvo": null,
        "price_cng": null,
        "price_lng": null
      }
    },
    {
      "type": "Feature",
      "id": 2100,
      "geometry": {
        "type": "Point",
        "coordinates": [
          14.419719,
          46.22788
        ]
      },
      "properties": {
        "pk": 2100,
        "franchise": 1,
        "franchise_name": "Petrol d.d., Ljubljana",
        "name": "PETROL VOKLO AC - ZAHOD",
        "address": "GASILSKA CESTA 55",
        "zip_code": "4208",
        "open_hours": "00:00-23:59\n",
        "direction": "",
        "price_95": 1.79,
        "price_dizel": 1.95,
        "price_98": null,
        "price_100": 2.104,
        "price_dizel-premium": null,
        "price_avtoplin-lpg": 1.036,
        "price_KOEL": null,
        "price_hvo": null,
        "price_cng": null,
        "price_lng": null
      }
    },
    {
      "type": "Feature",
      "id": 2101,
      "geometry": {
        "type": "Point",
        "coordinates": [
          14.424885,
          46.22679
        ]
      },
      "properties": {
        "pk": 2101,
        "franchise": 1,
        "franchise_name": "Petrol d.d., Ljubljana",
        "name": "PETROL VOKLO AC - VZHOD",
        "address": "GASILSKA CESTA 51",
        "zip_code": "4208",
        "open_hours": "00:00-23:59\n",
        "direction": "",
        "price_95": 1.79,
        "price_dizel": 1.95,
        "price_98": null,
        "price_100": 2.104,
        "price_dizel-premium": null,
        "price_avtoplin-lpg": 1.036,
        "price_KOEL": null,
        "price_hvo": null,
        "price_cng": null,
        "price_lng": null
      }
    },
    {
      "type": "Feature",
      "id": 2102,
      "geometry": {
        "type": "Point",
        "coordinates": [
          15.03407943,
          46.1372489
        ]
      },
      "properties": {
        "pk": 2102,
        "franchise": 1,
        "franchise_name": "Petrol d.d., Ljubljana",
        "name": "PETROL TRBOVLJE - VODENSKA",
        "address": "VODENSKA CESTA 1B",
        "zip_code": "1420",
        "open_hours": "Ponedeljek, Torek, Sreda, Četrtek, Petek\n05:00-16:30\n\nSobota\n06:30-12:00\n",
        "direction": "",
        "price_95": 1.623,
        "price_dizel": 1.811,
        "price_98": null,
        "price_100": null,
        "price_dizel-premium": null,
        "price_avtoplin-lpg": null,
        "price_KOEL": 1.412,
        "price_hvo": null,
        "price_cng": null,
        "price_lng": null
      }
    },
    {
      "type": "Feature",
      "id": 2103,
      "geometry": {
        "type": "Point",
        "coordinates": [
          14.62405548,
          45.84949633
        ]
      },
      "properties": {
        "pk": 2103,
        "franchise": 1,
        "franchise_name": "Petrol d.d., Ljubljana",
        "name": "PETROL RAŠICA",
        "address": "RAŠICA 40",
        "zip_code": "1315",
        "open_hours": "Ponedeljek, Torek, Sreda, Četrtek, Petek\n06:00-20:00\n\nSobota\n07:00-19:00\n\nNedelja, Praznik\n07:00-11:30, 12:00-15:00\n",
        "direction": "",
        "price_95": 1.623,
        "price_dizel": 1.811,
        "price_98": null,
        "price_100": null,
        "price_dizel-premium": null,
        "price_avtoplin-lpg": null,
        "price_KOEL": 1.412,
        "price_hvo": null,
        "price_cng": null,
        "price_lng": null
      }
    },
    {
      "type": "Feature",
      "id": 2104,
      "geometry": {
        "type": "Point",
        "coordinates": [
          13.79815941,
          46.48650758
        ]
      },
      "properties": {
        "pk": 2104,
        "franchise": 1,
        "franchise_name": "Petrol d.d., Ljubljana",
        "name": "PETROL KRANJSKA GORA",
        "address": "SAVSKO NASELJE 8",
        "zip_code": "4280",
        "open_hours": "Ponedeljek, Torek, Sreda, Četrtek, Petek\n06:00-23:00\n\nSobota\n06:00-23:00\n\nNedelja, Praznik\n06:00-23:00\n",
        "direction": "",
        "price_95": 1.623,
        "price_dizel": 1.811,
        "price_98": null,
        "price_100": 1.983,
        "price_dizel-premium": null,
        "price_avtoplin-lpg": null,
        "price_KOEL": 1.412,
        "price_hvo": null,
        "price_cng": null,
        "price_lng": null
      }
    },
    {
      "type": "Feature",
      "id": 2105,
      "geometry": {
        "type": "Point",
        "coordinates": [
          14.10274656,
          46.42262407
        ]
      },
      "properties": {
        "pk": 2105,
        "franchise": 1,
        "franchise_name": "Petrol d.d., Ljubljana",
        "name": "PETROL JESENICE - KOROŠKA BELA",
        "address": "CESTA BORISA KIDRIČA 50",
        "zip_code": "4270",
        "open_hours": "Ponedeljek, Torek, Sreda, Četrtek, Petek\n06:00-09:00, 09:30-16:00, 16:30-19:00\n\nSobota\n07:00-09:00, 09:30-13:00\n",
        "direction": "",
        "price_95": 1.623,
        "price_dizel": 1.811,
        "price_98": null,
        "price_100": null,
        "price_dizel-premium": null,
        "price_avtoplin-lpg": null,
        "price_KOEL": 1.412,
        "price_hvo": null,
        "price_cng": null,
        "price_lng": null
      }
    },
    {
      "type": "Feature",
      "id": 2106,
      "geometry": {
        "type": "Point",
        "coordinates": [
          14.931488,
          46.150311
        ]
      },
      "properties": {
        "pk": 2106,
        "franchise": 1,
        "franchise_name": "Petrol d.d., Ljubljana",
        "name": "PETROL IZLAKE",
        "address": "OBREZIJA 6",
        "zip_code": "1411",
        "open_hours": "Ponedeljek, Torek, Sreda, Četrtek, Petek\n05:30-20:00\n\nSobota\n07:00-14:00\n",
        "direction": "",
        "price_95": 1.623,
        "price_dizel": 1.811,
        "price_98": null,
        "price_100": null,
        "price_dizel-premium": null,
        "price_avtoplin-lpg": null,
        "price_KOEL": 1.412,
        "price_hvo": null,
        "price_cng": null,
        "price_lng": null
      }
    },
    {
      "type": "Feature",
      "id": 2107,
      "geometry": {
        "type": "Point",
        "coordinates": [
          14.790614,
          46.219526
        ]
      },
      "properties": {
        "pk": 2107,
        "franchise": 1,
        "franchise_name": "Petrol d.d., Ljubljana",
        "name": "PETROL ČEŠNJICE V TUHINJU",
        "address": "GOLICE 1B",
        "zip_code": "1219",
        "open_hours": "Ponedeljek\n07:00-11:30, 12:00-15:00\n\nTorek\n07:00-11:30, 12:00-15:00\n\nSreda\n07:00-11:30, 12:00-18:00\n\nČetrtek\n07:00-11:30, 12:00-15:00\n\nPetek\n07:00-11:30, 12:00-15:00\n\nSobota\n07:00-11:30, 12:00-15:00\n\nNedelja, Praznik\n07:00-12:00\n",
        "direction": "",
        "price_95": 1.623,
        "price_dizel": 1.811,
        "price_98": null,
        "price_100": null,
        "price_dizel-premium": null,
        "price_avtoplin-lpg": null,
        "price_KOEL": 1.412,
        "price_hvo": null,
        "price_cng": null,
        "price_lng": null
      }
    },
    {
      "type": "Feature",
      "id": 2108,
      "geometry": {
        "type": "Point",
        "coordinates": [
          14.29244434,
          46.35378031
        ]
      },
      "properties": {
        "pk": 2108,
        "franchise": 1,
        "franchise_name": "Petrol d.d., Ljubljana",
        "name": "PETROL TRŽIČ - ZAHOD",
        "address": "CESTA STE MARIE AUX MINES 13",
        "zip_code": "4290",
        "open_hours": "Ponedeljek, Torek, Sreda, Četrtek, Petek\n06:00-21:00\n\nSobota\n06:00-21:00\n\nNedelja, Praznik\n07:00-21:00\n",
        "direction": "",
        "price_95": 1.623,
        "price_dizel": 1.811,
        "price_98": null,
        "price_100": 1.983,
        "price_dizel-premium": null,
        "price_avtoplin-lpg": null,
        "price_KOEL": 1.412,
        "price_hvo": null,
        "price_cng": null,
        "price_lng": null
      }
    },
    {
      "type": "Feature",
      "id": 2109,
      "geometry": {
        "type": "Point",
        "coordinates": [
          14.299624,
          45.96798994
        ]
      },
      "properties": {
        "pk": 2109,
        "franchise": 1,
        "franchise_name": "Petrol d.d., Ljubljana",
        "name": "PETROL VRHNIKA - LJUBLJANSKA VZHOD",
        "address": "LJUBLJANSKA CESTA 4",
        "zip_code": "1360",
        "open_hours": "Ponedeljek, Torek, Sreda, Četrtek, Petek\n05:30-20:30\n\nSobota\n06:00-20:00\n\nNedelja, Praznik\n09:00-19:00\n",
        "direction": "",
        "price_95": 1.623,
        "price_dizel": 1.811,
        "price_98": null,
        "price_100": null,
        "price_dizel-premium": null,
        "price_avtoplin-lpg": null,
        "price_KOEL": 1.412,
        "price_hvo": null,
        "price_cng": null,
        "price_lng": null
      }
    },
    {
      "type": "Feature",
      "id": 2110,
      "geometry": {
        "type": "Point",
        "coordinates": [
          14.834124,
          46.058657
        ]
      },
      "properties": {
        "pk": 2110,
        "franchise": 1,
        "franchise_name": "Petrol d.d., Ljubljana",
        "name": "PETROL LITIJA - BRODARSKA",
        "address": "BRODARSKA ULICA 1",
        "zip_code": "1270",
        "open_hours": "Ponedeljek, Torek, Sreda, Četrtek, Petek\n05:00-22:00\n\nSobota\n06:00-22:00\n\nNedelja, Praznik\n07:00-22:00\n",
        "direction": "",
        "price_95": 1.623,
        "price_dizel": 1.811,
        "price_98": null,
        "price_100": 1.983,
        "price_dizel-premium": 2.169,
        "price_avtoplin-lpg": 0.976,
        "price_KOEL": null,
        "price_hvo": null,
        "price_cng": null,
        "price_lng": null
      }
    },
    {
      "type": "Feature",
      "id": 2111,
      "geometry": {
        "type": "Point",
        "coordinates": [
          14.55000276,
          46.19157546
        ]
      },
      "properties": {
        "pk": 2111,
        "franchise": 1,
        "franchise_name": "Petrol d.d., Ljubljana",
        "name": "PETROL MOSTE PRI KOMENDI",
        "address": "MOSTE 40F",
        "zip_code": "1218",
        "open_hours": "Ponedeljek, Torek, Sreda, Četrtek, Petek\n06:00-20:00\n\nSobota\n07:00-19:00\n\nNedelja, Praznik\n08:30-19:00\n",
        "direction": "",
        "price_95": 1.623,
        "price_dizel": 1.811,
        "price_98": null,
        "price_100": 1.983,
        "price_dizel-premium": null,
        "price_avtoplin-lpg": null,
        "price_KOEL": 1.412,
        "price_hvo": null,
        "price_cng": null,
        "price_lng": null
      }
    },
    {
      "type": "Feature",
      "id": 2112,
      "geometry": {
        "type": "Point",
        "coordinates": [
          14.40705025,
          46.14877179
        ]
      },
      "properties": {
        "pk": 2112,
        "franchise": 1,
        "franchise_name": "Petrol d.d., Ljubljana",
        "name": "PETROL MEDVODE - GORENJSKA 15",
        "address": "GORENJSKA CESTA 15",
        "zip_code": "1215",
        "open_hours": "Ponedeljek, Torek, Sreda, Četrtek, Petek\n05:30-10:00, 10:30-15:30, 16:00-19:00\n\nSobota\n06:00-09:30, 10:00-15:00, 15:30-19:00\n\nNedelja, Praznik\n08:00-12:00, 12:30-18:00\n",
        "direction": "",
        "price_95": 1.623,
        "price_dizel": 1.811,
        "price_98": null,
        "price_100": null,
        "price_dizel-premium": null,
        "price_avtoplin-lpg": null,
        "price_KOEL": null,
        "price_hvo": null,
        "price_cng": null,
        "price_lng": null
      }
    },
    {
      "type": "Feature",
      "id": 2113,
      "geometry": {
        "type": "Point",
        "coordinates": [
          14.36955351,
          46.24371235
        ]
      },
      "properties": {
        "pk": 2113,
        "franchise": 1,
        "franchise_name": "Petrol d.d., Ljubljana",
        "name": "PETROL KRANJ - STANETA ŽAGARJA 53B",
        "address": "CESTA STANETA ŽAGARJA 53B",
        "zip_code": "4000",
        "open_hours": "Ponedeljek, Torek, Sreda, Četrtek, Petek\n06:00-14:00\n",
        "direction": "",
        "price_95": 1.623,
        "price_dizel": 1.811,
        "price_98": null,
        "price_100": null,
        "price_dizel-premium": null,
        "price_avtoplin-lpg": null,
        "price_KOEL": null,
        "price_hvo": null,
        "price_cng": null,
        "price_lng": null
      }
    },
    {
      "type": "Feature",
      "id": 2114,
      "geometry": {
        "type": "Point",
        "coordinates": [
          14.15376274,
          46.36782569
        ]
      },
      "properties": {
        "pk": 2114,
        "franchise": 1,
        "franchise_name": "Petrol d.d., Ljubljana",
        "name": "PETROL LESCE",
        "address": "HRAŠKA CESTA 13A",
        "zip_code": "4248",
        "open_hours": "Ponedeljek, Torek, Sreda, Četrtek, Petek\n07:00-21:00\n\nSobota\n07:00-20:00\n\nNedelja, Praznik\n08:00-19:00\n",
        "direction": "",
        "price_95": 1.623,
        "price_dizel": 1.811,
        "price_98": null,
        "price_100": null,
        "price_dizel-premium": null,
        "price_avtoplin-lpg": null,
        "price_KOEL": 1.412,
        "price_hvo": null,
        "price_cng": null,
        "price_lng": null
      }
    },
    {
      "type": "Feature",
      "id": 2115,
      "geometry": {
        "type": "Point",
        "coordinates": [
          14.4167802,
          46.13700649
        ]
      },
      "properties": {
        "pk": 2115,
        "franchise": 1,
        "franchise_name": "Petrol d.d., Ljubljana",
        "name": "PETROL MEDVODE - GORENJSKA 14",
        "address": "GORENJSKA CESTA 14",
        "zip_code": "1215",
        "open_hours": "Ponedeljek, Torek, Sreda, Četrtek, Petek\n06:00-22:00\n\nSobota\n06:00-22:00\n\nNedelja, Praznik\n07:00-21:00\n",
        "direction": "",
        "price_95": 1.623,
        "price_dizel": 1.811,
        "price_98": null,
        "price_100": 1.983,
        "price_dizel-premium": 2.169,
        "price_avtoplin-lpg": 0.976,
        "price_KOEL": null,
        "price_hvo": null,
        "price_cng": null,
        "price_lng": null
      }
    },
    {
      "type": "Feature",
      "id": 2116,
      "geometry": {
        "type": "Point",
        "coordinates": [
          14.41630393,
          46.13675212
        ]
      },
      "properties": {
        "pk": 2116,
        "franchise": 1,
        "franchise_name": "Petrol d.d., Ljubljana",
        "name": "PETROL MEDVODE - GORENJSKA 1",
        "address": "GORENJSKA CESTA 1",
        "zip_code": "1215",
        "open_hours": "Ponedeljek, Torek, Sreda, Četrtek, Petek\n05:30-09:00, 09:30-14:00\n\nSobota\n07:00-09:30, 10:00-13:00\n",
        "direction": "",
        "price_95": 1.623,
        "price_dizel": 1.811,
        "price_98": null,
        "price_100": null,
        "price_dizel-premium": null,
        "price_avtoplin-lpg": null,
        "price_KOEL": 1.412,
        "price_hvo": null,
        "price_cng": null,
        "price_lng": null
      }
    },
    {
      "type": "Feature",
      "id": 2117,
      "geometry": {
        "type": "Point",
        "coordinates": [
          14.06315786,
          46.43218809
        ]
      },
      "properties": {
        "pk": 2117,
        "franchise": 1,
        "franchise_name": "Petrol d.d., Ljubljana",
        "name": "PETROL JESENICE - CESTA ŽELEZARJEV",
        "address": "CESTA ŽELEZARJEV 7B",
        "zip_code": "4270",
        "open_hours": "Ponedeljek, Torek, Sreda, Četrtek, Petek\n05:30-23:00\n\nSobota\n06:00-23:00\n\nNedelja, Praznik\n06:00-23:00\n",
        "direction": "",
        "price_95": 1.623,
        "price_dizel": 1.811,
        "price_98": null,
        "price_100": 1.983,
        "price_dizel-premium": null,
        "price_avtoplin-lpg": null,
        "price_KOEL": null,
        "price_hvo": null,
        "price_cng": null,
        "price_lng": null
      }
    },
    {
      "type": "Feature",
      "id": 2118,
      "geometry": {
        "type": "Point",
        "coordinates": [
          14.976083,
          45.995845
        ]
      },
      "properties": {
        "pk": 2118,
        "franchise": 1,
        "franchise_name": "Petrol d.d., Ljubljana",
        "name": "PETROL GABROVKA",
        "address": "KLANEC PRI GABROVKI 12",
        "zip_code": "1274",
        "open_hours": "00:00-00:00\n",
        "direction": "",
        "price_95": 1.623,
        "price_dizel": 1.811,
        "price_98": null,
        "price_100": null,
        "price_dizel-premium": null,
        "price_avtoplin-lpg": null,
        "price_KOEL": null,
        "price_hvo": null,
        "price_cng": null,
        "price_lng": null
      }
    },
    {
      "type": "Feature",
      "id": 2119,
      "geometry": {
        "type": "Point",
        "coordinates": [
          14.657955,
          45.958264
        ]
      },
      "properties": {
        "pk": 2119,
        "franchise": 1,
        "franchise_name": "Petrol d.d., Ljubljana",
        "name": "PETROL GROSUPLJE",
        "address": "LJUBLJANSKA CESTA 16A",
        "zip_code": "1290",
        "open_hours": "Ponedeljek, Torek, Sreda, Četrtek, Petek\n06:00-22:00\n\nSobota\n06:00-22:00\n\nNedelja, Praznik\n07:00-21:00\n",
        "direction": "",
        "price_95": 1.623,
        "price_dizel": 1.811,
        "price_98": null,
        "price_100": 1.983,
        "price_dizel-premium": null,
        "price_avtoplin-lpg": 0.976,
        "price_KOEL": 1.412,
        "price_hvo": null,
        "price_cng": null,
        "price_lng": null
      }
    },
    {
      "type": "Feature",
      "id": 2120,
      "geometry": {
        "type": "Point",
        "coordinates": [
          14.771093,
          45.947759
        ]
      },
      "properties": {
        "pk": 2120,
        "franchise": 1,
        "franchise_name": "Petrol d.d., Ljubljana",
        "name": "PETROL PODSMREKA AC - SEVER",
        "address": "PODSMREKA PRI VIŠNJI GORI 15",
        "zip_code": "1294",
        "open_hours": "00:00-23:59\n",
        "direction": "",
        "price_95": 1.79,
        "price_dizel": 1.95,
        "price_98": null,
        "price_100": 2.104,
        "price_dizel-premium": null,
        "price_avtoplin-lpg": 1.036,
        "price_KOEL": null,
        "price_hvo": null,
        "price_cng": null,
        "price_lng": null
      }
    },
    {
      "type": "Feature",
      "id": 2121,
      "geometry": {
        "type": "Point",
        "coordinates": [
          14.60717566,
          46.20908766
        ]
      },
      "properties": {
        "pk": 2121,
        "franchise": 1,
        "franchise_name": "Petrol d.d., Ljubljana",
        "name": "PETROL KAMNIK - PEROVO",
        "address": "PEROVO 24",
        "zip_code": "1241",
        "open_hours": "05:00-22:00\n",
        "direction": "",
        "price_95": 1.623,
        "price_dizel": 1.811,
        "price_98": null,
        "price_100": 1.983,
        "price_dizel-premium": 2.169,
        "price_avtoplin-lpg": null,
        "price_KOEL": 1.412,
        "price_hvo": null,
        "price_cng": null,
        "price_lng": null
      }
    },
    {
      "type": "Feature",
      "id": 2122,
      "geometry": {
        "type": "Point",
        "coordinates": [
          14.31398429,
          46.16681875
        ]
      },
      "properties": {
        "pk": 2122,
        "franchise": 1,
        "franchise_name": "Petrol d.d., Ljubljana",
        "name": "PETROL ŠKOFJA LOKA - KIDRIČEVA JUG",
        "address": "KIDRIČEVA CESTA 8",
        "zip_code": "4220",
        "open_hours": "Ponedeljek, Torek, Sreda, Četrtek, Petek\n00:00-06:00, 06:00-22:00, 22:00-00:00\n\nSobota\n00:00-06:00, 06:00-22:00, 22:00-00:00\n\nNedelja, Praznik\n00:00-07:00, 07:00-21:00, 21:00-00:00\n",
        "direction": "",
        "price_95": 1.623,
        "price_dizel": 1.811,
        "price_98": null,
        "price_100": 1.983,
        "price_dizel-premium": null,
        "price_avtoplin-lpg": null,
        "price_KOEL": 1.412,
        "price_hvo": null,
        "price_cng": null,
        "price_lng": null
      }
    },
    {
      "type": "Feature",
      "id": 2123,
      "geometry": {
        "type": "Point",
        "coordinates": [
          14.693314,
          46.166803
        ]
      },
      "properties": {
        "pk": 2123,
        "franchise": 1,
        "franchise_name": "Petrol d.d., Ljubljana",
        "name": "PETROL LUKOVICA AC - JUG",
        "address": "KOSESKEGA CESTA 1",
        "zip_code": "1225",
        "open_hours": "00:00-23:59\n",
        "direction": "Ljubljana -> Maribor",
        "price_95": 1.79,
        "price_dizel": 1.95,
        "price_98": null,
        "price_100": 2.104,
        "price_dizel-premium": 2.291,
        "price_avtoplin-lpg": 1.036,
        "price_KOEL": null,
        "price_hvo": null,
        "price_cng": null,
        "price_lng": null
      }
    },
    {
      "type": "Feature",
      "id": 2124,
      "geometry": {
        "type": "Point",
        "coordinates": [
          14.3602911,
          45.92154962
        ]
      },
      "properties": {
        "pk": 2124,
        "franchise": 1,
        "franchise_name": "Petrol d.d., Ljubljana",
        "name": "PETROL BOROVNICA",
        "address": "LJUBLJANSKA CESTA 10",
        "zip_code": "1353",
        "open_hours": "Ponedeljek, Torek, Sreda, Četrtek, Petek\n06:30-20:30\n\nSobota\n06:30-20:30\n\nNedelja, Praznik\n08:00-11:30, 12:00-15:00\n",
        "direction": "",
        "price_95": 1.623,
        "price_dizel": 1.811,
        "price_98": null,
        "price_100": null,
        "price_dizel-premium": null,
        "price_avtoplin-lpg": null,
        "price_KOEL": 1.412,
        "price_hvo": null,
        "price_cng": null,
        "price_lng": null
      }
    },
    {
      "type": "Feature",
      "id": 2125,
      "geometry": {
        "type": "Point",
        "coordinates": [
          14.53000724,
          45.96267202
        ]
      },
      "properties": {
        "pk": 2125,
        "franchise": 1,
        "franchise_name": "Petrol d.d., Ljubljana",
        "name": "PETROL IG",
        "address": "LJUBLJANSKA CESTA 69",
        "zip_code": "1292",
        "open_hours": "Ponedeljek, Torek, Sreda, Četrtek, Petek\n06:00-20:00\n\nSobota\n07:00-20:00\n\nNedelja, Praznik\n08:00-19:00\n",
        "direction": "",
        "price_95": 1.623,
        "price_dizel": 1.811,
        "price_98": null,
        "price_100": 1.983,
        "price_dizel-premium": null,
        "price_avtoplin-lpg": null,
        "price_KOEL": 1.412,
        "price_hvo": null,
        "price_cng": null,
        "price_lng": null
      }
    },
    {
      "type": "Feature",
      "id": 2126,
      "geometry": {
        "type": "Point",
        "coordinates": [
          14.375238,
          46.241822
        ]
      },
      "properties": {
        "pk": 2126,
        "franchise": 1,
        "franchise_name": "Petrol d.d., Ljubljana",
        "name": "PETROL KRANJ - STANETA ŽAGARJA 65",
        "address": "CESTA STANETA ŽAGARJA 65",
        "zip_code": "4000",
        "open_hours": "Ponedeljek, Torek, Sreda, Četrtek, Petek\n00:00-06:00, 06:00-22:00, 22:00-00:00\n\nSobota\n00:00-07:00, 07:00-22:00, 22:00-00:00\n\nNedelja, Praznik\n00:00-07:00, 07:00-22:00, 22:00-00:00\n",
        "direction": "Ljubljana -> Kranj",
        "price_95": 1.623,
        "price_dizel": 1.811,
        "price_98": null,
        "price_100": 1.983,
        "price_dizel-premium": null,
        "price_avtoplin-lpg": 0.976,
        "price_KOEL": null,
        "price_hvo": null,
        "price_cng": null,
        "price_lng": null
      }
    },
    {
      "type": "Feature",
      "id": 2127,
      "geometry": {
        "type": "Point",
        "coordinates": [
          14.30128011,
          46.02135318
        ]
      },
      "properties": {
        "pk": 2127,
        "franchise": 1,
        "franchise_name": "Petrol d.d., Ljubljana",
        "name": "PETROL HORJUL",
        "address": "VRHNIŠKA CESTA 11",
        "zip_code": "1354",
        "open_hours": "Ponedeljek, Torek, Sreda, Četrtek, Petek\n06:00-20:00\n\nSobota\n07:00-19:00\n\nNedelja, Praznik\n07:00-12:00\n",
        "direction": "",
        "price_95": 1.623,
        "price_dizel": 1.811,
        "price_98": null,
        "price_100": null,
        "price_dizel-premium": null,
        "price_avtoplin-lpg": null,
        "price_KOEL": 1.412,
        "price_hvo": null,
        "price_cng": null,
        "price_lng": null
      }
    },
    {
      "type": "Feature",
      "id": 2128,
      "geometry": {
        "type": "Point",
        "coordinates": [
          14.5451953,
          46.10584664
        ]
      },
      "properties": {
        "pk": 2128,
        "franchise": 1,
        "franchise_name": "Petrol d.d., Ljubljana",
        "name": "PETROL LJUBLJANA - ČRNUČE, ŠTAJERSKA",
        "address": "ŠTAJERSKA CESTA 10",
        "zip_code": "1231",
        "open_hours": "Ponedeljek, Torek, Sreda, Četrtek, Petek\n06:00-22:00\n\nSobota\n07:00-22:00\n\nNedelja, Praznik\n08:00-20:00\n",
        "direction": "",
        "price_95": 1.623,
        "price_dizel": 1.811,
        "price_98": null,
        "price_100": 1.983,
        "price_dizel-premium": null,
        "price_avtoplin-lpg": null,
        "price_KOEL": null,
        "price_hvo": null,
        "price_cng": null,
        "price_lng": null
      }
    },
    {
      "type": "Feature",
      "id": 2129,
      "geometry": {
        "type": "Point",
        "coordinates": [
          14.57315,
          46.0615
        ]
      },
      "properties": {
        "pk": 2129,
        "franchise": 1,
        "franchise_name": "Petrol d.d., Ljubljana",
        "name": "PETROL LJUBLJANA - LETALIŠKA",
        "address": "LETALIŠKA CESTA 38",
        "zip_code": "1000",
        "open_hours": "Ponedeljek, Torek, Sreda, Četrtek, Petek\n05:30-21:00\n\nSobota\n08:00-20:00\n",
        "direction": "",
        "price_95": 1.623,
        "price_dizel": 1.811,
        "price_98": null,
        "price_100": null,
        "price_dizel-premium": null,
        "price_avtoplin-lpg": null,
        "price_KOEL": null,
        "price_hvo": null,
        "price_cng": null,
        "price_lng": null
      }
    },
    {
      "type": "Feature",
      "id": 2130,
      "geometry": {
        "type": "Point",
        "coordinates": [
          14.601065,
          46.056932
        ]
      },
      "properties": {
        "pk": 2130,
        "franchise": 1,
        "franchise_name": "Petrol d.d., Ljubljana",
        "name": "PETROL LJUBLJANA - ZALOG",
        "address": "ZALOŠKA CESTA 255",
        "zip_code": "1260",
        "open_hours": "Ponedeljek, Torek, Sreda, Četrtek, Petek\n05:00-22:00\n\nSobota\n06:00-21:00\n\nNedelja, Praznik\n07:00-20:00\n",
        "direction": "",
        "price_95": 1.623,
        "price_dizel": 1.811,
        "price_98": null,
        "price_100": 1.983,
        "price_dizel-premium": null,
        "price_avtoplin-lpg": null,
        "price_KOEL": null,
        "price_hvo": null,
        "price_cng": null,
        "price_lng": null
      }
    },
    {
      "type": "Feature",
      "id": 2131,
      "geometry": {
        "type": "Point",
        "coordinates": [
          14.572453,
          45.960092
        ]
      },
      "properties": {
        "pk": 2131,
        "franchise": 1,
        "franchise_name": "Petrol d.d., Ljubljana",
        "name": "PETROL ŠKOFLJICA - PIJAVA GORICA",
        "address": "KOČEVSKA CESTA 100",
        "zip_code": "1291",
        "open_hours": "Ponedeljek, Torek, Sreda, Četrtek, Petek\n06:00-22:00\n\nSobota\n06:00-22:00\n\nNedelja, Praznik\n07:00-21:00\n",
        "direction": "",
        "price_95": 1.623,
        "price_dizel": 1.811,
        "price_98": null,
        "price_100": 1.983,
        "price_dizel-premium": null,
        "price_avtoplin-lpg": 0.976,
        "price_KOEL": 1.412,
        "price_hvo": null,
        "price_cng": null,
        "price_lng": null
      }
    },
    {
      "type": "Feature",
      "id": 2132,
      "geometry": {
        "type": "Point",
        "coordinates": [
          14.54137,
          46.048276
        ]
      },
      "properties": {
        "pk": 2132,
        "franchise": 1,
        "franchise_name": "Petrol d.d., Ljubljana",
        "name": "PETROL LJUBLJANA - LITIJSKA",
        "address": "LITIJSKA CESTA 31",
        "zip_code": "1000",
        "open_hours": "Ponedeljek, Torek, Sreda, Četrtek, Petek\n06:00-21:00\n\nSobota\n07:00-20:00\n\nNedelja, Praznik\n08:00-20:00\n",
        "direction": "Ljubljana -> Koper",
        "price_95": 1.623,
        "price_dizel": 1.811,
        "price_98": null,
        "price_100": 1.983,
        "price_dizel-premium": null,
        "price_avtoplin-lpg": 0.976,
        "price_KOEL": 1.412,
        "price_hvo": null,
        "price_cng": null,
        "price_lng": null
      }
    },
    {
      "type": "Feature",
      "id": 2133,
      "geometry": {
        "type": "Point",
        "coordinates": [
          14.606654,
          46.135583
        ]
      },
      "properties": {
        "pk": 2133,
        "franchise": 1,
        "franchise_name": "Petrol d.d., Ljubljana",
        "name": "PETROL DOMŽALE - KOPALIŠKA",
        "address": "KOPALIŠKA CESTA 11",
        "zip_code": "1230",
        "open_hours": "Ponedeljek, Torek, Sreda, Četrtek, Petek\n05:00-22:00\n\nSobota\n06:00-22:00\n\nNedelja, Praznik\n07:00-21:00\n",
        "direction": "Ljubljana -> Maribor",
        "price_95": 1.623,
        "price_dizel": 1.811,
        "price_98": null,
        "price_100": 1.983,
        "price_dizel-premium": 2.169,
        "price_avtoplin-lpg": 0.976,
        "price_KOEL": null,
        "price_hvo": null,
        "price_cng": null,
        "price_lng": null
      }
    },
    {
      "type": "Feature",
      "id": 2134,
      "geometry": {
        "type": "Point",
        "coordinates": [
          14.52190652,
          46.19219144
        ]
      },
      "properties": {
        "pk": 2134,
        "franchise": 1,
        "franchise_name": "Petrol d.d., Ljubljana",
        "name": "PETROL ŽEJE PRI KOMENDI",
        "address": "POD LIPAMI 3",
        "zip_code": "1218",
        "open_hours": "Ponedeljek, Torek, Sreda, Četrtek, Petek\n06:00-21:00\n\nSobota\n07:00-20:00\n\nNedelja, Praznik\n07:00-20:00\n",
        "direction": "",
        "price_95": 1.623,
        "price_dizel": 1.811,
        "price_98": null,
        "price_100": 1.983,
        "price_dizel-premium": null,
        "price_avtoplin-lpg": 0.976,
        "price_KOEL": null,
        "price_hvo": null,
        "price_cng": null,
        "price_lng": null
      }
    },
    {
      "type": "Feature",
      "id": 2135,
      "geometry": {
        "type": "Point",
        "coordinates": [
          14.538136,
          46.061482
        ]
      },
      "properties": {
        "pk": 2135,
        "franchise": 1,
        "franchise_name": "Petrol d.d., Ljubljana",
        "name": "PETROL LJUBLJANA - KAJUHOVA",
        "address": "KAJUHOVA ULICA 32S",
        "zip_code": "1000",
        "open_hours": "Ponedeljek, Torek, Sreda, Četrtek, Petek\n06:00-22:00\n\nSobota\n06:00-22:00\n\nNedelja, Praznik\n08:00-15:00\n",
        "direction": "",
        "price_95": 1.623,
        "price_dizel": 1.811,
        "price_98": null,
        "price_100": 1.983,
        "price_dizel-premium": null,
        "price_avtoplin-lpg": 0.976,
        "price_KOEL": null,
        "price_hvo": null,
        "price_cng": null,
        "price_lng": null
      }
    },
    {
      "type": "Feature",
      "id": 2136,
      "geometry": {
        "type": "Point",
        "coordinates": [
          14.144388,
          46.105122
        ]
      },
      "properties": {
        "pk": 2136,
        "franchise": 1,
        "franchise_name": "Petrol d.d., Ljubljana",
        "name": "PETROL GORENJA VAS",
        "address": "POLJANSKA CESTA 118",
        "zip_code": "4224",
        "open_hours": "Ponedeljek, Torek, Sreda, Četrtek, Petek\n06:00-20:00\n\nSobota\n07:00-20:00\n\nNedelja, Praznik\n08:00-19:00\n",
        "direction": "",
        "price_95": 1.623,
        "price_dizel": 1.811,
        "price_98": null,
        "price_100": 1.983,
        "price_dizel-premium": null,
        "price_avtoplin-lpg": 0.976,
        "price_KOEL": null,
        "price_hvo": null,
        "price_cng": null,
        "price_lng": null
      }
    },
    {
      "type": "Feature",
      "id": 2137,
      "geometry": {
        "type": "Point",
        "coordinates": [
          14.10785,
          46.043743
        ]
      },
      "properties": {
        "pk": 2137,
        "franchise": 1,
        "franchise_name": "Petrol d.d., Ljubljana",
        "name": "PETROL ŽIRI",
        "address": "JOBSTOVA CESTA 35",
        "zip_code": "4226",
        "open_hours": "Ponedeljek, Torek, Sreda, Četrtek, Petek\n06:00-20:00\n\nSobota\n07:00-20:00\n\nNedelja, Praznik\n07:00-18:00\n",
        "direction": "",
        "price_95": 1.623,
        "price_dizel": 1.811,
        "price_98": null,
        "price_100": 1.983,
        "price_dizel-premium": null,
        "price_avtoplin-lpg": null,
        "price_KOEL": 1.412,
        "price_hvo": null,
        "price_cng": null,
        "price_lng": null
      }
    },
    {
      "type": "Feature",
      "id": 2138,
      "geometry": {
        "type": "Point",
        "coordinates": [
          14.499955,
          46.031446
        ]
      },
      "properties": {
        "pk": 2138,
        "franchise": 1,
        "franchise_name": "Petrol d.d., Ljubljana",
        "name": "PETROL LJUBLJANA - BARJANSKA CESTA",
        "address": "BARJANSKA CESTA 90",
        "zip_code": "1000",
        "open_hours": "Ponedeljek, Torek, Sreda, Četrtek, Petek\n06:00-22:00\n\nSobota\n07:00-21:00\n\nNedelja, Praznik\n07:00-21:00\n",
        "direction": "",
        "price_95": 1.623,
        "price_dizel": 1.811,
        "price_98": null,
        "price_100": 1.983,
        "price_dizel-premium": null,
        "price_avtoplin-lpg": 0.976,
        "price_KOEL": null,
        "price_hvo": null,
        "price_cng": null,
        "price_lng": null
      }
    },
    {
      "type": "Feature",
      "id": 2139,
      "geometry": {
        "type": "Point",
        "coordinates": [
          15.484993,
          45.941161
        ]
      },
      "properties": {
        "pk": 2139,
        "franchise": 1,
        "franchise_name": "Petrol d.d., Ljubljana",
        "name": "PETROL KRŠKO - CESTA KRŠKIH ŽRTEV",
        "address": "CESTA KRŠKIH ŽRTEV 136A",
        "zip_code": "8270",
        "open_hours": "Ponedeljek, Torek, Sreda, Četrtek, Petek\n05:00-22:00\n\nSobota\n06:00-22:00\n\nNedelja, Praznik\n06:00-22:00\n",
        "direction": "",
        "price_95": 1.623,
        "price_dizel": 1.811,
        "price_98": null,
        "price_100": 1.983,
        "price_dizel-premium": null,
        "price_avtoplin-lpg": 0.976,
        "price_KOEL": 1.412,
        "price_hvo": null,
        "price_cng": null,
        "price_lng": null
      }
    },
    {
      "type": "Feature",
      "id": 2140,
      "geometry": {
        "type": "Point",
        "coordinates": [
          15.3050164,
          46.0077338
        ]
      },
      "properties": {
        "pk": 2140,
        "franchise": 1,
        "franchise_name": "Petrol d.d., Ljubljana",
        "name": "PETROL SEVNICA",
        "address": "PREŠERNOVA ULICA 9",
        "zip_code": "8290",
        "open_hours": "Ponedeljek, Torek, Sreda, Četrtek, Petek\n06:00-20:00\n\nSobota\n06:00-20:00\n\nNedelja, Praznik\n07:00-13:00\n",
        "direction": "",
        "price_95": 1.623,
        "price_dizel": 1.811,
        "price_98": null,
        "price_100": null,
        "price_dizel-premium": null,
        "price_avtoplin-lpg": null,
        "price_KOEL": 1.412,
        "price_hvo": null,
        "price_cng": null,
        "price_lng": null
      }
    },
    {
      "type": "Feature",
      "id": 2141,
      "geometry": {
        "type": "Point",
        "coordinates": [
          15.597607,
          45.891904
        ]
      },
      "properties": {
        "pk": 2141,
        "franchise": 1,
        "franchise_name": "Petrol d.d., Ljubljana",
        "name": "PETROL ČATEŽ AC - JUG",
        "address": "RIMSKA CESTA 11",
        "zip_code": "8250",
        "open_hours": "00:00-23:59\n",
        "direction": "",
        "price_95": 1.79,
        "price_dizel": 1.95,
        "price_98": null,
        "price_100": 2.104,
        "price_dizel-premium": 2.291,
        "price_avtoplin-lpg": null,
        "price_KOEL": null,
        "price_hvo": null,
        "price_cng": null,
        "price_lng": null
      }
    },
    {
      "type": "Feature",
      "id": 2142,
      "geometry": {
        "type": "Point",
        "coordinates": [
          15.69312736,
          46.01420273
        ]
      },
      "properties": {
        "pk": 2142,
        "franchise": 1,
        "franchise_name": "Petrol d.d., Ljubljana",
        "name": "PETROL BIZELJSKO",
        "address": "BIZELJSKA CESTA 70",
        "zip_code": "8259",
        "open_hours": "Ponedeljek, Torek, Sreda, Četrtek, Petek\n07:00-19:00\n\nSobota\n07:00-11:30, 12:00-15:00\n\nNedelja, Praznik\n08:00-11:30\n",
        "direction": "",
        "price_95": 1.623,
        "price_dizel": 1.811,
        "price_98": null,
        "price_100": null,
        "price_dizel-premium": null,
        "price_avtoplin-lpg": null,
        "price_KOEL": 1.412,
        "price_hvo": null,
        "price_cng": null,
        "price_lng": null
      }
    },
    {
      "type": "Feature",
      "id": 2143,
      "geometry": {
        "type": "Point",
        "coordinates": [
          15.60410967,
          45.90080568
        ]
      },
      "properties": {
        "pk": 2143,
        "franchise": 1,
        "franchise_name": "Petrol d.d., Ljubljana",
        "name": "PETROL BREŽICE - CESTA SVOBODE",
        "address": "CESTA SVOBODE 1",
        "zip_code": "8250",
        "open_hours": "Ponedeljek, Torek, Sreda, Četrtek, Petek\n06:00-21:00\n\nSobota\n06:00-21:00\n\nNedelja, Praznik\n07:00-19:00\n",
        "direction": "",
        "price_95": 1.623,
        "price_dizel": 1.811,
        "price_98": null,
        "price_100": null,
        "price_dizel-premium": null,
        "price_avtoplin-lpg": null,
        "price_KOEL": 1.412,
        "price_hvo": null,
        "price_cng": null,
        "price_lng": null
      }
    },
    {
      "type": "Feature",
      "id": 2144,
      "geometry": {
        "type": "Point",
        "coordinates": [
          15.28799203,
          46.01439267
        ]
      },
      "properties": {
        "pk": 2144,
        "franchise": 1,
        "franchise_name": "Petrol d.d., Ljubljana",
        "name": "PETROL BOŠTANJ PRI SEVNICI",
        "address": "BOŠTANJ 60A",
        "zip_code": "8294",
        "open_hours": "Ponedeljek, Torek, Sreda, Četrtek, Petek\n06:00-21:00\n\nSobota\n06:00-20:00\n\nNedelja, Praznik\n08:00-18:00\n",
        "direction": "",
        "price_95": 1.623,
        "price_dizel": 1.811,
        "price_98": null,
        "price_100": 1.983,
        "price_dizel-premium": null,
        "price_avtoplin-lpg": 0.976,
        "price_KOEL": 1.412,
        "price_hvo": null,
        "price_cng": null,
        "price_lng": null
      }
    },
    {
      "type": "Feature",
      "id": 2145,
      "geometry": {
        "type": "Point",
        "coordinates": [
          15.23583099,
          45.83957835
        ]
      },
      "properties": {
        "pk": 2145,
        "franchise": 1,
        "franchise_name": "Petrol d.d., Ljubljana",
        "name": "PETROL OTOČEC - JUG",
        "address": "GRAJSKA CESTA 6",
        "zip_code": "8222",
        "open_hours": "Ponedeljek, Torek, Sreda, Četrtek, Petek\n06:30-20:00\n\nSobota\n07:00-18:00\n\nNedelja, Praznik\n08:00-11:30, 12:00-17:00\n",
        "direction": "",
        "price_95": 1.623,
        "price_dizel": 1.811,
        "price_98": null,
        "price_100": 1.983,
        "price_dizel-premium": null,
        "price_avtoplin-lpg": null,
        "price_KOEL": 1.412,
        "price_hvo": null,
        "price_cng": null,
        "price_lng": null
      }
    },
    {
      "type": "Feature",
      "id": 2146,
      "geometry": {
        "type": "Point",
        "coordinates": [
          15.19151321,
          45.57849993
        ]
      },
      "properties": {
        "pk": 2146,
        "franchise": 1,
        "franchise_name": "Petrol d.d., Ljubljana",
        "name": "PETROL ČRNOMELJ - BELOKRANJSKA",
        "address": "BELOKRANJSKA CESTA 1",
        "zip_code": "8340",
        "open_hours": "Ponedeljek, Torek, Sreda, Četrtek, Petek\n07:00-19:00\n\nSobota\n07:00-12:00, 12:30-15:00\n\nNedelja, Praznik\n08:00-11:30\n",
        "direction": "",
        "price_95": 1.623,
        "price_dizel": 1.811,
        "price_98": null,
        "price_100": 1.983,
        "price_dizel-premium": null,
        "price_avtoplin-lpg": null,
        "price_KOEL": 1.412,
        "price_hvo": null,
        "price_cng": null,
        "price_lng": null
      }
    },
    {
      "type": "Feature",
      "id": 2147,
      "geometry": {
        "type": "Point",
        "coordinates": [
          15.00357364,
          45.90473997
        ]
      },
      "properties": {
        "pk": 2147,
        "franchise": 1,
        "franchise_name": "Petrol d.d., Ljubljana",
        "name": "PETROL TREBNJE - POD GRADOM",
        "address": "CESTA VILME BUKOVEC 2",
        "zip_code": "8210",
        "open_hours": "Ponedeljek, Torek, Sreda, Četrtek, Petek\n00:00-06:00, 06:00-22:00, 22:00-00:00\n\nSobota\n00:00-06:00, 06:00-22:00, 22:00-00:00\n\nNedelja, Praznik\n00:00-06:00, 06:00-22:00, 22:00-00:00\n",
        "direction": "",
        "price_95": 1.623,
        "price_dizel": 1.811,
        "price_98": null,
        "price_100": 1.983,
        "price_dizel-premium": 2.169,
        "price_avtoplin-lpg": 0.976,
        "price_KOEL": 1.412,
        "price_hvo": null,
        "price_cng": null,
        "price_lng": null
      }
    },
    {
      "type": "Feature",
      "id": 2148,
      "geometry": {
        "type": "Point",
        "coordinates": [
          15.17472988,
          45.81283786
        ]
      },
      "properties": {
        "pk": 2148,
        "franchise": 1,
        "franchise_name": "Petrol d.d., Ljubljana",
        "name": "PETROL NOVO MESTO - SEIDLOVA",
        "address": "SEIDLOVA CESTA 50",
        "zip_code": "8000",
        "open_hours": "Ponedeljek, Torek, Sreda, Četrtek, Petek\n07:00-21:00\n\nSobota\n08:00-18:00\n\nNedelja, Praznik\n08:00-15:00\n",
        "direction": "",
        "price_95": 1.623,
        "price_dizel": 1.811,
        "price_98": null,
        "price_100": 1.983,
        "price_dizel-premium": null,
        "price_avtoplin-lpg": null,
        "price_KOEL": 1.412,
        "price_hvo": null,
        "price_cng": null,
        "price_lng": null
      }
    },
    {
      "type": "Feature",
      "id": 2149,
      "geometry": {
        "type": "Point",
        "coordinates": [
          15.476035,
          45.995159
        ]
      },
      "properties": {
        "pk": 2149,
        "franchise": 1,
        "franchise_name": "Petrol d.d., Ljubljana",
        "name": "PETROL BRESTANICA",
        "address": "CESTA PRVIH BORCEV 17",
        "zip_code": "8280",
        "open_hours": "Ponedeljek, Torek, Sreda, Četrtek, Petek\n06:00-20:00\n\nSobota\n06:00-19:00\n\nNedelja, Praznik\n08:00-18:00\n",
        "direction": "",
        "price_95": 1.623,
        "price_dizel": 1.811,
        "price_98": null,
        "price_100": 1.983,
        "price_dizel-premium": null,
        "price_avtoplin-lpg": null,
        "price_KOEL": 1.412,
        "price_hvo": null,
        "price_cng": null,
        "price_lng": null
      }
    },
    {
      "type": "Feature",
      "id": 2150,
      "geometry": {
        "type": "Point",
        "coordinates": [
          15.08335069,
          45.78222236
        ]
      },
      "properties": {
        "pk": 2150,
        "franchise": 1,
        "franchise_name": "Petrol d.d., Ljubljana",
        "name": "PETROL VAVTA VAS",
        "address": "VAVTA VAS 1A",
        "zip_code": "8351",
        "open_hours": "Ponedeljek, Torek, Sreda, Četrtek, Petek\n06:00-18:00\n\nSobota\n07:00-12:30, 13:00-18:00\n\nNedelja, Praznik\n08:00-11:30\n",
        "direction": "",
        "price_95": 1.623,
        "price_dizel": 1.811,
        "price_98": null,
        "price_100": 1.983,
        "price_dizel-premium": null,
        "price_avtoplin-lpg": null,
        "price_KOEL": 1.412,
        "price_hvo": null,
        "price_cng": null,
        "price_lng": null
      }
    },
    {
      "type": "Feature",
      "id": 2151,
      "geometry": {
        "type": "Point",
        "coordinates": [
          15.18401353,
          45.65031764
        ]
      },
      "properties": {
        "pk": 2151,
        "franchise": 1,
        "franchise_name": "Petrol d.d., Ljubljana",
        "name": "PETROL SEMIČ",
        "address": "METLIŠKA CESTA 10",
        "zip_code": "8333",
        "open_hours": "Ponedeljek, Torek, Sreda, Četrtek, Petek\n06:30-19:00\n\nSobota\n07:00-11:30, 12:00-13:00\n",
        "direction": "",
        "price_95": 1.623,
        "price_dizel": 1.811,
        "price_98": null,
        "price_100": null,
        "price_dizel-premium": null,
        "price_avtoplin-lpg": null,
        "price_KOEL": 1.412,
        "price_hvo": null,
        "price_cng": null,
        "price_lng": null
      }
    },
    {
      "type": "Feature",
      "id": 2152,
      "geometry": {
        "type": "Point",
        "coordinates": [
          15.34063504,
          45.8438361
        ]
      },
      "properties": {
        "pk": 2152,
        "franchise": 1,
        "franchise_name": "Petrol d.d., Ljubljana",
        "name": "PETROL ŠENTJERNEJ",
        "address": "PRVOMAJSKA CESTA 10",
        "zip_code": "8310",
        "open_hours": "Ponedeljek, Torek, Sreda, Četrtek, Petek\n06:00-20:00\n\nSobota\n06:00-18:00\n\nNedelja, Praznik\n07:00-13:00\n",
        "direction": "",
        "price_95": 1.623,
        "price_dizel": 1.811,
        "price_98": null,
        "price_100": null,
        "price_dizel-premium": null,
        "price_avtoplin-lpg": null,
        "price_KOEL": 1.412,
        "price_hvo": null,
        "price_cng": null,
        "price_lng": null
      }
    },
    {
      "type": "Feature",
      "id": 2153,
      "geometry": {
        "type": "Point",
        "coordinates": [
          14.97033528,
          45.80627184
        ]
      },
      "properties": {
        "pk": 2153,
        "franchise": 1,
        "franchise_name": "Petrol d.d., Ljubljana",
        "name": "PETROL DVOR PRI ŽUŽEMBERKU",
        "address": "DVOR 93",
        "zip_code": "8361",
        "open_hours": "Ponedeljek, Torek, Sreda, Četrtek, Petek\n06:00-20:00\n\nSobota\n06:00-20:00\n\nNedelja, Praznik\n08:00-12:00, 12:30-16:00\n",
        "direction": "",
        "price_95": 1.623,
        "price_dizel": 1.811,
        "price_98": null,
        "price_100": null,
        "price_dizel-premium": null,
        "price_avtoplin-lpg": null,
        "price_KOEL": 1.412,
        "price_hvo": null,
        "price_cng": null,
        "price_lng": null
      }
    },
    {
      "type": "Feature",
      "id": 2154,
      "geometry": {
        "type": "Point",
        "coordinates": [
          15.2553875,
          45.45963416
        ]
      },
      "properties": {
        "pk": 2154,
        "franchise": 1,
        "franchise_name": "Petrol d.d., Ljubljana",
        "name": "PETROL VINICA",
        "address": "VINICA 61",
        "zip_code": "8344",
        "open_hours": "06:00-20:00\n",
        "direction": "",
        "price_95": 1.623,
        "price_dizel": 1.811,
        "price_98": null,
        "price_100": null,
        "price_dizel-premium": null,
        "price_avtoplin-lpg": null,
        "price_KOEL": 1.412,
        "price_hvo": null,
        "price_cng": null,
        "price_lng": null
      }
    },
    {
      "type": "Feature",
      "id": 2155,
      "geometry": {
        "type": "Point",
        "coordinates": [
          15.30623221,
          45.64976238
        ]
      },
      "properties": {
        "pk": 2155,
        "franchise": 1,
        "franchise_name": "Petrol d.d., Ljubljana",
        "name": "PETROL METLIKA - CESTA XV BRIGADE JUG",
        "address": "CESTA XV. BRIGADE 35",
        "zip_code": "8330",
        "open_hours": "Ponedeljek, Torek, Sreda, Četrtek, Petek\n06:00-19:00\n\nSobota\n07:00-19:00\n",
        "direction": "",
        "price_95": 1.623,
        "price_dizel": 1.811,
        "price_98": null,
        "price_100": null,
        "price_dizel-premium": null,
        "price_avtoplin-lpg": null,
        "price_KOEL": 1.412,
        "price_hvo": null,
        "price_cng": null,
        "price_lng": null
      }
    },
    {
      "type": "Feature",
      "id": 2156,
      "geometry": {
        "type": "Point",
        "coordinates": [
          15.4985082,
          45.95503319
        ]
      },
      "properties": {
        "pk": 2156,
        "franchise": 1,
        "franchise_name": "Petrol d.d., Ljubljana",
        "name": "PETROL KRŠKO - CESTA 4. JULIJA",
        "address": "CESTA 4. JULIJA 74",
        "zip_code": "8270",
        "open_hours": "Ponedeljek, Torek, Sreda, Četrtek, Petek\n06:00-21:00\n\nSobota\n06:00-21:00\n\nNedelja, Praznik\n08:00-19:30\n",
        "direction": "",
        "price_95": 1.623,
        "price_dizel": 1.811,
        "price_98": null,
        "price_100": null,
        "price_dizel-premium": null,
        "price_avtoplin-lpg": null,
        "price_KOEL": 1.412,
        "price_hvo": null,
        "price_cng": null,
        "price_lng": null
      }
    },
    {
      "type": "Feature",
      "id": 2157,
      "geometry": {
        "type": "Point",
        "coordinates": [
          15.19389224,
          45.96121483
        ]
      },
      "properties": {
        "pk": 2157,
        "franchise": 1,
        "franchise_name": "Petrol d.d., Ljubljana",
        "name": "PETROL TRŽIŠČE",
        "address": "TRŽIŠČE 14C",
        "zip_code": "8295",
        "open_hours": "Ponedeljek, Torek, Sreda, Četrtek, Petek\n06:00-19:00\n\nSobota\n06:00-12:30, 13:00-14:00\n\nNedelja, Praznik\n08:00-11:30\n",
        "direction": "",
        "price_95": 1.623,
        "price_dizel": 1.811,
        "price_98": null,
        "price_100": null,
        "price_dizel-premium": null,
        "price_avtoplin-lpg": null,
        "price_KOEL": 1.412,
        "price_hvo": null,
        "price_cng": null,
        "price_lng": null
      }
    },
    {
      "type": "Feature",
      "id": 2158,
      "geometry": {
        "type": "Point",
        "coordinates": [
          15.17772212,
          45.56606773
        ]
      },
      "properties": {
        "pk": 2158,
        "franchise": 1,
        "franchise_name": "Petrol d.d., Ljubljana",
        "name": "PETROL ČRNOMELJ - KOČEVJE",
        "address": "KOČEVJE 22B",
        "zip_code": "8340",
        "open_hours": "Ponedeljek, Torek, Sreda, Četrtek, Petek\n00:00-06:00, 06:00-21:00, 21:00-23:59\n\nSobota\n00:00-06:00, 06:00-21:00, 21:00-23:59\n\nNedelja, Praznik\n00:00-07:00, 07:00-21:00, 21:00-23:59\n",
        "direction": "",
        "price_95": 1.623,
        "price_dizel": 1.811,
        "price_98": null,
        "price_100": 1.983,
        "price_dizel-premium": 2.169,
        "price_avtoplin-lpg": 0.976,
        "price_KOEL": 1.412,
        "price_hvo": null,
        "price_cng": null,
        "price_lng": null
      }
    },
    {
      "type": "Feature",
      "id": 2159,
      "geometry": {
        "type": "Point",
        "coordinates": [
          15.65616953,
          45.89537811
        ]
      },
      "properties": {
        "pk": 2159,
        "franchise": 1,
        "franchise_name": "Petrol d.d., Ljubljana",
        "name": "PETROL DOBOVA",
        "address": "ULICA BRATOV GERJOVIČEV 24",
        "zip_code": "8257",
        "open_hours": "Ponedeljek, Torek, Sreda, Četrtek, Petek\n07:00-19:00\n\nSobota\n07:00-12:00, 12:30-15:00\n\nNedelja, Praznik\n08:00-11:30\n",
        "direction": "",
        "price_95": 1.623,
        "price_dizel": 1.811,
        "price_98": null,
        "price_100": null,
        "price_dizel-premium": null,
        "price_avtoplin-lpg": null,
        "price_KOEL": 1.412,
        "price_hvo": null,
        "price_cng": null,
        "price_lng": null
      }
    },
    {
      "type": "Feature",
      "id": 2160,
      "geometry": {
        "type": "Point",
        "coordinates": [
          15.300093,
          45.89728
        ]
      },
      "properties": {
        "pk": 2160,
        "franchise": 1,
        "franchise_name": "Petrol d.d., Ljubljana",
        "name": "PETROL ŠKOCJAN",
        "address": "DOLNJA STARA VAS 50",
        "zip_code": "8275",
        "open_hours": "Ponedeljek, Torek, Sreda, Četrtek, Petek\n06:00-20:00\n\nSobota\n06:00-11:30, 12:00-15:00\n\nNedelja, Praznik\n07:00-08:00, 08:30-12:00\n",
        "direction": "",
        "price_95": 1.623,
        "price_dizel": 1.811,
        "price_98": null,
        "price_100": null,
        "price_dizel-premium": null,
        "price_avtoplin-lpg": null,
        "price_KOEL": 1.412,
        "price_hvo": null,
        "price_cng": null,
        "price_lng": null
      }
    },
    {
      "type": "Feature",
      "id": 2161,
      "geometry": {
        "type": "Point",
        "coordinates": [
          15.30556866,
          45.65043013
        ]
      },
      "properties": {
        "pk": 2161,
        "franchise": 1,
        "franchise_name": "Petrol d.d., Ljubljana",
        "name": "PETROL METLIKA - CESTA XV BRIGADE SEVER",
        "address": "CESTA XV. BRIGADE 34",
        "zip_code": "8330",
        "open_hours": "06:00-22:00\n",
        "direction": "",
        "price_95": 1.623,
        "price_dizel": 1.811,
        "price_98": null,
        "price_100": 1.983,
        "price_dizel-premium": null,
        "price_avtoplin-lpg": null,
        "price_KOEL": 1.412,
        "price_hvo": null,
        "price_cng": null,
        "price_lng": null
      }
    },
    {
      "type": "Feature",
      "id": 2162,
      "geometry": {
        "type": "Point",
        "coordinates": [
          15.686297,
          45.85448
        ]
      },
      "properties": {
        "pk": 2162,
        "franchise": 1,
        "franchise_name": "Petrol d.d., Ljubljana",
        "name": "PETROL OBREŽJE AC - VZHOD",
        "address": "JESENICE 32A",
        "zip_code": "8261",
        "open_hours": "00:00-23:59\n",
        "direction": "",
        "price_95": 1.79,
        "price_dizel": 1.95,
        "price_98": null,
        "price_100": 2.104,
        "price_dizel-premium": 2.291,
        "price_avtoplin-lpg": null,
        "price_KOEL": null,
        "price_hvo": null,
        "price_cng": null,
        "price_lng": null
      }
    },
    {
      "type": "Feature",
      "id": 2163,
      "geometry": {
        "type": "Point",
        "coordinates": [
          15.59341049,
          45.91870681
        ]
      },
      "properties": {
        "pk": 2163,
        "franchise": 1,
        "franchise_name": "Petrol d.d., Ljubljana",
        "name": "PETROL BREŽICE - TOVARNIŠKA",
        "address": "TOVARNIŠKA CESTA 2",
        "zip_code": "8250",
        "open_hours": "Ponedeljek, Torek, Sreda, Četrtek, Petek\n00:00-06:00, 06:00-22:00, 22:00-00:00\n\nSobota\n00:00-06:00, 06:00-22:00, 22:00-00:00\n\nNedelja, Praznik\n00:00-07:00, 07:00-21:00, 21:00-00:00\n",
        "direction": "",
        "price_95": 1.623,
        "price_dizel": 1.811,
        "price_98": null,
        "price_100": 1.983,
        "price_dizel-premium": null,
        "price_avtoplin-lpg": null,
        "price_KOEL": 1.412,
        "price_hvo": null,
        "price_cng": null,
        "price_lng": null
      }
    },
    {
      "type": "Feature",
      "id": 2164,
      "geometry": {
        "type": "Point",
        "coordinates": [
          15.43100146,
          46.34170285
        ]
      },
      "properties": {
        "pk": 2164,
        "franchise": 1,
        "franchise_name": "Petrol d.d., Ljubljana",
        "name": "PETROL SLOVENSKE  KONJICE",
        "address": "LIPTOVSKA ULICA 4",
        "zip_code": "3210",
        "open_hours": "Ponedeljek, Torek, Sreda, Četrtek, Petek\n06:00-22:00\n\nSobota\n06:00-21:00\n\nNedelja, Praznik\n07:00-20:00\n",
        "direction": "",
        "price_95": 1.623,
        "price_dizel": 1.811,
        "price_98": null,
        "price_100": 1.983,
        "price_dizel-premium": null,
        "price_avtoplin-lpg": 0.976,
        "price_KOEL": 1.412,
        "price_hvo": null,
        "price_cng": null,
        "price_lng": null
      }
    },
    {
      "type": "Feature",
      "id": 2165,
      "geometry": {
        "type": "Point",
        "coordinates": [
          15.12373353,
          46.3602501
        ]
      },
      "properties": {
        "pk": 2165,
        "franchise": 1,
        "franchise_name": "Petrol d.d., Ljubljana",
        "name": "PETROL VELENJE - ŠALEŠKA",
        "address": "ŠALEŠKA CESTA 9",
        "zip_code": "3320",
        "open_hours": "Ponedeljek, Torek, Sreda, Četrtek, Petek\n07:00-19:00\n\nSobota\n07:00-18:00\n\nNedelja, Praznik\n08:00-16:00\n",
        "direction": "",
        "price_95": 1.623,
        "price_dizel": 1.811,
        "price_98": null,
        "price_100": null,
        "price_dizel-premium": null,
        "price_avtoplin-lpg": null,
        "price_KOEL": 1.412,
        "price_hvo": null,
        "price_cng": null,
        "price_lng": null
      }
    },
    {
      "type": "Feature",
      "id": 2166,
      "geometry": {
        "type": "Point",
        "coordinates": [
          14.95996662,
          46.24594145
        ]
      },
      "properties": {
        "pk": 2166,
        "franchise": 1,
        "franchise_name": "Petrol d.d., Ljubljana",
        "name": "PETROL VRANSKO",
        "address": "VRANSKO 74A",
        "zip_code": "3305",
        "open_hours": "Ponedeljek, Torek, Sreda, Četrtek, Petek\n06:00-20:00\n\nSobota\n06:00-19:00\n\nNedelja, Praznik\n08:00-19:00\n",
        "direction": "",
        "price_95": 1.623,
        "price_dizel": 1.811,
        "price_98": null,
        "price_100": 1.983,
        "price_dizel-premium": null,
        "price_avtoplin-lpg": null,
        "price_KOEL": 1.412,
        "price_hvo": null,
        "price_cng": null,
        "price_lng": null
      }
    },
    {
      "type": "Feature",
      "id": 2167,
      "geometry": {
        "type": "Point",
        "coordinates": [
          15.24900341,
          46.235056
        ]
      },
      "properties": {
        "pk": 2167,
        "franchise": 1,
        "franchise_name": "Petrol d.d., Ljubljana",
        "name": "PETROL CELJE - LJUBLJANSKA",
        "address": "LJUBLJANSKA CESTA 38",
        "zip_code": "3000",
        "open_hours": "Ponedeljek, Torek, Sreda, Četrtek, Petek\n07:00-19:00\n\nSobota\n07:00-13:00, 13:30-17:00\n\nNedelja, Praznik\n08:30-12:00\n",
        "direction": "",
        "price_95": 1.623,
        "price_dizel": 1.811,
        "price_98": null,
        "price_100": 1.983,
        "price_dizel-premium": null,
        "price_avtoplin-lpg": null,
        "price_KOEL": null,
        "price_hvo": null,
        "price_cng": null,
        "price_lng": null
      }
    },
    {
      "type": "Feature",
      "id": 2168,
      "geometry": {
        "type": "Point",
        "coordinates": [
          15.278929,
          46.247231
        ]
      },
      "properties": {
        "pk": 2168,
        "franchise": 1,
        "franchise_name": "Petrol d.d., Ljubljana",
        "name": "PETROL CELJE - HUDINJA",
        "address": "MARIBORSKA CESTA 121",
        "zip_code": "3000",
        "open_hours": "Ponedeljek, Torek, Sreda, Četrtek, Petek\n05:00-22:00\n\nSobota\n06:00-21:00\n\nNedelja, Praznik\n07:00-21:00\n",
        "direction": "",
        "price_95": 1.623,
        "price_dizel": 1.811,
        "price_98": null,
        "price_100": 1.983,
        "price_dizel-premium": 2.169,
        "price_avtoplin-lpg": 0.976,
        "price_KOEL": 1.412,
        "price_hvo": null,
        "price_cng": null,
        "price_lng": null
      }
    },
    {
      "type": "Feature",
      "id": 2169,
      "geometry": {
        "type": "Point",
        "coordinates": [
          14.83876308,
          46.33779188
        ]
      },
      "properties": {
        "pk": 2169,
        "franchise": 1,
        "franchise_name": "Petrol d.d., Ljubljana",
        "name": "PETROL LJUBNO OB SAVINJI",
        "address": "LOKE 10",
        "zip_code": "3333",
        "open_hours": "Ponedeljek, Torek, Sreda, Četrtek, Petek\n07:00-20:00\n\nSobota\n07:00-19:00\n\nNedelja, Praznik\n08:00-11:30, 12:00-17:00\n",
        "direction": "",
        "price_95": 1.623,
        "price_dizel": 1.811,
        "price_98": null,
        "price_100": null,
        "price_dizel-premium": null,
        "price_avtoplin-lpg": null,
        "price_KOEL": 1.412,
        "price_hvo": null,
        "price_cng": null,
        "price_lng": null
      }
    },
    {
      "type": "Feature",
      "id": 2170,
      "geometry": {
        "type": "Point",
        "coordinates": [
          14.96889829,
          46.34033444
        ]
      },
      "properties": {
        "pk": 2170,
        "franchise": 1,
        "franchise_name": "Petrol d.d., Ljubljana",
        "name": "PETROL MOZIRJE",
        "address": "NA TRGU 55",
        "zip_code": "3330",
        "open_hours": "Ponedeljek, Torek, Sreda, Četrtek, Petek\n06:00-20:00\n\nSobota\n06:00-20:00\n\nNedelja, Praznik\n08:00-19:00\n",
        "direction": "",
        "price_95": 1.623,
        "price_dizel": 1.811,
        "price_98": null,
        "price_100": null,
        "price_dizel-premium": null,
        "price_avtoplin-lpg": null,
        "price_KOEL": 1.412,
        "price_hvo": null,
        "price_cng": null,
        "price_lng": null
      }
    },
    {
      "type": "Feature",
      "id": 2171,
      "geometry": {
        "type": "Point",
        "coordinates": [
          15.30428269,
          46.28580502
        ]
      },
      "properties": {
        "pk": 2171,
        "franchise": 1,
        "franchise_name": "Petrol d.d., Ljubljana",
        "name": "PETROL VOJNIK",
        "address": "CELJSKA CESTA 35A",
        "zip_code": "3212",
        "open_hours": "Ponedeljek, Torek, Sreda, Četrtek, Petek\n06:00-22:00\n\nSobota\n06:00-21:00\n\nNedelja, Praznik\n07:00-21:00\n",
        "direction": "",
        "price_95": 1.623,
        "price_dizel": 1.811,
        "price_98": null,
        "price_100": 1.983,
        "price_dizel-premium": null,
        "price_avtoplin-lpg": null,
        "price_KOEL": 1.412,
        "price_hvo": null,
        "price_cng": null,
        "price_lng": null
      }
    },
    {
      "type": "Feature",
      "id": 2172,
      "geometry": {
        "type": "Point",
        "coordinates": [
          15.11475697,
          46.35625568
        ]
      },
      "properties": {
        "pk": 2172,
        "franchise": 1,
        "franchise_name": "Petrol d.d., Ljubljana",
        "name": "PETROL VELENJE - CELJSKA ZAHOD",
        "address": "CELJSKA CESTA 2",
        "zip_code": "3320",
        "open_hours": "00:00-23:59\n",
        "direction": "",
        "price_95": 1.623,
        "price_dizel": 1.811,
        "price_98": null,
        "price_100": 1.983,
        "price_dizel-premium": 2.169,
        "price_avtoplin-lpg": 0.976,
        "price_KOEL": null,
        "price_hvo": null,
        "price_cng": null,
        "price_lng": null
      }
    },
    {
      "type": "Feature",
      "id": 2173,
      "geometry": {
        "type": "Point",
        "coordinates": [
          15.075261,
          46.250078
        ]
      },
      "properties": {
        "pk": 2173,
        "franchise": 1,
        "franchise_name": "Petrol d.d., Ljubljana",
        "name": "PETROL ŠENTRUPERT",
        "address": "ŠENTRUPERT 6B",
        "zip_code": "3303",
        "open_hours": "Ponedeljek, Torek, Sreda, Četrtek, Petek\n06:00-20:00\n\nSobota\n06:00-20:00\n\nNedelja, Praznik\n07:00-20:00\n",
        "direction": "",
        "price_95": 1.623,
        "price_dizel": 1.811,
        "price_98": null,
        "price_100": null,
        "price_dizel-premium": null,
        "price_avtoplin-lpg": null,
        "price_KOEL": 1.412,
        "price_hvo": null,
        "price_cng": null,
        "price_lng": null
      }
    },
    {
      "type": "Feature",
      "id": 2174,
      "geometry": {
        "type": "Point",
        "coordinates": [
          15.59945055,
          46.15162206
        ]
      },
      "properties": {
        "pk": 2174,
        "franchise": 1,
        "franchise_name": "Petrol d.d., Ljubljana",
        "name": "PETROL PODČETRTEK",
        "address": "ZDRAVILIŠKA CESTA 27",
        "zip_code": "3254",
        "open_hours": "Ponedeljek, Torek, Sreda, Četrtek, Petek\n06:00-21:00\n\nSobota\n07:00-19:00\n\nNedelja, Praznik\n08:00-19:00\n",
        "direction": "",
        "price_95": 1.623,
        "price_dizel": 1.811,
        "price_98": null,
        "price_100": 1.983,
        "price_dizel-premium": null,
        "price_avtoplin-lpg": null,
        "price_KOEL": 1.412,
        "price_hvo": null,
        "price_cng": null,
        "price_lng": null
      }
    },
    {
      "type": "Feature",
      "id": 2175,
      "geometry": {
        "type": "Point",
        "coordinates": [
          15.487582,
          46.348824
        ]
      },
      "properties": {
        "pk": 2175,
        "franchise": 1,
        "franchise_name": "Petrol d.d., Ljubljana",
        "name": "PETROL TEPANJE AC - ZAHOD",
        "address": "SPODNJE GRUŠOVJE 10C",
        "zip_code": "3210",
        "open_hours": "00:00-23:59\n",
        "direction": "Maribor -> Ljubljana",
        "price_95": 1.79,
        "price_dizel": 1.95,
        "price_98": null,
        "price_100": 2.104,
        "price_dizel-premium": null,
        "price_avtoplin-lpg": 1.036,
        "price_KOEL": null,
        "price_hvo": null,
        "price_cng": null,
        "price_lng": null
      }
    },
    {
      "type": "Feature",
      "id": 2176,
      "geometry": {
        "type": "Point",
        "coordinates": [
          15.48757,
          46.347484
        ]
      },
      "properties": {
        "pk": 2176,
        "franchise": 1,
        "franchise_name": "Petrol d.d., Ljubljana",
        "name": "PETROL TEPANJE AC - VZHOD",
        "address": "SPODNJE GRUŠOVJE 10B",
        "zip_code": "3210",
        "open_hours": "00:00-23:59\n",
        "direction": "Ljubljana -> Maribor",
        "price_95": 1.79,
        "price_dizel": 1.95,
        "price_98": null,
        "price_100": 2.104,
        "price_dizel-premium": null,
        "price_avtoplin-lpg": 1.036,
        "price_KOEL": null,
        "price_hvo": null,
        "price_cng": null,
        "price_lng": null
      }
    },
    {
      "type": "Feature",
      "id": 2177,
      "geometry": {
        "type": "Point",
        "coordinates": [
          15.29788765,
          46.38539537
        ]
      },
      "properties": {
        "pk": 2177,
        "franchise": 1,
        "franchise_name": "Petrol d.d., Ljubljana",
        "name": "PETROL VITANJE",
        "address": "DOLIŠKA CESTA 24",
        "zip_code": "3205",
        "open_hours": "Ponedeljek, Torek, Sreda, Četrtek, Petek\n07:00-11:30, 12:00-16:00\n\nSobota\n07:00-10:30, 11:00-12:00\n\nNedelja, Praznik\n08:30-12:00\n",
        "direction": "",
        "price_95": 1.623,
        "price_dizel": 1.811,
        "price_98": null,
        "price_100": null,
        "price_dizel-premium": null,
        "price_avtoplin-lpg": null,
        "price_KOEL": 1.412,
        "price_hvo": null,
        "price_cng": null,
        "price_lng": null
      }
    },
    {
      "type": "Feature",
      "id": 2178,
      "geometry": {
        "type": "Point",
        "coordinates": [
          15.28266525,
          46.23481437
        ]
      },
      "properties": {
        "pk": 2178,
        "franchise": 1,
        "franchise_name": "Petrol d.d., Ljubljana",
        "name": "PETROL CELJE - KIDRIČEVA JUG",
        "address": "KIDRIČEVA ULICA 28",
        "zip_code": "3000",
        "open_hours": "Ponedeljek, Torek, Sreda, Četrtek, Petek\n05:30-20:00\n\nSobota\n06:00-18:00\n",
        "direction": "",
        "price_95": 1.623,
        "price_dizel": 1.811,
        "price_98": null,
        "price_100": 1.983,
        "price_dizel-premium": null,
        "price_avtoplin-lpg": null,
        "price_KOEL": 1.412,
        "price_hvo": null,
        "price_cng": null,
        "price_lng": null
      }
    },
    {
      "type": "Feature",
      "id": 2179,
      "geometry": {
        "type": "Point",
        "coordinates": [
          15.55856381,
          46.07309408
        ]
      },
      "properties": {
        "pk": 2179,
        "franchise": 1,
        "franchise_name": "Petrol d.d., Ljubljana",
        "name": "PETROL KOZJE",
        "address": "KOZJE 23",
        "zip_code": "3260",
        "open_hours": "Ponedeljek, Torek, Sreda, Četrtek, Petek\n07:00-18:00\n\nSobota\n07:00-11:30, 12:00-16:00\n\nNedelja, Praznik\n08:30-12:00\n",
        "direction": "",
        "price_95": 1.623,
        "price_dizel": 1.811,
        "price_98": null,
        "price_100": null,
        "price_dizel-premium": null,
        "price_avtoplin-lpg": null,
        "price_KOEL": 1.412,
        "price_hvo": null,
        "price_cng": null,
        "price_lng": null
      }
    },
    {
      "type": "Feature",
      "id": 2180,
      "geometry": {
        "type": "Point",
        "coordinates": [
          15.26310535,
          46.21772911
        ]
      },
      "properties": {
        "pk": 2180,
        "franchise": 1,
        "franchise_name": "Petrol d.d., Ljubljana",
        "name": "PETROL CELJE - POLULE",
        "address": "CESTA V LAŠKO 4A",
        "zip_code": "3000",
        "open_hours": "Ponedeljek, Torek, Sreda, Četrtek, Petek\n06:00-20:00\n\nSobota\n06:00-20:00\n\nNedelja, Praznik\n07:00-14:00\n",
        "direction": "",
        "price_95": 1.623,
        "price_dizel": 1.811,
        "price_98": null,
        "price_100": null,
        "price_dizel-premium": null,
        "price_avtoplin-lpg": null,
        "price_KOEL": 1.412,
        "price_hvo": null,
        "price_cng": null,
        "price_lng": null
      }
    },
    {
      "type": "Feature",
      "id": 2181,
      "geometry": {
        "type": "Point",
        "coordinates": [
          15.39050014,
          46.37183166
        ]
      },
      "properties": {
        "pk": 2181,
        "franchise": 1,
        "franchise_name": "Petrol d.d., Ljubljana",
        "name": "PETROL ZREČE",
        "address": "KOVAŠKA CESTA 29A",
        "zip_code": "3214",
        "open_hours": "Ponedeljek, Torek, Sreda, Četrtek, Petek\n06:00-20:00\n\nSobota\n07:00-19:00\n\nNedelja, Praznik\n07:30-18:00\n",
        "direction": "",
        "price_95": 1.623,
        "price_dizel": 1.811,
        "price_98": null,
        "price_100": null,
        "price_dizel-premium": null,
        "price_avtoplin-lpg": null,
        "price_KOEL": 1.412,
        "price_hvo": null,
        "price_cng": null,
        "price_lng": null
      }
    },
    {
      "type": "Feature",
      "id": 2182,
      "geometry": {
        "type": "Point",
        "coordinates": [
          15.6554536,
          46.0620292
        ]
      },
      "properties": {
        "pk": 2182,
        "franchise": 1,
        "franchise_name": "Petrol d.d., Ljubljana",
        "name": "PETROL BISTRICA OB SOTLI",
        "address": "HRASTJE OB BISTRICI 1A",
        "zip_code": "3256",
        "open_hours": "Ponedeljek, Torek, Sreda, Četrtek, Petek\n08:00-12:00, 12:30-16:00\n\nSobota\n08:00-12:00\n\nNedelja, Praznik\n08:30-12:00\n",
        "direction": "",
        "price_95": 1.623,
        "price_dizel": 1.811,
        "price_98": null,
        "price_100": null,
        "price_dizel-premium": null,
        "price_avtoplin-lpg": null,
        "price_KOEL": 1.412,
        "price_hvo": null,
        "price_cng": null,
        "price_lng": null
      }
    },
    {
      "type": "Feature",
      "id": 2183,
      "geometry": {
        "type": "Point",
        "coordinates": [
          15.44383892,
          46.25437076
        ]
      },
      "properties": {
        "pk": 2183,
        "franchise": 1,
        "franchise_name": "Petrol d.d., Ljubljana",
        "name": "PETROL PONIKVA",
        "address": "PONIKVA 36A",
        "zip_code": "3232",
        "open_hours": "00:00-00:00\n",
        "direction": "",
        "price_95": 1.623,
        "price_dizel": 1.811,
        "price_98": null,
        "price_100": null,
        "price_dizel-premium": null,
        "price_avtoplin-lpg": null,
        "price_KOEL": null,
        "price_hvo": null,
        "price_cng": null,
        "price_lng": null
      }
    },
    {
      "type": "Feature",
      "id": 2184,
      "geometry": {
        "type": "Point",
        "coordinates": [
          14.69457786,
          46.419206
        ]
      },
      "properties": {
        "pk": 2184,
        "franchise": 1,
        "franchise_name": "Petrol d.d., Ljubljana",
        "name": "PETROL SOLČAVA",
        "address": "SOLČAVA 12A",
        "zip_code": "3335",
        "open_hours": "Ponedeljek, Torek, Sreda, Četrtek, Petek\n07:00-11:00, 13:00-16:00\n\nSobota\n08:00-11:00, 11:30-13:00\n",
        "direction": "",
        "price_95": 1.623,
        "price_dizel": 1.811,
        "price_98": null,
        "price_100": null,
        "price_dizel-premium": null,
        "price_avtoplin-lpg": null,
        "price_KOEL": 1.412,
        "price_hvo": null,
        "price_cng": null,
        "price_lng": null
      }
    },
    {
      "type": "Feature",
      "id": 2185,
      "geometry": {
        "type": "Point",
        "coordinates": [
          15.39765344,
          46.09842192
        ]
      },
      "properties": {
        "pk": 2185,
        "franchise": 1,
        "franchise_name": "Petrol d.d., Ljubljana",
        "name": "PETROL PLANINA",
        "address": "PLANINA PRI SEVNICI 65H",
        "zip_code": "3225",
        "open_hours": "Ponedeljek, Torek, Sreda, Četrtek, Petek\n06:00-11:30, 12:00-16:00\n\nSobota\n07:00-11:30, 12:00-14:00\n",
        "direction": "",
        "price_95": 1.623,
        "price_dizel": 1.811,
        "price_98": null,
        "price_100": null,
        "price_dizel-premium": null,
        "price_avtoplin-lpg": null,
        "price_KOEL": 1.412,
        "price_hvo": null,
        "price_cng": null,
        "price_lng": null
      }
    },
    {
      "type": "Feature",
      "id": 2186,
      "geometry": {
        "type": "Point",
        "coordinates": [
          15.61686431,
          46.25266116
        ]
      },
      "properties": {
        "pk": 2186,
        "franchise": 1,
        "franchise_name": "Petrol d.d., Ljubljana",
        "name": "PETROL ROGAŠKA SLATINA",
        "address": "SPODNJE NEGONJE 27A",
        "zip_code": "3250",
        "open_hours": "Ponedeljek, Torek, Sreda, Četrtek, Petek\n06:00-20:00\n\nSobota\n07:00-19:00\n\nNedelja, Praznik\n08:00-17:00\n",
        "direction": "",
        "price_95": 1.623,
        "price_dizel": 1.811,
        "price_98": null,
        "price_100": 1.983,
        "price_dizel-premium": 2.169,
        "price_avtoplin-lpg": null,
        "price_KOEL": 1.412,
        "price_hvo": null,
        "price_cng": null,
        "price_lng": null
      }
    },
    {
      "type": "Feature",
      "id": 2187,
      "geometry": {
        "type": "Point",
        "coordinates": [
          15.11406404,
          46.25830238
        ]
      },
      "properties": {
        "pk": 2187,
        "franchise": 1,
        "franchise_name": "Petrol d.d., Ljubljana",
        "name": "PETROL ŠEMPETER V SAVINJSKI DOLINI",
        "address": "RIMSKA CESTA 106",
        "zip_code": "3311",
        "open_hours": "Ponedeljek, Torek, Sreda, Četrtek, Petek\n05:30-21:00\n\nSobota\n06:00-21:00\n\nNedelja, Praznik\n07:00-20:00\n",
        "direction": "",
        "price_95": 1.623,
        "price_dizel": 1.811,
        "price_98": null,
        "price_100": 1.983,
        "price_dizel-premium": null,
        "price_avtoplin-lpg": null,
        "price_KOEL": 1.412,
        "price_hvo": null,
        "price_cng": null,
        "price_lng": null
      }
    },
    {
      "type": "Feature",
      "id": 2188,
      "geometry": {
        "type": "Point",
        "coordinates": [
          15.2329947,
          46.16731495
        ]
      },
      "properties": {
        "pk": 2188,
        "franchise": 1,
        "franchise_name": "Petrol d.d., Ljubljana",
        "name": "PETROL LAŠKO",
        "address": "CELJSKA CESTA 40",
        "zip_code": "3270",
        "open_hours": "Ponedeljek, Torek, Sreda, Četrtek, Petek\n06:00-21:00\n\nSobota\n06:00-21:00\n\nNedelja, Praznik\n07:00-20:00\n",
        "direction": "",
        "price_95": 1.623,
        "price_dizel": 1.811,
        "price_98": null,
        "price_100": 1.983,
        "price_dizel-premium": null,
        "price_avtoplin-lpg": null,
        "price_KOEL": 1.412,
        "price_hvo": null,
        "price_cng": null,
        "price_lng": null
      }
    },
    {
      "type": "Feature",
      "id": 2189,
      "geometry": {
        "type": "Point",
        "coordinates": [
          14.81925704,
          46.29907149
        ]
      },
      "properties": {
        "pk": 2189,
        "franchise": 1,
        "franchise_name": "Petrol d.d., Ljubljana",
        "name": "PETROL GORNJI GRAD",
        "address": "SPODNJI TRG 34",
        "zip_code": "3342",
        "open_hours": "Ponedeljek, Torek, Sreda, Četrtek, Petek\n07:00-12:00, 12:30-18:00\n\nSobota\n07:00-12:00, 12:30-18:00\n\nNedelja, Praznik\n08:30-12:00\n",
        "direction": "",
        "price_95": 1.623,
        "price_dizel": 1.811,
        "price_98": null,
        "price_100": null,
        "price_dizel-premium": null,
        "price_avtoplin-lpg": null,
        "price_KOEL": 1.412,
        "price_hvo": null,
        "price_cng": null,
        "price_lng": null
      }
    },
    {
      "type": "Feature",
      "id": 2190,
      "geometry": {
        "type": "Point",
        "coordinates": [
          15.25657342,
          46.23718054
        ]
      },
      "properties": {
        "pk": 2190,
        "franchise": 1,
        "franchise_name": "Petrol d.d., Ljubljana",
        "name": "PETROL CELJE - LANOVŽ",
        "address": "IPAVČEVA ULICA 19",
        "zip_code": "3000",
        "open_hours": "Ponedeljek, Torek, Sreda, Četrtek, Petek\n06:00-20:00\n\nSobota\n06:00-20:00\n\nNedelja, Praznik\n08:00-20:00\n",
        "direction": "",
        "price_95": 1.623,
        "price_dizel": 1.811,
        "price_98": null,
        "price_100": 1.983,
        "price_dizel-premium": null,
        "price_avtoplin-lpg": null,
        "price_KOEL": 1.412,
        "price_hvo": null,
        "price_cng": null,
        "price_lng": null
      }
    },
    {
      "type": "Feature",
      "id": 2191,
      "geometry": {
        "type": "Point",
        "coordinates": [
          15.04892524,
          46.37530944
        ]
      },
      "properties": {
        "pk": 2191,
        "franchise": 1,
        "franchise_name": "Petrol d.d., Ljubljana",
        "name": "PETROL ŠOŠTANJ",
        "address": "AŠKERČEVA CESTA 7",
        "zip_code": "3325",
        "open_hours": "Ponedeljek, Torek, Sreda, Četrtek, Petek\n06:00-21:00\n\nSobota\n06:00-20:00\n\nNedelja, Praznik\n08:00-18:00\n",
        "direction": "",
        "price_95": 1.623,
        "price_dizel": 1.811,
        "price_98": null,
        "price_100": 1.983,
        "price_dizel-premium": null,
        "price_avtoplin-lpg": null,
        "price_KOEL": 1.412,
        "price_hvo": null,
        "price_cng": null,
        "price_lng": null
      }
    },
    {
      "type": "Feature",
      "id": 2192,
      "geometry": {
        "type": "Point",
        "coordinates": [
          15.18155904,
          46.06279673
        ]
      },
      "properties": {
        "pk": 2192,
        "franchise": 1,
        "franchise_name": "Petrol d.d., Ljubljana",
        "name": "PETROL RADEČE",
        "address": "ULICA MILANA MAJCNA 40",
        "zip_code": "1433",
        "open_hours": "Ponedeljek, Torek, Sreda, Četrtek, Petek\n06:00-21:00\n\nSobota\n06:00-21:00\n\nNedelja, Praznik\n07:00-20:00\n",
        "direction": "",
        "price_95": 1.623,
        "price_dizel": 1.811,
        "price_98": null,
        "price_100": 1.983,
        "price_dizel-premium": null,
        "price_avtoplin-lpg": null,
        "price_KOEL": 1.412,
        "price_hvo": null,
        "price_cng": null,
        "price_lng": null
      }
    },
    {
      "type": "Feature",
      "id": 2193,
      "geometry": {
        "type": "Point",
        "coordinates": [
          15.13198,
          46.350795
        ]
      },
      "properties": {
        "pk": 2193,
        "franchise": 1,
        "franchise_name": "Petrol d.d., Ljubljana",
        "name": "PETROL VELENJE - CELJSKA VZHOD",
        "address": "CELJSKA CESTA 53",
        "zip_code": "3320",
        "open_hours": "Ponedeljek, Torek, Sreda, Četrtek, Petek\n06:00-20:00\n\nSobota\n07:00-19:00\n\nNedelja, Praznik\n08:00-18:00\n",
        "direction": "",
        "price_95": 1.623,
        "price_dizel": 1.811,
        "price_98": null,
        "price_100": null,
        "price_dizel-premium": null,
        "price_avtoplin-lpg": null,
        "price_KOEL": 1.412,
        "price_hvo": null,
        "price_cng": null,
        "price_lng": null
      }
    },
    {
      "type": "Feature",
      "id": 2194,
      "geometry": {
        "type": "Point",
        "coordinates": [
          15.10632852,
          46.35917056
        ]
      },
      "properties": {
        "pk": 2194,
        "franchise": 1,
        "franchise_name": "Petrol d.d., Ljubljana",
        "name": "PETROL VELENJE - PARTIZANSKA",
        "address": "PARTIZANSKA CESTA 6",
        "zip_code": "3320",
        "open_hours": "Ponedeljek, Torek, Sreda, Četrtek, Petek\n06:00-22:00\n\nSobota\n06:00-22:00\n\nNedelja, Praznik\n08:00-21:00\n",
        "direction": "",
        "price_95": 1.623,
        "price_dizel": 1.811,
        "price_98": null,
        "price_100": 1.983,
        "price_dizel-premium": null,
        "price_avtoplin-lpg": null,
        "price_KOEL": null,
        "price_hvo": null,
        "price_cng": null,
        "price_lng": null
      }
    },
    {
      "type": "Feature",
      "id": 2195,
      "geometry": {
        "type": "Point",
        "coordinates": [
          15.52842878,
          46.23164686
        ]
      },
      "properties": {
        "pk": 2195,
        "franchise": 1,
        "franchise_name": "Petrol d.d., Ljubljana",
        "name": "PETROL ŠMARJE PRI JELŠAH",
        "address": "ROGAŠKA CESTA 48",
        "zip_code": "3240",
        "open_hours": "Ponedeljek, Torek, Sreda, Četrtek, Petek\n06:00-21:00\n\nSobota\n07:00-20:00\n\nNedelja, Praznik\n08:00-20:00\n",
        "direction": "",
        "price_95": 1.623,
        "price_dizel": 1.811,
        "price_98": null,
        "price_100": 1.983,
        "price_dizel-premium": null,
        "price_avtoplin-lpg": null,
        "price_KOEL": 1.412,
        "price_hvo": null,
        "price_cng": null,
        "price_lng": null
      }
    },
    {
      "type": "Feature",
      "id": 2196,
      "geometry": {
        "type": "Point",
        "coordinates": [
          15.693021,
          46.226069
        ]
      },
      "properties": {
        "pk": 2196,
        "franchise": 1,
        "franchise_name": "Petrol d.d., Ljubljana",
        "name": "PETROL ROGATEC",
        "address": "CELJSKA CESTA 43",
        "zip_code": "3252",
        "open_hours": "Ponedeljek, Torek, Sreda, Četrtek, Petek\n06:00-20:00\n\nSobota\n06:00-20:00\n\nNedelja, Praznik\n08:00-17:00\n",
        "direction": "",
        "price_95": 1.623,
        "price_dizel": 1.811,
        "price_98": null,
        "price_100": 1.983,
        "price_dizel-premium": null,
        "price_avtoplin-lpg": null,
        "price_KOEL": 1.412,
        "price_hvo": null,
        "price_cng": null,
        "price_lng": null
      }
    },
    {
      "type": "Feature",
      "id": 2197,
      "geometry": {
        "type": "Point",
        "coordinates": [
          15.156901,
          46.256248
        ]
      },
      "properties": {
        "pk": 2197,
        "franchise": 1,
        "franchise_name": "Petrol d.d., Ljubljana",
        "name": "PETROL ŽALEC",
        "address": "GOTOVELJSKA CESTA 10",
        "zip_code": "3310",
        "open_hours": "Ponedeljek, Torek, Sreda, Četrtek, Petek\n00:00-05:00, 05:00-23:00, 23:00-00:00\n\nSobota\n00:00-06:00, 06:00-22:00, 22:00-00:00\n\nNedelja, Praznik\n00:00-07:00, 07:00-21:00, 21:00-00:00\n",
        "direction": "",
        "price_95": 1.623,
        "price_dizel": 1.811,
        "price_98": null,
        "price_100": 1.983,
        "price_dizel-premium": null,
        "price_avtoplin-lpg": 0.976,
        "price_KOEL": null,
        "price_hvo": null,
        "price_cng": null,
        "price_lng": null
      }
    },
    {
      "type": "Feature",
      "id": 2198,
      "geometry": {
        "type": "Point",
        "coordinates": [
          15.575872,
          46.244853
        ]
      },
      "properties": {
        "pk": 2198,
        "franchise": 1,
        "franchise_name": "Petrol d.d., Ljubljana",
        "name": "PETROL PODPLAT",
        "address": "PODPLAT 9",
        "zip_code": "3241",
        "open_hours": "Ponedeljek, Torek, Sreda, Četrtek, Petek\n06:00-21:00\n\nSobota\n06:00-21:00\n\nNedelja, Praznik\n07:00-18:00\n",
        "direction": "",
        "price_95": 1.623,
        "price_dizel": 1.811,
        "price_98": null,
        "price_100": 1.983,
        "price_dizel-premium": null,
        "price_avtoplin-lpg": null,
        "price_KOEL": 1.412,
        "price_hvo": null,
        "price_cng": null,
        "price_lng": null
      }
    },
    {
      "type": "Feature",
      "id": 2199,
      "geometry": {
        "type": "Point",
        "coordinates": [
          15.270271,
          46.235447
        ]
      },
      "properties": {
        "pk": 2199,
        "franchise": 1,
        "franchise_name": "Petrol d.d., Ljubljana",
        "name": "PETROL CELJE - MARIBORSKA",
        "address": "MARIBORSKA CESTA 21",
        "zip_code": "3000",
        "open_hours": "00:00-23:59\n",
        "direction": "",
        "price_95": 1.623,
        "price_dizel": 1.811,
        "price_98": null,
        "price_100": 1.983,
        "price_dizel-premium": 2.169,
        "price_avtoplin-lpg": null,
        "price_KOEL": null,
        "price_hvo": null,
        "price_cng": null,
        "price_lng": null
      }
    },
    {
      "type": "Feature",
      "id": 2200,
      "geometry": {
        "type": "Point",
        "coordinates": [
          15.27676905,
          46.23557589
        ]
      },
      "properties": {
        "pk": 2200,
        "franchise": 1,
        "franchise_name": "Petrol d.d., Ljubljana",
        "name": "PETROL CELJE - KIDRIČEVA SEVER",
        "address": "KIDRIČEVA ULICA 21",
        "zip_code": "3000",
        "open_hours": "Ponedeljek, Torek, Sreda, Četrtek, Petek\n05:00-21:00\n\nSobota\n06:00-20:00\n\nNedelja, Praznik\n08:00-18:00\n",
        "direction": "",
        "price_95": 1.623,
        "price_dizel": 1.811,
        "price_98": null,
        "price_100": 1.983,
        "price_dizel-premium": null,
        "price_avtoplin-lpg": 0.976,
        "price_KOEL": null,
        "price_hvo": null,
        "price_cng": null,
        "price_lng": null
      }
    },
    {
      "type": "Feature",
      "id": 2201,
      "geometry": {
        "type": "Point",
        "coordinates": [
          15.400616,
          45.908304
        ]
      },
      "properties": {
        "pk": 2201,
        "franchise": 1,
        "franchise_name": "Petrol d.d., Ljubljana",
        "name": "PETROL ZALOKE AC - JUG",
        "address": "ZALOKE 16",
        "zip_code": "8274",
        "open_hours": "00:00-23:59\n",
        "direction": "",
        "price_95": 1.79,
        "price_dizel": 1.95,
        "price_98": null,
        "price_100": 2.104,
        "price_dizel-premium": null,
        "price_avtoplin-lpg": 1.036,
        "price_KOEL": null,
        "price_hvo": null,
        "price_cng": null,
        "price_lng": null
      }
    },
    {
      "type": "Feature",
      "id": 2202,
      "geometry": {
        "type": "Point",
        "coordinates": [
          15.400316,
          45.909601
        ]
      },
      "properties": {
        "pk": 2202,
        "franchise": 1,
        "franchise_name": "Petrol d.d., Ljubljana",
        "name": "PETROL ZALOKE AC - SEVER",
        "address": "ZALOKE 15",
        "zip_code": "8274",
        "open_hours": "00:00-23:59\n",
        "direction": "",
        "price_95": 1.79,
        "price_dizel": 1.95,
        "price_98": null,
        "price_100": 2.104,
        "price_dizel-premium": null,
        "price_avtoplin-lpg": 1.036,
        "price_KOEL": null,
        "price_hvo": null,
        "price_cng": null,
        "price_lng": null
      }
    },
    {
      "type": "Feature",
      "id": 2203,
      "geometry": {
        "type": "Point",
        "coordinates": [
          15.50179414,
          46.30051455
        ]
      },
      "properties": {
        "pk": 2203,
        "franchise": 1,
        "franchise_name": "Petrol d.d., Ljubljana",
        "name": "PETROL LOČE",
        "address": "SLOMŠKOVA ULICA 6",
        "zip_code": "3215",
        "open_hours": "Ponedeljek, Torek, Sreda, Četrtek, Petek\n07:00-11:30, 12:00-19:00\n\nSobota\n07:00-11:30, 12:00-19:00\n\nNedelja, Praznik\n08:30-12:00\n",
        "direction": "",
        "price_95": 1.623,
        "price_dizel": 1.811,
        "price_98": null,
        "price_100": null,
        "price_dizel-premium": null,
        "price_avtoplin-lpg": null,
        "price_KOEL": 1.412,
        "price_hvo": null,
        "price_cng": null,
        "price_lng": null
      }
    },
    {
      "type": "Feature",
      "id": 2204,
      "geometry": {
        "type": "Point",
        "coordinates": [
          15.278699,
          46.24034
        ]
      },
      "properties": {
        "pk": 2204,
        "franchise": 1,
        "franchise_name": "Petrol d.d., Ljubljana",
        "name": "PETROL CELJE - CITY CENTER",
        "address": "BEŽIGRAJSKA CESTA 1",
        "zip_code": "3000",
        "open_hours": "Ponedeljek, Torek, Sreda, Četrtek, Petek\n06:30-21:00\n\nSobota\n07:00-21:00\n",
        "direction": "",
        "price_95": 1.623,
        "price_dizel": 1.811,
        "price_98": null,
        "price_100": 1.983,
        "price_dizel-premium": null,
        "price_avtoplin-lpg": null,
        "price_KOEL": null,
        "price_hvo": null,
        "price_cng": null,
        "price_lng": null
      }
    },
    {
      "type": "Feature",
      "id": 2205,
      "geometry": {
        "type": "Point",
        "coordinates": [
          14.950163,
          46.322491
        ]
      },
      "properties": {
        "pk": 2205,
        "franchise": 1,
        "franchise_name": "Petrol d.d., Ljubljana",
        "name": "PETROL NAZARJE",
        "address": "SAVINJSKA CESTA 11",
        "zip_code": "3331",
        "open_hours": "Ponedeljek, Torek, Sreda, Četrtek, Petek\n00:00-06:00, 06:00-20:00, 20:00-00:00\n\nSobota\n00:00-07:00, 07:00-20:00, 20:00-00:00\n\nNedelja, Praznik\n00:00-08:00, 08:00-19:00, 19:00-00:00\n",
        "direction": "",
        "price_95": 1.623,
        "price_dizel": 1.811,
        "price_98": null,
        "price_100": 1.983,
        "price_dizel-premium": null,
        "price_avtoplin-lpg": null,
        "price_KOEL": 1.412,
        "price_hvo": null,
        "price_cng": null,
        "price_lng": null
      }
    },
    {
      "type": "Feature",
      "id": 2206,
      "geometry": {
        "type": "Point",
        "coordinates": [
          15.02966432,
          46.59116716
        ]
      },
      "properties": {
        "pk": 2206,
        "franchise": 1,
        "franchise_name": "Petrol d.d., Ljubljana",
        "name": "PETROL DRAVOGRAD",
        "address": "MARIBORSKA CESTA 50",
        "zip_code": "2370",
        "open_hours": "Ponedeljek, Torek, Sreda, Četrtek, Petek\n05:00-20:00\n\nSobota\n06:00-20:00\n\nNedelja, Praznik\n08:00-20:00\n",
        "direction": "",
        "price_95": 1.623,
        "price_dizel": 1.811,
        "price_98": null,
        "price_100": 1.983,
        "price_dizel-premium": null,
        "price_avtoplin-lpg": null,
        "price_KOEL": 1.412,
        "price_hvo": null,
        "price_cng": null,
        "price_lng": null
      }
    },
    {
      "type": "Feature",
      "id": 2207,
      "geometry": {
        "type": "Point",
        "coordinates": [
          14.96495101,
          46.54726828
        ]
      },
      "properties": {
        "pk": 2207,
        "franchise": 1,
        "franchise_name": "Petrol d.d., Ljubljana",
        "name": "PETROL RAVNE NA KOROŠKEM",
        "address": "KOROŠKA CESTA 4A",
        "zip_code": "2390",
        "open_hours": "Ponedeljek, Torek, Sreda, Četrtek, Petek\n06:00-22:00\n\nSobota\n06:00-21:00\n\nNedelja, Praznik\n07:00-20:00\n",
        "direction": "",
        "price_95": 1.623,
        "price_dizel": 1.811,
        "price_98": null,
        "price_100": 1.983,
        "price_dizel-premium": null,
        "price_avtoplin-lpg": 0.976,
        "price_KOEL": null,
        "price_hvo": null,
        "price_cng": null,
        "price_lng": null
      }
    },
    {
      "type": "Feature",
      "id": 2208,
      "geometry": {
        "type": "Point",
        "coordinates": [
          14.86992734,
          46.48491258
        ]
      },
      "properties": {
        "pk": 2208,
        "franchise": 1,
        "franchise_name": "Petrol d.d., Ljubljana",
        "name": "PETROL ŽERJAV",
        "address": "ŽERJAV 3A",
        "zip_code": "2393",
        "open_hours": "Ponedeljek, Torek, Sreda, Četrtek, Petek\n00:00-07:00, 07:00-18:00, 18:00-00:00\n\nSobota\n00:00-07:00, 07:00-12:00, 12:30-15:00, 15:00-00:00\n",
        "direction": "",
        "price_95": 1.623,
        "price_dizel": 1.811,
        "price_98": null,
        "price_100": null,
        "price_dizel-premium": null,
        "price_avtoplin-lpg": null,
        "price_KOEL": 1.412,
        "price_hvo": null,
        "price_cng": null,
        "price_lng": null
      }
    },
    {
      "type": "Feature",
      "id": 2209,
      "geometry": {
        "type": "Point",
        "coordinates": [
          15.08272833,
          46.51479276
        ]
      },
      "properties": {
        "pk": 2209,
        "franchise": 1,
        "franchise_name": "Petrol d.d., Ljubljana",
        "name": "PETROL SLOVENJ GRADEC - FRANCETOVA",
        "address": "FRANCETOVA CESTA 21",
        "zip_code": "2380",
        "open_hours": "Ponedeljek, Torek, Sreda, Četrtek, Petek\n06:00-20:00\n\nSobota\n06:00-20:00\n",
        "direction": "",
        "price_95": 1.623,
        "price_dizel": 1.811,
        "price_98": null,
        "price_100": null,
        "price_dizel-premium": null,
        "price_avtoplin-lpg": null,
        "price_KOEL": 1.412,
        "price_hvo": null,
        "price_cng": null,
        "price_lng": null
      }
    },
    {
      "type": "Feature",
      "id": 2210,
      "geometry": {
        "type": "Point",
        "coordinates": [
          14.90387241,
          46.54278188
        ]
      },
      "properties": {
        "pk": 2210,
        "franchise": 1,
        "franchise_name": "Petrol d.d., Ljubljana",
        "name": "PETROL PREVALJE",
        "address": "PERZONALI 49",
        "zip_code": "2391",
        "open_hours": "Ponedeljek, Torek, Sreda, Četrtek, Petek\n05:00-22:00\n\nSobota\n06:00-21:00\n\nNedelja, Praznik\n07:00-21:00\n",
        "direction": "",
        "price_95": 1.623,
        "price_dizel": 1.811,
        "price_98": null,
        "price_100": 1.983,
        "price_dizel-premium": null,
        "price_avtoplin-lpg": null,
        "price_KOEL": 1.412,
        "price_hvo": null,
        "price_cng": null,
        "price_lng": null
      }
    },
    {
      "type": "Feature",
      "id": 2211,
      "geometry": {
        "type": "Point",
        "coordinates": [
          15.19195307,
          46.44319582
        ]
      },
      "properties": {
        "pk": 2211,
        "franchise": 1,
        "franchise_name": "Petrol d.d., Ljubljana",
        "name": "PETROL MISLINJA",
        "address": "ŠENTLENART 18",
        "zip_code": "2382",
        "open_hours": "Ponedeljek, Torek, Sreda, Četrtek, Petek\n06:00-20:00\n\nSobota\n06:00-20:00\n\nNedelja, Praznik\n08:30-12:00\n",
        "direction": "",
        "price_95": 1.623,
        "price_dizel": 1.811,
        "price_98": null,
        "price_100": null,
        "price_dizel-premium": null,
        "price_avtoplin-lpg": null,
        "price_KOEL": 1.412,
        "price_hvo": null,
        "price_cng": null,
        "price_lng": null
      }
    },
    {
      "type": "Feature",
      "id": 2212,
      "geometry": {
        "type": "Point",
        "coordinates": [
          15.1642458,
          46.60459809
        ]
      },
      "properties": {
        "pk": 2212,
        "franchise": 1,
        "franchise_name": "Petrol d.d., Ljubljana",
        "name": "PETROL MUTA",
        "address": "KOROŠKA CESTA 18",
        "zip_code": "2366",
        "open_hours": "Ponedeljek, Torek, Sreda, Četrtek, Petek\n05:00-21:00\n\nSobota\n06:00-21:00\n\nNedelja, Praznik\n07:00-20:00\n",
        "direction": "",
        "price_95": 1.623,
        "price_dizel": 1.811,
        "price_98": null,
        "price_100": 1.983,
        "price_dizel-premium": null,
        "price_avtoplin-lpg": 0.976,
        "price_KOEL": 1.412,
        "price_hvo": null,
        "price_cng": null,
        "price_lng": null
      }
    },
    {
      "type": "Feature",
      "id": 2213,
      "geometry": {
        "type": "Point",
        "coordinates": [
          15.025052,
          46.572637
        ]
      },
      "properties": {
        "pk": 2213,
        "franchise": 1,
        "franchise_name": "Petrol d.d., Ljubljana",
        "name": "PETROL OTIŠKI VRH",
        "address": "OTIŠKI VRH 25C",
        "zip_code": "2373",
        "open_hours": "Ponedeljek, Torek, Sreda, Četrtek, Petek\n00:00-06:00, 06:00-18:00, 18:00-00:00\n\nSobota\n00:00-07:00, 07:00-11:00, 11:30-13:00, 13:00-00:00\n",
        "direction": "",
        "price_95": 1.623,
        "price_dizel": 1.811,
        "price_98": null,
        "price_100": null,
        "price_dizel-premium": null,
        "price_avtoplin-lpg": null,
        "price_KOEL": 1.412,
        "price_hvo": null,
        "price_cng": null,
        "price_lng": null
      }
    },
    {
      "type": "Feature",
      "id": 2214,
      "geometry": {
        "type": "Point",
        "coordinates": [
          15.08829225,
          46.50629441
        ]
      },
      "properties": {
        "pk": 2214,
        "franchise": 1,
        "franchise_name": "Petrol d.d., Ljubljana",
        "name": "PETROL SLOVENJ GRADEC - RONKOVA SEVER",
        "address": "RONKOVA ULICA 2",
        "zip_code": "2380",
        "open_hours": "Ponedeljek, Torek, Sreda, Četrtek, Petek\n06:00-20:00\n\nSobota\n07:00-19:00\n\nNedelja, Praznik\n08:00-18:00\n",
        "direction": "",
        "price_95": 1.623,
        "price_dizel": 1.811,
        "price_98": null,
        "price_100": null,
        "price_dizel-premium": null,
        "price_avtoplin-lpg": 0.976,
        "price_KOEL": 1.412,
        "price_hvo": null,
        "price_cng": null,
        "price_lng": null
      }
    },
    {
      "type": "Feature",
      "id": 2215,
      "geometry": {
        "type": "Point",
        "coordinates": [
          15.090699,
          46.504186
        ]
      },
      "properties": {
        "pk": 2215,
        "franchise": 1,
        "franchise_name": "Petrol d.d., Ljubljana",
        "name": "PETROL SLOVENJ GRADEC - RONKOVA JUG",
        "address": "RONKOVA ULICA 25",
        "zip_code": "2380",
        "open_hours": "00:00-23:59\n",
        "direction": "",
        "price_95": 1.623,
        "price_dizel": 1.811,
        "price_98": null,
        "price_100": 1.983,
        "price_dizel-premium": null,
        "price_avtoplin-lpg": null,
        "price_KOEL": 1.412,
        "price_hvo": null,
        "price_cng": null,
        "price_lng": null
      }
    },
    {
      "type": "Feature",
      "id": 2216,
      "geometry": {
        "type": "Point",
        "coordinates": [
          15.222118,
          46.262458
        ]
      },
      "properties": {
        "pk": 2216,
        "franchise": 1,
        "franchise_name": "Petrol d.d., Ljubljana",
        "name": "PETROL LOPATA AC - SEVER",
        "address": "LOPATA 81",
        "zip_code": "3000",
        "open_hours": "00:00-23:59\n",
        "direction": "Maribor -> Ljubljana",
        "price_95": 1.79,
        "price_dizel": 1.95,
        "price_98": null,
        "price_100": 2.104,
        "price_dizel-premium": 2.291,
        "price_avtoplin-lpg": 1.036,
        "price_KOEL": null,
        "price_hvo": null,
        "price_cng": null,
        "price_lng": null
      }
    },
    {
      "type": "Feature",
      "id": 2217,
      "geometry": {
        "type": "Point",
        "coordinates": [
          15.312733,
          46.224064
        ]
      },
      "properties": {
        "pk": 2217,
        "franchise": 1,
        "franchise_name": "Petrol d.d., Ljubljana",
        "name": "PETROL ŠTORE",
        "address": "OBRTNIŠKA CESTA 2",
        "zip_code": "3220",
        "open_hours": "Ponedeljek, Torek, Sreda, Četrtek, Petek\n06:00-19:00\n\nSobota\n07:00-15:00\n\nNedelja, Praznik\n08:30-12:00\n",
        "direction": "",
        "price_95": 1.623,
        "price_dizel": 1.811,
        "price_98": null,
        "price_100": 1.983,
        "price_dizel-premium": null,
        "price_avtoplin-lpg": null,
        "price_KOEL": 1.412,
        "price_hvo": null,
        "price_cng": null,
        "price_lng": null
      }
    },
    {
      "type": "Feature",
      "id": 2218,
      "geometry": {
        "type": "Point",
        "coordinates": [
          15.40036462,
          46.21307795
        ]
      },
      "properties": {
        "pk": 2218,
        "franchise": 1,
        "franchise_name": "Petrol d.d., Ljubljana",
        "name": "PETROL ŠENTJUR",
        "address": "CESTA KOZJANSKEGA ODREDA 21A",
        "zip_code": "3230",
        "open_hours": "Ponedeljek, Torek, Sreda, Četrtek, Petek\n06:00-22:00\n\nSobota\n06:00-22:00\n\nNedelja, Praznik\n07:00-21:00\n",
        "direction": "",
        "price_95": 1.623,
        "price_dizel": 1.811,
        "price_98": null,
        "price_100": 1.983,
        "price_dizel-premium": null,
        "price_avtoplin-lpg": 0.976,
        "price_KOEL": 1.412,
        "price_hvo": null,
        "price_cng": null,
        "price_lng": null
      }
    },
    {
      "type": "Feature",
      "id": 2219,
      "geometry": {
        "type": "Point",
        "coordinates": [
          15.22104794,
          46.32717529
        ]
      },
      "properties": {
        "pk": 2219,
        "franchise": 1,
        "franchise_name": "Petrol d.d., Ljubljana",
        "name": "PETROL DOBRNA",
        "address": "PRISTOVA 21",
        "zip_code": "3204",
        "open_hours": "Ponedeljek, Torek, Sreda, Četrtek, Petek\n07:00-20:00\n\nSobota\n07:00-17:00\n\nNedelja, Praznik\n08:30-12:00\n",
        "direction": "",
        "price_95": 1.623,
        "price_dizel": 1.811,
        "price_98": null,
        "price_100": null,
        "price_dizel-premium": null,
        "price_avtoplin-lpg": null,
        "price_KOEL": 1.412,
        "price_hvo": null,
        "price_cng": null,
        "price_lng": null
      }
    },
    {
      "type": "Feature",
      "id": 2220,
      "geometry": {
        "type": "Point",
        "coordinates": [
          14.85374303,
          45.64870304
        ]
      },
      "properties": {
        "pk": 2220,
        "franchise": 1,
        "franchise_name": "Petrol d.d., Ljubljana",
        "name": "PETROL KOČEVJE - LJUBLJANSKA ZAHOD",
        "address": "LJUBLJANSKA CESTA 69A",
        "zip_code": "1330",
        "open_hours": "Ponedeljek, Torek, Sreda, Četrtek, Petek\n06:00-22:00\n\nSobota\n06:00-22:00\n\nNedelja, Praznik\n08:00-21:00\n",
        "direction": "",
        "price_95": 1.623,
        "price_dizel": 1.811,
        "price_98": null,
        "price_100": 1.983,
        "price_dizel-premium": 2.169,
        "price_avtoplin-lpg": 0.976,
        "price_KOEL": 1.412,
        "price_hvo": null,
        "price_cng": null,
        "price_lng": null
      }
    },
    {
      "type": "Feature",
      "id": 2221,
      "geometry": {
        "type": "Point",
        "coordinates": [
          14.70303872,
          45.76220176
        ]
      },
      "properties": {
        "pk": 2221,
        "franchise": 1,
        "franchise_name": "Petrol d.d., Ljubljana",
        "name": "PETROL ŽLEBIČ",
        "address": "BREŽE 1B",
        "zip_code": "1310",
        "open_hours": "Ponedeljek, Torek, Sreda, Četrtek, Petek\n00:00-05:00, 05:00-22:00, 22:00-00:00\n\nSobota\n00:00-06:00, 06:00-22:00, 22:00-00:00\n\nNedelja, Praznik\n00:00-06:00, 06:00-22:00, 22:00-00:00\n",
        "direction": "",
        "price_95": 1.623,
        "price_dizel": 1.811,
        "price_98": null,
        "price_100": 1.983,
        "price_dizel-premium": null,
        "price_avtoplin-lpg": null,
        "price_KOEL": 1.412,
        "price_hvo": null,
        "price_cng": null,
        "price_lng": null
      }
    },
    {
      "type": "Feature",
      "id": 2222,
      "geometry": {
        "type": "Point",
        "coordinates": [
          14.85397187,
          45.64954924
        ]
      },
      "properties": {
        "pk": 2222,
        "franchise": 1,
        "franchise_name": "Petrol d.d., Ljubljana",
        "name": "PETROL KOČEVJE - LJUBLJANSKA VZHOD",
        "address": "LJUBLJANSKA CESTA 44",
        "zip_code": "1330",
        "open_hours": "Ponedeljek, Torek, Sreda, Četrtek, Petek\n05:00-20:00\n\nSobota\n07:00-12:00, 12:30-15:00\n",
        "direction": "",
        "price_95": 1.623,
        "price_dizel": 1.811,
        "price_98": null,
        "price_100": 1.983,
        "price_dizel-premium": null,
        "price_avtoplin-lpg": null,
        "price_KOEL": 1.412,
        "price_hvo": null,
        "price_cng": null,
        "price_lng": null
      }
    },
    {
      "type": "Feature",
      "id": 2223,
      "geometry": {
        "type": "Point",
        "coordinates": [
          14.8550985,
          45.46509102
        ]
      },
      "properties": {
        "pk": 2223,
        "franchise": 1,
        "franchise_name": "Petrol d.d., Ljubljana",
        "name": "PETROL PETRINA",
        "address": "PETRINA 10",
        "zip_code": "1336",
        "open_hours": "Ponedeljek\n09:00-12:00, 12:30-16:00\n\nTorek\n09:00-12:00, 12:30-16:00\n\nSreda\n09:00-12:00, 12:30-18:00\n\nČetrtek\n09:00-12:00, 12:30-16:00\n\nPetek\n09:00-12:00, 12:30-16:00\n\nSobota\n07:00-10:30, 11:00-13:00\n",
        "direction": "",
        "price_95": 1.623,
        "price_dizel": 1.811,
        "price_98": null,
        "price_100": null,
        "price_dizel-premium": null,
        "price_avtoplin-lpg": null,
        "price_KOEL": 1.412,
        "price_hvo": null,
        "price_cng": null,
        "price_lng": null
      }
    },
    {
      "type": "Feature",
      "id": 2224,
      "geometry": {
        "type": "Point",
        "coordinates": [
          14.58622,
          45.717099
        ]
      },
      "properties": {
        "pk": 2224,
        "franchise": 1,
        "franchise_name": "Petrol d.d., Ljubljana",
        "name": "PETROL LOŠKI POTOK",
        "address": "MALI LOG 2B",
        "zip_code": "1318",
        "open_hours": "Ponedeljek, Torek, Sreda, Četrtek, Petek\n08:00-11:30, 12:00-16:00\n\nSobota\n08:00-12:00\n",
        "direction": "",
        "price_95": 1.623,
        "price_dizel": 1.811,
        "price_98": null,
        "price_100": null,
        "price_dizel-premium": null,
        "price_avtoplin-lpg": null,
        "price_KOEL": 1.412,
        "price_hvo": null,
        "price_cng": null,
        "price_lng": null
      }
    },
    {
      "type": "Feature",
      "id": 2225,
      "geometry": {
        "type": "Point",
        "coordinates": [
          15.15095997,
          45.79863637
        ]
      },
      "properties": {
        "pk": 2225,
        "franchise": 1,
        "franchise_name": "Petrol d.d., Ljubljana",
        "name": "PETROL NOVO MESTO - TOPLIŠKA",
        "address": "TOPLIŠKA CESTA 9",
        "zip_code": "8000",
        "open_hours": "06:00-22:00\n",
        "direction": "",
        "price_95": 1.623,
        "price_dizel": 1.811,
        "price_98": null,
        "price_100": 1.983,
        "price_dizel-premium": null,
        "price_avtoplin-lpg": null,
        "price_KOEL": 1.412,
        "price_hvo": null,
        "price_cng": null,
        "price_lng": null
      }
    },
    {
      "type": "Feature",
      "id": 2227,
      "geometry": {
        "type": "Point",
        "coordinates": [
          15.1547285,
          45.81628712
        ]
      },
      "properties": {
        "pk": 2227,
        "franchise": 1,
        "franchise_name": "Petrol d.d., Ljubljana",
        "name": "PETROL NOVO MESTO - BRŠLJIN",
        "address": "LJUBLJANSKA CESTA 28A",
        "zip_code": "8000",
        "open_hours": "Ponedeljek, Torek, Sreda, Četrtek, Petek\n06:00-22:00\n\nSobota\n06:00-22:00\n\nNedelja, Praznik\n07:00-22:00\n",
        "direction": "",
        "price_95": 1.623,
        "price_dizel": 1.811,
        "price_98": null,
        "price_100": 1.983,
        "price_dizel-premium": null,
        "price_avtoplin-lpg": 0.976,
        "price_KOEL": null,
        "price_hvo": null,
        "price_cng": null,
        "price_lng": null
      }
    },
    {
      "type": "Feature",
      "id": 2228,
      "geometry": {
        "type": "Point",
        "coordinates": [
          15.181242,
          45.797682
        ]
      },
      "properties": {
        "pk": 2228,
        "franchise": 1,
        "franchise_name": "Petrol d.d., Ljubljana",
        "name": "PETROL NOVO MESTO - ŽABJA VAS",
        "address": "BELOKRANJSKA CESTA 3",
        "zip_code": "8000",
        "open_hours": "00:00-23:59\n",
        "direction": "",
        "price_95": 1.623,
        "price_dizel": 1.811,
        "price_98": null,
        "price_100": 1.983,
        "price_dizel-premium": null,
        "price_avtoplin-lpg": 0.976,
        "price_KOEL": 1.412,
        "price_hvo": null,
        "price_cng": null,
        "price_lng": null
      }
    },
    {
      "type": "Feature",
      "id": 2229,
      "geometry": {
        "type": "Point",
        "coordinates": [
          15.217206,
          45.841312
        ]
      },
      "properties": {
        "pk": 2229,
        "franchise": 1,
        "franchise_name": "Petrol d.d., Ljubljana",
        "name": "PETROL STARINE AC - JUG",
        "address": "ZAGRAD PRI OTOČCU 111",
        "zip_code": "8222",
        "open_hours": "00:00-23:59\n",
        "direction": "",
        "price_95": 1.79,
        "price_dizel": 1.95,
        "price_98": null,
        "price_100": 2.104,
        "price_dizel-premium": 2.291,
        "price_avtoplin-lpg": 1.036,
        "price_KOEL": null,
        "price_hvo": null,
        "price_cng": null,
        "price_lng": null
      }
    },
    {
      "type": "Feature",
      "id": 2230,
      "geometry": {
        "type": "Point",
        "coordinates": [
          15.216726,
          45.841967
        ]
      },
      "properties": {
        "pk": 2230,
        "franchise": 1,
        "franchise_name": "Petrol d.d., Ljubljana",
        "name": "PETROL STARINE AC - SEVER",
        "address": "ZAGRAD PRI OTOČCU 110",
        "zip_code": "8222",
        "open_hours": "00:00-23:59\n",
        "direction": "",
        "price_95": 1.79,
        "price_dizel": 1.95,
        "price_98": null,
        "price_100": 2.104,
        "price_dizel-premium": 2.291,
        "price_avtoplin-lpg": 1.036,
        "price_KOEL": null,
        "price_hvo": null,
        "price_cng": null,
        "price_lng": null
      }
    },
    {
      "type": "Feature",
      "id": 2231,
      "geometry": {
        "type": "Point",
        "coordinates": [
          15.026398,
          45.898858
        ]
      },
      "properties": {
        "pk": 2231,
        "franchise": 1,
        "franchise_name": "Petrol d.d., Ljubljana",
        "name": "PETROL DUL AC - JUG",
        "address": "DOLENJI PODBORŠT PRI TREB. 50",
        "zip_code": "8210",
        "open_hours": "00:00-23:59\n",
        "direction": "Ljubljana -> Novo Me",
        "price_95": 1.79,
        "price_dizel": 1.95,
        "price_98": null,
        "price_100": 2.104,
        "price_dizel-premium": 2.291,
        "price_avtoplin-lpg": 1.036,
        "price_KOEL": null,
        "price_hvo": null,
        "price_cng": null,
        "price_lng": null
      }
    },
    {
      "type": "Feature",
      "id": 2232,
      "geometry": {
        "type": "Point",
        "coordinates": [
          15.878359,
          46.329098
        ]
      },
      "properties": {
        "pk": 2232,
        "franchise": 1,
        "franchise_name": "Petrol d.d., Ljubljana",
        "name": "PETROL PODLEHNIK AC - ZAHOD",
        "address": "DEŽNO PRI PODLEHNIKU 2",
        "zip_code": "2286",
        "open_hours": "00:00-23:59\n",
        "direction": "",
        "price_95": 1.79,
        "price_dizel": 1.95,
        "price_98": null,
        "price_100": 2.104,
        "price_dizel-premium": 2.291,
        "price_avtoplin-lpg": 1.036,
        "price_KOEL": null,
        "price_hvo": null,
        "price_cng": null,
        "price_lng": null
      }
    },
    {
      "type": "Feature",
      "id": 2233,
      "geometry": {
        "type": "Point",
        "coordinates": [
          14.577254,
          46.172911
        ]
      },
      "properties": {
        "pk": 2233,
        "franchise": 1,
        "franchise_name": "Petrol d.d., Ljubljana",
        "name": "PETROL MENGEŠ - KAMNIŠKA",
        "address": "KAMNIŠKA CESTA 60",
        "zip_code": "1234",
        "open_hours": "Ponedeljek, Torek, Sreda, Četrtek, Petek\n05:00-22:00\n\nSobota\n06:00-22:00\n\nNedelja, Praznik\n07:00-21:00\n",
        "direction": "Ljubljana -> Maribor",
        "price_95": 1.623,
        "price_dizel": 1.811,
        "price_98": null,
        "price_100": 1.983,
        "price_dizel-premium": null,
        "price_avtoplin-lpg": 0.976,
        "price_KOEL": null,
        "price_hvo": null,
        "price_cng": null,
        "price_lng": null
      }
    },
    {
      "type": "Feature",
      "id": 2234,
      "geometry": {
        "type": "Point",
        "coordinates": [
          15.655975,
          46.537696
        ]
      },
      "properties": {
        "pk": 2234,
        "franchise": 2,
        "franchise_name": "MOL & INA d.o.o.",
        "name": "BS MOL TEZNO",
        "address": "Ptujska cesta 56",
        "zip_code": "2000",
        "open_hours": "00:00-23:59\n",
        "direction": "",
        "price_95": 1.623,
        "price_dizel": 1.811,
        "price_98": null,
        "price_100": 1.979,
        "price_dizel-premium": 2.172,
        "price_avtoplin-lpg": 0.968,
        "price_KOEL": null,
        "price_hvo": null,
        "price_cng": null,
        "price_lng": null
      }
    },
    {
      "type": "Feature",
      "id": 2235,
      "geometry": {
        "type": "Point",
        "coordinates": [
          14.369373,
          46.230565
        ]
      },
      "properties": {
        "pk": 2235,
        "franchise": 2,
        "franchise_name": "MOL & INA d.o.o.",
        "name": "BS MOL KRANJ",
        "address": "Ulica Boštjana Hladnika 4",
        "zip_code": "4000",
        "open_hours": "Ponedeljek, Torek, Sreda, Četrtek, Petek, Sobota\n06:00-22:00\n\nNedelja, Praznik\n08:00-20:00\n",
        "direction": "",
        "price_95": 1.623,
        "price_dizel": 1.811,
        "price_98": null,
        "price_100": 1.979,
        "price_dizel-premium": 2.172,
        "price_avtoplin-lpg": 0.968,
        "price_KOEL": null,
        "price_hvo": null,
        "price_cng": null,
        "price_lng": null
      }
    },
    {
      "type": "Feature",
      "id": 2236,
      "geometry": {
        "type": "Point",
        "coordinates": [
          15.88503332,
          46.41600383
        ]
      },
      "properties": {
        "pk": 2236,
        "franchise": 2,
        "franchise_name": "MOL & INA d.o.o.",
        "name": "BS MOL PTUJ ORMOŠKA",
        "address": "Ormoška cesta 32",
        "zip_code": "2250",
        "open_hours": "Ponedeljek, Torek, Sreda, Četrtek, Petek, Sobota\n06:00-22:00\n\nNedelja, Praznik\n08:00-20:00\n",
        "direction": "",
        "price_95": 1.623,
        "price_dizel": 1.811,
        "price_98": null,
        "price_100": 1.979,
        "price_dizel-premium": 2.172,
        "price_avtoplin-lpg": 0.968,
        "price_KOEL": null,
        "price_hvo": null,
        "price_cng": null,
        "price_lng": null
      }
    },
    {
      "type": "Feature",
      "id": 2237,
      "geometry": {
        "type": "Point",
        "coordinates": [
          14.2978288,
          46.3583296
        ]
      },
      "properties": {
        "pk": 2237,
        "franchise": 3,
        "franchise_name": "M – ENERGIJA, d.o.o.",
        "name": "BS MAXEN TRŽIČ",
        "address": "Cesta Ste Marie aux Mines bš",
        "zip_code": "4290",
        "open_hours": "24/7",
        "direction": "",
        "price_95": 1.623,
        "price_dizel": 1.811,
        "price_98": null,
        "price_100": null,
        "price_dizel-premium": null,
        "price_avtoplin-lpg": null,
        "price_KOEL": null,
        "price_hvo": null,
        "price_cng": null,
        "price_lng": null
      }
    },
    {
      "type": "Feature",
      "id": 2238,
      "geometry": {
        "type": "Point",
        "coordinates": [
          13.7323296,
          45.5371584
        ]
      },
      "properties": {
        "pk": 2238,
        "franchise": 3,
        "franchise_name": "M – ENERGIJA, d.o.o.",
        "name": "BS MAXEN KOPER",
        "address": "Ulica 15. maja bš",
        "zip_code": "6000",
        "open_hours": "24/7",
        "direction": "",
        "price_95": 1.623,
        "price_dizel": 1.811,
        "price_98": null,
        "price_100": null,
        "price_dizel-premium": null,
        "price_avtoplin-lpg": null,
        "price_KOEL": null,
        "price_hvo": null,
        "price_cng": null,
        "price_lng": null
      }
    },
    {
      "type": "Feature",
      "id": 2239,
      "geometry": {
        "type": "Point",
        "coordinates": [
          14.9116624,
          46.3157792
        ]
      },
      "properties": {
        "pk": 2239,
        "franchise": 3,
        "franchise_name": "M – ENERGIJA, d.o.o.",
        "name": "BS MAXEN NIZKA",
        "address": "Nizka bš",
        "zip_code": "3332",
        "open_hours": "24/7",
        "direction": "",
        "price_95": 1.623,
        "price_dizel": 1.811,
        "price_98": null,
        "price_100": null,
        "price_dizel-premium": null,
        "price_avtoplin-lpg": null,
        "price_KOEL": null,
        "price_hvo": null,
        "price_cng": null,
        "price_lng": null
      }
    },
    {
      "type": "Feature",
      "id": 2240,
      "geometry": {
        "type": "Point",
        "coordinates": [
          16.0091968,
          46.6636544
        ]
      },
      "properties": {
        "pk": 2240,
        "franchise": 3,
        "franchise_name": "M – ENERGIJA, d.o.o.",
        "name": "BS MAXEN GORNJA RADGONA",
        "address": "Ljutomerska cesta bš",
        "zip_code": "9250",
        "open_hours": "24/7",
        "direction": "",
        "price_95": 1.623,
        "price_dizel": 1.811,
        "price_98": null,
        "price_100": null,
        "price_dizel-premium": null,
        "price_avtoplin-lpg": null,
        "price_KOEL": null,
        "price_hvo": null,
        "price_cng": null,
        "price_lng": null
      }
    },
    {
      "type": "Feature",
      "id": 2241,
      "geometry": {
        "type": "Point",
        "coordinates": [
          15.893144,
          46.6088
        ]
      },
      "properties": {
        "pk": 2241,
        "franchise": 3,
        "franchise_name": "M – ENERGIJA, d.o.o.",
        "name": "BS MAXEN BENEDIKT",
        "address": "Radgonska cesta bš",
        "zip_code": "2234",
        "open_hours": "24/7",
        "direction": "",
        "price_95": 1.623,
        "price_dizel": 1.811,
        "price_98": null,
        "price_100": null,
        "price_dizel-premium": null,
        "price_avtoplin-lpg": null,
        "price_KOEL": null,
        "price_hvo": null,
        "price_cng": null,
        "price_lng": null
      }
    },
    {
      "type": "Feature",
      "id": 2242,
      "geometry": {
        "type": "Point",
        "coordinates": [
          15.1853056,
          45.5729152
        ]
      },
      "properties": {
        "pk": 2242,
        "franchise": 3,
        "franchise_name": "M – ENERGIJA, d.o.o.",
        "name": "BS MAXEN ČRNOMELJ",
        "address": "Ulica heroja Stariha bš",
        "zip_code": "8340",
        "open_hours": "24/7",
        "direction": "",
        "price_95": 1.623,
        "price_dizel": 1.811,
        "price_98": null,
        "price_100": null,
        "price_dizel-premium": null,
        "price_avtoplin-lpg": null,
        "price_KOEL": null,
        "price_hvo": null,
        "price_cng": null,
        "price_lng": null
      }
    },
    {
      "type": "Feature",
      "id": 2243,
      "geometry": {
        "type": "Point",
        "coordinates": [
          16.0886368,
          46.7978208
        ]
      },
      "properties": {
        "pk": 2243,
        "franchise": 3,
        "franchise_name": "M – ENERGIJA, d.o.o.",
        "name": "BS MAXEN GRAD",
        "address": "Grad bš",
        "zip_code": "9264",
        "open_hours": "24/7",
        "direction": "",
        "price_95": 1.623,
        "price_dizel": 1.811,
        "price_98": null,
        "price_100": null,
        "price_dizel-premium": null,
        "price_avtoplin-lpg": null,
        "price_KOEL": null,
        "price_hvo": null,
        "price_cng": null,
        "price_lng": null
      }
    },
    {
      "type": "Feature",
      "id": 2244,
      "geometry": {
        "type": "Point",
        "coordinates": [
          16.430912,
          46.5525523
        ]
      },
      "properties": {
        "pk": 2244,
        "franchise": 3,
        "franchise_name": "M – ENERGIJA, d.o.o.",
        "name": "BS MAXEN DOLNJI LAKOŠ",
        "address": "Glavna ulica bš",
        "zip_code": "9220",
        "open_hours": "24/7",
        "direction": "",
        "price_95": 1.623,
        "price_dizel": 1.811,
        "price_98": null,
        "price_100": null,
        "price_dizel-premium": null,
        "price_avtoplin-lpg": null,
        "price_KOEL": null,
        "price_hvo": null,
        "price_cng": null,
        "price_lng": null
      }
    },
    {
      "type": "Feature",
      "id": 2245,
      "geometry": {
        "type": "Point",
        "coordinates": [
          15.5078896,
          46.5546048
        ]
      },
      "properties": {
        "pk": 2245,
        "franchise": 3,
        "franchise_name": "M – ENERGIJA, d.o.o.",
        "name": "BS MAXEN SELNICA OB DRAVI",
        "address": "Spodnja Selnica bš",
        "zip_code": "2352",
        "open_hours": "24/7",
        "direction": "",
        "price_95": 1.623,
        "price_dizel": 1.811,
        "price_98": null,
        "price_100": null,
        "price_dizel-premium": null,
        "price_avtoplin-lpg": null,
        "price_KOEL": null,
        "price_hvo": null,
        "price_cng": null,
        "price_lng": null
      }
    },
    {
      "type": "Feature",
      "id": 2246,
      "geometry": {
        "type": "Point",
        "coordinates": [
          14.5488544,
          46.0665824
        ]
      },
      "properties": {
        "pk": 2246,
        "franchise": 3,
        "franchise_name": "M – ENERGIJA, d.o.o.",
        "name": "BS MAXEN LJUBLJANA-BTC",
        "address": "Argentinska ulica bš",
        "zip_code": "1000",
        "open_hours": "24/7",
        "direction": "",
        "price_95": 1.623,
        "price_dizel": 1.811,
        "price_98": null,
        "price_100": null,
        "price_dizel-premium": null,
        "price_avtoplin-lpg": null,
        "price_KOEL": null,
        "price_hvo": null,
        "price_cng": null,
        "price_lng": null
      }
    },
    {
      "type": "Feature",
      "id": 2247,
      "geometry": {
        "type": "Point",
        "coordinates": [
          15.3216016,
          45.6406592
        ]
      },
      "properties": {
        "pk": 2247,
        "franchise": 3,
        "franchise_name": "M – ENERGIJA, d.o.o.",
        "name": "BS MAXEN METLIKA",
        "address": "Mestni log bš",
        "zip_code": "8330",
        "open_hours": "24/7",
        "direction": "",
        "price_95": 1.623,
        "price_dizel": 1.811,
        "price_98": null,
        "price_100": null,
        "price_dizel-premium": null,
        "price_avtoplin-lpg": null,
        "price_KOEL": null,
        "price_hvo": null,
        "price_cng": null,
        "price_lng": null
      }
    },
    {
      "type": "Feature",
      "id": 2248,
      "geometry": {
        "type": "Point",
        "coordinates": [
          15.0603264,
          45.5025792
        ]
      },
      "properties": {
        "pk": 2248,
        "franchise": 3,
        "franchise_name": "M – ENERGIJA, d.o.o.",
        "name": "BS MAXEN PREDGRAD",
        "address": "Paka pri Predgradu bš",
        "zip_code": "8342",
        "open_hours": "24/7",
        "direction": "",
        "price_95": 1.623,
        "price_dizel": 1.811,
        "price_98": null,
        "price_100": null,
        "price_dizel-premium": null,
        "price_avtoplin-lpg": null,
        "price_KOEL": null,
        "price_hvo": null,
        "price_cng": null,
        "price_lng": null
      }
    },
    {
      "type": "Feature",
      "id": 2249,
      "geometry": {
        "type": "Point",
        "coordinates": [
          14.8536976,
          46.5236096
        ]
      },
      "properties": {
        "pk": 2249,
        "franchise": 3,
        "franchise_name": "M – ENERGIJA, d.o.o.",
        "name": "BS MAXEN MEŽICA",
        "address": "Mariborska cesta bš",
        "zip_code": "2392",
        "open_hours": "24/7",
        "direction": "",
        "price_95": 1.623,
        "price_dizel": 1.811,
        "price_98": null,
        "price_100": null,
        "price_dizel-premium": null,
        "price_avtoplin-lpg": null,
        "price_KOEL": null,
        "price_hvo": null,
        "price_cng": null,
        "price_lng": null
      }
    },
    {
      "type": "Feature",
      "id": 2250,
      "geometry": {
        "type": "Point",
        "coordinates": [
          14.827288,
          45.6768128
        ]
      },
      "properties": {
        "pk": 2250,
        "franchise": 3,
        "franchise_name": "M – ENERGIJA, d.o.o.",
        "name": "BS MAXEN KOČEVJE",
        "address": "Mrtvice bš",
        "zip_code": "1332",
        "open_hours": "24/7",
        "direction": "",
        "price_95": 1.623,
        "price_dizel": 1.811,
        "price_98": null,
        "price_100": null,
        "price_dizel-premium": null,
        "price_avtoplin-lpg": null,
        "price_KOEL": null,
        "price_hvo": null,
        "price_cng": null,
        "price_lng": null
      }
    },
    {
      "type": "Feature",
      "id": 2251,
      "geometry": {
        "type": "Point",
        "coordinates": [
          14.9274912,
          45.8333056
        ]
      },
      "properties": {
        "pk": 2251,
        "franchise": 3,
        "franchise_name": "M – ENERGIJA, d.o.o.",
        "name": "BS MAXEN ŽUŽEMBERK",
        "address": "Grajski trg bš",
        "zip_code": "8360",
        "open_hours": "24/7",
        "direction": "",
        "price_95": 1.623,
        "price_dizel": 1.811,
        "price_98": null,
        "price_100": null,
        "price_dizel-premium": null,
        "price_avtoplin-lpg": null,
        "price_KOEL": null,
        "price_hvo": null,
        "price_cng": null,
        "price_lng": null
      }
    },
    {
      "type": "Feature",
      "id": 2252,
      "geometry": {
        "type": "Point",
        "coordinates": [
          15.1495248,
          46.347808
        ]
      },
      "properties": {
        "pk": 2252,
        "franchise": 3,
        "franchise_name": "M – ENERGIJA, d.o.o.",
        "name": "BS MAXEN VELENJE",
        "address": "Črnova bš",
        "zip_code": "3320",
        "open_hours": "24/7",
        "direction": "",
        "price_95": 1.623,
        "price_dizel": 1.811,
        "price_98": null,
        "price_100": null,
        "price_dizel-premium": null,
        "price_avtoplin-lpg": null,
        "price_KOEL": null,
        "price_hvo": null,
        "price_cng": null,
        "price_lng": null
      }
    },
    {
      "type": "Feature",
      "id": 2253,
      "geometry": {
        "type": "Point",
        "coordinates": [
          14.2365616,
          45.9388
        ]
      },
      "properties": {
        "pk": 2253,
        "franchise": 3,
        "franchise_name": "M – ENERGIJA, d.o.o.",
        "name": "BS MAXEN LOGATEC",
        "address": "Tržaška cesta bš",
        "zip_code": "1370",
        "open_hours": "24/7",
        "direction": "",
        "price_95": 1.623,
        "price_dizel": 1.811,
        "price_98": null,
        "price_100": null,
        "price_dizel-premium": null,
        "price_avtoplin-lpg": null,
        "price_KOEL": null,
        "price_hvo": null,
        "price_cng": null,
        "price_lng": null
      }
    },
    {
      "type": "Feature",
      "id": 2254,
      "geometry": {
        "type": "Point",
        "coordinates": [
          14.7190224,
          45.7490272
        ]
      },
      "properties": {
        "pk": 2254,
        "franchise": 3,
        "franchise_name": "M – ENERGIJA, d.o.o.",
        "name": "BS MAXEN RIBNICA",
        "address": "Gorenjska cesta bš",
        "zip_code": "1310",
        "open_hours": "24/7",
        "direction": "",
        "price_95": 1.623,
        "price_dizel": 1.811,
        "price_98": null,
        "price_100": null,
        "price_dizel-premium": null,
        "price_avtoplin-lpg": null,
        "price_KOEL": null,
        "price_hvo": null,
        "price_cng": null,
        "price_lng": null
      }
    },
    {
      "type": "Feature",
      "id": 2255,
      "geometry": {
        "type": "Point",
        "coordinates": [
          15.1490384,
          45.8202208
        ]
      },
      "properties": {
        "pk": 2255,
        "franchise": 3,
        "franchise_name": "M – ENERGIJA, d.o.o.",
        "name": "BS MAXEN NOVO MESTO",
        "address": "Mirnopeška cesta bš",
        "zip_code": "8000",
        "open_hours": "24/7",
        "direction": "",
        "price_95": 1.623,
        "price_dizel": 1.811,
        "price_98": null,
        "price_100": null,
        "price_dizel-premium": null,
        "price_avtoplin-lpg": null,
        "price_KOEL": null,
        "price_hvo": null,
        "price_cng": null,
        "price_lng": null
      }
    },
    {
      "type": "Feature",
      "id": 2256,
      "geometry": {
        "type": "Point",
        "coordinates": [
          14.3774704,
          46.24224
        ]
      },
      "properties": {
        "pk": 2256,
        "franchise": 3,
        "franchise_name": "M – ENERGIJA, d.o.o.",
        "name": "BS MAXEN KRANJ",
        "address": "Cesta Staneta Žagarja bš",
        "zip_code": "4000",
        "open_hours": "24/7",
        "direction": "",
        "price_95": 1.623,
        "price_dizel": 1.811,
        "price_98": null,
        "price_100": null,
        "price_dizel-premium": null,
        "price_avtoplin-lpg": null,
        "price_KOEL": null,
        "price_hvo": null,
        "price_cng": null,
        "price_lng": null
      }
    },
    {
      "type": "Feature",
      "id": 2257,
      "geometry": {
        "type": "Point",
        "coordinates": [
          13.9107888,
          45.8809344
        ]
      },
      "properties": {
        "pk": 2257,
        "franchise": 3,
        "franchise_name": "M – ENERGIJA, d.o.o.",
        "name": "BS MAXEN AJDOVŠČINA",
        "address": "Vipavska cesta bš",
        "zip_code": "5270",
        "open_hours": "24/7",
        "direction": "",
        "price_95": 1.623,
        "price_dizel": 1.811,
        "price_98": null,
        "price_100": null,
        "price_dizel-premium": null,
        "price_avtoplin-lpg": null,
        "price_KOEL": null,
        "price_hvo": null,
        "price_cng": null,
        "price_lng": null
      }
    },
    {
      "type": "Feature",
      "id": 2258,
      "geometry": {
        "type": "Point",
        "coordinates": [
          13.762092,
          45.552486
        ]
      },
      "properties": {
        "pk": 2258,
        "franchise": 5,
        "franchise_name": "Shell Adria d.o.o.",
        "name": "SHELL KOPER",
        "address": "SERMIN 7C",
        "zip_code": "6000",
        "open_hours": "24 ur - črpalka brez osebja",
        "direction": "",
        "price_95": 1.561,
        "price_dizel": 1.811,
        "price_98": null,
        "price_100": null,
        "price_dizel-premium": null,
        "price_avtoplin-lpg": null,
        "price_KOEL": null,
        "price_hvo": null,
        "price_cng": null,
        "price_lng": null
      }
    },
    {
      "type": "Feature",
      "id": 2259,
      "geometry": {
        "type": "Point",
        "coordinates": [
          13.891954,
          45.883317
        ]
      },
      "properties": {
        "pk": 2259,
        "franchise": 5,
        "franchise_name": "Shell Adria d.o.o.",
        "name": "SHELL AJDOVŠČINA",
        "address": "MIRCE 20",
        "zip_code": "5270",
        "open_hours": "24 ur - črpalka brez osebja",
        "direction": "",
        "price_95": 1.561,
        "price_dizel": 1.811,
        "price_98": null,
        "price_100": null,
        "price_dizel-premium": null,
        "price_avtoplin-lpg": null,
        "price_KOEL": null,
        "price_hvo": null,
        "price_cng": null,
        "price_lng": null
      }
    },
    {
      "type": "Feature",
      "id": 2260,
      "geometry": {
        "type": "Point",
        "coordinates": [
          13.850927,
          45.703002
        ]
      },
      "properties": {
        "pk": 2260,
        "franchise": 5,
        "franchise_name": "Shell Adria d.o.o.",
        "name": "SHELL SEŽANA",
        "address": "PARTIZANSKA CESTA 79",
        "zip_code": "6210",
        "open_hours": "24 ur - črpalka brez osebja",
        "direction": "",
        "price_95": 1.561,
        "price_dizel": 1.811,
        "price_98": null,
        "price_100": null,
        "price_dizel-premium": null,
        "price_avtoplin-lpg": null,
        "price_KOEL": null,
        "price_hvo": null,
        "price_cng": null,
        "price_lng": null
      }
    },
    {
      "type": "Feature",
      "id": 2261,
      "geometry": {
        "type": "Point",
        "coordinates": [
          13.634505,
          45.921155
        ]
      },
      "properties": {
        "pk": 2261,
        "franchise": 5,
        "franchise_name": "Shell Adria d.o.o.",
        "name": "SHELL VRTOJBA",
        "address": "IC POLJE",
        "zip_code": "5290",
        "open_hours": "24 ur - črpalka brez osebja",
        "direction": "",
        "price_95": 1.561,
        "price_dizel": 1.811,
        "price_98": null,
        "price_100": null,
        "price_dizel-premium": null,
        "price_avtoplin-lpg": null,
        "price_KOEL": null,
        "price_hvo": null,
        "price_cng": null,
        "price_lng": null
      }
    },
    {
      "type": "Feature",
      "id": 2262,
      "geometry": {
        "type": "Point",
        "coordinates": [
          14.889676,
          45.924703
        ]
      },
      "properties": {
        "pk": 2262,
        "franchise": 5,
        "franchise_name": "Shell Adria d.o.o.",
        "name": "SHELL BIČ",
        "address": "BIČ 11",
        "zip_code": "8213",
        "open_hours": "24 ur - črpalka brez osebja",
        "direction": "",
        "price_95": 1.561,
        "price_dizel": 1.811,
        "price_98": null,
        "price_100": null,
        "price_dizel-premium": null,
        "price_avtoplin-lpg": null,
        "price_KOEL": null,
        "price_hvo": null,
        "price_cng": null,
        "price_lng": null
      }
    },
    {
      "type": "Feature",
      "id": 2263,
      "geometry": {
        "type": "Point",
        "coordinates": [
          14.410096,
          46.245779
        ]
      },
      "properties": {
        "pk": 2263,
        "franchise": 5,
        "franchise_name": "Shell Adria d.o.o.",
        "name": "SHELL ŠENČUR",
        "address": "POSLOVNA CONA 12A",
        "zip_code": "4208",
        "open_hours": "24 ur - črpalka brez osebja",
        "direction": "",
        "price_95": 1.561,
        "price_dizel": 1.811,
        "price_98": null,
        "price_100": null,
        "price_dizel-premium": null,
        "price_avtoplin-lpg": null,
        "price_KOEL": null,
        "price_hvo": null,
        "price_cng": null,
        "price_lng": null
      }
    },
    {
      "type": "Feature",
      "id": 2264,
      "geometry": {
        "type": "Point",
        "coordinates": [
          14.026966,
          46.444186
        ]
      },
      "properties": {
        "pk": 2264,
        "franchise": 5,
        "franchise_name": "Shell Adria d.o.o.",
        "name": "SHELL JESENICE",
        "address": "SPODNJI PLAVZ 6B",
        "zip_code": "4270",
        "open_hours": "24 ur - črpalka brez osebja",
        "direction": "",
        "price_95": 1.561,
        "price_dizel": 1.811,
        "price_98": null,
        "price_100": null,
        "price_dizel-premium": null,
        "price_avtoplin-lpg": null,
        "price_KOEL": null,
        "price_hvo": null,
        "price_cng": null,
        "price_lng": null
      }
    },
    {
      "type": "Feature",
      "id": 2265,
      "geometry": {
        "type": "Point",
        "coordinates": [
          15.651698,
          46.449892
        ]
      },
      "properties": {
        "pk": 2265,
        "franchise": 5,
        "franchise_name": "Shell Adria d.o.o.",
        "name": "SHELL TRUCK CENTER MARIBOR FRAM",
        "address": "TURNEJEVA ULICA 35",
        "zip_code": "2313",
        "open_hours": "24 ur - črpalka brez osebja",
        "direction": "",
        "price_95": 1.561,
        "price_dizel": 1.811,
        "price_98": null,
        "price_100": null,
        "price_dizel-premium": null,
        "price_avtoplin-lpg": null,
        "price_KOEL": null,
        "price_hvo": null,
        "price_cng": null,
        "price_lng": null
      }
    },
    {
      "type": "Feature",
      "id": 2266,
      "geometry": {
        "type": "Point",
        "coordinates": [
          15.651698,
          46.449892
        ]
      },
      "properties": {
        "pk": 2266,
        "franchise": 5,
        "franchise_name": "Shell Adria d.o.o.",
        "name": "SHELL FRAM MARIBOR RETAIL",
        "address": "TURNEJEVA ULICA 35",
        "zip_code": "2313",
        "open_hours": "24 ur - črpalka z osebjem",
        "direction": "",
        "price_95": 1.623,
        "price_dizel": 1.811,
        "price_98": null,
        "price_100": 1.989,
        "price_dizel-premium": 2.179,
        "price_avtoplin-lpg": null,
        "price_KOEL": null,
        "price_hvo": null,
        "price_cng": null,
        "price_lng": null
      }
    },
    {
      "type": "Feature",
      "id": 2267,
      "geometry": {
        "type": "Point",
        "coordinates": [
          16.4429144,
          46.5429019
        ]
      },
      "properties": {
        "pk": 2267,
        "franchise": 6,
        "franchise_name": "EKO-NAFTA d.o.o.",
        "name": "EKO-NAFTA d.o.o.",
        "address": "Trimlini 65A, 9220 Lendava - Lendva",
        "zip_code": "9220",
        "open_hours": "Maj / Junij / Julij / Avgust / September\nPonedeljek, Torek, Sreda, Četrtek, Petek\n06:00-19:00\n\nJanuar / Februar / Marec / April / Oktober / November / December\nPonedeljek, Torek, Sreda, Četrtek\n06:00-18:00\n\nSobota, Nedelja, Praznik\nZaprto cel dan\n",
        "direction": "",
        "price_95": 1.623,
        "price_dizel": 1.811,
        "price_98": null,
        "price_100": 1.983,
        "price_dizel-premium": null,
        "price_avtoplin-lpg": null,
        "price_KOEL": 1.412,
        "price_hvo": null,
        "price_cng": null,
        "price_lng": null
      }
    },
    {
      "type": "Feature",
      "id": 2268,
      "geometry": {
        "type": "Point",
        "coordinates": [
          15.674333,
          46.601243
        ]
      },
      "properties": {
        "pk": 2268,
        "franchise": 9,
        "franchise_name": "TehnoSTOR",
        "name": "BS Pesniška vrata",
        "address": "Pesnica pri Mariboru 32e",
        "zip_code": "2211",
        "open_hours": "ponedeljek - petek: 6-22\r\nsobota: 7-22\r\nnedelja in praznik: 8-20",
        "direction": "",
        "price_95": 1.623,
        "price_dizel": 1.811,
        "price_98": 1.983,
        "price_100": 1.983,
        "price_dizel-premium": 1.753,
        "price_avtoplin-lpg": null,
        "price_KOEL": 1.412,
        "price_hvo": null,
        "price_cng": null,
        "price_lng": null
      }
    },
    {
      "type": "Feature",
      "id": 2271,
      "geometry": {
        "type": "Point",
        "coordinates": [
          15.620617,
          46.548645
        ]
      },
      "properties": {
        "pk": 2271,
        "franchise": 2,
        "franchise_name": "MOL & INA d.o.o.",
        "name": "BS MOL MARIBOR STUDENCI",
        "address": "Ulica heroja Šercerja 60",
        "zip_code": "2000",
        "open_hours": "05:00-23:00\n",
        "direction": "Maribor",
        "price_95": 1.623,
        "price_dizel": 1.811,
        "price_98": null,
        "price_100": 1.979,
        "price_dizel-premium": 2.172,
        "price_avtoplin-lpg": 0.968,
        "price_KOEL": null,
        "price_hvo": null,
        "price_cng": null,
        "price_lng": null
      }
    },
    {
      "type": "Feature",
      "id": 2272,
      "geometry": {
        "type": "Point",
        "coordinates": [
          14.116395,
          46.370163
        ]
      },
      "properties": {
        "pk": 2272,
        "franchise": 1,
        "franchise_name": "Petrol d.d., Ljubljana",
        "name": "PETROL BLED - SELIŠKA",
        "address": "SELIŠKA CESTA 4C",
        "zip_code": "4260",
        "open_hours": "Ponedeljek, Torek, Sreda, Četrtek, Petek\n06:00-22:00\n\nSobota\n06:00-22:00\n\nNedelja, Praznik\n06:00-22:00\n",
        "direction": "",
        "price_95": 1.623,
        "price_dizel": 1.811,
        "price_98": null,
        "price_100": 1.983,
        "price_dizel-premium": 2.169,
        "price_avtoplin-lpg": 0.976,
        "price_KOEL": null,
        "price_hvo": null,
        "price_cng": null,
        "price_lng": null
      }
    },
    {
      "type": "Feature",
      "id": 2273,
      "geometry": {
        "type": "Point",
        "coordinates": [
          15.6574563,
          46.534411
        ]
      },
      "properties": {
        "pk": 2273,
        "franchise": 11,
        "franchise_name": "ECO OIL",
        "name": "ECO OIL MARIBOR",
        "address": "ZAGREBŠKA CESTA 24",
        "zip_code": "2000",
        "open_hours": "00:00-23:59\n",
        "direction": "",
        "price_95": null,
        "price_dizel": 1.811,
        "price_98": null,
        "price_100": null,
        "price_dizel-premium": null,
        "price_avtoplin-lpg": null,
        "price_KOEL": null,
        "price_hvo": null,
        "price_cng": null,
        "price_lng": null
      }
    },
    {
      "type": "Feature",
      "id": 2275,
      "geometry": {
        "type": "Point",
        "coordinates": [
          16.3199527,
          46.6209381
        ]
      },
      "properties": {
        "pk": 2275,
        "franchise": 11,
        "franchise_name": "ECO OIL",
        "name": "ECO OIL TURNIŠČE",
        "address": "ULICA ŠTEFANA KOVAČA",
        "zip_code": "9224",
        "open_hours": "00:00-23:59\n",
        "direction": "",
        "price_95": null,
        "price_dizel": 1.811,
        "price_98": null,
        "price_100": null,
        "price_dizel-premium": null,
        "price_avtoplin-lpg": null,
        "price_KOEL": null,
        "price_hvo": null,
        "price_cng": null,
        "price_lng": null
      }
    },
    {
      "type": "Feature",
      "id": 2276,
      "geometry": {
        "type": "Point",
        "coordinates": [
          13.855647,
          45.7047532
        ]
      },
      "properties": {
        "pk": 2276,
        "franchise": 11,
        "franchise_name": "ECO OIL",
        "name": "ECO OIL SEŽANA",
        "address": "PARTIZANSKA CESTA",
        "zip_code": "6210",
        "open_hours": "00:00-23:59\n",
        "direction": "",
        "price_95": null,
        "price_dizel": 1.811,
        "price_98": null,
        "price_100": null,
        "price_dizel-premium": null,
        "price_avtoplin-lpg": null,
        "price_KOEL": null,
        "price_hvo": null,
        "price_cng": null,
        "price_lng": null
      }
    },
    {
      "type": "Feature",
      "id": 2283,
      "geometry": {
        "type": "Point",
        "coordinates": [
          16.278851,
          46.821993
        ]
      },
      "properties": {
        "pk": 2283,
        "franchise": 2,
        "franchise_name": "MOL & INA d.o.o.",
        "name": "BS MOL ŠALOVCI",
        "address": "Šalovci 168",
        "zip_code": "9204",
        "open_hours": "April / Maj / Junij / Julij / Avgust / September\nSobota\n07:00-21:00\n\nNedelja, Praznik\n08:00-20:00\n\nJanuar / Februar / Marec / Oktober / November / December\nPonedeljek, Torek, Sreda, Četrtek, Petek, Sobota\n07:00-20:00\n\nApril / Maj / Junij / Julij / Avgust / September\nPonedeljek, Torek, Sreda, Četrtek, Petek\n06:00-21:00\n",
        "direction": "",
        "price_95": 1.623,
        "price_dizel": 1.811,
        "price_98": null,
        "price_100": 1.979,
        "price_dizel-premium": 2.172,
        "price_avtoplin-lpg": null,
        "price_KOEL": 1.412,
        "price_hvo": null,
        "price_cng": null,
        "price_lng": null
      }
    },
    {
      "type": "Feature",
      "id": 2284,
      "geometry": {
        "type": "Point",
        "coordinates": [
          16.344579,
          46.551502
        ]
      },
      "properties": {
        "pk": 2284,
        "franchise": 2,
        "franchise_name": "MOL & INA d.o.o.",
        "name": "BS MOL HOTIZA",
        "address": "Ložič 1",
        "zip_code": "9220",
        "open_hours": "April / Maj / Junij / Julij / Avgust / September\nPonedeljek, Torek, Sreda, Četrtek, Petek\n06:00-21:00\n\nApril / Maj / Junij / Julij / Avgust / September\nSobota\n07:00-21:00\n\nJanuar / Februar / Marec / Oktober / November / December\nPonedeljek, Torek, Sreda, Četrtek, Petek\n06:00-20:00\n\nJanuar / Februar / Marec / Oktober / November / December\nSobota\n07:00-20:00\n\nNedelja, Praznik\n08:00-20:00\n",
        "direction": "",
        "price_95": 1.623,
        "price_dizel": 1.811,
        "price_98": null,
        "price_100": 1.979,
        "price_dizel-premium": 2.172,
        "price_avtoplin-lpg": null,
        "price_KOEL": 1.412,
        "price_hvo": null,
        "price_cng": null,
        "price_lng": null
      }
    },
    {
      "type": "Feature",
      "id": 2285,
      "geometry": {
        "type": "Point",
        "coordinates": [
          15.834392,
          46.579295
        ]
      },
      "properties": {
        "pk": 2285,
        "franchise": 2,
        "franchise_name": "MOL & INA d.o.o.",
        "name": "BS MOL LENART",
        "address": "Kraigherjeva ulica 19",
        "zip_code": "2230",
        "open_hours": "Januar / Februar / Marec / Oktober / November / December\nPonedeljek, Torek, Sreda, Četrtek, Petek\n05:30-21:00\n\nJanuar / Februar / Marec / Oktober / November / December\nSobota\n06:00-21:00\n\nApril / Maj / Junij / Julij / Avgust / September\nPonedeljek, Torek, Sreda, Četrtek, Petek\n05:00-22:00\n\nApril / Maj / Junij / Julij / Avgust / September\nSobota\n06:00-22:00\n\nNedelja, Praznik\n08:00-20:00\n",
        "direction": "",
        "price_95": 1.623,
        "price_dizel": 1.811,
        "price_98": null,
        "price_100": 1.979,
        "price_dizel-premium": 2.172,
        "price_avtoplin-lpg": null,
        "price_KOEL": 1.412,
        "price_hvo": null,
        "price_cng": null,
        "price_lng": null
      }
    },
    {
      "type": "Feature",
      "id": 2286,
      "geometry": {
        "type": "Point",
        "coordinates": [
          15.232126,
          46.612815
        ]
      },
      "properties": {
        "pk": 2286,
        "franchise": 2,
        "franchise_name": "MOL & INA d.o.o.",
        "name": "BS MOL RADLJE OB DRAVI",
        "address": "Mariborska cesta 60",
        "zip_code": "2360",
        "open_hours": "Ponedeljek, Torek, Sreda, Četrtek, Petek\n05:00-22:00\n\nSobota\n06:00-22:00\n\nNedelja, Praznik\n07:00-20:00\n",
        "direction": "",
        "price_95": 1.623,
        "price_dizel": 1.811,
        "price_98": null,
        "price_100": 1.979,
        "price_dizel-premium": 2.172,
        "price_avtoplin-lpg": 0.968,
        "price_KOEL": 1.412,
        "price_hvo": null,
        "price_cng": null,
        "price_lng": null
      }
    },
    {
      "type": "Feature",
      "id": 2287,
      "geometry": {
        "type": "Point",
        "coordinates": [
          15.23171,
          46.162431
        ]
      },
      "properties": {
        "pk": 2287,
        "franchise": 2,
        "franchise_name": "MOL & INA d.o.o.",
        "name": "BS MOL LAŠKO",
        "address": "Celjska cesta 2",
        "zip_code": "3270",
        "open_hours": "Ponedeljek, Torek, Sreda, Četrtek, Petek, Sobota\n06:00-20:00\n\nNedelja, Praznik\n07:00-19:00\n",
        "direction": "",
        "price_95": 1.623,
        "price_dizel": 1.811,
        "price_98": null,
        "price_100": 1.979,
        "price_dizel-premium": 2.172,
        "price_avtoplin-lpg": null,
        "price_KOEL": 1.412,
        "price_hvo": null,
        "price_cng": null,
        "price_lng": null
      }
    },
    {
      "type": "Feature",
      "id": 2288,
      "geometry": {
        "type": "Point",
        "coordinates": [
          14.298618,
          46.358642
        ]
      },
      "properties": {
        "pk": 2288,
        "franchise": 2,
        "franchise_name": "MOL & INA d.o.o.",
        "name": "BS MOL PAY&GO TRŽIČ",
        "address": "Cesta Ste Marie aux mines 7",
        "zip_code": "4290",
        "open_hours": "00:00-23:59\n",
        "direction": "",
        "price_95": 1.603,
        "price_dizel": 1.791,
        "price_98": null,
        "price_100": null,
        "price_dizel-premium": null,
        "price_avtoplin-lpg": null,
        "price_KOEL": null,
        "price_hvo": null,
        "price_cng": null,
        "price_lng": null
      }
    },
    {
      "type": "Feature",
      "id": 2289,
      "geometry": {
        "type": "Point",
        "coordinates": [
          14.378,
          46.246355
        ]
      },
      "properties": {
        "pk": 2289,
        "franchise": 2,
        "franchise_name": "MOL & INA d.o.o.",
        "name": "BS MOL PAY&GO KRANJ",
        "address": "Šuceva ulica 23 a",
        "zip_code": "4000",
        "open_hours": "00:00-23:59\n",
        "direction": "",
        "price_95": 1.603,
        "price_dizel": 1.791,
        "price_98": null,
        "price_100": null,
        "price_dizel-premium": null,
        "price_avtoplin-lpg": null,
        "price_KOEL": null,
        "price_hvo": null,
        "price_cng": null,
        "price_lng": null
      }
    },
    {
      "type": "Feature",
      "id": 2290,
      "geometry": {
        "type": "Point",
        "coordinates": [
          14.417849,
          46.136526
        ]
      },
      "properties": {
        "pk": 2290,
        "franchise": 2,
        "franchise_name": "MOL & INA d.o.o.",
        "name": "BS MOL PAY&GO MEDVODE",
        "address": "Gorenjska cesta 12",
        "zip_code": "1215",
        "open_hours": "00:00-23:59\n",
        "direction": "",
        "price_95": 1.603,
        "price_dizel": 1.791,
        "price_98": null,
        "price_100": null,
        "price_dizel-premium": null,
        "price_avtoplin-lpg": null,
        "price_KOEL": null,
        "price_hvo": null,
        "price_cng": null,
        "price_lng": null
      }
    },
    {
      "type": "Feature",
      "id": 2291,
      "geometry": {
        "type": "Point",
        "coordinates": [
          14.541465,
          46.056904
        ]
      },
      "properties": {
        "pk": 2291,
        "franchise": 2,
        "franchise_name": "MOL & INA d.o.o.",
        "name": "BS MOL PAY&GO LJUBLJANA TOPLARNIŠKA",
        "address": "Toplarniška ulica 4",
        "zip_code": "1000",
        "open_hours": "01.09.2025 – \nPonedeljek, Torek, Sreda, Četrtek, Petek, Sobota\n05:00-22:00\n\n01.09.2025 – \nNedelja, Praznik\n05:00-15:00\n",
        "direction": "",
        "price_95": 1.603,
        "price_dizel": 1.791,
        "price_98": null,
        "price_100": null,
        "price_dizel-premium": null,
        "price_avtoplin-lpg": null,
        "price_KOEL": null,
        "price_hvo": null,
        "price_cng": null,
        "price_lng": null
      }
    },
    {
      "type": "Feature",
      "id": 2292,
      "geometry": {
        "type": "Point",
        "coordinates": [
          14.4353,
          46.027435
        ]
      },
      "properties": {
        "pk": 2292,
        "franchise": 2,
        "franchise_name": "MOL & INA d.o.o.",
        "name": "BS MOL PAY&GO LJUBLJANA TRŽAŠKA",
        "address": "Tržaška 429",
        "zip_code": "1000",
        "open_hours": "01.09.2025 – \nPonedeljek, Torek, Sreda, Četrtek, Petek, Sobota\n05:00-22:00\n\n01.09.2025 – \nNedelja, Praznik\n05:00-15:00\n",
        "direction": "",
        "price_95": 1.603,
        "price_dizel": 1.791,
        "price_98": null,
        "price_100": null,
        "price_dizel-premium": null,
        "price_avtoplin-lpg": null,
        "price_KOEL": null,
        "price_hvo": null,
        "price_cng": null,
        "price_lng": null
      }
    },
    {
      "type": "Feature",
      "id": 2293,
      "geometry": {
        "type": "Point",
        "coordinates": [
          14.805261,
          45.936326
        ]
      },
      "properties": {
        "pk": 2293,
        "franchise": 2,
        "franchise_name": "MOL & INA d.o.o.",
        "name": "BS MOL PAY&GO IVANČNA GORICA",
        "address": "Cesta 2. grupe odredov 4",
        "zip_code": "1295",
        "open_hours": "00:00-23:59\n",
        "direction": "",
        "price_95": 1.603,
        "price_dizel": 1.791,
        "price_98": null,
        "price_100": null,
        "price_dizel-premium": null,
        "price_avtoplin-lpg": null,
        "price_KOEL": null,
        "price_hvo": null,
        "price_cng": null,
        "price_lng": null
      }
    },
    {
      "type": "Feature",
      "id": 2294,
      "geometry": {
        "type": "Point",
        "coordinates": [
          14.197979,
          45.769831
        ]
      },
      "properties": {
        "pk": 2294,
        "franchise": 2,
        "franchise_name": "MOL & INA d.o.o.",
        "name": "BS MOL PAY&GO POSTOJNA",
        "address": "Industrijska cesta 4",
        "zip_code": "6230",
        "open_hours": "00:00-23:59\n",
        "direction": "",
        "price_95": 1.603,
        "price_dizel": 1.791,
        "price_98": null,
        "price_100": null,
        "price_dizel-premium": null,
        "price_avtoplin-lpg": null,
        "price_KOEL": null,
        "price_hvo": null,
        "price_cng": null,
        "price_lng": null
      }
    },
    {
      "type": "Feature",
      "id": 2295,
      "geometry": {
        "type": "Point",
        "coordinates": [
          14.23011,
          45.576279
        ]
      },
      "properties": {
        "pk": 2295,
        "franchise": 2,
        "franchise_name": "MOL & INA d.o.o.",
        "name": "BS MOL PAY&GO ILIRSKA BISTRICA",
        "address": "Vilharjeva cesta 58",
        "zip_code": "6250",
        "open_hours": "00:00-23:59\n",
        "direction": "",
        "price_95": 1.603,
        "price_dizel": 1.791,
        "price_98": null,
        "price_100": null,
        "price_dizel-premium": null,
        "price_avtoplin-lpg": null,
        "price_KOEL": null,
        "price_hvo": null,
        "price_cng": null,
        "price_lng": null
      }
    },
    {
      "type": "Feature",
      "id": 2296,
      "geometry": {
        "type": "Point",
        "coordinates": [
          15.646512,
          46.529195
        ]
      },
      "properties": {
        "pk": 2296,
        "franchise": 15,
        "franchise_name": "DISCONT Oil",
        "name": "DISCONT OiL - BS Maribor",
        "address": "Tržaška cesta 35",
        "zip_code": "2000",
        "open_hours": "Odpiralni čas:\r\nPonedeljek - petek: 07:00 - 20:00\r\nSobota: 07:00 - 19:00\r\nNedelja in prazniki: 08:00 - 13:00",
        "direction": "",
        "price_95": 1.623,
        "price_dizel": 1.811,
        "price_98": null,
        "price_100": null,
        "price_dizel-premium": null,
        "price_avtoplin-lpg": 0.899,
        "price_KOEL": null,
        "price_hvo": null,
        "price_cng": null,
        "price_lng": null
      }
    },
    {
      "type": "Feature",
      "id": 2297,
      "geometry": {
        "type": "Point",
        "coordinates": [
          15.667885,
          46.525107
        ]
      },
      "properties": {
        "pk": 2297,
        "franchise": 16,
        "franchise_name": "Agas",
        "name": "Agas Maribor",
        "address": "Perhavčeva ulica 15",
        "zip_code": "2000",
        "open_hours": "Pon do Pet 7:00 - 20:00\r\nSob             8:00 - 13:00",
        "direction": "Maribor Center",
        "price_95": 1.623,
        "price_dizel": 1.811,
        "price_98": null,
        "price_100": null,
        "price_dizel-premium": null,
        "price_avtoplin-lpg": 0.899,
        "price_KOEL": 1.412,
        "price_hvo": null,
        "price_cng": null,
        "price_lng": null
      }
    },
    {
      "type": "Feature",
      "id": 2299,
      "geometry": {
        "type": "Point",
        "coordinates": [
          15.576529,
          46.385204
        ]
      },
      "properties": {
        "pk": 2299,
        "franchise": 16,
        "franchise_name": "Agas",
        "name": "Agas Slovenska Bistrica",
        "address": "Žolgarjeva ulica 25",
        "zip_code": "2310",
        "open_hours": "Pon do Pet 7:00 - 20:00\r\nSob             8:00 - 13:00",
        "direction": "Izvoz Slovenska Bistrica jug",
        "price_95": 1.623,
        "price_dizel": 1.811,
        "price_98": null,
        "price_100": null,
        "price_dizel-premium": null,
        "price_avtoplin-lpg": 0.899,
        "price_KOEL": 1.412,
        "price_hvo": null,
        "price_cng": null,
        "price_lng": null
      }
    },
    {
      "type": "Feature",
      "id": 2302,
      "geometry": {
        "type": "Point",
        "coordinates": [
          14.4284534,
          46.026026
        ]
      },
      "properties": {
        "pk": 2302,
        "franchise": 19,
        "franchise_name": "LOGO BENCINSKI SERVISI d.o.o.",
        "name": "LOGO BENCINSKI SERVISI d.o.o. PE BREZOVICA",
        "address": "Tržaška cesta 358",
        "zip_code": "1351",
        "open_hours": "6.00-22.30",
        "direction": "",
        "price_95": 1.623,
        "price_dizel": 1.811,
        "price_98": null,
        "price_100": null,
        "price_dizel-premium": null,
        "price_avtoplin-lpg": null,
        "price_KOEL": 1.412,
        "price_hvo": null,
        "price_cng": null,
        "price_lng": null
      }
    },
    {
      "type": "Feature",
      "id": 2303,
      "geometry": {
        "type": "Point",
        "coordinates": [
          14.4297645,
          46.2955877
        ]
      },
      "properties": {
        "pk": 2303,
        "franchise": 19,
        "franchise_name": "LOGO BENCINSKI SERVISI d.o.o.",
        "name": "Bencinski servis Tupaliče",
        "address": "Tupaliče 35a",
        "zip_code": "4205",
        "open_hours": "Vsak dan od 6.00-21.00\r\nNedelja od 7.00-22.00",
        "direction": "",
        "price_95": 1.623,
        "price_dizel": 1.811,
        "price_98": null,
        "price_100": null,
        "price_dizel-premium": null,
        "price_avtoplin-lpg": null,
        "price_KOEL": 1.412,
        "price_hvo": null,
        "price_cng": null,
        "price_lng": null
      }
    },
    {
      "type": "Feature",
      "id": 2304,
      "geometry": {
        "type": "Point",
        "coordinates": [
          15.176063537597656,
          46.28633117675781
        ]
      },
      "properties": {
        "pk": 2304,
        "franchise": 19,
        "franchise_name": "LOGO BENCINSKI SERVISI d.o.o.",
        "name": "Bencinski servis Velika Pirešica",
        "address": "Velika Pirešica 60",
        "zip_code": "3310",
        "open_hours": "6.00-22.00",
        "direction": "",
        "price_95": 1.623,
        "price_dizel": 1.811,
        "price_98": null,
        "price_100": 1.975,
        "price_dizel-premium": null,
        "price_avtoplin-lpg": null,
        "price_KOEL": 1.412,
        "price_hvo": null,
        "price_cng": null,
        "price_lng": null
      }
    },
    {
      "type": "Feature",
      "id": 2305,
      "geometry": {
        "type": "Point",
        "coordinates": [
          14.3212867,
          46.1730598
        ]
      },
      "properties": {
        "pk": 2305,
        "franchise": 19,
        "franchise_name": "LOGO BENCINSKI SERVISI d.o.o.",
        "name": "Bencinski servis Škofja Loka",
        "address": "Grenc 57",
        "zip_code": "4220",
        "open_hours": "6.00-22.00",
        "direction": "",
        "price_95": 1.623,
        "price_dizel": 1.811,
        "price_98": null,
        "price_100": null,
        "price_dizel-premium": null,
        "price_avtoplin-lpg": 0.89,
        "price_KOEL": 1.412,
        "price_hvo": null,
        "price_cng": null,
        "price_lng": null
      }
    },
    {
      "type": "Feature",
      "id": 2306,
      "geometry": {
        "type": "Point",
        "coordinates": [
          15.965107,
          46.4832476
        ]
      },
      "properties": {
        "pk": 2306,
        "franchise": 33,
        "franchise_name": "Volantes d.o.o.",
        "name": "Bencinski servis Stella",
        "address": "Juršinci 81a",
        "zip_code": "2256",
        "open_hours": "Vsak dan od 6.00 do 21.00\r\nNedelja 7.00 do 17.00",
        "direction": "",
        "price_95": 1.623,
        "price_dizel": 1.811,
        "price_98": null,
        "price_100": null,
        "price_dizel-premium": null,
        "price_avtoplin-lpg": null,
        "price_KOEL": 1.412,
        "price_hvo": null,
        "price_cng": null,
        "price_lng": null
      }
    },
    {
      "type": "Feature",
      "id": 2307,
      "geometry": {
        "type": "Point",
        "coordinates": [
          14.63137435913086,
          45.76375961303711
        ]
      },
      "properties": {
        "pk": 2307,
        "franchise": 19,
        "franchise_name": "LOGO BENCINSKI SERVISI d.o.o.",
        "name": "Bencinski servis Sodražica",
        "address": "cesta Notranjskega odreda 56",
        "zip_code": "1317",
        "open_hours": "5.30-22.00",
        "direction": "",
        "price_95": 1.623,
        "price_dizel": 1.811,
        "price_98": null,
        "price_100": null,
        "price_dizel-premium": null,
        "price_avtoplin-lpg": null,
        "price_KOEL": 1.412,
        "price_hvo": null,
        "price_cng": null,
        "price_lng": null
      }
    },
    {
      "type": "Feature",
      "id": 2308,
      "geometry": {
        "type": "Point",
        "coordinates": [
          14.659423828125,
          45.96573257446289
        ]
      },
      "properties": {
        "pk": 2308,
        "franchise": 19,
        "franchise_name": "LOGO BENCINSKI SERVISI d.o.o.",
        "name": "Tankomat Grosuplje",
        "address": "Ljubljanska cesta 66",
        "zip_code": "1290",
        "open_hours": "neprenehoma 24/7",
        "direction": "",
        "price_95": 1.465,
        "price_dizel": 1.811,
        "price_98": null,
        "price_100": null,
        "price_dizel-premium": null,
        "price_avtoplin-lpg": null,
        "price_KOEL": null,
        "price_hvo": null,
        "price_cng": null,
        "price_lng": null
      }
    },
    {
      "type": "Feature",
      "id": 2309,
      "geometry": {
        "type": "Point",
        "coordinates": [
          13.8604755401611,
          45.7087287902832
        ]
      },
      "properties": {
        "pk": 2309,
        "franchise": 19,
        "franchise_name": "LOGO BENCINSKI SERVISI d.o.o.",
        "name": "Tankomat Sežana",
        "address": "Cesta na Lenivec 32",
        "zip_code": "6210",
        "open_hours": "neprenehoma 24/7",
        "direction": "",
        "price_95": 1.465,
        "price_dizel": 1.811,
        "price_98": null,
        "price_100": null,
        "price_dizel-premium": null,
        "price_avtoplin-lpg": null,
        "price_KOEL": null,
        "price_hvo": null,
        "price_cng": null,
        "price_lng": null
      }
    },
    {
      "type": "Feature",
      "id": 2311,
      "geometry": {
        "type": "Point",
        "coordinates": [
          14.239867,
          45.625625
        ]
      },
      "properties": {
        "pk": 2311,
        "franchise": 18,
        "franchise_name": "Merkantil",
        "name": "BS Merkantil KNEŽAK",
        "address": "KNEŽAK 3",
        "zip_code": "6253",
        "open_hours": "pon - čet: 6,00 - 18,00\r\npet - sob: 6,00 - 20,00\r\nned: 7,00 - 20,00",
        "direction": "",
        "price_95": null,
        "price_dizel": null,
        "price_98": null,
        "price_100": null,
        "price_dizel-premium": null,
        "price_avtoplin-lpg": null,
        "price_KOEL": null,
        "price_hvo": null,
        "price_cng": null,
        "price_lng": null
      }
    },
    {
      "type": "Feature",
      "id": 2312,
      "geometry": {
        "type": "Point",
        "coordinates": [
          15.310556,
          46.259264
        ]
      },
      "properties": {
        "pk": 2312,
        "franchise": 17,
        "franchise_name": "HOJNIK Oil",
        "name": "HOJNIK Oil BS Leskovec",
        "address": "Leskovec 15",
        "zip_code": "3000",
        "open_hours": "PON. - PET.      6.00 - 17.00        \r\nSOB.                 7.00 - 12.00\r\nNED., PRAZNIKI   ZAPRTO",
        "direction": "Celje",
        "price_95": null,
        "price_dizel": 1.761,
        "price_98": null,
        "price_100": null,
        "price_dizel-premium": null,
        "price_avtoplin-lpg": 0.89,
        "price_KOEL": 1.402,
        "price_hvo": null,
        "price_cng": null,
        "price_lng": null
      }
    },
    {
      "type": "Feature",
      "id": 2313,
      "geometry": {
        "type": "Point",
        "coordinates": [
          16.05135585,
          46.3896077
        ]
      },
      "properties": {
        "pk": 2313,
        "franchise": 14,
        "franchise_name": "West oil",
        "name": "West Oil BS Zavrč",
        "address": "Zavrč 8c",
        "zip_code": "2283",
        "open_hours": "PON. - PET. 8.00 -18.00\r\nSOB. 8.00 -1600\r\nNEDELJE IN PRAZNIKI - ZAPRTO",
        "direction": "PTUJ",
        "price_95": 1.473,
        "price_dizel": 1.463,
        "price_98": null,
        "price_100": null,
        "price_dizel-premium": null,
        "price_avtoplin-lpg": null,
        "price_KOEL": 1.099,
        "price_hvo": null,
        "price_cng": null,
        "price_lng": null
      }
    },
    {
      "type": "Feature",
      "id": 2314,
      "geometry": {
        "type": "Point",
        "coordinates": [
          15.137156,
          46.459512
        ]
      },
      "properties": {
        "pk": 2314,
        "franchise": 22,
        "franchise_name": "BS Demol",
        "name": "BS DEMOL",
        "address": "Mislinjska Dobrava 49",
        "zip_code": "2383",
        "open_hours": "Pondeljek-Petek\r\n06.00-21.00\r\n\r\nSobota \r\n07.00-20.00\r\n\r\nNedelja\r\n07.00-13.00\r\n\r\ndemol.mislinja@gmail.com",
        "direction": "",
        "price_95": 1.536,
        "price_dizel": 1.651,
        "price_98": null,
        "price_100": null,
        "price_dizel-premium": null,
        "price_avtoplin-lpg": null,
        "price_KOEL": 1.233,
        "price_hvo": null,
        "price_cng": null,
        "price_lng": null
      }
    },
    {
      "type": "Feature",
      "id": 2315,
      "geometry": {
        "type": "Point",
        "coordinates": [
          15.385325730057207,
          46.36054099833075
        ]
      },
      "properties": {
        "pk": 2315,
        "franchise": 21,
        "franchise_name": "Mini Marketing d.o.o. Stranice",
        "name": "Bencinski servis STRANICE",
        "address": "Osredek 33",
        "zip_code": "3214",
        "open_hours": "ponedeljek-sobota  6-22 ure\r\nnedelja in prazniki   7-22 ure",
        "direction": "",
        "price_95": 1.623,
        "price_dizel": 1.811,
        "price_98": null,
        "price_100": null,
        "price_dizel-premium": null,
        "price_avtoplin-lpg": null,
        "price_KOEL": 1.412,
        "price_hvo": null,
        "price_cng": null,
        "price_lng": null
      }
    },
    {
      "type": "Feature",
      "id": 2316,
      "geometry": {
        "type": "Point",
        "coordinates": [
          16.0396,
          46.55
        ]
      },
      "properties": {
        "pk": 2316,
        "franchise": 23,
        "franchise_name": "Prektur d.o.o.",
        "name": "BS Žihlava",
        "address": "Žihlava 15",
        "zip_code": "9244",
        "open_hours": "ponedeljek: 6.00 - 19.00\r\ntorek:          6.00 - 19.00\r\nsreda:          6.00 - 19.00\r\nčetrtek:        6.00 - 19.00\r\npetek:          6.00 - 19.00\r\nsobota:        6.00 - 19.00\r\nnedelja:       7.00 - 16.00\r\nprazniki:      7.00 - 16.00",
        "direction": "Gornja Radgona - Ljutomer",
        "price_95": 1.623,
        "price_dizel": 1.811,
        "price_98": null,
        "price_100": null,
        "price_dizel-premium": null,
        "price_avtoplin-lpg": null,
        "price_KOEL": null,
        "price_hvo": null,
        "price_cng": null,
        "price_lng": null
      }
    },
    {
      "type": "Feature",
      "id": 2317,
      "geometry": {
        "type": "Point",
        "coordinates": [
          16.1102,
          46.7094
        ]
      },
      "properties": {
        "pk": 2317,
        "franchise": 23,
        "franchise_name": "Prektur d.o.o.",
        "name": "BS Lemerje",
        "address": "Lemerje 2",
        "zip_code": "9201",
        "open_hours": "ponedeljek: 6.00 - 19.00\r\ntorek:          6.00 - 19.00\r\nsreda:          6.00 - 19.00\r\nčetrtek:        6.00 - 19.00\r\npetek:          6.00 - 19.00\r\nsobota:        6.00 - 19.00\r\nnedelja:       7.00 - 16.00\r\nprazniki:      7.00 - 16.00",
        "direction": "Murska Sobota - Grad (Kuzma)",
        "price_95": 1.623,
        "price_dizel": 1.811,
        "price_98": null,
        "price_100": null,
        "price_dizel-premium": null,
        "price_avtoplin-lpg": null,
        "price_KOEL": null,
        "price_hvo": null,
        "price_cng": null,
        "price_lng": null
      }
    },
    {
      "type": "Feature",
      "id": 2318,
      "geometry": {
        "type": "Point",
        "coordinates": [
          13.6284418,
          45.9207599
        ]
      },
      "properties": {
        "pk": 2318,
        "franchise": 24,
        "franchise_name": "Postonjske mesnine oil",
        "name": "PRUNK OIL",
        "address": "Mednarodni prehod 1a",
        "zip_code": "5290",
        "open_hours": "24/7",
        "direction": "H4, izhod Vrtojba",
        "price_95": null,
        "price_dizel": 1.811,
        "price_98": null,
        "price_100": null,
        "price_dizel-premium": null,
        "price_avtoplin-lpg": null,
        "price_KOEL": null,
        "price_hvo": null,
        "price_cng": null,
        "price_lng": null
      }
    },
    {
      "type": "Feature",
      "id": 2319,
      "geometry": {
        "type": "Point",
        "coordinates": [
          15.597476,
          46.559416
        ]
      },
      "properties": {
        "pk": 2319,
        "franchise": 26,
        "franchise_name": "EKSTRA OLJE",
        "name": "EKSTRA OLJE",
        "address": "Limbuška cesta 2",
        "zip_code": "2341",
        "open_hours": "",
        "direction": "",
        "price_95": null,
        "price_dizel": 1.811,
        "price_98": null,
        "price_100": null,
        "price_dizel-premium": null,
        "price_avtoplin-lpg": null,
        "price_KOEL": 1.41,
        "price_hvo": null,
        "price_cng": null,
        "price_lng": null
      }
    },
    {
      "type": "Feature",
      "id": 2320,
      "geometry": null,
      "properties": {
        "pk": 2320,
        "franchise": 25,
        "franchise_name": "URMA d.o.o.",
        "name": "URMA D.O.O.",
        "address": "DEKANI 076 E",
        "zip_code": "6271",
        "open_hours": "",
        "direction": "",
        "price_95": null,
        "price_dizel": 1.186,
        "price_98": null,
        "price_100": null,
        "price_dizel-premium": null,
        "price_avtoplin-lpg": null,
        "price_KOEL": 0.95,
        "price_hvo": null,
        "price_cng": null,
        "price_lng": null
      }
    },
    {
      "type": "Feature",
      "id": 2321,
      "geometry": {
        "type": "Point",
        "coordinates": [
          14.16884039205976,
          45.77353972485529
        ]
      },
      "properties": {
        "pk": 2321,
        "franchise": 29,
        "franchise_name": "Mi oskrba d.o.o.",
        "name": "Mi oskrba d.o.o.",
        "address": "Hrašče 4c",
        "zip_code": "6230",
        "open_hours": "24/7",
        "direction": "",
        "price_95": null,
        "price_dizel": 1.811,
        "price_98": null,
        "price_100": null,
        "price_dizel-premium": null,
        "price_avtoplin-lpg": null,
        "price_KOEL": 1.412,
        "price_hvo": null,
        "price_cng": null,
        "price_lng": null
      }
    },
    {
      "type": "Feature",
      "id": 2322,
      "geometry": {
        "type": "Point",
        "coordinates": [
          15.052119626875369,
          45.89790647835315
        ]
      },
      "properties": {
        "pk": 2322,
        "franchise": 27,
        "franchise_name": "AVTOTRANSPORT KOVAČIČ d.o.o.",
        "name": "BENCINSKI SERVIS KOVAČIČ",
        "address": "Grm 12",
        "zip_code": "8210",
        "open_hours": "24/7",
        "direction": "",
        "price_95": null,
        "price_dizel": 1.811,
        "price_98": null,
        "price_100": null,
        "price_dizel-premium": null,
        "price_avtoplin-lpg": null,
        "price_KOEL": null,
        "price_hvo": null,
        "price_cng": null,
        "price_lng": null
      }
    },
    {
      "type": "Feature",
      "id": 2323,
      "geometry": {
        "type": "Point",
        "coordinates": [
          13.75353,
          45.55757
        ]
      },
      "properties": {
        "pk": 2323,
        "franchise": 2,
        "franchise_name": "MOL & INA d.o.o.",
        "name": "BS MOL KOPER LUKA",
        "address": "Vojkovo nabrežje 38",
        "zip_code": "6000",
        "open_hours": "Ponedeljek, Torek, Sreda, Četrtek, Petek\n06:00-21:00\n\nSobota, Nedelja, Praznik\n06:00-14:00\n",
        "direction": "Koper",
        "price_95": 1.623,
        "price_dizel": 1.811,
        "price_98": null,
        "price_100": null,
        "price_dizel-premium": null,
        "price_avtoplin-lpg": null,
        "price_KOEL": null,
        "price_hvo": null,
        "price_cng": null,
        "price_lng": null
      }
    },
    {
      "type": "Feature",
      "id": 2324,
      "geometry": {
        "type": "Point",
        "coordinates": [
          14.66103,
          45.96802
        ]
      },
      "properties": {
        "pk": 2324,
        "franchise": 19,
        "franchise_name": "LOGO BENCINSKI SERVISI d.o.o.",
        "name": "LOGO BENCINSKI SERVIS d.o.o.",
        "address": "Ljubljanska cesta 62",
        "zip_code": "1290",
        "open_hours": "VSAK DAN 5,30 do 22,30",
        "direction": "",
        "price_95": 1.623,
        "price_dizel": 1.811,
        "price_98": null,
        "price_100": 1.975,
        "price_dizel-premium": null,
        "price_avtoplin-lpg": null,
        "price_KOEL": 1.412,
        "price_hvo": null,
        "price_cng": null,
        "price_lng": null
      }
    },
    {
      "type": "Feature",
      "id": 2326,
      "geometry": {
        "type": "Point",
        "coordinates": [
          14.47429,
          46.1845316
        ]
      },
      "properties": {
        "pk": 2326,
        "franchise": 30,
        "franchise_name": "kaolje",
        "name": "Ka olje d.o.o.",
        "address": "ŠKOJELOŠKA CESTA 16",
        "zip_code": "1217",
        "open_hours": "pon-pet. 6.00-16.00h\r\nsob 6.00-12.00h\r\nned in prazniki zaprto",
        "direction": "",
        "price_95": null,
        "price_dizel": 1.811,
        "price_98": null,
        "price_100": null,
        "price_dizel-premium": null,
        "price_avtoplin-lpg": null,
        "price_KOEL": 1.412,
        "price_hvo": null,
        "price_cng": null,
        "price_lng": null
      }
    },
    {
      "type": "Feature",
      "id": 2327,
      "geometry": {
        "type": "Point",
        "coordinates": [
          15.538353293954877,
          46.5499175582367
        ]
      },
      "properties": {
        "pk": 2327,
        "franchise": 15,
        "franchise_name": "DISCONT Oil",
        "name": "DISCONT OiL - BS Bezena",
        "address": "Bezena 99",
        "zip_code": "2342",
        "open_hours": "Odpiralni čas: PONEDELJEK - NEDELJA: 06:00 - 22:00",
        "direction": "",
        "price_95": 1.622,
        "price_dizel": 1.81,
        "price_98": null,
        "price_100": null,
        "price_dizel-premium": null,
        "price_avtoplin-lpg": null,
        "price_KOEL": null,
        "price_hvo": null,
        "price_cng": null,
        "price_lng": null
      }
    },
    {
      "type": "Feature",
      "id": 2328,
      "geometry": {
        "type": "Point",
        "coordinates": [
          14.07077407836914,
          46.43106460571289
        ]
      },
      "properties": {
        "pk": 2328,
        "franchise": 19,
        "franchise_name": "LOGO BENCINSKI SERVISI d.o.o.",
        "name": "Tankomat Jesenice",
        "address": "Cesta Železarjev 8",
        "zip_code": "4270",
        "open_hours": "neprenehoma 24/7",
        "direction": "",
        "price_95": 1.465,
        "price_dizel": 1.811,
        "price_98": null,
        "price_100": null,
        "price_dizel-premium": null,
        "price_avtoplin-lpg": null,
        "price_KOEL": null,
        "price_hvo": null,
        "price_cng": null,
        "price_lng": null
      }
    },
    {
      "type": "Feature",
      "id": 2329,
      "geometry": {
        "type": "Point",
        "coordinates": [
          13.766288,
          45.552372
        ]
      },
      "properties": {
        "pk": 2329,
        "franchise": 31,
        "franchise_name": "Istrabenz Plini",
        "name": "",
        "address": "Sermin 8A",
        "zip_code": "6000",
        "open_hours": "PON - PET: 7.30 - 15.30\r\n\r\nOb sobotah, nedeljah in praznikih zaprto.",
        "direction": "",
        "price_95": null,
        "price_dizel": null,
        "price_98": null,
        "price_100": null,
        "price_dizel-premium": null,
        "price_avtoplin-lpg": 0.79,
        "price_KOEL": null,
        "price_hvo": null,
        "price_cng": null,
        "price_lng": null
      }
    },
    {
      "type": "Feature",
      "id": 2330,
      "geometry": {
        "type": "Point",
        "coordinates": [
          15.2898,
          46.24061
        ]
      },
      "properties": {
        "pk": 2330,
        "franchise": 31,
        "franchise_name": "Istrabenz Plini",
        "name": "",
        "address": "Plinarniška 1",
        "zip_code": "3000",
        "open_hours": "PON - PET: 7,30 - 15.30\r\n\r\nOb sobotah, nedeljah in praznikih zaprto.",
        "direction": "",
        "price_95": null,
        "price_dizel": null,
        "price_98": null,
        "price_100": null,
        "price_dizel-premium": null,
        "price_avtoplin-lpg": 0.79,
        "price_KOEL": null,
        "price_hvo": null,
        "price_cng": null,
        "price_lng": null
      }
    },
    {
      "type": "Feature",
      "id": 2331,
      "geometry": {
        "type": "Point",
        "coordinates": [
          15.65166,
          46.451048
        ]
      },
      "properties": {
        "pk": 2331,
        "franchise": 11,
        "franchise_name": "ECO OIL",
        "name": "ECO OIL FRAM",
        "address": "TURNERJEVA ULICA",
        "zip_code": "2313",
        "open_hours": "00:00-23:59\n",
        "direction": "",
        "price_95": null,
        "price_dizel": 1.811,
        "price_98": null,
        "price_100": null,
        "price_dizel-premium": null,
        "price_avtoplin-lpg": null,
        "price_KOEL": null,
        "price_hvo": null,
        "price_cng": null,
        "price_lng": null
      }
    },
    {
      "type": "Feature",
      "id": 2332,
      "geometry": {
        "type": "Point",
        "coordinates": [
          14.939777713626901,
          46.544943013174425
        ]
      },
      "properties": {
        "pk": 2332,
        "franchise": 2,
        "franchise_name": "MOL & INA d.o.o.",
        "name": "BS MOL RAVNE",
        "address": "Dobja vas 18b",
        "zip_code": "2390",
        "open_hours": "Ponedeljek, Torek, Sreda, Četrtek, Petek\n05:00-22:00\n\nSobota\n06:00-22:00\n\nNedelja, Praznik\n07:00-22:00\n",
        "direction": "",
        "price_95": 1.623,
        "price_dizel": 1.811,
        "price_98": null,
        "price_100": 1.979,
        "price_dizel-premium": 2.172,
        "price_avtoplin-lpg": 0.968,
        "price_KOEL": 1.412,
        "price_hvo": null,
        "price_cng": null,
        "price_lng": null
      }
    },
    {
      "type": "Feature",
      "id": 2333,
      "geometry": {
        "type": "Point",
        "coordinates": [
          15.160023593134378,
          45.80982474643234
        ]
      },
      "properties": {
        "pk": 2333,
        "franchise": 32,
        "franchise_name": "Energetski-center Dolenjske",
        "name": "ENERGETSKI CENTER DOLENJSKE",
        "address": "zwittrova ulica B.H.",
        "zip_code": "8000",
        "open_hours": "PONEDELJEK- PETEK 7:00-17:00\r\nSOBOTA: 7:30-12:00\r\nNEDELJA& PRAZNIKI: ZAPRTO",
        "direction": "",
        "price_95": null,
        "price_dizel": null,
        "price_98": null,
        "price_100": null,
        "price_dizel-premium": null,
        "price_avtoplin-lpg": 0.959,
        "price_KOEL": null,
        "price_hvo": null,
        "price_cng": null,
        "price_lng": null
      }
    },
    {
      "type": "Feature",
      "id": 2334,
      "geometry": {
        "type": "Point",
        "coordinates": [
          15.5665,
          46.308
        ]
      },
      "properties": {
        "pk": 2334,
        "franchise": 5,
        "franchise_name": "Shell Adria d.o.o.",
        "name": "SHELL ROGAŠKA SLATINA",
        "address": "Tržišče 12 b",
        "zip_code": "3250",
        "open_hours": "Ponedeljek - Sobota 6:00 - 22:00\r\n\r\nNedelja 8:00 - 20:00",
        "direction": "",
        "price_95": 1.623,
        "price_dizel": 1.811,
        "price_98": null,
        "price_100": 1.989,
        "price_dizel-premium": 2.179,
        "price_avtoplin-lpg": null,
        "price_KOEL": null,
        "price_hvo": null,
        "price_cng": null,
        "price_lng": null
      }
    },
    {
      "type": "Feature",
      "id": 2335,
      "geometry": {
        "type": "Point",
        "coordinates": [
          15.504,
          46.22878
        ]
      },
      "properties": {
        "pk": 2335,
        "franchise": 5,
        "franchise_name": "Shell Adria d.o.o.",
        "name": "SHELL ŠMARJE PRI JELŠAH",
        "address": "Celjska cesta 55",
        "zip_code": "3240",
        "open_hours": "Pon\tdo Sob \r\n06:00 - 21:00\r\nNed\t\r\n08:00 - 20:00",
        "direction": "",
        "price_95": 1.623,
        "price_dizel": 1.811,
        "price_98": null,
        "price_100": 1.989,
        "price_dizel-premium": 2.179,
        "price_avtoplin-lpg": null,
        "price_KOEL": null,
        "price_hvo": null,
        "price_cng": null,
        "price_lng": null
      }
    },
    {
      "type": "Feature",
      "id": 2336,
      "geometry": {
        "type": "Point",
        "coordinates": [
          15.67062,
          46.53067
        ]
      },
      "properties": {
        "pk": 2336,
        "franchise": 5,
        "franchise_name": "Shell Adria d.o.o.",
        "name": "SHELL MIKLAVŽ",
        "address": "Ptujska cesta 135",
        "zip_code": "2204",
        "open_hours": "Pon - Pet.:  6-22\r\nSob: 7-21 \r\nNed.: 8-20",
        "direction": "",
        "price_95": 1.623,
        "price_dizel": 1.811,
        "price_98": null,
        "price_100": 1.989,
        "price_dizel-premium": 2.179,
        "price_avtoplin-lpg": null,
        "price_KOEL": null,
        "price_hvo": null,
        "price_cng": null,
        "price_lng": null
      }
    },
    {
      "type": "Feature",
      "id": 2337,
      "geometry": {
        "type": "Point",
        "coordinates": [
          14.82292837241754,
          46.057722042151795
        ]
      },
      "properties": {
        "pk": 2337,
        "franchise": 5,
        "franchise_name": "Shell Adria d.o.o.",
        "name": "SHELL LITIJA",
        "address": "Ljubljanska cesta 10 B",
        "zip_code": "1270",
        "open_hours": "Pon-Sob; 5-23h \r\nNedelja: 8-20h",
        "direction": "",
        "price_95": 1.623,
        "price_dizel": 1.811,
        "price_98": null,
        "price_100": 1.989,
        "price_dizel-premium": 2.179,
        "price_avtoplin-lpg": null,
        "price_KOEL": null,
        "price_hvo": null,
        "price_cng": null,
        "price_lng": null
      }
    },
    {
      "type": "Feature",
      "id": 2338,
      "geometry": {
        "type": "Point",
        "coordinates": [
          16.176773,
          46.667481
        ]
      },
      "properties": {
        "pk": 2338,
        "franchise": 5,
        "franchise_name": "Shell Adria d.o.o.",
        "name": "SHELL MURSKA SOBOTA Lendavska",
        "address": "Lendavska ulica 75",
        "zip_code": "9000",
        "open_hours": "Pon-Sob; 5-23h Nedelja: 8-20h",
        "direction": "",
        "price_95": 1.623,
        "price_dizel": 1.811,
        "price_98": null,
        "price_100": 1.989,
        "price_dizel-premium": 2.179,
        "price_avtoplin-lpg": null,
        "price_KOEL": null,
        "price_hvo": null,
        "price_cng": null,
        "price_lng": null
      }
    },
    {
      "type": "Feature",
      "id": 2339,
      "geometry": {
        "type": "Point",
        "coordinates": [
          15.189107,
          46.266973
        ]
      },
      "properties": {
        "pk": 2339,
        "franchise": 5,
        "franchise_name": "Shell Adria d.o.o.",
        "name": "SHELL ŽALEC",
        "address": "Mala Pirešica 22",
        "zip_code": "3301",
        "open_hours": "0-24",
        "direction": "",
        "price_95": 1.623,
        "price_dizel": 1.811,
        "price_98": null,
        "price_100": 1.989,
        "price_dizel-premium": 2.179,
        "price_avtoplin-lpg": null,
        "price_KOEL": null,
        "price_hvo": null,
        "price_cng": null,
        "price_lng": null
      }
    },
    {
      "type": "Feature",
      "id": 2340,
      "geometry": {
        "type": "Point",
        "coordinates": [
          13.93361083463169,
          45.60911603335073
        ]
      },
      "properties": {
        "pk": 2340,
        "franchise": 5,
        "franchise_name": "Shell Adria d.o.o.",
        "name": "SHELL KOZINA",
        "address": "Bazoviška cesta 18",
        "zip_code": "6240",
        "open_hours": "",
        "direction": "",
        "price_95": 1.623,
        "price_dizel": 1.811,
        "price_98": null,
        "price_100": 1.989,
        "price_dizel-premium": 2.179,
        "price_avtoplin-lpg": null,
        "price_KOEL": null,
        "price_hvo": null,
        "price_cng": null,
        "price_lng": null
      }
    },
    {
      "type": "Feature",
      "id": 2341,
      "geometry": {
        "type": "Point",
        "coordinates": [
          16.193609363823846,
          46.52613423254767
        ]
      },
      "properties": {
        "pk": 2341,
        "franchise": 5,
        "franchise_name": "Shell Adria d.o.o.",
        "name": "SHELL LJUTOMER",
        "address": "Kolodvorska ulica 2A",
        "zip_code": "9240",
        "open_hours": "Mon-Sat: 6-22; Sun: 8-20",
        "direction": "",
        "price_95": 1.623,
        "price_dizel": 1.811,
        "price_98": null,
        "price_100": 1.989,
        "price_dizel-premium": 2.179,
        "price_avtoplin-lpg": null,
        "price_KOEL": null,
        "price_hvo": null,
        "price_cng": null,
        "price_lng": null
      }
    },
    {
      "type": "Feature",
      "id": 2342,
      "geometry": {
        "type": "Point",
        "coordinates": [
          14.716871893530739,
          46.088862059954124
        ]
      },
      "properties": {
        "pk": 2342,
        "franchise": 5,
        "franchise_name": "Shell Adria d.o.o.",
        "name": "SHELL SENOŽETI",
        "address": "Senožeti 93, 1262 Senožeti",
        "zip_code": "",
        "open_hours": "Mon-Sat: 6-22h, Sun: 8-20h",
        "direction": "",
        "price_95": 1.623,
        "price_dizel": 1.811,
        "price_98": null,
        "price_100": 1.989,
        "price_dizel-premium": 2.179,
        "price_avtoplin-lpg": null,
        "price_KOEL": null,
        "price_hvo": null,
        "price_cng": null,
        "price_lng": null
      }
    },
    {
      "type": "Feature",
      "id": 2343,
      "geometry": {
        "type": "Point",
        "coordinates": [
          15.150560521690572,
          45.821327325964894
        ]
      },
      "properties": {
        "pk": 2343,
        "franchise": 5,
        "franchise_name": "Shell Adria d.o.o.",
        "name": "SHELL NOVO MESTO",
        "address": "Mirnopeška 4, 8000 Novo Mesto",
        "zip_code": "8000",
        "open_hours": "Mon-Sat: 6-22h, Sun: 8-20h",
        "direction": "",
        "price_95": 1.623,
        "price_dizel": 1.811,
        "price_98": null,
        "price_100": 1.989,
        "price_dizel-premium": 2.179,
        "price_avtoplin-lpg": null,
        "price_KOEL": null,
        "price_hvo": null,
        "price_cng": null,
        "price_lng": null
      }
    },
    {
      "type": "Feature",
      "id": 2344,
      "geometry": {
        "type": "Point",
        "coordinates": [
          15.300271376669105,
          46.27879929325074
        ]
      },
      "properties": {
        "pk": 2344,
        "franchise": 5,
        "franchise_name": "Shell Adria d.o.o.",
        "name": "SHELL ARCLIN",
        "address": "3211 Arclin – Škofja Vas, Arclin 101",
        "zip_code": "3211",
        "open_hours": "Mon-Fri: 6-21h, Sat6-22h, Sun: 8-16h",
        "direction": "",
        "price_95": 1.623,
        "price_dizel": 1.811,
        "price_98": null,
        "price_100": 1.989,
        "price_dizel-premium": 2.179,
        "price_avtoplin-lpg": null,
        "price_KOEL": null,
        "price_hvo": null,
        "price_cng": null,
        "price_lng": null
      }
    },
    {
      "type": "Feature",
      "id": 2345,
      "geometry": {
        "type": "Point",
        "coordinates": [
          15.47376189244999,
          45.92022102331869
        ]
      },
      "properties": {
        "pk": 2345,
        "franchise": 5,
        "franchise_name": "Shell Adria d.o.o.",
        "name": "SHELL DRNOVO",
        "address": "Velika Vas pri Krškem 69, 8273 Drnovo",
        "zip_code": "8273",
        "open_hours": "Mon-Fri: 6-22h, Sat 6-20:30h, Sun 8-20h",
        "direction": "",
        "price_95": 1.623,
        "price_dizel": 1.811,
        "price_98": null,
        "price_100": 1.989,
        "price_dizel-premium": 2.179,
        "price_avtoplin-lpg": null,
        "price_KOEL": null,
        "price_hvo": null,
        "price_cng": null,
        "price_lng": null
      }
    },
    {
      "type": "Feature",
      "id": 2346,
      "geometry": {
        "type": "Point",
        "coordinates": [
          15.278462363239953,
          46.24423316065561
        ]
      },
      "properties": {
        "pk": 2346,
        "franchise": 5,
        "franchise_name": "Shell Adria d.o.o.",
        "name": "SHELL CELJE MARIBORSKA",
        "address": "Mariborska 128",
        "zip_code": "3000",
        "open_hours": "",
        "direction": "",
        "price_95": 1.623,
        "price_dizel": 1.811,
        "price_98": null,
        "price_100": 1.989,
        "price_dizel-premium": null,
        "price_avtoplin-lpg": null,
        "price_KOEL": null,
        "price_hvo": null,
        "price_cng": null,
        "price_lng": null
      }
    },
    {
      "type": "Feature",
      "id": 2347,
      "geometry": {
        "type": "Point",
        "coordinates": [
          14.187886149162168,
          45.728174292934355
        ]
      },
      "properties": {
        "pk": 2347,
        "franchise": 5,
        "franchise_name": "Shell Adria d.o.o.",
        "name": "SHELL PRESTRANEK",
        "address": "Reška cesta 18B",
        "zip_code": "6258",
        "open_hours": "Summer (01.06.2023 to 30.9.2023): Mon-Sun 6:00-22:00 .Winter (01.10 to 31.5): Mon-Sat 6:00-22:00 ,Sun and holidays 9:00-20:00.",
        "direction": "",
        "price_95": 1.623,
        "price_dizel": 1.811,
        "price_98": null,
        "price_100": 1.989,
        "price_dizel-premium": 2.179,
        "price_avtoplin-lpg": null,
        "price_KOEL": null,
        "price_hvo": null,
        "price_cng": null,
        "price_lng": null
      }
    },
    {
      "type": "Feature",
      "id": 2348,
      "geometry": {
        "type": "Point",
        "coordinates": [
          16.16815983270674,
          46.64580322249098
        ]
      },
      "properties": {
        "pk": 2348,
        "franchise": 5,
        "franchise_name": "Shell Adria d.o.o.",
        "name": "SHELL MURSKA SOBOTA Bakovska",
        "address": "Bakovska 31 A",
        "zip_code": "9000",
        "open_hours": "",
        "direction": "",
        "price_95": 1.623,
        "price_dizel": 1.811,
        "price_98": null,
        "price_100": 1.989,
        "price_dizel-premium": 2.139,
        "price_avtoplin-lpg": null,
        "price_KOEL": null,
        "price_hvo": null,
        "price_cng": null,
        "price_lng": null
      }
    },
    {
      "type": "Feature",
      "id": 2349,
      "geometry": {
        "type": "Point",
        "coordinates": [
          13.861015699133779,
          45.70519088779502
        ]
      },
      "properties": {
        "pk": 2349,
        "franchise": 5,
        "franchise_name": "Shell Adria d.o.o.",
        "name": "SHELL SEZANA",
        "address": "Partizanska cesta 69A",
        "zip_code": "6210",
        "open_hours": "",
        "direction": "",
        "price_95": 1.623,
        "price_dizel": 1.811,
        "price_98": null,
        "price_100": 1.989,
        "price_dizel-premium": 2.179,
        "price_avtoplin-lpg": null,
        "price_KOEL": null,
        "price_hvo": null,
        "price_cng": null,
        "price_lng": null
      }
    },
    {
      "type": "Feature",
      "id": 2350,
      "geometry": {
        "type": "Point",
        "coordinates": [
          13.728621313111132,
          45.5389688698564
        ]
      },
      "properties": {
        "pk": 2350,
        "franchise": 5,
        "franchise_name": "Shell Adria d.o.o.",
        "name": "SHELL KOPER SEMEDELA",
        "address": "Istrska cesta 53",
        "zip_code": "6000",
        "open_hours": "",
        "direction": "",
        "price_95": 1.623,
        "price_dizel": 1.811,
        "price_98": null,
        "price_100": 2.039,
        "price_dizel-premium": 2.229,
        "price_avtoplin-lpg": null,
        "price_KOEL": null,
        "price_hvo": null,
        "price_cng": null,
        "price_lng": null
      }
    },
    {
      "type": "Feature",
      "id": 2351,
      "geometry": {
        "type": "Point",
        "coordinates": [
          15.296215827340855,
          46.234018307787046
        ]
      },
      "properties": {
        "pk": 2351,
        "franchise": 5,
        "franchise_name": "Shell Adria d.o.o.",
        "name": "SHELL CELJE KIDRIČEVA",
        "address": "Kidričeva ulica 40",
        "zip_code": "3000",
        "open_hours": "",
        "direction": "",
        "price_95": 1.623,
        "price_dizel": 1.811,
        "price_98": null,
        "price_100": 1.989,
        "price_dizel-premium": 2.179,
        "price_avtoplin-lpg": null,
        "price_KOEL": null,
        "price_hvo": null,
        "price_cng": null,
        "price_lng": null
      }
    },
    {
      "type": "Feature",
      "id": 2352,
      "geometry": {
        "type": "Point",
        "coordinates": [
          13.78089458948286,
          45.55542689115159
        ]
      },
      "properties": {
        "pk": 2352,
        "franchise": 5,
        "franchise_name": "Shell Adria d.o.o.",
        "name": "SHELL KOPER BERTOKI",
        "address": "Cesta med vinogradi 52",
        "zip_code": "6000",
        "open_hours": "",
        "direction": "",
        "price_95": 1.623,
        "price_dizel": 1.811,
        "price_98": null,
        "price_100": 2.039,
        "price_dizel-premium": 2.229,
        "price_avtoplin-lpg": null,
        "price_KOEL": null,
        "price_hvo": null,
        "price_cng": null,
        "price_lng": null
      }
    },
    {
      "type": "Feature",
      "id": 2353,
      "geometry": {
        "type": "Point",
        "coordinates": [
          14.864140348800042,
          45.63286356949685
        ]
      },
      "properties": {
        "pk": 2353,
        "franchise": 5,
        "franchise_name": "Shell Adria d.o.o.",
        "name": "SHELL KOCEVJE RESKA",
        "address": "Reška cesta 25a",
        "zip_code": "1330",
        "open_hours": "",
        "direction": "",
        "price_95": 1.623,
        "price_dizel": 1.811,
        "price_98": null,
        "price_100": 1.989,
        "price_dizel-premium": 2.179,
        "price_avtoplin-lpg": null,
        "price_KOEL": null,
        "price_hvo": null,
        "price_cng": null,
        "price_lng": null
      }
    },
    {
      "type": "Feature",
      "id": 2354,
      "geometry": {
        "type": "Point",
        "coordinates": [
          15.256515119602888,
          46.24061678625168
        ]
      },
      "properties": {
        "pk": 2354,
        "franchise": 5,
        "franchise_name": "Shell Adria d.o.o.",
        "name": "SHELL CELJE AERO",
        "address": "Dečkova cesta 39",
        "zip_code": "3000",
        "open_hours": "",
        "direction": "",
        "price_95": 1.623,
        "price_dizel": 1.811,
        "price_98": null,
        "price_100": 1.989,
        "price_dizel-premium": 2.179,
        "price_avtoplin-lpg": null,
        "price_KOEL": null,
        "price_hvo": null,
        "price_cng": null,
        "price_lng": null
      }
    },
    {
      "type": "Feature",
      "id": 2355,
      "geometry": {
        "type": "Point",
        "coordinates": [
          14.200187856694102,
          45.772716370874754
        ]
      },
      "properties": {
        "pk": 2355,
        "franchise": 5,
        "franchise_name": "Shell Adria d.o.o.",
        "name": "SHELL POSTOJNA TRŽAŠKA",
        "address": "Tržaška cesta 60b",
        "zip_code": "6230",
        "open_hours": "",
        "direction": "",
        "price_95": 1.623,
        "price_dizel": 1.811,
        "price_98": null,
        "price_100": 1.989,
        "price_dizel-premium": 2.179,
        "price_avtoplin-lpg": null,
        "price_KOEL": null,
        "price_hvo": null,
        "price_cng": null,
        "price_lng": null
      }
    },
    {
      "type": "Feature",
      "id": 2356,
      "geometry": {
        "type": "Point",
        "coordinates": [
          15.89398684995135,
          46.61058906474378
        ]
      },
      "properties": {
        "pk": 2356,
        "franchise": 5,
        "franchise_name": "Shell Adria d.o.o.",
        "name": "SHELL BENEDIKT",
        "address": "Radgonska cesta 15",
        "zip_code": "2234",
        "open_hours": "",
        "direction": "",
        "price_95": 1.623,
        "price_dizel": 1.811,
        "price_98": null,
        "price_100": 1.989,
        "price_dizel-premium": 1.889,
        "price_avtoplin-lpg": null,
        "price_KOEL": null,
        "price_hvo": null,
        "price_cng": null,
        "price_lng": null
      }
    },
    {
      "type": "Feature",
      "id": 2357,
      "geometry": {
        "type": "Point",
        "coordinates": [
          15.469610360423939,
          46.34088409645317
        ]
      },
      "properties": {
        "pk": 2357,
        "franchise": 5,
        "franchise_name": "Shell Adria d.o.o.",
        "name": "SHELL TEPANJE",
        "address": "Tepanje 4b",
        "zip_code": "3210",
        "open_hours": "",
        "direction": "",
        "price_95": 1.623,
        "price_dizel": 1.811,
        "price_98": null,
        "price_100": 1.989,
        "price_dizel-premium": 2.059,
        "price_avtoplin-lpg": null,
        "price_KOEL": null,
        "price_hvo": null,
        "price_cng": null,
        "price_lng": null
      }
    },
    {
      "type": "Feature",
      "id": 2358,
      "geometry": {
        "type": "Point",
        "coordinates": [
          14.407761204034685,
          46.02261874034981
        ]
      },
      "properties": {
        "pk": 2358,
        "franchise": 5,
        "franchise_name": "Shell Adria d.o.o.",
        "name": "SHELL BREZOVICA",
        "address": "Tržaška cesta 565",
        "zip_code": "1351",
        "open_hours": "",
        "direction": "",
        "price_95": 1.623,
        "price_dizel": 1.811,
        "price_98": null,
        "price_100": 1.989,
        "price_dizel-premium": 2.179,
        "price_avtoplin-lpg": null,
        "price_KOEL": null,
        "price_hvo": null,
        "price_cng": null,
        "price_lng": null
      }
    },
    {
      "type": "Feature",
      "id": 2359,
      "geometry": {
        "type": "Point",
        "coordinates": [
          15.679910715884338,
          46.522438503045684
        ]
      },
      "properties": {
        "pk": 2359,
        "franchise": 5,
        "franchise_name": "Shell Adria d.o.o.",
        "name": "SHELL MARIBOR V",
        "address": "Maribor Ptujska 2",
        "zip_code": "2000",
        "open_hours": "",
        "direction": "",
        "price_95": 1.623,
        "price_dizel": 1.811,
        "price_98": null,
        "price_100": 1.989,
        "price_dizel-premium": 2.179,
        "price_avtoplin-lpg": null,
        "price_KOEL": null,
        "price_hvo": null,
        "price_cng": null,
        "price_lng": null
      }
    },
    {
      "type": "Feature",
      "id": 2360,
      "geometry": {
        "type": "Point",
        "coordinates": [
          13.919418145832134,
          45.66133077329971
        ]
      },
      "properties": {
        "pk": 2360,
        "franchise": 5,
        "franchise_name": "Shell Adria d.o.o.",
        "name": "SHELL LOKEV",
        "address": "Lokev 1a",
        "zip_code": "6219",
        "open_hours": "",
        "direction": "",
        "price_95": 1.623,
        "price_dizel": 1.811,
        "price_98": null,
        "price_100": 1.989,
        "price_dizel-premium": 2.179,
        "price_avtoplin-lpg": null,
        "price_KOEL": null,
        "price_hvo": null,
        "price_cng": null,
        "price_lng": null
      }
    },
    {
      "type": "Feature",
      "id": 2361,
      "geometry": {
        "type": "Point",
        "coordinates": [
          14.523937545251142,
          46.20581146877878
        ]
      },
      "properties": {
        "pk": 2361,
        "franchise": 5,
        "franchise_name": "Shell Adria d.o.o.",
        "name": "SHELL KOMENDA",
        "address": "Potok pri Komendi 8",
        "zip_code": "1218",
        "open_hours": "",
        "direction": "",
        "price_95": 1.623,
        "price_dizel": 1.811,
        "price_98": null,
        "price_100": 1.989,
        "price_dizel-premium": 2.179,
        "price_avtoplin-lpg": null,
        "price_KOEL": null,
        "price_hvo": null,
        "price_cng": null,
        "price_lng": null
      }
    },
    {
      "type": "Feature",
      "id": 2362,
      "geometry": {
        "type": "Point",
        "coordinates": [
          15.661573380820581,
          46.535127602458296
        ]
      },
      "properties": {
        "pk": 2362,
        "franchise": 5,
        "franchise_name": "Shell Adria d.o.o.",
        "name": "SHELL MARIBOR PTUJSKA ZAHOD",
        "address": "Ptujska cesta 104",
        "zip_code": "2000",
        "open_hours": "",
        "direction": "",
        "price_95": 1.623,
        "price_dizel": 1.811,
        "price_98": null,
        "price_100": 1.989,
        "price_dizel-premium": 2.179,
        "price_avtoplin-lpg": null,
        "price_KOEL": null,
        "price_hvo": null,
        "price_cng": null,
        "price_lng": null
      }
    },
    {
      "type": "Feature",
      "id": 2363,
      "geometry": {
        "type": "Point",
        "coordinates": [
          15.036054161327268,
          46.14297981487424
        ]
      },
      "properties": {
        "pk": 2363,
        "franchise": 5,
        "franchise_name": "Shell Adria d.o.o.",
        "name": "SHELL TRBOVLJE",
        "address": "Vodenska cesta 28 A",
        "zip_code": "1420",
        "open_hours": "",
        "direction": "",
        "price_95": 1.623,
        "price_dizel": 1.811,
        "price_98": null,
        "price_100": 1.989,
        "price_dizel-premium": 2.179,
        "price_avtoplin-lpg": null,
        "price_KOEL": null,
        "price_hvo": null,
        "price_cng": null,
        "price_lng": null
      }
    },
    {
      "type": "Feature",
      "id": 2364,
      "geometry": {
        "type": "Point",
        "coordinates": [
          13.66872067047427,
          45.53789717461961
        ]
      },
      "properties": {
        "pk": 2364,
        "franchise": 5,
        "franchise_name": "Shell Adria d.o.o.",
        "name": "SHELL IZOLA SEVER",
        "address": "Prešernova cesta 2a",
        "zip_code": "6310",
        "open_hours": "",
        "direction": "",
        "price_95": 1.623,
        "price_dizel": 1.811,
        "price_98": null,
        "price_100": 1.989,
        "price_dizel-premium": 2.179,
        "price_avtoplin-lpg": null,
        "price_KOEL": null,
        "price_hvo": null,
        "price_cng": null,
        "price_lng": null
      }
    },
    {
      "type": "Feature",
      "id": 2365,
      "geometry": {
        "type": "Point",
        "coordinates": [
          15.651544379912487,
          46.51807271424088
        ]
      },
      "properties": {
        "pk": 2365,
        "franchise": 5,
        "franchise_name": "Shell Adria d.o.o.",
        "name": "SHELL MARIBOR BOHOVA",
        "address": "Tržaška cesta 83",
        "zip_code": "2000",
        "open_hours": "",
        "direction": "",
        "price_95": 1.623,
        "price_dizel": 1.811,
        "price_98": null,
        "price_100": 1.989,
        "price_dizel-premium": 2.179,
        "price_avtoplin-lpg": null,
        "price_KOEL": null,
        "price_hvo": null,
        "price_cng": null,
        "price_lng": null
      }
    },
    {
      "type": "Feature",
      "id": 2366,
      "geometry": {
        "type": "Point",
        "coordinates": [
          16.056043959027516,
          46.679179385276846
        ]
      },
      "properties": {
        "pk": 2366,
        "franchise": 5,
        "franchise_name": "Shell Adria d.o.o.",
        "name": "SHELL GEDEROVCI",
        "address": "Gederovci 17a",
        "zip_code": "",
        "open_hours": "",
        "direction": "",
        "price_95": 1.623,
        "price_dizel": 1.811,
        "price_98": null,
        "price_100": 1.989,
        "price_dizel-premium": 2.179,
        "price_avtoplin-lpg": null,
        "price_KOEL": null,
        "price_hvo": null,
        "price_cng": null,
        "price_lng": null
      }
    },
    {
      "type": "Feature",
      "id": 2367,
      "geometry": {
        "type": "Point",
        "coordinates": [
          14.799691221318923,
          45.68934644998123
        ]
      },
      "properties": {
        "pk": 2367,
        "franchise": 5,
        "franchise_name": "Shell Adria d.o.o.",
        "name": "SHELL KOČEVJE",
        "address": "Gornje Ložine 1A",
        "zip_code": "1332",
        "open_hours": "Bencinski servis je trajno zaprt.",
        "direction": "",
        "price_95": 1.623,
        "price_dizel": 1.811,
        "price_98": null,
        "price_100": 1.989,
        "price_dizel-premium": 1.639,
        "price_avtoplin-lpg": null,
        "price_KOEL": null,
        "price_hvo": null,
        "price_cng": null,
        "price_lng": null
      }
    },
    {
      "type": "Feature",
      "id": 2368,
      "geometry": {
        "type": "Point",
        "coordinates": [
          15.418721900923186,
          46.34011896303725
        ]
      },
      "properties": {
        "pk": 2368,
        "franchise": 5,
        "franchise_name": "Shell Adria d.o.o.",
        "name": "SHELL SLOVENSKE KONJICE",
        "address": "Liptovska cesta 32B",
        "zip_code": "2310",
        "open_hours": "Bencinski servis je trajno zaprt.",
        "direction": "",
        "price_95": 1.623,
        "price_dizel": 1.811,
        "price_98": null,
        "price_100": 1.989,
        "price_dizel-premium": 1.679,
        "price_avtoplin-lpg": null,
        "price_KOEL": null,
        "price_hvo": null,
        "price_cng": null,
        "price_lng": null
      }
    },
    {
      "type": "Feature",
      "id": 2369,
      "geometry": {
        "type": "Point",
        "coordinates": [
          13.610492852317408,
          45.50086689761921
        ]
      },
      "properties": {
        "pk": 2369,
        "franchise": 5,
        "franchise_name": "Shell Adria d.o.o.",
        "name": "SHELL LUCIJA VZHOD",
        "address": "Vinjole 29b",
        "zip_code": "6320",
        "open_hours": "",
        "direction": "",
        "price_95": 1.623,
        "price_dizel": 1.811,
        "price_98": null,
        "price_100": 1.989,
        "price_dizel-premium": 2.269,
        "price_avtoplin-lpg": null,
        "price_KOEL": null,
        "price_hvo": null,
        "price_cng": null,
        "price_lng": null
      }
    },
    {
      "type": "Feature",
      "id": 2370,
      "geometry": {
        "type": "Point",
        "coordinates": [
          15.972530744906699,
          46.38048175449777
        ]
      },
      "properties": {
        "pk": 2370,
        "franchise": 5,
        "franchise_name": "Shell Adria d.o.o.",
        "name": "SHELL STOJNCI",
        "address": "Stojnci 24",
        "zip_code": "2281",
        "open_hours": "",
        "direction": "",
        "price_95": 1.623,
        "price_dizel": 1.811,
        "price_98": null,
        "price_100": 1.989,
        "price_dizel-premium": 1.679,
        "price_avtoplin-lpg": null,
        "price_KOEL": null,
        "price_hvo": null,
        "price_cng": null,
        "price_lng": null
      }
    },
    {
      "type": "Feature",
      "id": 2371,
      "geometry": {
        "type": "Point",
        "coordinates": [
          13.691872647114305,
          45.953170561531195
        ]
      },
      "properties": {
        "pk": 2371,
        "franchise": 5,
        "franchise_name": "Shell Adria d.o.o.",
        "name": "SHELL AJŠEVICA",
        "address": "Loke 40",
        "zip_code": "5000",
        "open_hours": "",
        "direction": "",
        "price_95": 1.623,
        "price_dizel": 1.811,
        "price_98": null,
        "price_100": 1.989,
        "price_dizel-premium": null,
        "price_avtoplin-lpg": null,
        "price_KOEL": null,
        "price_hvo": null,
        "price_cng": null,
        "price_lng": null
      }
    },
    {
      "type": "Feature",
      "id": 2372,
      "geometry": {
        "type": "Point",
        "coordinates": [
          15.627126931204163,
          46.43088480445796
        ]
      },
      "properties": {
        "pk": 2372,
        "franchise": 5,
        "franchise_name": "Shell Adria d.o.o.",
        "name": "SHELL ZG. POLSKAVA",
        "address": "Bukovec 1b",
        "zip_code": "2314",
        "open_hours": "",
        "direction": "",
        "price_95": 1.623,
        "price_dizel": 1.811,
        "price_98": null,
        "price_100": 1.989,
        "price_dizel-premium": 1.569,
        "price_avtoplin-lpg": null,
        "price_KOEL": null,
        "price_hvo": null,
        "price_cng": null,
        "price_lng": null
      }
    },
    {
      "type": "Feature",
      "id": 2373,
      "geometry": {
        "type": "Point",
        "coordinates": [
          16.17698,
          46.66673
        ]
      },
      "properties": {
        "pk": 2373,
        "franchise": 2,
        "franchise_name": "MOL & INA d.o.o.",
        "name": "BS MOL MURSKA SOBOTA Lendavska",
        "address": "Lendavska 60d",
        "zip_code": "9000",
        "open_hours": "06:00-22:00\n",
        "direction": "",
        "price_95": 1.623,
        "price_dizel": 1.811,
        "price_98": null,
        "price_100": 1.979,
        "price_dizel-premium": 2.172,
        "price_avtoplin-lpg": null,
        "price_KOEL": null,
        "price_hvo": null,
        "price_cng": null,
        "price_lng": null
      }
    },
    {
      "type": "Feature",
      "id": 2374,
      "geometry": {
        "type": "Point",
        "coordinates": [
          16.19006,
          46.5289
        ]
      },
      "properties": {
        "pk": 2374,
        "franchise": 2,
        "franchise_name": "MOL & INA d.o.o.",
        "name": "BS MOL LJUTOMER",
        "address": "Kolodvorska 7a",
        "zip_code": "9240",
        "open_hours": "Ponedeljek, Torek, Sreda, Četrtek, Petek, Sobota\n06:00-22:00\n\nNedelja, Praznik\n07:00-21:00\n",
        "direction": "",
        "price_95": 1.623,
        "price_dizel": 1.811,
        "price_98": null,
        "price_100": 1.979,
        "price_dizel-premium": null,
        "price_avtoplin-lpg": null,
        "price_KOEL": 1.412,
        "price_hvo": null,
        "price_cng": null,
        "price_lng": null
      }
    },
    {
      "type": "Feature",
      "id": 2378,
      "geometry": {
        "type": "Point",
        "coordinates": [
          15.18931474,
          46.26910159
        ]
      },
      "properties": {
        "pk": 2378,
        "franchise": 1,
        "franchise_name": "Petrol d.d., Ljubljana",
        "name": "PETROL ARNOVSKI GOZD",
        "address": "MALA PIREŠICA 23",
        "zip_code": "3301",
        "open_hours": "Ponedeljek, Torek, Sreda, Četrtek, Petek\n05:00-22:00\n\nSobota\n06:00-22:00\n\nNedelja, Praznik\n06:00-22:00\n",
        "direction": "",
        "price_95": 1.623,
        "price_dizel": 1.811,
        "price_98": null,
        "price_100": 1.983,
        "price_dizel-premium": 2.169,
        "price_avtoplin-lpg": 0.976,
        "price_KOEL": null,
        "price_hvo": null,
        "price_cng": null,
        "price_lng": null
      }
    }
  ]
}
