date,station_pk,fuel,price
2020-10-02,766,100,1.129
2020-10-02,766,95,1.000
2020-10-02,766,dizel,1.000
2020-10-02,767,100,1.129
2020-10-02,767,95,1.000
2020-10-02,767,KOEL,0.777
2020-10-02,767,dizel,1.000
2020-10-02,768,100,1.169
2020-10-02,768,95,1.029
2020-10-02,768,dizel,1.019
2020-10-02,768,dizel-premium,1.239
2020-10-02,769,95,1.000
2020-10-02,769,dizel,1.000
2020-10-02,770,100,1.129
2020-10-02,770,95,1.000
2020-10-02,770,dizel,1.000
2020-10-02,771,100,1.129
2020-10-02,771,95,1.000
2020-10-02,771,KOEL,0.777
2020-10-02,771,dizel,1.000
2020-10-02,772,100,1.129
2020-10-02,772,95,1.000
2020-10-02,772,dizel,1.000
2020-10-02,773,100,1.129
2020-10-02,773,95,1.000
2020-10-02,773,KOEL,0.777
2020-10-02,773,dizel,1.000
2020-10-02,774,100,1.129
2020-10-02,774,95,1.000
2020-10-02,774,dizel,1.000
2020-10-02,775,100,1.129
2020-10-02,775,95,1.000
2020-10-02,775,dizel,1.000
2020-10-02,776,100,1.129
2020-10-02,776,95,1.000
2020-10-02,776,KOEL,0.777
2020-10-02,776,dizel,1.000
2020-10-02,777,100,1.169
2020-10-02,777,95,1.039
2020-10-02,777,dizel,1.029
2020-10-02,777,dizel-premium,1.239
2020-10-02,778,100,1.169
2020-10-02,778,95,1.039
2020-10-02,778,dizel,1.029
2020-10-02,778,dizel-premium,1.239
2020-10-02,779,100,1.129
2020-10-02,779,95,1.000
2020-10-02,779,KOEL,0.777
2020-10-02,779,dizel,1.000
2020-10-02,780,100,1.129
2020-10-02,780,95,1.000
2020-10-02,780,KOEL,0.777
2020-10-02,780,dizel,1.000
2020-10-02,781,100,1.169
2020-10-02,781,95,1.039
2020-10-02,781,KOEL,0.867
2020-10-02,781,avtoplin-lpg,0.587
2020-10-02,781,dizel,1.029
2020-10-02,781,dizel-premium,1.239
2020-10-02,782,100,1.169
2020-10-02,782,95,1.039
2020-10-02,782,avtoplin-lpg,0.587
2020-10-02,782,dizel,1.029
2020-10-02,782,dizel-premium,1.239
2020-10-02,783,100,1.129
2020-10-02,783,95,1.000
2020-10-02,783,KOEL,0.777
2020-10-02,783,dizel,1.000
2020-10-02,784,dizel,1.000
2020-10-02,785,dizel,1.000
2020-10-02,786,dizel,1.000
2020-10-02,787,dizel,1.000
2020-10-02,788,dizel,1.000
2020-10-02,789,100,1.129
2020-10-02,789,95,1.000
2020-10-02,789,avtoplin-lpg,0.582
2020-10-02,789,dizel,1.000
2020-10-02,790,100,1.169
2020-10-02,790,95,1.039
2020-10-02,790,dizel,1.029
2020-10-02,790,dizel-premium,1.239
2020-10-02,791,100,1.169
2020-10-02,791,95,1.039
2020-10-02,791,avtoplin-lpg,0.587
2020-10-02,791,dizel,1.029
2020-10-02,791,dizel-premium,1.239
2020-10-02,792,100,1.129
2020-10-02,792,95,1.000
2020-10-02,792,KOEL,0.777
2020-10-02,792,dizel,1.000
2020-10-02,793,100,1.169
2020-10-02,793,95,1.039
2020-10-02,793,avtoplin-lpg,0.587
2020-10-02,793,dizel,1.029
2020-10-02,793,dizel-premium,1.239
2020-10-02,794,95,1.000
2020-10-02,794,dizel,1.000
2020-10-02,795,100,1.129
2020-10-02,795,95,1.000
2020-10-02,795,KOEL,0.777
2020-10-02,795,dizel,1.000
2020-10-02,796,100,1.169
2020-10-02,796,95,1.039
2020-10-02,796,avtoplin-lpg,0.587
2020-10-02,796,dizel,1.029
2020-10-02,796,dizel-premium,1.239
2020-10-02,797,100,1.129
2020-10-02,797,95,1.000
2020-10-02,797,KOEL,0.777
2020-10-02,797,dizel,1.000
2020-10-02,798,100,1.129
2020-10-02,798,95,1.000
2020-10-02,798,dizel,1.000
2020-10-02,799,100,1.129
2020-10-02,799,95,1.000
2020-10-02,799,KOEL,0.777
2020-10-02,799,dizel,1.000
2020-10-02,800,100,1.129
2020-10-02,800,95,1.000
2020-10-02,800,dizel,1.000
2020-10-02,801,100,1.129
2020-10-02,801,95,1.000
2020-10-02,801,dizel,1.000
2020-10-02,802,100,1.129
2020-10-02,802,95,1.000
2020-10-02,802,dizel,1.000
2020-10-02,803,100,1.129
2020-10-02,803,95,1.000
2020-10-02,803,KOEL,0.777
2020-10-02,803,dizel,1.000
2020-10-02,804,100,1.169
2020-10-02,804,95,1.029
2020-10-02,804,avtoplin-lpg,0.587
2020-10-02,804,dizel,1.019
2020-10-02,804,dizel-premium,1.239
2020-10-02,805,100,1.169
2020-10-02,805,95,1.029
2020-10-02,805,KOEL,0.777
2020-10-02,805,dizel,1.019
2020-10-02,805,dizel-premium,1.239
2020-10-02,806,100,1.129
2020-10-02,806,95,1.000
2020-10-02,806,dizel,1.000
2020-10-02,807,100,1.129
2020-10-02,807,95,1.000
2020-10-02,807,KOEL,0.777
2020-10-02,807,dizel,1.000
2020-10-02,808,100,1.129
2020-10-02,808,95,1.000
2020-10-02,808,dizel,1.000
2020-10-02,809,100,1.129
2020-10-02,809,95,1.000
2020-10-02,809,dizel,1.000
2020-10-02,810,100,1.129
2020-10-02,810,95,1.000
2020-10-02,810,KOEL,0.777
2020-10-02,810,dizel,1.000
2020-10-02,811,95,1.000
2020-10-02,811,dizel,1.000
2020-10-02,812,100,1.129
2020-10-02,812,95,1.000
2020-10-02,812,dizel,1.000
2020-10-02,813,100,1.129
2020-10-02,813,95,1.000
2020-10-02,813,dizel,1.000
2020-10-02,814,100,1.129
2020-10-02,814,95,1.000
2020-10-02,814,KOEL,0.777
2020-10-02,814,dizel,1.000
2020-10-02,815,100,1.129
2020-10-02,815,95,1.000
2020-10-02,815,KOEL,0.777
2020-10-02,815,dizel,1.000
2020-10-02,816,100,1.129
2020-10-02,816,95,1.000
2020-10-02,816,dizel,1.000
2020-10-02,817,100,1.129
2020-10-02,817,95,1.000
2020-10-02,817,dizel,1.000
2020-10-02,818,100,1.129
2020-10-02,818,95,1.000
2020-10-02,818,dizel,1.000
2020-10-02,819,100,1.129
2020-10-02,819,95,1.000
2020-10-02,819,dizel,1.000
2020-10-02,820,100,1.129
2020-10-02,820,95,1.000
2020-10-02,820,dizel,1.000
2020-10-02,821,100,1.129
2020-10-02,821,95,1.000
2020-10-02,821,KOEL,0.777
2020-10-02,821,dizel,1.000
2020-10-02,822,100,1.129
2020-10-02,822,95,1.000
2020-10-02,822,dizel,1.000
2020-10-02,823,100,1.169
2020-10-02,823,95,1.039
2020-10-02,823,dizel,1.029
2020-10-02,823,dizel-premium,1.239
2020-10-02,824,95,1.000
2020-10-02,824,dizel,1.000
2020-10-02,825,100,1.129
2020-10-02,825,95,1.000
2020-10-02,825,dizel,1.000
2020-10-02,826,100,1.129
2020-10-02,826,95,1.000
2020-10-02,826,KOEL,0.777
2020-10-02,826,dizel,1.000
2020-10-02,827,95,1.000
2020-10-02,827,dizel,1.000
2020-10-02,828,100,1.169
2020-10-02,828,95,1.039
2020-10-02,828,avtoplin-lpg,0.587
2020-10-02,828,dizel,1.029
2020-10-02,828,dizel-premium,1.239
2020-10-02,829,100,1.129
2020-10-02,829,95,1.000
2020-10-02,829,KOEL,0.777
2020-10-02,829,dizel,1.000
2020-10-02,830,100,1.129
2020-10-02,830,95,1.000
2020-10-02,830,dizel,1.000
2020-10-02,831,100,1.129
2020-10-02,831,95,1.000
2020-10-02,831,KOEL,0.777
2020-10-02,831,dizel,1.000
2020-10-02,832,95,1.000
2020-10-02,832,dizel,1.000
2020-10-02,833,100,1.129
2020-10-02,833,95,1.000
2020-10-02,833,dizel,1.000
2020-10-02,834,100,1.129
2020-10-02,834,95,1.000
2020-10-02,834,KOEL,0.777
2020-10-02,834,dizel,1.000
2020-10-02,835,100,1.129
2020-10-02,835,95,1.000
2020-10-02,835,KOEL,0.805
2020-10-02,835,dizel,1.000
2020-10-02,836,100,1.129
2020-10-02,836,95,1.000
2020-10-02,836,KOEL,0.777
2020-10-02,836,dizel,1.000
2020-10-02,837,100,1.169
2020-10-02,837,95,1.039
2020-10-02,837,dizel,1.029
2020-10-02,837,dizel-premium,1.239
2020-10-02,838,100,1.129
2020-10-02,838,95,1.000
2020-10-02,838,KOEL,0.777
2020-10-02,838,dizel,1.000
2020-10-02,839,100,1.129
2020-10-02,839,95,1.000
2020-10-02,839,dizel,1.000
2020-10-02,840,100,1.129
2020-10-02,840,95,1.000
2020-10-02,840,dizel,1.000
2020-10-02,841,100,1.129
2020-10-02,841,95,1.000
2020-10-02,841,dizel,1.000
2020-10-02,842,100,1.129
2020-10-02,842,95,1.000
2020-10-02,842,KOEL,0.777
2020-10-02,842,dizel,1.000
2020-10-02,843,100,1.129
2020-10-02,843,95,1.000
2020-10-02,843,KOEL,0.777
2020-10-02,843,dizel,1.000
2020-10-02,844,100,1.169
2020-10-02,844,95,1.039
2020-10-02,844,avtoplin-lpg,0.587
2020-10-02,844,dizel,1.029
2020-10-02,844,dizel-premium,1.239
2020-10-02,845,100,1.169
2020-10-02,845,95,1.039
2020-10-02,845,avtoplin-lpg,0.587
2020-10-02,845,dizel,1.029
2020-10-02,845,dizel-premium,1.239
2020-10-02,846,100,1.129
2020-10-02,846,95,1.000
2020-10-02,846,KOEL,0.777
2020-10-02,846,dizel,1.000
2020-10-02,847,95,1.039
2020-10-02,847,avtoplin-lpg,0.587
2020-10-02,847,dizel,1.029
2020-10-02,847,dizel-premium,1.239
2020-10-02,848,95,1.039
2020-10-02,848,avtoplin-lpg,0.587
2020-10-02,848,dizel,1.029
2020-10-02,848,dizel-premium,1.239
2020-10-02,849,100,1.129
2020-10-02,849,95,1.000
2020-10-02,849,dizel,1.000
2020-10-02,850,100,1.129
2020-10-02,850,95,1.000
2020-10-02,850,dizel,1.000
2020-10-02,851,100,1.129
2020-10-02,851,95,1.000
2020-10-02,851,dizel,1.000
2020-10-02,852,95,1.000
2020-10-02,852,dizel,1.000
2020-10-02,853,100,1.129
2020-10-02,853,95,1.000
2020-10-02,853,dizel,1.000
2020-10-02,854,100,1.129
2020-10-02,854,95,1.000
2020-10-02,854,dizel,1.000
2020-10-02,855,100,1.129
2020-10-02,855,95,1.000
2020-10-02,855,KOEL,0.777
2020-10-02,855,dizel,1.000
2020-10-02,856,100,1.129
2020-10-02,856,95,1.000
2020-10-02,856,avtoplin-lpg,0.582
2020-10-02,856,dizel,1.000
2020-10-02,857,100,1.129
2020-10-02,857,95,1.000
2020-10-02,857,KOEL,0.777
2020-10-02,857,dizel,1.000
2020-10-02,858,100,1.129
2020-10-02,858,95,1.000
2020-10-02,858,KOEL,0.777
2020-10-02,858,dizel,1.000
2020-10-02,859,95,1.000
2020-10-02,859,dizel,1.000
2020-10-02,860,100,1.129
2020-10-02,860,95,1.000
2020-10-02,860,KOEL,0.777
2020-10-02,860,dizel,1.000
2020-10-02,861,100,1.169
2020-10-02,861,95,1.039
2020-10-02,861,avtoplin-lpg,0.587
2020-10-02,861,dizel,1.029
2020-10-02,861,dizel-premium,1.239
2020-10-02,862,100,1.129
2020-10-02,862,95,1.000
2020-10-02,862,KOEL,0.777
2020-10-02,862,dizel,1.000
2020-10-02,863,100,1.169
2020-10-02,863,95,1.029
2020-10-02,863,KOEL,0.777
2020-10-02,863,avtoplin-lpg,0.587
2020-10-02,863,dizel,1.019
2020-10-02,864,100,1.169
2020-10-02,864,95,1.029
2020-10-02,864,dizel,1.019
2020-10-02,865,100,1.129
2020-10-02,865,95,1.000
2020-10-02,865,KOEL,0.777
2020-10-02,865,dizel,1.000
2020-10-02,866,100,1.129
2020-10-02,866,95,1.000
2020-10-02,866,dizel,1.000
2020-10-02,867,100,1.129
2020-10-02,867,95,1.000
2020-10-02,867,dizel,1.000
2020-10-02,868,100,1.129
2020-10-02,868,95,1.000
2020-10-02,868,dizel,1.000
2020-10-02,869,100,1.129
2020-10-02,869,95,1.000
2020-10-02,869,KOEL,0.777
2020-10-02,869,dizel,1.000
2020-10-02,870,100,1.129
2020-10-02,870,95,1.000
2020-10-02,870,dizel,1.000
2020-10-02,871,100,1.129
2020-10-02,871,95,1.000
2020-10-02,871,KOEL,0.777
2020-10-02,871,dizel,1.000
2020-10-02,872,100,1.129
2020-10-02,872,95,1.000
2020-10-02,872,dizel,1.000
2020-10-02,873,100,1.129
2020-10-02,873,95,1.000
2020-10-02,873,dizel,1.000
2020-10-02,874,100,1.129
2020-10-02,874,95,1.000
2020-10-02,874,KOEL,0.777
2020-10-02,874,dizel,1.000
2020-10-02,875,100,1.129
2020-10-02,875,95,1.000
2020-10-02,875,KOEL,0.777
2020-10-02,875,dizel,1.000
2020-10-02,876,100,1.129
2020-10-02,876,95,1.000
2020-10-02,876,KOEL,0.777
2020-10-02,876,dizel,1.000
2020-10-02,1548,100,1.126
2020-10-02,1548,95,1.000
2020-10-02,1548,dizel,1.000
2020-10-02,1549,100,1.126
2020-10-02,1549,95,1.000
2020-10-02,1549,dizel,1.000
2020-10-02,1550,100,1.126
2020-10-02,1550,95,1.000
2020-10-02,1550,dizel,1.000
2020-10-02,1551,100,1.126
2020-10-02,1551,95,1.000
2020-10-02,1551,dizel,1.000
2020-10-02,1551,dizel-premium,1.100
2020-10-02,1552,100,1.126
2020-10-02,1552,95,1.000
2020-10-02,1552,dizel,1.000
2020-10-02,1552,dizel-premium,1.100
2020-10-02,1553,100,1.126
2020-10-02,1553,95,1.000
2020-10-02,1553,dizel,1.000
2020-10-02,1554,100,1.126
2020-10-02,1554,95,1.000
2020-10-02,1554,dizel,1.000
2020-10-02,1555,100,1.126
2020-10-02,1555,95,1.000
2020-10-02,1555,dizel,1.000
2020-10-02,1555,dizel-premium,1.100
2020-10-02,1556,100,1.126
2020-10-02,1556,95,1.000
2020-10-02,1556,dizel,1.000
2020-10-02,1556,dizel-premium,1.100
2020-10-02,1557,100,1.126
2020-10-02,1557,95,1.000
2020-10-02,1557,dizel,1.000
2020-10-02,1557,dizel-premium,1.100
2020-10-02,1558,100,1.126
2020-10-02,1558,95,1.000
2020-10-02,1558,dizel,1.000
2020-10-02,1559,100,1.150
2020-10-02,1559,95,1.031
2020-10-02,1559,KOEL,0.965
2020-10-02,1559,avtoplin-lpg,0.583
2020-10-02,1559,dizel,1.024
2020-10-02,1559,dizel-premium,1.232
2020-10-02,1560,100,1.126
2020-10-02,1560,95,1.000
2020-10-02,1560,avtoplin-lpg,0.583
2020-10-02,1560,dizel,1.000
2020-10-02,1561,100,1.126
2020-10-02,1561,95,1.000
2020-10-02,1561,KOEL,0.778
2020-10-02,1561,avtoplin-lpg,0.578
2020-10-02,1561,dizel,1.000
2020-10-02,1562,100,1.126
2020-10-02,1562,95,1.000
2020-10-02,1562,dizel,1.000
2020-10-02,1563,100,1.126
2020-10-02,1563,95,1.000
2020-10-02,1563,dizel,1.000
2020-10-02,1564,100,1.126
2020-10-02,1564,95,1.000
2020-10-02,1564,KOEL,0.778
2020-10-02,1564,dizel,1.000
2020-10-02,1565,100,1.126
2020-10-02,1565,95,1.000
2020-10-02,1565,dizel,1.000
2020-10-02,1566,100,1.126
2020-10-02,1566,95,1.000
2020-10-02,1566,avtoplin-lpg,0.583
2020-10-02,1566,dizel,1.000
2020-10-02,1567,100,1.126
2020-10-02,1567,95,1.000
2020-10-02,1567,dizel,1.000
2020-10-02,1568,100,1.150
2020-10-02,1568,95,1.031
2020-10-02,1568,avtoplin-lpg,0.575
2020-10-02,1568,dizel,1.024
2020-10-02,1568,dizel-premium,1.232
2020-10-02,1569,100,1.126
2020-10-02,1569,95,1.000
2020-10-02,1569,dizel,1.000
2020-10-02,1570,100,1.126
2020-10-02,1570,95,1.000
2020-10-02,1570,dizel,1.000
2020-10-02,1571,100,1.126
2020-10-02,1571,95,1.000
2020-10-02,1571,avtoplin-lpg,0.583
2020-10-02,1571,dizel,1.000
2020-10-02,1572,100,1.126
2020-10-02,1572,95,1.000
2020-10-02,1572,dizel,1.000
2020-10-02,1573,100,1.126
2020-10-02,1573,95,1.000
2020-10-02,1573,dizel,1.000
2020-10-02,1574,100,1.126
2020-10-02,1574,95,1.000
2020-10-02,1574,dizel,1.000
2020-10-02,1575,100,1.126
2020-10-02,1575,95,1.000
2020-10-02,1575,dizel,1.000
2020-10-02,1576,100,1.126
2020-10-02,1576,95,1.000
2020-10-02,1576,dizel,1.000
2020-10-02,1577,100,1.126
2020-10-02,1577,95,1.000
2020-10-02,1577,dizel,1.000
2020-10-02,1578,100,1.126
2020-10-02,1578,95,1.000
2020-10-02,1578,dizel,1.000
2020-10-02,1579,100,1.126
2020-10-02,1579,95,1.000
2020-10-02,1579,dizel,1.000
2020-10-02,1580,100,1.126
2020-10-02,1580,95,1.000
2020-10-02,1580,avtoplin-lpg,0.583
2020-10-02,1580,dizel,1.000
2020-10-02,1581,100,1.126
2020-10-02,1581,95,1.000
2020-10-02,1581,avtoplin-lpg,0.578
2020-10-02,1581,dizel,1.000
2020-10-02,1582,100,1.126
2020-10-02,1582,95,1.000
2020-10-02,1582,KOEL,0.778
2020-10-02,1582,avtoplin-lpg,0.578
2020-10-02,1582,dizel,1.000
2020-10-02,1583,100,1.126
2020-10-02,1583,95,1.000
2020-10-02,1583,KOEL,0.778
2020-10-02,1583,dizel,1.000
2020-10-02,1584,100,1.126
2020-10-02,1584,95,1.000
2020-10-02,1584,KOEL,0.778
2020-10-02,1584,dizel,1.000
2020-10-02,1585,100,1.126
2020-10-02,1585,95,1.000
2020-10-02,1585,KOEL,0.778
2020-10-02,1585,dizel,1.000
2020-10-02,1586,100,1.126
2020-10-02,1586,95,1.000
2020-10-02,1586,KOEL,0.778
2020-10-02,1586,dizel,1.000
2020-10-02,1587,100,1.126
2020-10-02,1587,95,1.000
2020-10-02,1587,KOEL,0.778
2020-10-02,1587,dizel,1.000
2020-10-02,1588,100,1.126
2020-10-02,1588,95,1.000
2020-10-02,1588,KOEL,0.778
2020-10-02,1588,dizel,1.000
2020-10-02,1589,100,1.126
2020-10-02,1589,95,1.000
2020-10-02,1589,dizel,1.000
2020-10-02,1590,100,1.126
2020-10-02,1590,95,1.000
2020-10-02,1590,dizel,1.000
2020-10-02,1591,100,1.126
2020-10-02,1591,95,1.000
2020-10-02,1591,dizel,1.000
2020-10-02,1592,100,1.126
2020-10-02,1592,95,1.000
2020-10-02,1592,KOEL,0.778
2020-10-02,1592,dizel,1.000
2020-10-02,1593,100,1.126
2020-10-02,1593,95,1.000
2020-10-02,1593,avtoplin-lpg,0.578
2020-10-02,1593,dizel,1.000
2020-10-02,1921,100,1.126
2020-10-02,1921,95,1.000
2020-10-02,1921,dizel,1.000
2020-10-02,1922,95,1.000
2020-10-02,1922,KOEL,0.778
2020-10-02,1922,dizel,1.000
2020-10-02,1923,100,1.150
2020-10-02,1923,95,1.031
2020-10-02,1923,avtoplin-lpg,0.583
2020-10-02,1923,dizel,1.024
2020-10-02,1924,95,1.000
2020-10-02,1924,KOEL,0.778
2020-10-02,1924,dizel,1.000
2020-10-02,1925,95,1.000
2020-10-02,1925,KOEL,0.778
2020-10-02,1925,dizel,1.000
2020-10-02,1926,95,1.000
2020-10-02,1926,KOEL,0.778
2020-10-02,1926,dizel,1.000
2020-10-02,1927,95,1.000
2020-10-02,1927,dizel,1.000
2020-10-02,1928,100,1.126
2020-10-02,1928,95,1.000
2020-10-02,1928,KOEL,0.778
2020-10-02,1928,dizel,1.000
2020-10-02,1929,100,1.126
2020-10-02,1929,95,1.000
2020-10-02,1929,KOEL,0.778
2020-10-02,1929,dizel,1.000
2020-10-02,1930,95,1.000
2020-10-02,1930,KOEL,0.778
2020-10-02,1930,dizel,1.000
2020-10-02,1931,95,1.000
2020-10-02,1931,KOEL,0.778
2020-10-02,1931,dizel,1.000
2020-10-02,1932,95,1.000
2020-10-02,1932,KOEL,0.778
2020-10-02,1932,dizel,1.000
2020-10-02,1933,95,1.000
2020-10-02,1933,KOEL,0.778
2020-10-02,1933,dizel,1.000
2020-10-02,1934,100,1.126
2020-10-02,1934,95,1.000
2020-10-02,1934,dizel,1.000
2020-10-02,1935,100,1.126
2020-10-02,1935,95,1.000
2020-10-02,1935,KOEL,0.778
2020-10-02,1935,dizel,1.000
2020-10-02,1936,95,1.000
2020-10-02,1936,KOEL,0.778
2020-10-02,1936,dizel,1.000
2020-10-02,1937,95,1.000
2020-10-02,1937,KOEL,0.778
2020-10-02,1937,dizel,1.000
2020-10-02,1938,95,1.000
2020-10-02,1938,KOEL,0.778
2020-10-02,1938,dizel,1.000
2020-10-02,1939,95,1.000
2020-10-02,1939,KOEL,0.778
2020-10-02,1939,dizel,1.000
2020-10-02,1940,95,1.000
2020-10-02,1940,KOEL,0.778
2020-10-02,1940,dizel,1.000
2020-10-02,1941,95,1.000
2020-10-02,1941,dizel,1.000
2020-10-02,1942,100,1.126
2020-10-02,1942,95,1.000
2020-10-02,1942,KOEL,0.778
2020-10-02,1942,dizel,1.000
2020-10-02,1943,100,1.126
2020-10-02,1943,95,1.000
2020-10-02,1943,KOEL,0.778
2020-10-02,1943,avtoplin-lpg,0.583
2020-10-02,1943,dizel,1.000
2020-10-02,1944,95,1.000
2020-10-02,1944,KOEL,0.778
2020-10-02,1944,dizel,1.000
2020-10-02,1945,100,1.150
2020-10-02,1945,95,1.031
2020-10-02,1945,avtoplin-lpg,0.583
2020-10-02,1945,dizel,1.024
2020-10-02,1946,95,1.000
2020-10-02,1946,KOEL,0.778
2020-10-02,1946,dizel,1.000
2020-10-02,1947,100,1.126
2020-10-02,1947,95,1.000
2020-10-02,1947,KOEL,0.778
2020-10-02,1947,dizel,1.000
2020-10-02,1948,100,1.126
2020-10-02,1948,95,1.000
2020-10-02,1948,KOEL,0.778
2020-10-02,1948,avtoplin-lpg,0.583
2020-10-02,1948,dizel,1.000
2020-10-02,1949,100,1.150
2020-10-02,1949,95,1.031
2020-10-02,1949,avtoplin-lpg,0.583
2020-10-02,1949,dizel,1.024
2020-10-02,1949,dizel-premium,1.232
2020-10-02,1950,100,1.126
2020-10-02,1950,95,1.000
2020-10-02,1950,KOEL,0.778
2020-10-02,1950,dizel,1.000
2020-10-02,1951,100,1.126
2020-10-02,1951,95,1.000
2020-10-02,1951,KOEL,0.778
2020-10-02,1951,avtoplin-lpg,0.583
2020-10-02,1951,dizel,1.000
2020-10-02,1952,100,1.126
2020-10-02,1952,95,1.000
2020-10-02,1952,avtoplin-lpg,0.583
2020-10-02,1952,dizel,1.000
2020-10-02,1953,95,1.000
2020-10-02,1953,KOEL,0.778
2020-10-02,1953,dizel,1.000
2020-10-02,1954,100,1.126
2020-10-02,1954,95,1.000
2020-10-02,1954,KOEL,0.778
2020-10-02,1954,dizel,1.000
2020-10-02,1955,100,1.126
2020-10-02,1955,95,1.000
2020-10-02,1955,dizel,1.000
2020-10-02,1956,100,1.126
2020-10-02,1956,95,1.000
2020-10-02,1956,avtoplin-lpg,0.583
2020-10-02,1956,dizel,1.000
2020-10-02,1957,100,1.126
2020-10-02,1957,95,1.000
2020-10-02,1957,KOEL,0.778
2020-10-02,1957,avtoplin-lpg,0.583
2020-10-02,1957,dizel,1.000
2020-10-02,1958,100,1.126
2020-10-02,1958,95,1.000
2020-10-02,1958,KOEL,0.778
2020-10-02,1958,dizel,1.000
2020-10-02,1959,100,1.126
2020-10-02,1959,95,1.000
2020-10-02,1959,dizel,1.000
2020-10-02,1960,100,1.126
2020-10-02,1960,95,1.000
2020-10-02,1960,dizel,1.000
2020-10-02,1961,100,1.126
2020-10-02,1961,95,1.000
2020-10-02,1961,KOEL,0.778
2020-10-02,1961,dizel,1.000
2020-10-02,1962,100,1.126
2020-10-02,1962,95,1.000
2020-10-02,1962,KOEL,0.778
2020-10-02,1962,avtoplin-lpg,0.583
2020-10-02,1962,dizel,1.000
2020-10-02,1963,100,1.126
2020-10-02,1963,95,1.000
2020-10-02,1963,KOEL,0.778
2020-10-02,1963,dizel,1.000
2020-10-02,1964,95,1.000
2020-10-02,1964,KOEL,0.778
2020-10-02,1964,dizel,1.000
2020-10-02,1965,95,1.000
2020-10-02,1965,KOEL,0.778
2020-10-02,1965,dizel,1.000
2020-10-02,1966,100,1.126
2020-10-02,1966,95,1.000
2020-10-02,1966,KOEL,0.778
2020-10-02,1966,dizel,1.000
2020-10-02,1967,95,1.000
2020-10-02,1967,KOEL,0.778
2020-10-02,1967,dizel,1.000
2020-10-02,1968,95,1.000
2020-10-02,1968,KOEL,0.778
2020-10-02,1968,dizel,1.000
2020-10-02,1969,100,1.126
2020-10-02,1969,95,1.000
2020-10-02,1969,KOEL,0.778
2020-10-02,1969,dizel,1.000
2020-10-02,1970,100,1.126
2020-10-02,1970,95,1.000
2020-10-02,1970,KOEL,0.778
2020-10-02,1970,avtoplin-lpg,0.583
2020-10-02,1970,dizel,1.000
2020-10-02,1971,100,1.126
2020-10-02,1971,95,1.000
2020-10-02,1971,dizel,1.000
2020-10-02,1972,100,1.126
2020-10-02,1972,95,1.000
2020-10-02,1972,KOEL,0.778
2020-10-02,1972,avtoplin-lpg,0.583
2020-10-02,1972,dizel,1.000
2020-10-02,1973,95,1.000
2020-10-02,1973,KOEL,0.778
2020-10-02,1973,dizel,1.000
2020-10-02,1974,95,1.000
2020-10-02,1974,KOEL,0.778
2020-10-02,1974,dizel,1.000
2020-10-02,1975,95,1.000
2020-10-02,1975,KOEL,0.778
2020-10-02,1975,dizel,1.000
2020-10-02,1976,100,1.150
2020-10-02,1976,95,1.031
2020-10-02,1976,avtoplin-lpg,0.583
2020-10-02,1976,dizel,1.024
2020-10-02,1977,100,1.150
2020-10-02,1977,95,1.031
2020-10-02,1977,avtoplin-lpg,0.583
2020-10-02,1977,dizel,1.024
2020-10-02,1977,dizel-premium,1.232
2020-10-02,1978,100,1.150
2020-10-02,1978,95,1.031
2020-10-02,1978,avtoplin-lpg,0.583
2020-10-02,1978,dizel,1.024
2020-10-02,1978,dizel-premium,1.232
2020-10-02,1979,100,1.126
2020-10-02,1979,95,1.000
2020-10-02,1979,KOEL,0.778
2020-10-02,1979,dizel,1.000
2020-10-02,1980,100,1.126
2020-10-02,1980,95,1.000
2020-10-02,1980,KOEL,0.778
2020-10-02,1980,dizel,1.000
2020-10-02,1981,100,1.126
2020-10-02,1981,95,1.000
2020-10-02,1981,dizel,1.000
2020-10-02,1982,95,1.000
2020-10-02,1982,KOEL,0.778
2020-10-02,1982,dizel,1.000
2020-10-02,1983,95,1.000
2020-10-02,1983,dizel,1.000
2020-10-02,1984,100,1.126
2020-10-02,1984,95,1.000
2020-10-02,1984,dizel,1.000
2020-10-02,1985,95,1.000
2020-10-02,1985,KOEL,0.778
2020-10-02,1985,dizel,1.000
2020-10-02,1986,100,1.126
2020-10-02,1986,95,1.000
2020-10-02,1986,KOEL,0.778
2020-10-02,1986,dizel,1.000
2020-10-02,1987,95,1.000
2020-10-02,1987,KOEL,0.778
2020-10-02,1987,dizel,1.000
2020-10-02,1988,95,1.000
2020-10-02,1988,KOEL,0.778
2020-10-02,1988,dizel,1.000
2020-10-02,1989,95,1.000
2020-10-02,1989,KOEL,0.778
2020-10-02,1989,dizel,1.000
2020-10-02,1990,100,1.126
2020-10-02,1990,95,1.000
2020-10-02,1990,avtoplin-lpg,0.583
2020-10-02,1990,dizel,1.000
2020-10-02,1991,95,1.000
2020-10-02,1991,KOEL,0.778
2020-10-02,1991,dizel,1.000
2020-10-02,1992,100,1.126
2020-10-02,1992,95,1.000
2020-10-02,1992,KOEL,0.778
2020-10-02,1992,dizel,1.000
2020-10-02,1993,100,1.126
2020-10-02,1993,95,1.000
2020-10-02,1993,KOEL,0.778
2020-10-02,1993,avtoplin-lpg,0.583
2020-10-02,1993,dizel,1.000
2020-10-02,1994,100,1.126
2020-10-02,1994,95,1.000
2020-10-02,1994,KOEL,0.778
2020-10-02,1994,avtoplin-lpg,0.583
2020-10-02,1994,dizel,1.000
2020-10-02,1995,100,1.126
2020-10-02,1995,95,1.000
2020-10-02,1995,KOEL,0.778
2020-10-02,1995,avtoplin-lpg,0.583
2020-10-02,1995,dizel,1.000
2020-10-02,1996,100,1.126
2020-10-02,1996,95,1.000
2020-10-02,1996,KOEL,0.778
2020-10-02,1996,avtoplin-lpg,0.583
2020-10-02,1996,dizel,1.000
2020-10-02,1997,100,1.150
2020-10-02,1997,95,1.031
2020-10-02,1997,dizel,1.024
2020-10-02,1998,100,1.126
2020-10-02,1998,95,1.000
2020-10-02,1998,dizel,1.000
2020-10-02,1999,100,1.126
2020-10-02,1999,95,1.000
2020-10-02,1999,KOEL,0.778
2020-10-02,1999,dizel,1.000
2020-10-02,2000,100,1.150
2020-10-02,2000,95,1.031
2020-10-02,2000,avtoplin-lpg,0.583
2020-10-02,2000,dizel,1.024
2020-10-02,2000,dizel-premium,1.232
2020-10-02,2001,100,1.126
2020-10-02,2001,95,1.000
2020-10-02,2001,KOEL,0.778
2020-10-02,2001,dizel,1.000
2020-10-02,2002,100,1.126
2020-10-02,2002,95,1.000
2020-10-02,2002,avtoplin-lpg,0.583
2020-10-02,2002,dizel,1.000
2020-10-02,2003,100,1.126
2020-10-02,2003,95,1.000
2020-10-02,2003,KOEL,0.778
2020-10-02,2003,avtoplin-lpg,0.583
2020-10-02,2003,dizel,1.000
2020-10-02,2004,100,1.126
2020-10-02,2004,95,1.000
2020-10-02,2004,avtoplin-lpg,0.583
2020-10-02,2004,dizel,1.000
2020-10-02,2005,100,1.126
2020-10-02,2005,95,1.000
2020-10-02,2005,avtoplin-lpg,0.583
2020-10-02,2005,dizel,1.000
2020-10-02,2006,100,1.126
2020-10-02,2006,95,1.000
2020-10-02,2006,avtoplin-lpg,0.583
2020-10-02,2006,dizel,1.000
2020-10-02,2007,100,1.126
2020-10-02,2007,95,1.000
2020-10-02,2007,KOEL,0.778
2020-10-02,2007,avtoplin-lpg,0.583
2020-10-02,2007,dizel,1.000
2020-10-02,2008,100,1.150
2020-10-02,2008,95,1.031
2020-10-02,2008,dizel,1.024
2020-10-02,2009,100,1.150
2020-10-02,2009,95,1.031
2020-10-02,2009,avtoplin-lpg,0.583
2020-10-02,2009,dizel,1.024
2020-10-02,2009,dizel-premium,1.232
2020-10-02,2010,100,1.126
2020-10-02,2010,95,1.000
2020-10-02,2010,KOEL,0.778
2020-10-02,2010,dizel,1.000
2020-10-02,2011,95,1.000
2020-10-02,2011,KOEL,0.778
2020-10-02,2011,dizel,1.000
2020-10-02,2012,95,1.000
2020-10-02,2012,KOEL,0.778
2020-10-02,2012,dizel,1.000
2020-10-02,2013,95,1.000
2020-10-02,2013,KOEL,0.778
2020-10-02,2013,dizel,1.000
2020-10-02,2014,100,1.126
2020-10-02,2014,95,1.000
2020-10-02,2014,KOEL,0.778
2020-10-02,2014,avtoplin-lpg,0.583
2020-10-02,2014,dizel,1.000
2020-10-02,2015,100,1.126
2020-10-02,2015,95,1.000
2020-10-02,2015,KOEL,0.778
2020-10-02,2015,dizel,1.000
2020-10-02,2016,100,1.126
2020-10-02,2016,95,1.000
2020-10-02,2016,avtoplin-lpg,0.583
2020-10-02,2016,dizel,1.000
2020-10-02,2017,95,1.000
2020-10-02,2017,KOEL,0.778
2020-10-02,2017,dizel,1.000
2020-10-02,2018,100,1.150
2020-10-02,2018,95,1.031
2020-10-02,2018,avtoplin-lpg,0.583
2020-10-02,2018,dizel,1.024
2020-10-02,2019,100,1.150
2020-10-02,2019,95,1.031
2020-10-02,2019,dizel,1.024
2020-10-02,2020,100,1.126
2020-10-02,2020,95,1.000
2020-10-02,2020,KOEL,0.778
2020-10-02,2020,dizel,1.000
2020-10-02,2021,100,1.126
2020-10-02,2021,95,1.000
2020-10-02,2021,avtoplin-lpg,0.583
2020-10-02,2021,dizel,1.000
2020-10-02,2022,100,1.126
2020-10-02,2022,95,1.000
2020-10-02,2022,KOEL,0.778
2020-10-02,2022,dizel,1.000
2020-10-02,2023,100,1.126
2020-10-02,2023,95,1.000
2020-10-02,2023,dizel,1.000
2020-10-02,2024,100,1.126
2020-10-02,2024,95,1.000
2020-10-02,2024,KOEL,0.778
2020-10-02,2024,dizel,1.000
2020-10-02,2025,95,1.000
2020-10-02,2025,KOEL,0.778
2020-10-02,2025,avtoplin-lpg,0.583
2020-10-02,2025,dizel,1.000
2020-10-02,2026,100,1.150
2020-10-02,2026,95,1.031
2020-10-02,2026,avtoplin-lpg,0.583
2020-10-02,2026,dizel,1.024
2020-10-02,2027,100,1.150
2020-10-02,2027,95,1.031
2020-10-02,2027,avtoplin-lpg,0.583
2020-10-02,2027,dizel,1.024
2020-10-02,2028,100,1.126
2020-10-02,2028,95,1.000
2020-10-02,2028,avtoplin-lpg,0.583
2020-10-02,2028,dizel,1.000
2020-10-02,2029,100,1.126
2020-10-02,2029,95,1.000
2020-10-02,2029,avtoplin-lpg,0.583
2020-10-02,2029,dizel,1.000
2020-10-02,2030,100,1.150
2020-10-02,2030,95,1.031
2020-10-02,2030,avtoplin-lpg,0.583
2020-10-02,2030,dizel,1.024
2020-10-02,2031,100,1.150
2020-10-02,2031,95,1.031
2020-10-02,2031,avtoplin-lpg,0.583
2020-10-02,2031,dizel,1.024
2020-10-02,2032,100,1.150
2020-10-02,2032,95,1.031
2020-10-02,2032,avtoplin-lpg,0.583
2020-10-02,2032,dizel,1.024
2020-10-02,2032,dizel-premium,1.232
2020-10-02,2033,100,1.126
2020-10-02,2033,95,1.000
2020-10-02,2033,avtoplin-lpg,0.583
2020-10-02,2033,dizel,1.000
2020-10-02,2034,100,1.126
2020-10-02,2034,95,1.000
2020-10-02,2034,avtoplin-lpg,0.583
2020-10-02,2034,dizel,1.000
2020-10-02,2035,95,1.000
2020-10-02,2035,dizel,1.000
2020-10-02,2036,100,1.126
2020-10-02,2036,95,1.000
2020-10-02,2036,dizel,1.000
2020-10-02,2037,100,1.126
2020-10-02,2037,95,1.000
2020-10-02,2037,dizel,1.000
2020-10-02,2038,95,1.000
2020-10-02,2038,dizel,1.000
2020-10-02,2039,100,1.126
2020-10-02,2039,95,1.000
2020-10-02,2039,dizel,1.000
2020-10-02,2040,100,1.126
2020-10-02,2040,95,1.000
2020-10-02,2040,KOEL,0.778
2020-10-02,2040,dizel,1.000
2020-10-02,2041,100,1.126
2020-10-02,2041,95,1.000
2020-10-02,2041,dizel,1.000
2020-10-02,2042,95,1.000
2020-10-02,2042,KOEL,0.778
2020-10-02,2042,dizel,1.000
2020-10-02,2043,100,1.126
2020-10-02,2043,95,1.000
2020-10-02,2043,dizel,1.000
2020-10-02,2044,100,1.126
2020-10-02,2044,95,1.000
2020-10-02,2044,dizel,1.000
2020-10-02,2045,100,1.126
2020-10-02,2045,95,1.000
2020-10-02,2045,dizel,1.000
2020-10-02,2046,100,1.126
2020-10-02,2046,95,1.000
2020-10-02,2046,avtoplin-lpg,0.583
2020-10-02,2046,dizel,1.000
2020-10-02,2047,100,1.126
2020-10-02,2047,95,1.000
2020-10-02,2047,dizel,1.000
2020-10-02,2048,100,1.126
2020-10-02,2048,95,1.000
2020-10-02,2048,avtoplin-lpg,0.583
2020-10-02,2048,dizel,1.000
2020-10-02,2049,100,1.126
2020-10-02,2049,95,1.000
2020-10-02,2049,KOEL,0.778
2020-10-02,2049,dizel,1.000
2020-10-02,2050,95,1.000
2020-10-02,2050,dizel,1.000
2020-10-02,2051,95,1.000
2020-10-02,2051,KOEL,0.778
2020-10-02,2051,dizel,1.000
2020-10-02,2052,100,1.126
2020-10-02,2052,95,1.000
2020-10-02,2052,dizel,1.000
2020-10-02,2053,95,1.000
2020-10-02,2053,KOEL,0.778
2020-10-02,2053,dizel,1.000
2020-10-02,2054,95,1.000
2020-10-02,2054,KOEL,0.778
2020-10-02,2054,dizel,1.000
2020-10-02,2055,95,1.000
2020-10-02,2055,dizel,1.000
2020-10-02,2056,100,1.126
2020-10-02,2056,95,1.000
2020-10-02,2056,dizel,1.000
2020-10-02,2057,95,1.000
2020-10-02,2057,dizel,1.000
2020-10-02,2058,95,1.000
2020-10-02,2058,dizel,1.000
2020-10-02,2059,100,1.150
2020-10-02,2059,95,1.031
2020-10-02,2059,avtoplin-lpg,0.583
2020-10-02,2059,dizel,1.024
2020-10-02,2059,dizel-premium,1.232
2020-10-02,2060,100,1.150
2020-10-02,2060,95,1.031
2020-10-02,2060,avtoplin-lpg,0.583
2020-10-02,2060,dizel,1.024
2020-10-02,2060,dizel-premium,1.232
2020-10-02,2061,100,1.126
2020-10-02,2061,95,1.000
2020-10-02,2061,KOEL,0.778
2020-10-02,2061,dizel,1.000
2020-10-02,2062,100,1.126
2020-10-02,2062,95,1.000
2020-10-02,2062,KOEL,0.778
2020-10-02,2062,dizel,1.000
2020-10-02,2063,100,1.126
2020-10-02,2063,95,1.000
2020-10-02,2063,KOEL,0.759
2020-10-02,2063,dizel,1.000
2020-10-02,2064,100,1.126
2020-10-02,2064,95,1.000
2020-10-02,2064,KOEL,0.778
2020-10-02,2064,dizel,1.000
2020-10-02,2065,100,1.126
2020-10-02,2065,95,1.000
2020-10-02,2065,KOEL,0.778
2020-10-02,2065,dizel,1.000
2020-10-02,2066,95,1.000
2020-10-02,2066,KOEL,0.778
2020-10-02,2066,dizel,1.000
2020-10-02,2067,100,1.126
2020-10-02,2067,95,1.000
2020-10-02,2067,KOEL,0.778
2020-10-02,2067,dizel,1.000
2020-10-02,2068,100,1.129
2020-10-02,2068,95,1.000
2020-10-02,2068,dizel,1.000
2020-10-02,2069,100,1.126
2020-10-02,2069,95,1.000
2020-10-02,2069,dizel,1.000
2020-10-02,2070,100,1.126
2020-10-02,2070,95,1.000
2020-10-02,2070,KOEL,0.778
2020-10-02,2070,dizel,1.000
2020-10-02,2071,100,1.126
2020-10-02,2071,95,1.000
2020-10-02,2071,KOEL,0.778
2020-10-02,2071,avtoplin-lpg,0.583
2020-10-02,2071,dizel,1.000
2020-10-02,2072,95,1.000
2020-10-02,2072,KOEL,0.778
2020-10-02,2072,dizel,1.000
2020-10-02,2073,100,1.126
2020-10-02,2073,95,1.000
2020-10-02,2073,KOEL,0.778
2020-10-02,2073,dizel,1.000
2020-10-02,2074,100,1.126
2020-10-02,2074,95,1.000
2020-10-02,2074,KOEL,0.778
2020-10-02,2074,avtoplin-lpg,0.583
2020-10-02,2074,dizel,1.000
2020-10-02,2075,95,1.000
2020-10-02,2075,KOEL,0.778
2020-10-02,2075,dizel,1.000
2020-10-02,2076,95,1.000
2020-10-02,2076,KOEL,0.778
2020-10-02,2076,dizel,1.000
2020-10-02,2077,95,1.000
2020-10-02,2077,KOEL,0.778
2020-10-02,2077,dizel,1.000
2020-10-02,2078,95,1.000
2020-10-02,2078,KOEL,0.778
2020-10-02,2078,dizel,1.000
2020-10-02,2079,95,1.000
2020-10-02,2079,KOEL,0.778
2020-10-02,2079,dizel,1.000
2020-10-02,2080,100,1.126
2020-10-02,2080,95,1.000
2020-10-02,2080,KOEL,0.778
2020-10-02,2080,avtoplin-lpg,0.583
2020-10-02,2080,dizel,1.000
2020-10-02,2082,100,1.394
2020-10-02,2082,95,1.000
2020-10-02,2082,KOEL,0.778
2020-10-02,2082,dizel,1.000
2020-10-02,2083,95,1.000
2020-10-02,2083,KOEL,0.778
2020-10-02,2083,avtoplin-lpg,0.583
2020-10-02,2083,dizel,1.000
2020-10-02,2084,95,1.000
2020-10-02,2084,KOEL,0.778
2020-10-02,2084,dizel,1.000
2020-10-02,2085,95,1.000
2020-10-02,2085,dizel,1.000
2020-10-02,2086,95,1.000
2020-10-02,2086,KOEL,0.778
2020-10-02,2086,dizel,1.000
2020-10-02,2087,95,1.000
2020-10-02,2087,KOEL,0.778
2020-10-02,2087,dizel,1.000
2020-10-02,2088,100,1.150
2020-10-02,2088,95,1.031
2020-10-02,2088,avtoplin-lpg,0.583
2020-10-02,2088,dizel,1.024
2020-10-02,2088,dizel-premium,1.232
2020-10-02,2089,100,1.150
2020-10-02,2089,95,1.031
2020-10-02,2089,avtoplin-lpg,0.583
2020-10-02,2089,dizel,1.024
2020-10-02,2090,100,1.126
2020-10-02,2090,95,1.000
2020-10-02,2090,KOEL,0.778
2020-10-02,2090,dizel,1.000
2020-10-02,2091,100,1.126
2020-10-02,2091,95,1.000
2020-10-02,2091,KOEL,0.778
2020-10-02,2091,dizel,1.000
2020-10-02,2092,100,1.126
2020-10-02,2092,95,1.000
2020-10-02,2092,KOEL,0.778
2020-10-02,2092,avtoplin-lpg,0.583
2020-10-02,2092,dizel,1.000
2020-10-02,2093,95,1.000
2020-10-02,2093,KOEL,0.778
2020-10-02,2093,dizel,1.000
2020-10-02,2094,100,1.126
2020-10-02,2094,95,1.000
2020-10-02,2094,KOEL,0.778
2020-10-02,2094,avtoplin-lpg,0.583
2020-10-02,2094,dizel,1.000
2020-10-02,2095,100,1.150
2020-10-02,2095,95,1.031
2020-10-02,2095,dizel,1.024
2020-10-02,2095,dizel-premium,1.232
2020-10-02,2096,100,1.150
2020-10-02,2096,95,1.031
2020-10-02,2096,avtoplin-lpg,0.583
2020-10-02,2096,dizel,1.024
2020-10-02,2096,dizel-premium,1.232
2020-10-02,2097,95,1.000
2020-10-02,2097,KOEL,0.778
2020-10-02,2097,dizel,1.000
2020-10-02,2098,100,1.126
2020-10-02,2098,95,1.000
2020-10-02,2098,KOEL,0.778
2020-10-02,2098,avtoplin-lpg,0.583
2020-10-02,2098,dizel,1.000
2020-10-02,2099,100,1.126
2020-10-02,2099,95,1.000
2020-10-02,2099,KOEL,0.778
2020-10-02,2099,dizel,1.000
2020-10-02,2100,100,1.150
2020-10-02,2100,95,1.031
2020-10-02,2100,avtoplin-lpg,0.583
2020-10-02,2100,dizel,1.024
2020-10-02,2101,100,1.150
2020-10-02,2101,95,1.031
2020-10-02,2101,avtoplin-lpg,0.583
2020-10-02,2101,dizel,1.024
2020-10-02,2102,95,1.000
2020-10-02,2102,KOEL,0.778
2020-10-02,2102,dizel,1.000
2020-10-02,2103,95,1.000
2020-10-02,2103,KOEL,0.778
2020-10-02,2103,dizel,1.000
2020-10-02,2104,100,1.126
2020-10-02,2104,95,1.000
2020-10-02,2104,KOEL,0.778
2020-10-02,2104,dizel,1.000
2020-10-02,2105,95,1.000
2020-10-02,2105,KOEL,0.778
2020-10-02,2105,dizel,1.000
2020-10-02,2106,95,1.000
2020-10-02,2106,KOEL,0.778
2020-10-02,2106,dizel,1.000
2020-10-02,2107,95,1.000
2020-10-02,2107,KOEL,0.778
2020-10-02,2107,dizel,1.000
2020-10-02,2108,100,1.126
2020-10-02,2108,95,1.000
2020-10-02,2108,KOEL,0.778
2020-10-02,2108,dizel,1.000
2020-10-02,2109,95,1.000
2020-10-02,2109,KOEL,0.778
2020-10-02,2109,dizel,1.000
2020-10-02,2110,95,1.000
2020-10-02,2110,KOEL,0.976
2020-10-02,2110,avtoplin-lpg,0.583
2020-10-02,2110,dizel,1.000
2020-10-02,2111,100,1.126
2020-10-02,2111,95,1.000
2020-10-02,2111,KOEL,0.778
2020-10-02,2111,dizel,1.000
2020-10-02,2112,100,1.126
2020-10-02,2112,95,1.000
2020-10-02,2112,dizel,1.000
2020-10-02,2113,95,1.000
2020-10-02,2113,dizel,1.000
2020-10-02,2114,95,1.000
2020-10-02,2114,KOEL,0.778
2020-10-02,2114,dizel,1.000
2020-10-02,2115,100,1.126
2020-10-02,2115,95,1.000
2020-10-02,2115,KOEL,0.778
2020-10-02,2115,dizel,1.000
2020-10-02,2116,95,1.000
2020-10-02,2116,KOEL,0.778
2020-10-02,2116,dizel,1.000
2020-10-02,2117,100,1.126
2020-10-02,2117,95,1.000
2020-10-02,2117,dizel,1.000
2020-10-02,2118,95,1.000
2020-10-02,2118,dizel,1.000
2020-10-02,2119,100,1.126
2020-10-02,2119,95,1.000
2020-10-02,2119,KOEL,0.778
2020-10-02,2119,avtoplin-lpg,0.583
2020-10-02,2119,dizel,1.000
2020-10-02,2120,100,1.150
2020-10-02,2120,95,1.031
2020-10-02,2120,avtoplin-lpg,0.583
2020-10-02,2120,dizel,1.024
2020-10-02,2121,100,1.126
2020-10-02,2121,95,1.000
2020-10-02,2121,KOEL,0.778
2020-10-02,2121,dizel,1.000
2020-10-02,2122,100,1.126
2020-10-02,2122,95,1.000
2020-10-02,2122,KOEL,0.778
2020-10-02,2122,dizel,1.000
2020-10-02,2123,100,1.150
2020-10-02,2123,95,1.031
2020-10-02,2123,avtoplin-lpg,0.583
2020-10-02,2123,dizel,1.024
2020-10-02,2124,95,1.000
2020-10-02,2124,KOEL,0.778
2020-10-02,2124,dizel,1.000
2020-10-02,2125,100,1.126
2020-10-02,2125,95,1.000
2020-10-02,2125,KOEL,0.778
2020-10-02,2125,dizel,1.000
2020-10-02,2126,100,1.126
2020-10-02,2126,95,1.000
2020-10-02,2126,avtoplin-lpg,0.583
2020-10-02,2126,dizel,1.000
2020-10-02,2127,95,1.000
2020-10-02,2127,KOEL,0.778
2020-10-02,2127,dizel,1.000
2020-10-02,2128,100,1.126
2020-10-02,2128,95,1.000
2020-10-02,2128,dizel,1.000
2020-10-02,2129,95,1.000
2020-10-02,2129,dizel,1.000
2020-10-02,2130,100,1.126
2020-10-02,2130,95,1.000
2020-10-02,2130,dizel,1.000
2020-10-02,2131,100,1.126
2020-10-02,2131,95,1.000
2020-10-02,2131,KOEL,0.778
2020-10-02,2131,avtoplin-lpg,0.583
2020-10-02,2131,dizel,1.000
2020-10-02,2132,100,1.126
2020-10-02,2132,95,1.000
2020-10-02,2132,KOEL,0.778
2020-10-02,2132,avtoplin-lpg,0.583
2020-10-02,2132,dizel,1.000
2020-10-02,2133,100,1.126
2020-10-02,2133,95,1.000
2020-10-02,2133,avtoplin-lpg,0.583
2020-10-02,2133,dizel,1.000
2020-10-02,2134,100,1.126
2020-10-02,2134,95,1.000
2020-10-02,2134,avtoplin-lpg,0.583
2020-10-02,2134,dizel,1.000
2020-10-02,2135,100,1.126
2020-10-02,2135,95,1.000
2020-10-02,2135,avtoplin-lpg,0.583
2020-10-02,2135,dizel,1.000
2020-10-02,2136,100,1.126
2020-10-02,2136,95,1.000
2020-10-02,2136,avtoplin-lpg,0.583
2020-10-02,2136,dizel,1.000
2020-10-02,2137,100,1.126
2020-10-02,2137,95,1.000
2020-10-02,2137,KOEL,0.778
2020-10-02,2137,dizel,1.000
2020-10-02,2138,100,1.126
2020-10-02,2138,95,1.000
2020-10-02,2138,avtoplin-lpg,0.583
2020-10-02,2138,dizel,1.000
2020-10-02,2139,100,1.126
2020-10-02,2139,95,1.000
2020-10-02,2139,KOEL,0.778
2020-10-02,2139,avtoplin-lpg,0.583
2020-10-02,2139,dizel,1.000
2020-10-02,2140,95,1.000
2020-10-02,2140,KOEL,0.778
2020-10-02,2140,dizel,1.000
2020-10-02,2141,100,1.150
2020-10-02,2141,95,1.031
2020-10-02,2141,dizel,1.024
2020-10-02,2142,95,1.000
2020-10-02,2142,KOEL,0.778
2020-10-02,2142,dizel,1.000
2020-10-02,2143,95,1.000
2020-10-02,2143,KOEL,0.778
2020-10-02,2143,dizel,1.000
2020-10-02,2144,100,1.126
2020-10-02,2144,95,1.000
2020-10-02,2144,KOEL,0.778
2020-10-02,2144,avtoplin-lpg,0.583
2020-10-02,2144,dizel,1.000
2020-10-02,2145,100,1.126
2020-10-02,2145,95,1.000
2020-10-02,2145,KOEL,0.778
2020-10-02,2145,dizel,1.000
2020-10-02,2146,100,1.126
2020-10-02,2146,95,1.000
2020-10-02,2146,KOEL,0.778
2020-10-02,2146,dizel,1.000
2020-10-02,2147,100,1.126
2020-10-02,2147,95,1.000
2020-10-02,2147,KOEL,0.778
2020-10-02,2147,avtoplin-lpg,0.583
2020-10-02,2147,dizel,1.000
2020-10-02,2148,100,1.126
2020-10-02,2148,95,1.000
2020-10-02,2148,KOEL,0.778
2020-10-02,2148,dizel,1.000
2020-10-02,2149,100,1.126
2020-10-02,2149,95,1.000
2020-10-02,2149,KOEL,0.778
2020-10-02,2149,dizel,1.000
2020-10-02,2150,100,1.126
2020-10-02,2150,95,1.000
2020-10-02,2150,KOEL,0.778
2020-10-02,2150,dizel,1.000
2020-10-02,2151,95,1.000
2020-10-02,2151,KOEL,0.778
2020-10-02,2151,dizel,1.000
2020-10-02,2152,95,1.000
2020-10-02,2152,KOEL,0.778
2020-10-02,2152,dizel,1.000
2020-10-02,2153,95,1.000
2020-10-02,2153,KOEL,0.778
2020-10-02,2153,dizel,1.000
2020-10-02,2154,95,1.000
2020-10-02,2154,KOEL,0.778
2020-10-02,2154,dizel,1.000
2020-10-02,2155,95,1.000
2020-10-02,2155,KOEL,0.778
2020-10-02,2155,dizel,1.000
2020-10-02,2156,95,1.000
2020-10-02,2156,KOEL,0.778
2020-10-02,2156,dizel,1.000
2020-10-02,2157,95,1.000
2020-10-02,2157,KOEL,0.778
2020-10-02,2157,dizel,1.000
2020-10-02,2158,100,1.126
2020-10-02,2158,95,1.000
2020-10-02,2158,KOEL,0.778
2020-10-02,2158,avtoplin-lpg,0.583
2020-10-02,2158,dizel,1.000
2020-10-02,2159,95,1.000
2020-10-02,2159,KOEL,0.778
2020-10-02,2159,dizel,1.000
2020-10-02,2160,95,1.000
2020-10-02,2160,KOEL,0.778
2020-10-02,2160,dizel,1.000
2020-10-02,2161,100,1.126
2020-10-02,2161,95,1.000
2020-10-02,2161,KOEL,0.778
2020-10-02,2161,dizel,1.000
2020-10-02,2162,100,1.150
2020-10-02,2162,95,1.031
2020-10-02,2162,dizel,1.024
2020-10-02,2163,100,1.126
2020-10-02,2163,95,1.000
2020-10-02,2163,KOEL,0.778
2020-10-02,2163,dizel,1.000
2020-10-02,2164,100,1.126
2020-10-02,2164,95,1.000
2020-10-02,2164,KOEL,0.778
2020-10-02,2164,avtoplin-lpg,0.583
2020-10-02,2164,dizel,1.000
2020-10-02,2165,95,1.000
2020-10-02,2165,KOEL,0.778
2020-10-02,2165,dizel,1.000
2020-10-02,2166,100,1.126
2020-10-02,2166,95,1.000
2020-10-02,2166,KOEL,0.778
2020-10-02,2166,dizel,1.000
2020-10-02,2167,100,1.126
2020-10-02,2167,95,1.000
2020-10-02,2167,dizel,1.000
2020-10-02,2168,100,1.126
2020-10-02,2168,95,1.000
2020-10-02,2168,KOEL,0.778
2020-10-02,2168,avtoplin-lpg,0.583
2020-10-02,2168,dizel,1.000
2020-10-02,2169,95,1.000
2020-10-02,2169,KOEL,0.778
2020-10-02,2169,dizel,1.000
2020-10-02,2170,95,1.000
2020-10-02,2170,KOEL,0.778
2020-10-02,2170,dizel,1.000
2020-10-02,2171,100,1.126
2020-10-02,2171,95,1.000
2020-10-02,2171,KOEL,0.778
2020-10-02,2171,dizel,1.000
2020-10-02,2172,100,1.126
2020-10-02,2172,95,1.000
2020-10-02,2172,avtoplin-lpg,0.583
2020-10-02,2172,dizel,1.000
2020-10-02,2173,95,1.000
2020-10-02,2173,KOEL,0.778
2020-10-02,2173,dizel,1.000
2020-10-02,2174,100,1.126
2020-10-02,2174,95,1.000
2020-10-02,2174,KOEL,0.778
2020-10-02,2174,dizel,1.000
2020-10-02,2175,100,1.150
2020-10-02,2175,95,1.031
2020-10-02,2175,avtoplin-lpg,0.583
2020-10-02,2175,dizel,1.024
2020-10-02,2176,100,1.150
2020-10-02,2176,95,1.031
2020-10-02,2176,avtoplin-lpg,0.583
2020-10-02,2176,dizel,1.024
2020-10-02,2177,95,1.000
2020-10-02,2177,KOEL,0.778
2020-10-02,2177,dizel,1.000
2020-10-02,2178,100,1.126
2020-10-02,2178,95,1.000
2020-10-02,2178,KOEL,0.778
2020-10-02,2178,dizel,1.000
2020-10-02,2179,95,1.000
2020-10-02,2179,KOEL,0.778
2020-10-02,2179,dizel,1.000
2020-10-02,2180,95,1.000
2020-10-02,2180,KOEL,0.778
2020-10-02,2180,dizel,1.000
2020-10-02,2181,95,1.000
2020-10-02,2181,KOEL,0.778
2020-10-02,2181,dizel,1.000
2020-10-02,2182,95,1.000
2020-10-02,2182,KOEL,0.778
2020-10-02,2182,dizel,1.000
2020-10-02,2183,95,1.000
2020-10-02,2183,dizel,1.000
2020-10-02,2184,95,1.000
2020-10-02,2184,KOEL,0.778
2020-10-02,2184,dizel,1.000
2020-10-02,2185,95,1.000
2020-10-02,2185,KOEL,0.778
2020-10-02,2185,dizel,1.000
2020-10-02,2186,100,1.126
2020-10-02,2186,95,1.000
2020-10-02,2186,KOEL,0.778
2020-10-02,2186,dizel,1.000
2020-10-02,2187,100,1.126
2020-10-02,2187,95,1.000
2020-10-02,2187,KOEL,0.778
2020-10-02,2187,dizel,1.000
2020-10-02,2188,100,1.126
2020-10-02,2188,95,1.000
2020-10-02,2188,KOEL,0.778
2020-10-02,2188,dizel,1.000
2020-10-02,2189,95,1.000
2020-10-02,2189,KOEL,0.778
2020-10-02,2189,dizel,1.000
2020-10-02,2190,100,1.126
2020-10-02,2190,95,1.000
2020-10-02,2190,KOEL,0.778
2020-10-02,2190,dizel,1.000
2020-10-02,2191,100,1.126
2020-10-02,2191,95,1.000
2020-10-02,2191,KOEL,0.778
2020-10-02,2191,dizel,1.000
2020-10-02,2192,100,1.126
2020-10-02,2192,95,1.000
2020-10-02,2192,KOEL,0.778
2020-10-02,2192,dizel,1.000
2020-10-02,2193,95,1.000
2020-10-02,2193,KOEL,0.778
2020-10-02,2193,dizel,1.000
2020-10-02,2194,100,1.126
2020-10-02,2194,95,1.000
2020-10-02,2194,dizel,1.000
2020-10-02,2195,100,1.126
2020-10-02,2195,95,1.000
2020-10-02,2195,KOEL,0.778
2020-10-02,2195,dizel,1.000
2020-10-02,2196,100,1.126
2020-10-02,2196,95,1.000
2020-10-02,2196,KOEL,0.778
2020-10-02,2196,dizel,1.000
2020-10-02,2197,100,1.126
2020-10-02,2197,95,1.000
2020-10-02,2197,KOEL,0.817
2020-10-02,2197,avtoplin-lpg,0.583
2020-10-02,2197,dizel,1.000
2020-10-02,2198,100,1.126
2020-10-02,2198,95,1.000
2020-10-02,2198,KOEL,0.778
2020-10-02,2198,dizel,1.000
2020-10-02,2199,100,1.126
2020-10-02,2199,95,1.000
2020-10-02,2199,dizel,1.000
2020-10-02,2200,100,1.126
2020-10-02,2200,95,1.000
2020-10-02,2200,avtoplin-lpg,0.583
2020-10-02,2200,dizel,1.000
2020-10-02,2201,100,1.150
2020-10-02,2201,95,1.031
2020-10-02,2201,avtoplin-lpg,0.583
2020-10-02,2201,dizel,1.024
2020-10-02,2202,100,1.150
2020-10-02,2202,95,1.031
2020-10-02,2202,avtoplin-lpg,0.583
2020-10-02,2202,dizel,1.024
2020-10-02,2203,95,1.000
2020-10-02,2203,KOEL,0.778
2020-10-02,2203,dizel,1.000
2020-10-02,2204,100,1.126
2020-10-02,2204,95,1.000
2020-10-02,2204,dizel,1.000
2020-10-02,2205,100,1.126
2020-10-02,2205,95,1.000
2020-10-02,2205,KOEL,0.778
2020-10-02,2205,dizel,1.000
2020-10-02,2206,100,1.126
2020-10-02,2206,95,1.000
2020-10-02,2206,KOEL,0.778
2020-10-02,2206,dizel,1.000
2020-10-02,2207,100,1.126
2020-10-02,2207,95,1.000
2020-10-02,2207,avtoplin-lpg,0.583
2020-10-02,2207,dizel,1.000
2020-10-02,2208,95,1.000
2020-10-02,2208,KOEL,0.778
2020-10-02,2208,dizel,1.000
2020-10-02,2209,95,1.000
2020-10-02,2209,KOEL,0.778
2020-10-02,2209,dizel,1.000
2020-10-02,2210,100,1.126
2020-10-02,2210,95,1.000
2020-10-02,2210,KOEL,0.778
2020-10-02,2210,dizel,1.000
2020-10-02,2211,95,1.000
2020-10-02,2211,KOEL,0.778
2020-10-02,2211,dizel,1.000
2020-10-02,2212,100,1.126
2020-10-02,2212,95,1.000
2020-10-02,2212,KOEL,0.778
2020-10-02,2212,avtoplin-lpg,0.583
2020-10-02,2212,dizel,1.000
2020-10-02,2213,95,1.000
2020-10-02,2213,KOEL,0.778
2020-10-02,2213,dizel,1.000
2020-10-02,2214,95,1.000
2020-10-02,2214,KOEL,0.778
2020-10-02,2214,avtoplin-lpg,0.583
2020-10-02,2214,dizel,1.000
2020-10-02,2215,100,1.126
2020-10-02,2215,95,1.000
2020-10-02,2215,KOEL,0.778
2020-10-02,2215,dizel,1.000
2020-10-02,2216,100,1.150
2020-10-02,2216,95,1.031
2020-10-02,2216,avtoplin-lpg,0.583
2020-10-02,2216,dizel,1.024
2020-10-02,2216,dizel-premium,1.232
2020-10-02,2217,100,1.126
2020-10-02,2217,95,1.000
2020-10-02,2217,KOEL,0.778
2020-10-02,2217,dizel,1.000
2020-10-02,2218,100,1.126
2020-10-02,2218,95,1.000
2020-10-02,2218,KOEL,0.778
2020-10-02,2218,avtoplin-lpg,0.583
2020-10-02,2218,dizel,1.000
2020-10-02,2219,95,1.000
2020-10-02,2219,KOEL,0.778
2020-10-02,2219,dizel,1.000
2020-10-02,2220,100,1.126
2020-10-02,2220,95,1.000
2020-10-02,2220,KOEL,0.778
2020-10-02,2220,avtoplin-lpg,0.583
2020-10-02,2220,dizel,1.000
2020-10-02,2221,100,1.126
2020-10-02,2221,95,1.000
2020-10-02,2221,KOEL,0.778
2020-10-02,2221,dizel,1.000
2020-10-02,2222,100,1.126
2020-10-02,2222,95,1.000
2020-10-02,2222,KOEL,0.778
2020-10-02,2222,dizel,1.000
2020-10-02,2223,95,1.000
2020-10-02,2223,KOEL,0.778
2020-10-02,2223,dizel,1.000
2020-10-02,2224,95,1.000
2020-10-02,2224,KOEL,0.778
2020-10-02,2224,dizel,1.000
2020-10-02,2225,100,1.126
2020-10-02,2225,95,1.000
2020-10-02,2225,KOEL,0.778
2020-10-02,2225,dizel,1.000
2020-10-02,2227,100,1.126
2020-10-02,2227,95,1.000
2020-10-02,2227,avtoplin-lpg,0.583
2020-10-02,2227,dizel,1.000
2020-10-02,2228,100,1.126
2020-10-02,2228,95,1.000
2020-10-02,2228,KOEL,0.778
2020-10-02,2228,avtoplin-lpg,0.583
2020-10-02,2228,dizel,1.000
2020-10-02,2229,100,1.150
2020-10-02,2229,95,1.031
2020-10-02,2229,avtoplin-lpg,0.583
2020-10-02,2229,dizel,1.024
2020-10-02,2229,dizel-premium,1.232
2020-10-02,2230,100,1.150
2020-10-02,2230,95,1.031
2020-10-02,2230,avtoplin-lpg,0.583
2020-10-02,2230,dizel,1.024
2020-10-02,2230,dizel-premium,1.232
2020-10-02,2231,100,1.150
2020-10-02,2231,95,1.031
2020-10-02,2231,avtoplin-lpg,0.583
2020-10-02,2231,dizel,1.024
2020-10-02,2231,dizel-premium,1.232
2020-10-02,2232,100,1.150
2020-10-02,2232,95,1.031
2020-10-02,2232,avtoplin-lpg,0.583
2020-10-02,2232,dizel,1.024
2020-10-02,2232,dizel-premium,1.232
2020-10-02,2233,100,1.126
2020-10-02,2233,95,1.000
2020-10-02,2233,avtoplin-lpg,0.583
2020-10-02,2233,dizel,1.000
2020-10-02,2234,100,1.126
2020-10-02,2234,95,1.000
2020-10-02,2234,avtoplin-lpg,0.578
2020-10-02,2234,dizel,1.000
2020-10-02,2234,dizel-premium,1.100
2020-10-02,2235,100,1.126
2020-10-02,2235,95,1.000
2020-10-02,2235,avtoplin-lpg,0.575
2020-10-02,2235,dizel,1.000
2020-10-02,2235,dizel-premium,1.100
2020-10-02,2236,100,1.129
2020-10-02,2236,95,1.000
2020-10-02,2236,avtoplin-lpg,0.582
2020-10-02,2236,dizel,1.000
2020-10-02,2237,95,1.000
2020-10-02,2237,dizel,1.000
2020-10-02,2238,95,1.000
2020-10-02,2238,dizel,1.000
2020-10-02,2239,95,1.000
2020-10-02,2239,dizel,1.000
2020-10-02,2240,95,1.000
2020-10-02,2240,dizel,1.000
2020-10-02,2241,95,1.000
2020-10-02,2241,dizel,1.000
2020-10-02,2242,95,1.000
2020-10-02,2242,dizel,1.000
2020-10-02,2243,95,1.000
2020-10-02,2243,dizel,1.000
2020-10-02,2244,95,1.000
2020-10-02,2244,dizel,1.000
2020-10-02,2245,95,1.000
2020-10-02,2245,dizel,1.000
2020-10-02,2246,95,1.000
2020-10-02,2246,dizel,1.000
2020-10-02,2247,95,1.000
2020-10-02,2247,dizel,1.000
2020-10-02,2248,95,1.000
2020-10-02,2248,dizel,1.000
2020-10-02,2249,95,1.000
2020-10-02,2249,dizel,1.000
2020-10-02,2250,95,1.000
2020-10-02,2250,dizel,1.000
2020-10-02,2251,95,1.000
2020-10-02,2251,dizel,1.000
2020-10-02,2252,95,1.000
2020-10-02,2252,dizel,1.000
2020-10-02,2253,95,1.000
2020-10-02,2253,dizel,1.000
2020-10-02,2254,95,1.000
2020-10-02,2254,dizel,1.000
2020-10-02,2255,95,1.000
2020-10-02,2255,dizel,1.000
2020-10-02,2256,95,1.000
2020-10-02,2256,dizel,1.000
2020-10-02,2257,95,1.000
2020-10-02,2257,dizel,1.000
2020-10-02,2258,dizel,1.000
2020-10-02,2259,dizel,1.000
2020-10-02,2260,dizel,1.000
2020-10-02,2261,dizel,1.000
2020-10-02,2262,dizel,1.000
2020-10-02,2263,dizel,1.000
2020-10-02,2264,dizel,1.000
2020-10-02,2265,dizel,1.000
2020-10-02,2266,100,1.112
2020-10-02,2266,95,1.000
2020-10-02,2266,dizel,1.000
2020-10-02,2267,100,1.129
2020-10-02,2267,95,1.000
2020-10-02,2267,KOEL,0.778
2020-10-02,2267,dizel,1.000
2020-10-02,2268,100,1.126
2020-10-02,2268,95,1.000
2020-10-02,2268,KOEL,0.778
2020-10-02,2268,dizel,1.000
2020-10-02,2269,avtoplin-lpg,0.610
2020-10-02,2270,avtoplin-lpg,0.610
2020-10-02,2271,100,1.129
2020-10-02,2271,95,1.000
2020-10-02,2271,avtoplin-lpg,0.582
2020-10-02,2271,dizel,1.000
2020-10-02,2272,100,1.126
2020-10-02,2272,95,1.000
2020-10-02,2272,avtoplin-lpg,0.583
2020-10-02,2272,dizel,1.000
2020-10-02,2273,dizel,1.000
2020-10-02,2274,dizel,1.000
2020-10-02,2275,dizel,1.000
2020-10-02,2276,dizel,1.000
2020-10-02,2283,100,1.126
2020-10-02,2283,95,1.000
2020-10-02,2283,KOEL,0.778
2020-10-02,2283,dizel,1.000
2020-10-02,2284,100,1.126
2020-10-02,2284,95,1.000
2020-10-02,2284,KOEL,0.778
2020-10-02,2284,dizel,1.000
2020-10-02,2285,100,1.126
2020-10-02,2285,95,1.000
2020-10-02,2285,KOEL,0.778
2020-10-02,2285,dizel,1.000
2020-10-02,2286,100,1.126
2020-10-02,2286,95,1.000
2020-10-02,2286,KOEL,0.778
2020-10-02,2286,avtoplin-lpg,0.583
2020-10-02,2286,dizel,1.000
2020-10-02,2287,100,1.126
2020-10-02,2287,95,1.000
2020-10-02,2287,KOEL,0.778
2020-10-02,2287,dizel,1.000
2020-10-02,2288,95,0.970
2020-10-02,2288,dizel,0.970
2020-10-02,2289,95,0.970
2020-10-02,2289,dizel,0.970
2020-10-02,2290,95,0.970
2020-10-02,2290,dizel,0.970
2020-10-02,2291,95,0.970
2020-10-02,2291,dizel,0.970
2020-10-02,2292,95,0.970
2020-10-02,2292,dizel,0.970
2020-10-02,2293,95,0.970
2020-10-02,2293,dizel,0.970
2020-10-02,2294,95,0.970
2020-10-02,2294,dizel,0.970
2020-10-02,2295,95,0.970
2020-10-02,2295,dizel,0.970
2020-10-02,2296,100,1.106
2020-10-02,2296,95,0.980
2020-10-02,2296,avtoplin-lpg,0.530
2020-10-02,2296,dizel,0.980
2020-10-02,2297,95,0.970
2020-10-02,2297,KOEL,0.775
2020-10-02,2297,avtoplin-lpg,0.519
2020-10-02,2297,dizel,1.000
2020-10-02,2299,95,0.970
2020-10-02,2299,KOEL,0.775
2020-10-02,2299,avtoplin-lpg,0.519
2020-10-02,2299,dizel,1.000
2020-10-02,2302,95,1.000
2020-10-02,2302,98,1.128
2020-10-02,2302,dizel,1.000
2020-10-02,2303,95,1.000
2020-10-02,2303,98,1.128
2020-10-02,2303,dizel,1.000
2020-10-02,2304,95,1.000
2020-10-02,2304,98,1.128
2020-10-02,2304,dizel,1.000
2020-10-02,2305,95,1.000
2020-10-02,2305,98,1.128
2020-10-02,2305,dizel,1.000
2020-10-02,2306,95,1.000
2020-10-02,2306,98,1.128
2020-10-02,2306,dizel,1.000
2020-10-02,2307,95,1.000
2020-10-02,2307,98,1.128
2020-10-02,2307,dizel,1.000
2020-10-02,2308,dizel,1.000
2020-10-02,2309,dizel,1.000
2020-10-02,2310,dizel,1.000
2020-10-03,2269,avtoplin-lpg,0.565
2020-10-03,2270,avtoplin-lpg,0.565
2020-10-03,2311,95,1.000
2020-10-03,2311,KOEL,0.778
2020-10-03,2311,avtoplin-lpg,0.583
2020-10-03,2311,dizel,1.000
2020-10-03,2312,avtoplin-lpg,0.500
2020-10-03,2312,dizel,0.940
2020-10-06,766,dizel,1.002
2020-10-06,767,dizel,1.002
2020-10-06,769,95,1.009
2020-10-06,769,dizel,1.009
2020-10-06,770,dizel,1.002
2020-10-06,771,dizel,1.002
2020-10-06,772,dizel,1.002
2020-10-06,773,dizel,1.002
2020-10-06,774,dizel,1.002
2020-10-06,775,dizel,1.002
2020-10-06,776,dizel,1.002
2020-10-06,779,dizel,1.002
2020-10-06,780,dizel,1.002
2020-10-06,781,KOEL,
2020-10-06,783,dizel,1.002
2020-10-06,784,dizel,1.002
2020-10-06,785,dizel,1.002
2020-10-06,786,dizel,1.002
2020-10-06,787,dizel,1.002
2020-10-06,788,dizel,1.002
2020-10-06,789,95,1.009
2020-10-06,789,dizel,1.009
2020-10-06,792,dizel,1.002
2020-10-06,794,dizel,1.002
2020-10-06,795,dizel,1.002
2020-10-06,797,dizel,1.002
2020-10-06,798,dizel,1.002
2020-10-06,799,dizel,1.002
2020-10-06,800,dizel,1.002
2020-10-06,801,dizel,1.002
2020-10-06,802,dizel,1.002
2020-10-06,803,dizel,1.002
2020-10-06,806,dizel,1.002
2020-10-06,807,dizel,1.002
2020-10-06,808,dizel,1.002
2020-10-06,809,dizel,1.002
2020-10-06,810,dizel,1.002
2020-10-06,811,95,1.009
2020-10-06,811,dizel,1.009
2020-10-06,812,95,1.009
2020-10-06,812,dizel,1.009
2020-10-06,813,dizel,1.002
2020-10-06,814,dizel,1.002
2020-10-06,815,dizel,1.002
2020-10-06,816,dizel,1.002
2020-10-06,817,dizel,1.002
2020-10-06,818,dizel,1.002
2020-10-06,819,dizel,1.002
2020-10-06,820,dizel,1.002
2020-10-06,821,dizel,1.002
2020-10-06,822,95,1.009
2020-10-06,822,dizel,1.009
2020-10-06,824,dizel,1.002
2020-10-06,825,dizel,1.002
2020-10-06,826,dizel,1.002
2020-10-06,827,dizel,1.002
2020-10-06,829,dizel,1.002
2020-10-06,830,dizel,1.002
2020-10-06,831,dizel,1.002
2020-10-06,832,dizel,1.002
2020-10-06,833,dizel,1.002
2020-10-06,834,dizel,1.002
2020-10-06,835,dizel,1.002
2020-10-06,836,dizel,1.002
2020-10-06,838,dizel,1.002
2020-10-06,839,95,1.009
2020-10-06,839,dizel,1.009
2020-10-06,840,dizel,1.002
2020-10-06,841,dizel,1.002
2020-10-06,842,dizel,1.002
2020-10-06,843,dizel,1.002
2020-10-06,846,dizel,1.002
2020-10-06,849,dizel,1.002
2020-10-06,850,dizel,1.002
2020-10-06,851,dizel,1.002
2020-10-06,852,dizel,1.002
2020-10-06,853,dizel,1.002
2020-10-06,854,dizel,1.002
2020-10-06,855,dizel,1.002
2020-10-06,856,dizel,1.002
2020-10-06,857,dizel,1.002
2020-10-06,858,dizel,1.002
2020-10-06,859,dizel,1.002
2020-10-06,860,dizel,1.002
2020-10-06,862,dizel,1.002
2020-10-06,865,dizel,1.002
2020-10-06,866,dizel,1.002
2020-10-06,867,dizel,1.002
2020-10-06,868,dizel,1.002
2020-10-06,869,dizel,1.002
2020-10-06,870,dizel,1.002
2020-10-06,871,dizel,1.002
2020-10-06,872,95,1.009
2020-10-06,872,dizel,1.009
2020-10-06,873,dizel,1.002
2020-10-06,874,dizel,1.002
2020-10-06,875,dizel,1.002
2020-10-06,876,dizel,1.002
2020-10-06,1921,100,1.122
2020-10-06,1921,95,0.998
2020-10-06,1921,dizel,1.002
2020-10-06,1922,95,0.998
2020-10-06,1922,KOEL,0.782
2020-10-06,1922,dizel,1.002
2020-10-06,1923,100,1.146
2020-10-06,1923,95,1.029
2020-10-06,1923,dizel,1.025
2020-10-06,1924,95,0.998
2020-10-06,1924,KOEL,0.782
2020-10-06,1924,dizel,1.002
2020-10-06,1925,95,0.998
2020-10-06,1925,KOEL,0.782
2020-10-06,1925,dizel,1.002
2020-10-06,1926,95,0.998
2020-10-06,1926,KOEL,0.782
2020-10-06,1926,dizel,1.002
2020-10-06,1927,95,0.998
2020-10-06,1927,dizel,1.002
2020-10-06,1928,100,1.122
2020-10-06,1928,95,0.998
2020-10-06,1928,KOEL,0.782
2020-10-06,1928,dizel,1.002
2020-10-06,1929,100,1.122
2020-10-06,1929,95,0.998
2020-10-06,1929,KOEL,0.782
2020-10-06,1929,dizel,1.002
2020-10-06,1930,95,0.998
2020-10-06,1930,KOEL,0.782
2020-10-06,1930,dizel,1.002
2020-10-06,1931,95,0.998
2020-10-06,1931,KOEL,0.782
2020-10-06,1931,dizel,1.002
2020-10-06,1932,95,0.998
2020-10-06,1932,KOEL,0.782
2020-10-06,1932,dizel,1.002
2020-10-06,1933,95,0.998
2020-10-06,1933,KOEL,0.782
2020-10-06,1933,dizel,1.002
2020-10-06,1934,100,1.122
2020-10-06,1934,95,0.998
2020-10-06,1934,dizel,1.002
2020-10-06,1935,100,1.122
2020-10-06,1935,95,0.998
2020-10-06,1935,KOEL,0.782
2020-10-06,1935,dizel,1.002
2020-10-06,1936,95,0.998
2020-10-06,1936,KOEL,0.782
2020-10-06,1936,dizel,1.002
2020-10-06,1937,95,0.998
2020-10-06,1937,KOEL,0.782
2020-10-06,1937,dizel,1.002
2020-10-06,1938,95,0.998
2020-10-06,1938,KOEL,0.782
2020-10-06,1938,dizel,1.002
2020-10-06,1939,95,0.998
2020-10-06,1939,KOEL,0.782
2020-10-06,1939,dizel,1.002
2020-10-06,1940,95,0.998
2020-10-06,1940,KOEL,0.782
2020-10-06,1940,dizel,1.002
2020-10-06,1941,95,0.998
2020-10-06,1941,dizel,1.002
2020-10-06,1942,100,1.122
2020-10-06,1942,95,0.998
2020-10-06,1942,KOEL,0.782
2020-10-06,1942,dizel,1.002
2020-10-06,1943,100,1.122
2020-10-06,1943,95,0.998
2020-10-06,1943,KOEL,0.782
2020-10-06,1943,dizel,1.002
2020-10-06,1944,95,0.998
2020-10-06,1944,KOEL,0.782
2020-10-06,1944,dizel,1.002
2020-10-06,1945,100,1.146
2020-10-06,1945,95,1.029
2020-10-06,1945,dizel,1.025
2020-10-06,1946,95,0.998
2020-10-06,1946,KOEL,0.782
2020-10-06,1946,dizel,1.002
2020-10-06,1947,100,1.122
2020-10-06,1947,95,0.998
2020-10-06,1947,KOEL,0.782
2020-10-06,1947,dizel,1.002
2020-10-06,1948,100,1.122
2020-10-06,1948,95,0.998
2020-10-06,1948,KOEL,0.782
2020-10-06,1948,dizel,1.002
2020-10-06,1949,100,1.146
2020-10-06,1949,95,1.029
2020-10-06,1949,dizel,1.025
2020-10-06,1949,dizel-premium,1.236
2020-10-06,1950,100,1.122
2020-10-06,1950,95,0.998
2020-10-06,1950,KOEL,0.782
2020-10-06,1950,dizel,1.002
2020-10-06,1951,100,1.122
2020-10-06,1951,95,0.998
2020-10-06,1951,KOEL,0.782
2020-10-06,1951,dizel,1.002
2020-10-06,1952,100,1.122
2020-10-06,1952,95,0.998
2020-10-06,1952,dizel,1.002
2020-10-06,1953,95,0.998
2020-10-06,1953,KOEL,0.782
2020-10-06,1953,dizel,1.002
2020-10-06,1954,100,1.122
2020-10-06,1954,95,0.998
2020-10-06,1954,KOEL,0.782
2020-10-06,1954,dizel,1.002
2020-10-06,1955,100,1.122
2020-10-06,1955,95,0.998
2020-10-06,1955,dizel,1.002
2020-10-06,1956,100,1.122
2020-10-06,1956,95,0.998
2020-10-06,1956,dizel,1.002
2020-10-06,1957,100,1.122
2020-10-06,1957,95,0.998
2020-10-06,1957,KOEL,0.782
2020-10-06,1957,dizel,1.002
2020-10-06,1958,100,1.122
2020-10-06,1958,95,0.998
2020-10-06,1958,KOEL,0.782
2020-10-06,1958,dizel,1.002
2020-10-06,1959,100,1.122
2020-10-06,1959,95,0.998
2020-10-06,1959,dizel,1.002
2020-10-06,1960,100,1.122
2020-10-06,1960,95,0.998
2020-10-06,1960,dizel,1.002
2020-10-06,1961,100,1.122
2020-10-06,1961,95,0.998
2020-10-06,1961,KOEL,0.782
2020-10-06,1961,dizel,1.002
2020-10-06,1962,100,1.122
2020-10-06,1962,95,0.998
2020-10-06,1962,KOEL,0.782
2020-10-06,1962,dizel,1.002
2020-10-06,1963,100,1.122
2020-10-06,1963,95,0.998
2020-10-06,1963,KOEL,0.782
2020-10-06,1963,dizel,1.002
2020-10-06,1964,95,0.998
2020-10-06,1964,KOEL,0.782
2020-10-06,1964,dizel,1.002
2020-10-06,1965,95,0.998
2020-10-06,1965,KOEL,0.782
2020-10-06,1965,dizel,1.002
2020-10-06,1966,100,1.122
2020-10-06,1966,95,0.998
2020-10-06,1966,KOEL,0.782
2020-10-06,1966,dizel,1.002
2020-10-06,1967,95,0.998
2020-10-06,1967,KOEL,0.782
2020-10-06,1967,dizel,1.002
2020-10-06,1968,95,0.998
2020-10-06,1968,KOEL,0.782
2020-10-06,1968,dizel,1.002
2020-10-06,1969,100,1.122
2020-10-06,1969,95,0.998
2020-10-06,1969,KOEL,0.782
2020-10-06,1969,dizel,1.002
2020-10-06,1970,100,1.122
2020-10-06,1970,95,0.998
2020-10-06,1970,KOEL,0.782
2020-10-06,1970,dizel,1.002
2020-10-06,1971,100,1.122
2020-10-06,1971,95,0.998
2020-10-06,1971,dizel,1.002
2020-10-06,1972,100,1.122
2020-10-06,1972,95,0.998
2020-10-06,1972,KOEL,0.782
2020-10-06,1972,dizel,1.002
2020-10-06,1973,95,0.998
2020-10-06,1973,KOEL,0.782
2020-10-06,1973,dizel,1.002
2020-10-06,1974,95,0.998
2020-10-06,1974,KOEL,0.782
2020-10-06,1974,dizel,1.002
2020-10-06,1975,95,0.998
2020-10-06,1975,KOEL,0.782
2020-10-06,1975,dizel,1.002
2020-10-06,1976,100,1.146
2020-10-06,1976,95,1.029
2020-10-06,1976,dizel,1.025
2020-10-06,1977,100,1.146
2020-10-06,1977,95,1.029
2020-10-06,1977,dizel,1.025
2020-10-06,1977,dizel-premium,1.236
2020-10-06,1978,100,1.146
2020-10-06,1978,95,1.029
2020-10-06,1978,dizel,1.025
2020-10-06,1978,dizel-premium,1.236
2020-10-06,1979,100,1.122
2020-10-06,1979,95,0.998
2020-10-06,1979,KOEL,0.782
2020-10-06,1979,dizel,1.002
2020-10-06,1980,100,1.122
2020-10-06,1980,95,0.998
2020-10-06,1980,KOEL,0.782
2020-10-06,1980,dizel,1.002
2020-10-06,1981,100,1.122
2020-10-06,1981,95,0.998
2020-10-06,1981,dizel,1.002
2020-10-06,1982,95,0.998
2020-10-06,1982,KOEL,0.782
2020-10-06,1982,dizel,1.002
2020-10-06,1983,95,0.998
2020-10-06,1983,dizel,1.002
2020-10-06,1984,100,1.122
2020-10-06,1984,95,0.998
2020-10-06,1984,dizel,1.002
2020-10-06,1985,95,0.998
2020-10-06,1985,KOEL,0.782
2020-10-06,1985,dizel,1.002
2020-10-06,1986,100,1.122
2020-10-06,1986,95,0.998
2020-10-06,1986,KOEL,0.782
2020-10-06,1986,dizel,1.002
2020-10-06,1987,95,0.998
2020-10-06,1987,KOEL,0.782
2020-10-06,1987,dizel,1.002
2020-10-06,1988,95,0.998
2020-10-06,1988,KOEL,0.782
2020-10-06,1988,dizel,1.002
2020-10-06,1989,95,0.998
2020-10-06,1989,KOEL,0.782
2020-10-06,1989,dizel,1.002
2020-10-06,1990,100,1.122
2020-10-06,1990,95,0.998
2020-10-06,1990,dizel,1.002
2020-10-06,1991,95,0.998
2020-10-06,1991,KOEL,0.782
2020-10-06,1991,dizel,1.002
2020-10-06,1992,100,1.122
2020-10-06,1992,95,0.998
2020-10-06,1992,KOEL,0.782
2020-10-06,1992,dizel,1.002
2020-10-06,1993,100,1.122
2020-10-06,1993,95,0.998
2020-10-06,1993,KOEL,0.782
2020-10-06,1993,dizel,1.002
2020-10-06,1994,100,1.122
2020-10-06,1994,95,0.998
2020-10-06,1994,KOEL,0.782
2020-10-06,1994,dizel,1.002
2020-10-06,1995,100,1.122
2020-10-06,1995,95,0.998
2020-10-06,1995,KOEL,0.782
2020-10-06,1995,dizel,1.002
2020-10-06,1996,100,1.122
2020-10-06,1996,95,0.998
2020-10-06,1996,KOEL,0.782
2020-10-06,1996,dizel,1.002
2020-10-06,1997,100,1.146
2020-10-06,1997,95,1.029
2020-10-06,1997,dizel,1.025
2020-10-06,1998,100,1.122
2020-10-06,1998,95,0.998
2020-10-06,1998,dizel,1.002
2020-10-06,1999,100,1.122
2020-10-06,1999,95,0.998
2020-10-06,1999,KOEL,0.782
2020-10-06,1999,dizel,1.002
2020-10-06,2000,100,1.146
2020-10-06,2000,95,1.029
2020-10-06,2000,dizel,1.025
2020-10-06,2000,dizel-premium,1.236
2020-10-06,2001,100,1.122
2020-10-06,2001,95,0.998
2020-10-06,2001,KOEL,0.782
2020-10-06,2001,dizel,1.002
2020-10-06,2002,100,1.122
2020-10-06,2002,95,0.998
2020-10-06,2002,dizel,1.002
2020-10-06,2003,100,1.122
2020-10-06,2003,95,0.998
2020-10-06,2003,KOEL,0.782
2020-10-06,2003,dizel,1.002
2020-10-06,2004,100,1.122
2020-10-06,2004,95,0.998
2020-10-06,2004,dizel,1.002
2020-10-06,2005,100,1.122
2020-10-06,2005,95,0.998
2020-10-06,2005,dizel,1.002
2020-10-06,2006,100,1.122
2020-10-06,2006,95,0.998
2020-10-06,2006,dizel,1.002
2020-10-06,2007,100,1.122
2020-10-06,2007,95,0.998
2020-10-06,2007,KOEL,0.782
2020-10-06,2007,dizel,1.002
2020-10-06,2008,100,1.146
2020-10-06,2008,95,1.029
2020-10-06,2008,dizel,1.025
2020-10-06,2009,100,1.146
2020-10-06,2009,95,1.029
2020-10-06,2009,dizel,1.025
2020-10-06,2009,dizel-premium,1.236
2020-10-06,2010,100,1.122
2020-10-06,2010,95,0.998
2020-10-06,2010,KOEL,0.782
2020-10-06,2010,dizel,1.002
2020-10-06,2011,95,0.998
2020-10-06,2011,KOEL,0.782
2020-10-06,2011,dizel,1.002
2020-10-06,2012,95,0.998
2020-10-06,2012,KOEL,0.782
2020-10-06,2012,dizel,1.002
2020-10-06,2013,95,0.998
2020-10-06,2013,KOEL,0.782
2020-10-06,2013,dizel,1.002
2020-10-06,2014,100,1.122
2020-10-06,2014,95,0.998
2020-10-06,2014,KOEL,0.782
2020-10-06,2014,dizel,1.002
2020-10-06,2015,100,1.122
2020-10-06,2015,95,0.998
2020-10-06,2015,KOEL,0.782
2020-10-06,2015,dizel,1.002
2020-10-06,2016,100,1.122
2020-10-06,2016,95,0.998
2020-10-06,2016,dizel,1.002
2020-10-06,2017,95,0.998
2020-10-06,2017,KOEL,0.782
2020-10-06,2017,dizel,1.002
2020-10-06,2018,100,1.146
2020-10-06,2018,95,1.029
2020-10-06,2018,dizel,1.025
2020-10-06,2019,100,1.146
2020-10-06,2019,95,1.029
2020-10-06,2019,dizel,1.025
2020-10-06,2020,100,1.122
2020-10-06,2020,95,0.998
2020-10-06,2020,KOEL,0.782
2020-10-06,2020,dizel,1.002
2020-10-06,2021,100,1.122
2020-10-06,2021,95,0.998
2020-10-06,2021,dizel,1.002
2020-10-06,2022,100,1.122
2020-10-06,2022,95,0.998
2020-10-06,2022,KOEL,0.782
2020-10-06,2022,dizel,1.002
2020-10-06,2023,100,1.122
2020-10-06,2023,95,0.998
2020-10-06,2023,dizel,1.002
2020-10-06,2024,100,1.122
2020-10-06,2024,95,0.998
2020-10-06,2024,KOEL,0.782
2020-10-06,2024,dizel,1.002
2020-10-06,2025,95,0.998
2020-10-06,2025,KOEL,0.782
2020-10-06,2025,dizel,1.002
2020-10-06,2026,100,1.146
2020-10-06,2026,95,1.029
2020-10-06,2026,dizel,1.025
2020-10-06,2027,100,1.146
2020-10-06,2027,95,1.029
2020-10-06,2027,dizel,1.025
2020-10-06,2028,100,1.122
2020-10-06,2028,95,0.998
2020-10-06,2028,dizel,1.002
2020-10-06,2029,100,1.122
2020-10-06,2029,95,0.998
2020-10-06,2029,dizel,1.002
2020-10-06,2030,100,1.146
2020-10-06,2030,95,1.029
2020-10-06,2030,dizel,1.025
2020-10-06,2031,100,1.146
2020-10-06,2031,95,1.029
2020-10-06,2031,dizel,1.025
2020-10-06,2032,100,1.146
2020-10-06,2032,95,1.029
2020-10-06,2032,dizel,1.025
2020-10-06,2032,dizel-premium,1.236
2020-10-06,2033,100,1.122
2020-10-06,2033,95,0.998
2020-10-06,2033,dizel,1.002
2020-10-06,2034,100,1.122
2020-10-06,2034,95,0.998
2020-10-06,2034,dizel,1.002
2020-10-06,2035,95,0.998
2020-10-06,2035,dizel,1.002
2020-10-06,2036,100,1.122
2020-10-06,2036,95,0.998
2020-10-06,2036,dizel,1.002
2020-10-06,2037,100,1.122
2020-10-06,2037,95,0.998
2020-10-06,2037,dizel,1.002
2020-10-06,2038,95,0.998
2020-10-06,2038,dizel,1.002
2020-10-06,2039,100,1.122
2020-10-06,2039,95,0.998
2020-10-06,2039,dizel,1.002
2020-10-06,2040,100,1.122
2020-10-06,2040,95,0.998
2020-10-06,2040,KOEL,0.782
2020-10-06,2040,dizel,1.002
2020-10-06,2041,100,1.122
2020-10-06,2041,95,0.998
2020-10-06,2041,dizel,1.002
2020-10-06,2042,95,0.998
2020-10-06,2042,KOEL,0.782
2020-10-06,2042,dizel,1.002
2020-10-06,2043,100,1.122
2020-10-06,2043,95,0.998
2020-10-06,2043,dizel,1.002
2020-10-06,2044,100,1.122
2020-10-06,2044,95,0.998
2020-10-06,2044,dizel,1.002
2020-10-06,2045,100,1.122
2020-10-06,2045,95,0.998
2020-10-06,2045,dizel,1.002
2020-10-06,2046,100,1.122
2020-10-06,2046,95,0.998
2020-10-06,2046,dizel,1.002
2020-10-06,2047,100,1.122
2020-10-06,2047,95,0.998
2020-10-06,2047,dizel,1.002
2020-10-06,2048,100,1.122
2020-10-06,2048,95,0.998
2020-10-06,2048,dizel,1.002
2020-10-06,2049,100,1.122
2020-10-06,2049,95,0.998
2020-10-06,2049,KOEL,0.782
2020-10-06,2049,dizel,1.002
2020-10-06,2050,95,0.998
2020-10-06,2050,dizel,1.002
2020-10-06,2051,95,0.998
2020-10-06,2051,KOEL,0.782
2020-10-06,2051,dizel,1.002
2020-10-06,2052,100,1.122
2020-10-06,2052,95,0.998
2020-10-06,2052,dizel,1.002
2020-10-06,2053,95,0.998
2020-10-06,2053,KOEL,0.782
2020-10-06,2053,dizel,1.002
2020-10-06,2054,95,0.998
2020-10-06,2054,KOEL,0.782
2020-10-06,2054,dizel,1.002
2020-10-06,2055,95,0.998
2020-10-06,2055,dizel,1.002
2020-10-06,2056,100,1.122
2020-10-06,2056,95,0.998
2020-10-06,2056,dizel,1.002
2020-10-06,2057,95,0.998
2020-10-06,2057,dizel,1.002
2020-10-06,2058,95,0.998
2020-10-06,2058,dizel,1.002
2020-10-06,2059,100,1.146
2020-10-06,2059,95,1.029
2020-10-06,2059,dizel,1.025
2020-10-06,2059,dizel-premium,1.236
2020-10-06,2060,100,1.146
2020-10-06,2060,95,1.029
2020-10-06,2060,dizel,1.025
2020-10-06,2060,dizel-premium,1.236
2020-10-06,2061,100,1.122
2020-10-06,2061,95,0.998
2020-10-06,2061,KOEL,0.782
2020-10-06,2061,dizel,1.002
2020-10-06,2062,100,1.122
2020-10-06,2062,95,0.998
2020-10-06,2062,KOEL,0.782
2020-10-06,2062,dizel,1.002
2020-10-06,2063,100,1.122
2020-10-06,2063,95,0.998
2020-10-06,2063,dizel,1.002
2020-10-06,2064,100,1.122
2020-10-06,2064,95,0.998
2020-10-06,2064,KOEL,0.782
2020-10-06,2064,dizel,1.002
2020-10-06,2065,100,1.122
2020-10-06,2065,95,0.998
2020-10-06,2065,KOEL,0.782
2020-10-06,2065,dizel,1.002
2020-10-06,2066,95,0.998
2020-10-06,2066,KOEL,0.782
2020-10-06,2066,dizel,1.002
2020-10-06,2067,100,1.122
2020-10-06,2067,95,0.998
2020-10-06,2067,KOEL,0.782
2020-10-06,2067,dizel,1.002
2020-10-06,2068,95,0.998
2020-10-06,2068,dizel,1.002
2020-10-06,2069,100,1.122
2020-10-06,2069,95,0.998
2020-10-06,2069,dizel,1.002
2020-10-06,2070,100,1.122
2020-10-06,2070,95,0.998
2020-10-06,2070,KOEL,0.782
2020-10-06,2070,dizel,1.002
2020-10-06,2071,100,1.122
2020-10-06,2071,95,0.998
2020-10-06,2071,KOEL,0.782
2020-10-06,2071,dizel,1.002
2020-10-06,2072,95,0.998
2020-10-06,2072,KOEL,0.782
2020-10-06,2072,dizel,1.002
2020-10-06,2073,100,1.122
2020-10-06,2073,95,0.998
2020-10-06,2073,KOEL,0.782
2020-10-06,2073,dizel,1.002
2020-10-06,2074,100,1.122
2020-10-06,2074,95,0.998
2020-10-06,2074,KOEL,0.782
2020-10-06,2074,dizel,1.002
2020-10-06,2075,95,0.998
2020-10-06,2075,KOEL,0.782
2020-10-06,2075,dizel,1.002
2020-10-06,2076,95,0.998
2020-10-06,2076,KOEL,0.782
2020-10-06,2076,dizel,1.002
2020-10-06,2077,95,0.998
2020-10-06,2077,KOEL,0.782
2020-10-06,2077,dizel,1.002
2020-10-06,2078,95,0.998
2020-10-06,2078,KOEL,0.782
2020-10-06,2078,dizel,1.002
2020-10-06,2079,95,0.998
2020-10-06,2079,KOEL,0.782
2020-10-06,2079,dizel,1.002
2020-10-06,2080,100,1.122
2020-10-06,2080,95,0.998
2020-10-06,2080,KOEL,0.782
2020-10-06,2080,dizel,1.002
2020-10-06,2082,95,0.998
2020-10-06,2082,KOEL,0.782
2020-10-06,2082,dizel,1.002
2020-10-06,2083,95,0.998
2020-10-06,2083,KOEL,0.782
2020-10-06,2083,dizel,1.002
2020-10-06,2084,95,0.998
2020-10-06,2084,KOEL,0.782
2020-10-06,2084,dizel,1.002
2020-10-06,2085,95,0.998
2020-10-06,2085,dizel,1.002
2020-10-06,2086,95,0.998
2020-10-06,2086,KOEL,0.782
2020-10-06,2086,dizel,1.002
2020-10-06,2087,95,0.998
2020-10-06,2087,KOEL,0.782
2020-10-06,2087,dizel,1.002
2020-10-06,2088,100,1.146
2020-10-06,2088,95,1.029
2020-10-06,2088,dizel,1.025
2020-10-06,2088,dizel-premium,1.236
2020-10-06,2089,100,1.146
2020-10-06,2089,95,1.029
2020-10-06,2089,dizel,1.025
2020-10-06,2090,100,1.122
2020-10-06,2090,95,0.998
2020-10-06,2090,KOEL,0.782
2020-10-06,2090,dizel,1.002
2020-10-06,2091,100,1.122
2020-10-06,2091,95,0.998
2020-10-06,2091,KOEL,0.782
2020-10-06,2091,dizel,1.002
2020-10-06,2092,100,1.122
2020-10-06,2092,95,0.998
2020-10-06,2092,KOEL,0.782
2020-10-06,2092,dizel,1.002
2020-10-06,2093,95,0.998
2020-10-06,2093,KOEL,0.782
2020-10-06,2093,dizel,1.002
2020-10-06,2094,100,1.122
2020-10-06,2094,95,0.998
2020-10-06,2094,KOEL,0.782
2020-10-06,2094,dizel,1.002
2020-10-06,2095,100,1.146
2020-10-06,2095,95,1.029
2020-10-06,2095,dizel,1.025
2020-10-06,2095,dizel-premium,1.236
2020-10-06,2096,100,1.146
2020-10-06,2096,95,1.029
2020-10-06,2096,dizel,1.025
2020-10-06,2096,dizel-premium,1.236
2020-10-06,2097,95,0.998
2020-10-06,2097,KOEL,0.782
2020-10-06,2097,dizel,1.002
2020-10-06,2098,100,1.122
2020-10-06,2098,95,0.998
2020-10-06,2098,KOEL,0.782
2020-10-06,2098,dizel,1.002
2020-10-06,2099,100,1.122
2020-10-06,2099,95,0.998
2020-10-06,2099,KOEL,0.782
2020-10-06,2099,dizel,1.002
2020-10-06,2100,100,1.146
2020-10-06,2100,95,1.029
2020-10-06,2100,dizel,1.025
2020-10-06,2101,100,1.146
2020-10-06,2101,95,1.029
2020-10-06,2101,dizel,1.025
2020-10-06,2102,95,0.998
2020-10-06,2102,KOEL,0.782
2020-10-06,2102,dizel,1.002
2020-10-06,2103,95,0.998
2020-10-06,2103,KOEL,0.782
2020-10-06,2103,dizel,1.002
2020-10-06,2104,100,1.122
2020-10-06,2104,95,0.998
2020-10-06,2104,KOEL,0.782
2020-10-06,2104,dizel,1.002
2020-10-06,2105,95,0.998
2020-10-06,2105,KOEL,0.782
2020-10-06,2105,dizel,1.002
2020-10-06,2106,95,0.998
2020-10-06,2106,KOEL,0.782
2020-10-06,2106,dizel,1.002
2020-10-06,2107,95,0.998
2020-10-06,2107,KOEL,0.782
2020-10-06,2107,dizel,1.002
2020-10-06,2108,100,1.122
2020-10-06,2108,95,0.998
2020-10-06,2108,KOEL,0.782
2020-10-06,2108,dizel,1.002
2020-10-06,2109,95,0.998
2020-10-06,2109,KOEL,0.782
2020-10-06,2109,dizel,1.002
2020-10-06,2110,95,0.998
2020-10-06,2110,dizel,1.002
2020-10-06,2111,100,1.122
2020-10-06,2111,95,0.998
2020-10-06,2111,KOEL,0.782
2020-10-06,2111,dizel,1.002
2020-10-06,2112,100,1.122
2020-10-06,2112,95,0.998
2020-10-06,2112,dizel,1.002
2020-10-06,2113,95,0.998
2020-10-06,2113,dizel,1.002
2020-10-06,2114,95,0.998
2020-10-06,2114,KOEL,0.782
2020-10-06,2114,dizel,1.002
2020-10-06,2115,100,1.122
2020-10-06,2115,95,0.998
2020-10-06,2115,KOEL,0.782
2020-10-06,2115,dizel,1.002
2020-10-06,2116,95,0.998
2020-10-06,2116,KOEL,0.782
2020-10-06,2116,dizel,1.002
2020-10-06,2117,100,1.122
2020-10-06,2117,95,0.998
2020-10-06,2117,dizel,1.002
2020-10-06,2118,95,0.998
2020-10-06,2118,dizel,1.002
2020-10-06,2119,100,1.122
2020-10-06,2119,95,0.998
2020-10-06,2119,KOEL,0.782
2020-10-06,2119,dizel,1.002
2020-10-06,2120,100,1.146
2020-10-06,2120,95,1.029
2020-10-06,2120,dizel,1.025
2020-10-06,2121,100,1.122
2020-10-06,2121,95,0.998
2020-10-06,2121,KOEL,0.782
2020-10-06,2121,dizel,1.002
2020-10-06,2122,100,1.122
2020-10-06,2122,95,0.998
2020-10-06,2122,KOEL,0.782
2020-10-06,2122,dizel,1.002
2020-10-06,2123,100,1.146
2020-10-06,2123,95,1.029
2020-10-06,2123,dizel,1.025
2020-10-06,2124,95,0.998
2020-10-06,2124,KOEL,0.782
2020-10-06,2124,dizel,1.002
2020-10-06,2125,100,1.122
2020-10-06,2125,95,0.998
2020-10-06,2125,KOEL,0.782
2020-10-06,2125,dizel,1.002
2020-10-06,2126,100,1.122
2020-10-06,2126,95,0.998
2020-10-06,2126,dizel,1.002
2020-10-06,2127,95,0.998
2020-10-06,2127,KOEL,0.782
2020-10-06,2127,dizel,1.002
2020-10-06,2128,100,1.122
2020-10-06,2128,95,0.998
2020-10-06,2128,dizel,1.002
2020-10-06,2129,95,0.998
2020-10-06,2129,dizel,1.002
2020-10-06,2130,100,1.122
2020-10-06,2130,95,0.998
2020-10-06,2130,dizel,1.002
2020-10-06,2131,100,1.122
2020-10-06,2131,95,0.998
2020-10-06,2131,KOEL,0.782
2020-10-06,2131,dizel,1.002
2020-10-06,2132,100,1.122
2020-10-06,2132,95,0.998
2020-10-06,2132,KOEL,0.782
2020-10-06,2132,dizel,1.002
2020-10-06,2133,100,1.122
2020-10-06,2133,95,0.998
2020-10-06,2133,dizel,1.002
2020-10-06,2134,100,1.122
2020-10-06,2134,95,0.998
2020-10-06,2134,dizel,1.002
2020-10-06,2135,100,1.122
2020-10-06,2135,95,0.998
2020-10-06,2135,dizel,1.002
2020-10-06,2136,100,1.122
2020-10-06,2136,95,0.998
2020-10-06,2136,dizel,1.002
2020-10-06,2137,100,1.122
2020-10-06,2137,95,0.998
2020-10-06,2137,KOEL,0.782
2020-10-06,2137,dizel,1.002
2020-10-06,2138,100,1.122
2020-10-06,2138,95,0.998
2020-10-06,2138,dizel,1.002
2020-10-06,2139,100,1.122
2020-10-06,2139,95,0.998
2020-10-06,2139,KOEL,0.782
2020-10-06,2139,dizel,1.002
2020-10-06,2140,95,0.998
2020-10-06,2140,KOEL,0.782
2020-10-06,2140,dizel,1.002
2020-10-06,2141,100,1.146
2020-10-06,2141,95,1.029
2020-10-06,2141,dizel,1.025
2020-10-06,2142,95,0.998
2020-10-06,2142,KOEL,0.782
2020-10-06,2142,dizel,1.002
2020-10-06,2143,95,0.998
2020-10-06,2143,KOEL,0.782
2020-10-06,2143,dizel,1.002
2020-10-06,2144,100,1.122
2020-10-06,2144,95,0.998
2020-10-06,2144,KOEL,0.782
2020-10-06,2144,dizel,1.002
2020-10-06,2145,100,1.122
2020-10-06,2145,95,0.998
2020-10-06,2145,KOEL,0.782
2020-10-06,2145,dizel,1.002
2020-10-06,2146,100,1.122
2020-10-06,2146,95,0.998
2020-10-06,2146,KOEL,0.782
2020-10-06,2146,dizel,1.002
2020-10-06,2147,100,1.122
2020-10-06,2147,95,0.998
2020-10-06,2147,KOEL,0.782
2020-10-06,2147,dizel,1.002
2020-10-06,2148,100,1.122
2020-10-06,2148,95,0.998
2020-10-06,2148,KOEL,0.782
2020-10-06,2148,dizel,1.002
2020-10-06,2149,100,1.122
2020-10-06,2149,95,0.998
2020-10-06,2149,KOEL,0.782
2020-10-06,2149,dizel,1.002
2020-10-06,2150,100,1.122
2020-10-06,2150,95,0.998
2020-10-06,2150,KOEL,0.782
2020-10-06,2150,dizel,1.002
2020-10-06,2151,95,0.998
2020-10-06,2151,KOEL,0.782
2020-10-06,2151,dizel,1.002
2020-10-06,2152,95,0.998
2020-10-06,2152,KOEL,0.782
2020-10-06,2152,dizel,1.002
2020-10-06,2153,95,0.998
2020-10-06,2153,KOEL,0.782
2020-10-06,2153,dizel,1.002
2020-10-06,2154,95,0.998
2020-10-06,2154,KOEL,0.782
2020-10-06,2154,dizel,1.002
2020-10-06,2155,95,0.998
2020-10-06,2155,KOEL,0.782
2020-10-06,2155,dizel,1.002
2020-10-06,2156,95,0.998
2020-10-06,2156,KOEL,0.782
2020-10-06,2156,dizel,1.002
2020-10-06,2157,95,0.998
2020-10-06,2157,KOEL,0.782
2020-10-06,2157,dizel,1.002
2020-10-06,2158,100,1.122
2020-10-06,2158,95,0.998
2020-10-06,2158,KOEL,0.782
2020-10-06,2158,dizel,1.002
2020-10-06,2159,95,0.998
2020-10-06,2159,KOEL,0.782
2020-10-06,2159,dizel,1.002
2020-10-06,2160,95,0.998
2020-10-06,2160,KOEL,0.782
2020-10-06,2160,dizel,1.002
2020-10-06,2161,100,1.122
2020-10-06,2161,95,0.998
2020-10-06,2161,KOEL,0.782
2020-10-06,2161,dizel,1.002
2020-10-06,2162,100,1.146
2020-10-06,2162,95,1.029
2020-10-06,2162,dizel,1.025
2020-10-06,2163,100,1.122
2020-10-06,2163,95,0.998
2020-10-06,2163,KOEL,0.782
2020-10-06,2163,dizel,1.002
2020-10-06,2164,100,1.122
2020-10-06,2164,95,0.998
2020-10-06,2164,KOEL,0.782
2020-10-06,2164,dizel,1.002
2020-10-06,2165,95,0.998
2020-10-06,2165,KOEL,0.782
2020-10-06,2165,dizel,1.002
2020-10-06,2166,100,1.122
2020-10-06,2166,95,0.998
2020-10-06,2166,KOEL,0.782
2020-10-06,2166,dizel,1.002
2020-10-06,2167,100,1.122
2020-10-06,2167,95,0.998
2020-10-06,2167,dizel,1.002
2020-10-06,2168,100,1.122
2020-10-06,2168,95,0.998
2020-10-06,2168,KOEL,0.782
2020-10-06,2168,dizel,1.002
2020-10-06,2169,95,0.998
2020-10-06,2169,KOEL,0.782
2020-10-06,2169,dizel,1.002
2020-10-06,2170,95,0.998
2020-10-06,2170,KOEL,0.782
2020-10-06,2170,dizel,1.002
2020-10-06,2171,100,1.122
2020-10-06,2171,95,0.998
2020-10-06,2171,KOEL,0.782
2020-10-06,2171,dizel,1.002
2020-10-06,2172,100,1.122
2020-10-06,2172,95,0.998
2020-10-06,2172,dizel,1.002
2020-10-06,2173,95,0.998
2020-10-06,2173,KOEL,0.782
2020-10-06,2173,dizel,1.002
2020-10-06,2174,100,1.122
2020-10-06,2174,95,0.998
2020-10-06,2174,KOEL,0.782
2020-10-06,2174,dizel,1.002
2020-10-06,2175,100,1.146
2020-10-06,2175,95,1.029
2020-10-06,2175,dizel,1.025
2020-10-06,2176,100,1.146
2020-10-06,2176,95,1.029
2020-10-06,2176,dizel,1.025
2020-10-06,2177,95,0.998
2020-10-06,2177,KOEL,0.782
2020-10-06,2177,dizel,1.002
2020-10-06,2178,100,1.122
2020-10-06,2178,95,0.998
2020-10-06,2178,KOEL,0.782
2020-10-06,2178,dizel,1.002
2020-10-06,2179,95,0.998
2020-10-06,2179,KOEL,0.782
2020-10-06,2179,dizel,1.002
2020-10-06,2180,95,0.998
2020-10-06,2180,KOEL,0.782
2020-10-06,2180,dizel,1.002
2020-10-06,2181,95,0.998
2020-10-06,2181,KOEL,0.782
2020-10-06,2181,dizel,1.002
2020-10-06,2182,95,0.998
2020-10-06,2182,KOEL,0.782
2020-10-06,2182,dizel,1.002
2020-10-06,2183,95,0.998
2020-10-06,2183,dizel,1.002
2020-10-06,2184,95,0.998
2020-10-06,2184,KOEL,0.782
2020-10-06,2184,dizel,1.002
2020-10-06,2185,95,0.998
2020-10-06,2185,KOEL,0.782
2020-10-06,2185,dizel,1.002
2020-10-06,2186,100,1.122
2020-10-06,2186,95,0.998
2020-10-06,2186,KOEL,0.782
2020-10-06,2186,dizel,1.002
2020-10-06,2187,100,1.122
2020-10-06,2187,95,0.998
2020-10-06,2187,KOEL,0.782
2020-10-06,2187,dizel,1.002
2020-10-06,2188,100,1.122
2020-10-06,2188,95,0.998
2020-10-06,2188,KOEL,0.782
2020-10-06,2188,dizel,1.002
2020-10-06,2189,95,0.998
2020-10-06,2189,KOEL,0.782
2020-10-06,2189,dizel,1.002
2020-10-06,2190,100,1.122
2020-10-06,2190,95,0.998
2020-10-06,2190,KOEL,0.782
2020-10-06,2190,dizel,1.002
2020-10-06,2191,100,1.122
2020-10-06,2191,95,0.998
2020-10-06,2191,KOEL,0.782
2020-10-06,2191,dizel,1.002
2020-10-06,2192,100,1.122
2020-10-06,2192,95,0.998
2020-10-06,2192,KOEL,0.782
2020-10-06,2192,dizel,1.002
2020-10-06,2193,95,0.998
2020-10-06,2193,KOEL,0.782
2020-10-06,2193,dizel,1.002
2020-10-06,2194,100,1.122
2020-10-06,2194,95,0.998
2020-10-06,2194,dizel,1.002
2020-10-06,2195,100,1.122
2020-10-06,2195,95,0.998
2020-10-06,2195,KOEL,0.782
2020-10-06,2195,dizel,1.002
2020-10-06,2196,100,1.122
2020-10-06,2196,95,0.998
2020-10-06,2196,KOEL,0.782
2020-10-06,2196,dizel,1.002
2020-10-06,2197,100,1.122
2020-10-06,2197,95,0.998
2020-10-06,2197,dizel,1.002
2020-10-06,2198,100,1.122
2020-10-06,2198,95,0.998
2020-10-06,2198,KOEL,0.782
2020-10-06,2198,dizel,1.002
2020-10-06,2199,100,1.122
2020-10-06,2199,95,0.998
2020-10-06,2199,dizel,1.002
2020-10-06,2200,100,1.122
2020-10-06,2200,95,0.998
2020-10-06,2200,dizel,1.002
2020-10-06,2201,100,1.146
2020-10-06,2201,95,1.029
2020-10-06,2201,dizel,1.025
2020-10-06,2202,100,1.146
2020-10-06,2202,95,1.029
2020-10-06,2202,dizel,1.025
2020-10-06,2203,95,0.998
2020-10-06,2203,KOEL,0.782
2020-10-06,2203,dizel,1.002
2020-10-06,2204,100,1.122
2020-10-06,2204,95,0.998
2020-10-06,2204,dizel,1.002
2020-10-06,2205,100,1.122
2020-10-06,2205,95,0.998
2020-10-06,2205,KOEL,0.782
2020-10-06,2205,dizel,1.002
2020-10-06,2206,100,1.122
2020-10-06,2206,95,0.998
2020-10-06,2206,KOEL,0.782
2020-10-06,2206,dizel,1.002
2020-10-06,2207,100,1.122
2020-10-06,2207,95,0.998
2020-10-06,2207,dizel,1.002
2020-10-06,2208,95,0.998
2020-10-06,2208,KOEL,0.782
2020-10-06,2208,dizel,1.002
2020-10-06,2209,95,0.998
2020-10-06,2209,KOEL,0.782
2020-10-06,2209,dizel,1.002
2020-10-06,2210,100,1.122
2020-10-06,2210,95,0.998
2020-10-06,2210,KOEL,0.782
2020-10-06,2210,dizel,1.002
2020-10-06,2211,95,0.998
2020-10-06,2211,KOEL,0.782
2020-10-06,2211,dizel,1.002
2020-10-06,2212,100,1.122
2020-10-06,2212,95,0.998
2020-10-06,2212,KOEL,0.782
2020-10-06,2212,dizel,1.002
2020-10-06,2213,95,0.998
2020-10-06,2213,KOEL,0.782
2020-10-06,2213,dizel,1.002
2020-10-06,2214,95,0.998
2020-10-06,2214,KOEL,0.782
2020-10-06,2214,dizel,1.002
2020-10-06,2215,100,1.122
2020-10-06,2215,95,0.998
2020-10-06,2215,KOEL,0.782
2020-10-06,2215,dizel,1.002
2020-10-06,2216,100,1.146
2020-10-06,2216,95,1.029
2020-10-06,2216,dizel,1.025
2020-10-06,2216,dizel-premium,1.236
2020-10-06,2217,100,1.122
2020-10-06,2217,95,0.998
2020-10-06,2217,KOEL,0.782
2020-10-06,2217,dizel,1.002
2020-10-06,2218,100,1.122
2020-10-06,2218,95,0.998
2020-10-06,2218,KOEL,0.782
2020-10-06,2218,dizel,1.002
2020-10-06,2219,95,0.998
2020-10-06,2219,KOEL,0.782
2020-10-06,2219,dizel,1.002
2020-10-06,2220,100,1.122
2020-10-06,2220,95,0.998
2020-10-06,2220,KOEL,0.782
2020-10-06,2220,dizel,1.002
2020-10-06,2221,100,1.122
2020-10-06,2221,95,0.998
2020-10-06,2221,KOEL,0.782
2020-10-06,2221,dizel,1.002
2020-10-06,2222,100,1.122
2020-10-06,2222,95,0.998
2020-10-06,2222,KOEL,0.782
2020-10-06,2222,dizel,1.002
2020-10-06,2223,95,0.998
2020-10-06,2223,KOEL,0.782
2020-10-06,2223,dizel,1.002
2020-10-06,2224,95,0.998
2020-10-06,2224,KOEL,0.782
2020-10-06,2224,dizel,1.002
2020-10-06,2225,100,1.122
2020-10-06,2225,95,0.998
2020-10-06,2225,KOEL,0.782
2020-10-06,2225,dizel,1.002
2020-10-06,2227,100,1.122
2020-10-06,2227,95,0.998
2020-10-06,2227,dizel,1.002
2020-10-06,2228,100,1.122
2020-10-06,2228,95,0.998
2020-10-06,2228,KOEL,0.782
2020-10-06,2228,dizel,1.002
2020-10-06,2229,100,1.146
2020-10-06,2229,95,1.029
2020-10-06,2229,dizel,1.025
2020-10-06,2229,dizel-premium,1.236
2020-10-06,2230,100,1.146
2020-10-06,2230,95,1.029
2020-10-06,2230,dizel,1.025
2020-10-06,2230,dizel-premium,1.236
2020-10-06,2231,100,1.146
2020-10-06,2231,95,1.029
2020-10-06,2231,dizel,1.025
2020-10-06,2231,dizel-premium,1.236
2020-10-06,2232,100,1.146
2020-10-06,2232,95,1.029
2020-10-06,2232,dizel,1.025
2020-10-06,2232,dizel-premium,1.236
2020-10-06,2233,100,1.122
2020-10-06,2233,95,0.998
2020-10-06,2233,dizel,1.002
2020-10-06,2236,dizel,1.002
2020-10-06,2271,dizel,1.002
2020-10-06,2272,100,1.122
2020-10-06,2272,95,0.998
2020-10-06,2272,dizel,1.002
2020-10-06,2273,dizel,1.002
2020-10-06,2274,dizel,1.002
2020-10-06,2275,dizel,1.002
2020-10-06,2276,dizel,1.002
2020-10-07,767,KOEL,0.781
2020-10-07,771,KOEL,0.781
2020-10-07,773,KOEL,0.781
2020-10-07,776,KOEL,0.781
2020-10-07,779,KOEL,0.781
2020-10-07,780,KOEL,0.781
2020-10-07,783,KOEL,0.781
2020-10-07,792,KOEL,0.781
2020-10-07,795,KOEL,0.781
2020-10-07,797,KOEL,0.781
2020-10-07,799,KOEL,0.781
2020-10-07,803,KOEL,0.781
2020-10-07,805,KOEL,0.781
2020-10-07,807,KOEL,0.781
2020-10-07,810,KOEL,0.781
2020-10-07,814,KOEL,0.781
2020-10-07,815,KOEL,0.781
2020-10-07,821,KOEL,0.781
2020-10-07,826,KOEL,0.781
2020-10-07,829,KOEL,0.781
2020-10-07,834,KOEL,0.781
2020-10-07,835,KOEL,0.781
2020-10-07,838,KOEL,0.781
2020-10-07,842,KOEL,0.781
2020-10-07,843,KOEL,0.781
2020-10-07,846,KOEL,0.781
2020-10-07,855,KOEL,0.781
2020-10-07,857,KOEL,0.781
2020-10-07,858,KOEL,0.781
2020-10-07,860,KOEL,0.781
2020-10-07,862,KOEL,0.781
2020-10-07,863,KOEL,0.781
2020-10-07,865,KOEL,0.781
2020-10-07,869,KOEL,0.781
2020-10-07,871,KOEL,0.781
2020-10-07,874,KOEL,0.781
2020-10-07,875,KOEL,0.781
2020-10-07,876,KOEL,0.781
2020-10-07,1548,95,0.999
2020-10-07,1548,dizel,1.002
2020-10-07,1549,95,0.999
2020-10-07,1549,dizel,1.002
2020-10-07,1550,95,0.999
2020-10-07,1550,dizel,1.002
2020-10-07,1551,95,0.999
2020-10-07,1551,dizel,1.002
2020-10-07,1551,dizel-premium,1.102
2020-10-07,1552,95,0.999
2020-10-07,1552,dizel,1.002
2020-10-07,1552,dizel-premium,1.102
2020-10-07,1553,95,0.999
2020-10-07,1553,dizel,1.002
2020-10-07,1554,95,0.999
2020-10-07,1554,dizel,1.002
2020-10-07,1555,95,0.999
2020-10-07,1555,dizel,1.002
2020-10-07,1555,dizel-premium,1.102
2020-10-07,1556,95,0.999
2020-10-07,1556,dizel,1.002
2020-10-07,1556,dizel-premium,1.102
2020-10-07,1557,95,0.999
2020-10-07,1557,dizel,1.002
2020-10-07,1557,dizel-premium,1.102
2020-10-07,1558,95,0.999
2020-10-07,1558,dizel,1.002
2020-10-07,1559,95,1.030
2020-10-07,1559,dizel,1.025
2020-10-07,1559,dizel-premium,1.238
2020-10-07,1560,95,0.999
2020-10-07,1560,dizel,1.002
2020-10-07,1561,95,0.999
2020-10-07,1561,KOEL,0.782
2020-10-07,1561,dizel,1.002
2020-10-07,1562,95,0.999
2020-10-07,1562,dizel,1.002
2020-10-07,1563,95,0.999
2020-10-07,1563,dizel,1.002
2020-10-07,1564,95,0.999
2020-10-07,1564,KOEL,0.782
2020-10-07,1564,dizel,1.002
2020-10-07,1565,95,0.999
2020-10-07,1565,dizel,1.002
2020-10-07,1566,95,0.999
2020-10-07,1566,dizel,1.002
2020-10-07,1567,95,0.999
2020-10-07,1567,dizel,1.002
2020-10-07,1568,95,1.030
2020-10-07,1568,dizel,1.025
2020-10-07,1568,dizel-premium,1.238
2020-10-07,1569,95,0.999
2020-10-07,1569,dizel,1.002
2020-10-07,1570,95,0.999
2020-10-07,1570,dizel,1.002
2020-10-07,1571,95,0.999
2020-10-07,1571,dizel,1.002
2020-10-07,1572,95,0.999
2020-10-07,1572,dizel,1.002
2020-10-07,1573,95,0.999
2020-10-07,1573,dizel,1.002
2020-10-07,1574,95,0.999
2020-10-07,1574,dizel,1.002
2020-10-07,1575,95,0.999
2020-10-07,1575,dizel,1.002
2020-10-07,1576,95,0.999
2020-10-07,1576,dizel,1.002
2020-10-07,1577,95,0.999
2020-10-07,1577,dizel,1.002
2020-10-07,1578,95,0.999
2020-10-07,1578,dizel,1.002
2020-10-07,1579,95,0.999
2020-10-07,1579,dizel,1.002
2020-10-07,1580,95,0.999
2020-10-07,1580,dizel,1.002
2020-10-07,1581,95,0.999
2020-10-07,1581,dizel,1.002
2020-10-07,1582,95,0.999
2020-10-07,1582,KOEL,0.782
2020-10-07,1582,dizel,1.002
2020-10-07,1583,95,0.999
2020-10-07,1583,KOEL,0.782
2020-10-07,1583,dizel,1.002
2020-10-07,1584,95,0.999
2020-10-07,1584,KOEL,0.782
2020-10-07,1584,dizel,1.002
2020-10-07,1585,95,0.999
2020-10-07,1585,KOEL,0.782
2020-10-07,1585,dizel,1.002
2020-10-07,1586,95,0.999
2020-10-07,1586,KOEL,0.782
2020-10-07,1586,dizel,1.002
2020-10-07,1587,95,0.999
2020-10-07,1587,KOEL,0.782
2020-10-07,1587,dizel,1.002
2020-10-07,1588,95,0.999
2020-10-07,1588,KOEL,0.782
2020-10-07,1588,dizel,1.002
2020-10-07,1589,95,0.999
2020-10-07,1589,dizel,1.002
2020-10-07,1590,95,0.999
2020-10-07,1590,dizel,1.002
2020-10-07,1591,95,0.999
2020-10-07,1591,dizel,1.002
2020-10-07,1592,95,0.999
2020-10-07,1592,KOEL,0.782
2020-10-07,1592,dizel,1.002
2020-10-07,1593,95,0.999
2020-10-07,1593,dizel,1.002
2020-10-07,2234,95,0.999
2020-10-07,2234,dizel,1.002
2020-10-07,2234,dizel-premium,1.102
2020-10-07,2235,95,0.999
2020-10-07,2235,dizel,1.002
2020-10-07,2235,dizel-premium,1.102
2020-10-07,2237,dizel,1.002
2020-10-07,2238,dizel,1.002
2020-10-07,2239,dizel,1.002
2020-10-07,2240,dizel,1.002
2020-10-07,2241,dizel,1.002
2020-10-07,2242,dizel,1.002
2020-10-07,2243,dizel,1.002
2020-10-07,2244,dizel,1.002
2020-10-07,2245,dizel,1.002
2020-10-07,2246,dizel,1.002
2020-10-07,2247,dizel,1.002
2020-10-07,2248,dizel,1.002
2020-10-07,2249,dizel,1.002
2020-10-07,2250,dizel,1.002
2020-10-07,2251,dizel,1.002
2020-10-07,2252,dizel,1.002
2020-10-07,2253,dizel,1.002
2020-10-07,2254,dizel,1.002
2020-10-07,2255,dizel,1.002
2020-10-07,2256,dizel,1.002
2020-10-07,2257,dizel,1.002
2020-10-07,2258,dizel,1.002
2020-10-07,2259,dizel,1.002
2020-10-07,2260,dizel,1.002
2020-10-07,2261,dizel,1.002
2020-10-07,2262,dizel,1.002
2020-10-07,2263,dizel,1.002
2020-10-07,2264,dizel,1.002
2020-10-07,2265,dizel,1.002
2020-10-07,2266,100,1.130
2020-10-07,2266,95,0.999
2020-10-07,2266,dizel,1.002
2020-10-07,2267,100,1.126
2020-10-07,2268,100,1.122
2020-10-07,2268,KOEL,0.782
2020-10-07,2268,dizel,1.002
2020-10-07,2283,95,0.999
2020-10-07,2283,KOEL,0.782
2020-10-07,2283,dizel,1.002
2020-10-07,2284,95,0.999
2020-10-07,2284,KOEL,0.782
2020-10-07,2284,dizel,1.002
2020-10-07,2285,95,0.999
2020-10-07,2285,KOEL,0.782
2020-10-07,2285,dizel,1.002
2020-10-07,2286,95,0.999
2020-10-07,2286,KOEL,0.782
2020-10-07,2286,dizel,1.002
2020-10-07,2287,95,0.999
2020-10-07,2287,KOEL,0.782
2020-10-07,2287,dizel,1.002
2020-10-07,2288,dizel,0.972
2020-10-07,2289,dizel,0.972
2020-10-07,2290,dizel,0.972
2020-10-07,2291,dizel,0.972
2020-10-07,2292,dizel,0.972
2020-10-07,2293,dizel,0.972
2020-10-07,2294,dizel,0.972
2020-10-07,2295,dizel,0.972
2020-10-07,2302,95,0.997
2020-10-07,2302,98,1.127
2020-10-07,2303,95,0.997
2020-10-07,2303,98,1.127
2020-10-07,2304,95,0.997
2020-10-07,2304,98,1.127
2020-10-07,2305,95,0.997
2020-10-07,2305,98,1.127
2020-10-07,2306,95,0.997
2020-10-07,2306,98,1.127
2020-10-07,2307,95,0.997
2020-10-07,2307,98,1.127
2020-10-07,2308,95,0.997
2020-10-07,2308,98,1.127
2020-10-07,2309,95,0.997
2020-10-07,2309,98,1.127
2020-10-07,2310,95,0.997
2020-10-07,2310,98,1.127
2020-10-07,2313,95,1.000
2020-10-07,2313,98,1.124
2020-10-07,2313,KOEL,0.807
2020-10-07,2313,dizel,1.000
2020-10-08,2308,95,
2020-10-08,2308,98,
2020-10-08,2309,95,
2020-10-08,2309,98,
2020-10-08,2310,95,
2020-10-08,2310,98,
2020-10-09,768,dizel-premium,1.229
2020-10-09,777,dizel-premium,1.229
2020-10-09,778,dizel-premium,1.229
2020-10-09,781,dizel-premium,1.229
2020-10-09,782,dizel-premium,1.229
2020-10-09,789,95,1.000
2020-10-09,789,dizel,1.000
2020-10-09,790,dizel-premium,1.229
2020-10-09,791,dizel-premium,1.229
2020-10-09,793,dizel-premium,1.229
2020-10-09,796,dizel-premium,1.229
2020-10-09,804,dizel-premium,1.229
2020-10-09,805,dizel-premium,1.229
2020-10-09,823,dizel-premium,1.229
2020-10-09,828,dizel-premium,1.229
2020-10-09,831,KOEL,0.781
2020-10-09,836,KOEL,
2020-10-09,837,dizel-premium,1.229
2020-10-09,844,dizel-premium,1.229
2020-10-09,845,dizel-premium,1.229
2020-10-09,847,dizel-premium,1.229
2020-10-09,848,dizel-premium,1.229
2020-10-09,861,dizel-premium,1.229
2020-10-09,2302,KOEL,0.780
2020-10-09,2303,98,
2020-10-09,2303,KOEL,0.780
2020-10-09,2304,KOEL,0.780
2020-10-09,2305,avtoplin-lpg,0.540
2020-10-09,2306,KOEL,0.780
2020-10-09,2307,98,
2020-10-09,2311,95,0.999
2020-10-09,2311,KOEL,0.782
2020-10-09,2311,dizel,1.002
2020-10-10,770,dizel-premium,1.149
2020-10-10,800,dizel-premium,1.149
2020-10-10,803,dizel-premium,1.149
2020-10-10,817,dizel-premium,1.149
2020-10-10,819,dizel-premium,1.149
2020-10-10,820,dizel-premium,1.149
2020-10-12,768,dizel-premium,1.199
2020-10-12,777,dizel-premium,1.199
2020-10-12,778,dizel-premium,1.199
2020-10-12,781,dizel-premium,1.199
2020-10-12,782,dizel-premium,1.199
2020-10-12,790,dizel-premium,1.199
2020-10-12,791,dizel-premium,1.199
2020-10-12,793,dizel-premium,1.199
2020-10-12,796,dizel-premium,1.199
2020-10-12,804,dizel-premium,1.199
2020-10-12,805,dizel-premium,1.199
2020-10-12,823,dizel-premium,1.199
2020-10-12,828,dizel-premium,1.199
2020-10-12,837,dizel-premium,1.199
2020-10-12,844,dizel-premium,1.199
2020-10-12,845,dizel-premium,1.199
2020-10-12,847,dizel-premium,1.199
2020-10-12,848,dizel-premium,1.199
2020-10-12,861,dizel-premium,1.199
2020-10-13,1559,dizel-premium,1.236
2020-10-13,1568,dizel-premium,1.236
2020-10-13,1921,100,1.121
2020-10-13,1921,95,0.999
2020-10-13,1921,dizel,1.016
2020-10-13,1922,95,0.999
2020-10-13,1922,KOEL,0.796
2020-10-13,1922,dizel,1.016
2020-10-13,1923,100,1.145
2020-10-13,1923,dizel,1.039
2020-10-13,1924,95,0.999
2020-10-13,1924,KOEL,0.796
2020-10-13,1924,dizel,1.016
2020-10-13,1925,95,0.999
2020-10-13,1925,KOEL,0.796
2020-10-13,1925,dizel,1.016
2020-10-13,1926,95,0.999
2020-10-13,1926,KOEL,0.796
2020-10-13,1926,dizel,1.016
2020-10-13,1927,95,0.999
2020-10-13,1927,dizel,1.016
2020-10-13,1928,100,1.121
2020-10-13,1928,95,0.999
2020-10-13,1928,KOEL,0.796
2020-10-13,1928,dizel,1.016
2020-10-13,1929,100,1.121
2020-10-13,1929,95,0.999
2020-10-13,1929,KOEL,0.796
2020-10-13,1929,dizel,1.016
2020-10-13,1930,95,0.999
2020-10-13,1930,KOEL,0.796
2020-10-13,1930,dizel,1.016
2020-10-13,1931,95,0.999
2020-10-13,1931,KOEL,0.796
2020-10-13,1931,dizel,1.016
2020-10-13,1932,95,0.999
2020-10-13,1932,KOEL,0.796
2020-10-13,1932,dizel,1.016
2020-10-13,1933,95,0.999
2020-10-13,1933,KOEL,0.796
2020-10-13,1933,dizel,1.016
2020-10-13,1934,100,1.121
2020-10-13,1934,95,0.999
2020-10-13,1934,dizel,1.016
2020-10-13,1935,100,1.121
2020-10-13,1935,95,0.999
2020-10-13,1935,KOEL,0.796
2020-10-13,1935,dizel,1.016
2020-10-13,1936,95,0.999
2020-10-13,1936,KOEL,0.796
2020-10-13,1936,dizel,1.016
2020-10-13,1937,95,0.999
2020-10-13,1937,KOEL,0.796
2020-10-13,1937,dizel,1.016
2020-10-13,1938,95,0.999
2020-10-13,1938,KOEL,0.796
2020-10-13,1938,dizel,1.016
2020-10-13,1939,95,0.999
2020-10-13,1939,KOEL,0.796
2020-10-13,1939,dizel,1.016
2020-10-13,1940,95,0.999
2020-10-13,1940,KOEL,0.796
2020-10-13,1940,dizel,1.016
2020-10-13,1941,95,0.999
2020-10-13,1941,dizel,1.016
2020-10-13,1942,100,1.121
2020-10-13,1942,95,0.999
2020-10-13,1942,KOEL,0.796
2020-10-13,1942,dizel,1.016
2020-10-13,1943,100,1.121
2020-10-13,1943,95,0.999
2020-10-13,1943,KOEL,0.796
2020-10-13,1943,dizel,1.016
2020-10-13,1944,95,0.999
2020-10-13,1944,KOEL,0.796
2020-10-13,1944,dizel,1.016
2020-10-13,1945,100,1.145
2020-10-13,1945,dizel,1.039
2020-10-13,1946,95,0.999
2020-10-13,1946,KOEL,0.796
2020-10-13,1946,dizel,1.016
2020-10-13,1947,100,1.121
2020-10-13,1947,95,0.999
2020-10-13,1947,KOEL,0.796
2020-10-13,1947,dizel,1.016
2020-10-13,1948,100,1.121
2020-10-13,1948,95,0.999
2020-10-13,1948,KOEL,0.796
2020-10-13,1948,dizel,1.016
2020-10-13,1949,100,1.145
2020-10-13,1949,dizel,1.039
2020-10-13,1949,dizel-premium,1.249
2020-10-13,1950,100,1.121
2020-10-13,1950,95,0.999
2020-10-13,1950,KOEL,0.796
2020-10-13,1950,dizel,1.016
2020-10-13,1951,100,1.121
2020-10-13,1951,95,0.999
2020-10-13,1951,KOEL,0.796
2020-10-13,1951,dizel,1.016
2020-10-13,1952,100,1.121
2020-10-13,1952,95,0.999
2020-10-13,1952,dizel,1.016
2020-10-13,1953,95,0.999
2020-10-13,1953,KOEL,0.796
2020-10-13,1953,dizel,1.016
2020-10-13,1954,100,1.121
2020-10-13,1954,95,0.999
2020-10-13,1954,KOEL,0.796
2020-10-13,1954,dizel,1.016
2020-10-13,1955,100,1.121
2020-10-13,1955,95,0.999
2020-10-13,1955,dizel,1.016
2020-10-13,1956,100,1.121
2020-10-13,1956,95,0.999
2020-10-13,1956,dizel,1.016
2020-10-13,1957,100,1.121
2020-10-13,1957,95,0.999
2020-10-13,1957,KOEL,0.796
2020-10-13,1957,dizel,1.016
2020-10-13,1958,100,1.121
2020-10-13,1958,95,0.999
2020-10-13,1958,KOEL,0.796
2020-10-13,1958,dizel,1.016
2020-10-13,1959,100,1.121
2020-10-13,1959,95,0.999
2020-10-13,1959,dizel,1.016
2020-10-13,1960,100,1.121
2020-10-13,1960,95,0.999
2020-10-13,1960,dizel,1.016
2020-10-13,1961,100,1.121
2020-10-13,1961,95,0.999
2020-10-13,1961,KOEL,0.796
2020-10-13,1961,dizel,1.016
2020-10-13,1962,100,1.121
2020-10-13,1962,95,0.999
2020-10-13,1962,KOEL,0.796
2020-10-13,1962,dizel,1.016
2020-10-13,1963,100,1.121
2020-10-13,1963,95,0.999
2020-10-13,1963,KOEL,0.796
2020-10-13,1963,dizel,1.016
2020-10-13,1964,95,0.999
2020-10-13,1964,KOEL,0.796
2020-10-13,1964,dizel,1.016
2020-10-13,1965,95,0.999
2020-10-13,1965,KOEL,0.796
2020-10-13,1965,dizel,1.016
2020-10-13,1966,100,1.121
2020-10-13,1966,95,0.999
2020-10-13,1966,KOEL,0.796
2020-10-13,1966,dizel,1.016
2020-10-13,1967,95,0.999
2020-10-13,1967,KOEL,0.796
2020-10-13,1967,dizel,1.016
2020-10-13,1968,95,0.999
2020-10-13,1968,KOEL,0.796
2020-10-13,1968,dizel,1.016
2020-10-13,1969,100,1.121
2020-10-13,1969,95,0.999
2020-10-13,1969,KOEL,0.796
2020-10-13,1969,dizel,1.016
2020-10-13,1970,100,1.121
2020-10-13,1970,95,0.999
2020-10-13,1970,KOEL,0.796
2020-10-13,1970,dizel,1.016
2020-10-13,1971,100,1.121
2020-10-13,1971,95,0.999
2020-10-13,1971,dizel,1.016
2020-10-13,1972,100,1.121
2020-10-13,1972,95,0.999
2020-10-13,1972,KOEL,0.796
2020-10-13,1972,dizel,1.016
2020-10-13,1973,95,0.999
2020-10-13,1973,KOEL,0.796
2020-10-13,1973,dizel,1.016
2020-10-13,1974,95,0.999
2020-10-13,1974,KOEL,0.796
2020-10-13,1974,dizel,1.016
2020-10-13,1975,95,0.999
2020-10-13,1975,KOEL,0.796
2020-10-13,1975,dizel,1.016
2020-10-13,1976,100,1.145
2020-10-13,1976,dizel,1.039
2020-10-13,1977,100,1.145
2020-10-13,1977,dizel,1.039
2020-10-13,1977,dizel-premium,1.249
2020-10-13,1978,100,1.145
2020-10-13,1978,dizel,1.039
2020-10-13,1978,dizel-premium,1.249
2020-10-13,1979,100,1.121
2020-10-13,1979,95,0.999
2020-10-13,1979,KOEL,0.796
2020-10-13,1979,dizel,1.016
2020-10-13,1980,100,1.121
2020-10-13,1980,95,0.999
2020-10-13,1980,KOEL,0.796
2020-10-13,1980,dizel,1.016
2020-10-13,1981,100,1.121
2020-10-13,1981,95,0.999
2020-10-13,1981,dizel,1.016
2020-10-13,1982,95,0.999
2020-10-13,1982,KOEL,0.796
2020-10-13,1982,dizel,1.016
2020-10-13,1983,95,0.999
2020-10-13,1983,dizel,1.016
2020-10-13,1984,100,1.121
2020-10-13,1984,95,0.999
2020-10-13,1984,dizel,1.016
2020-10-13,1985,95,0.999
2020-10-13,1985,KOEL,0.796
2020-10-13,1985,dizel,1.016
2020-10-13,1986,100,1.121
2020-10-13,1986,95,0.999
2020-10-13,1986,KOEL,0.796
2020-10-13,1986,dizel,1.016
2020-10-13,1987,95,0.999
2020-10-13,1987,KOEL,0.796
2020-10-13,1987,dizel,1.016
2020-10-13,1988,95,0.999
2020-10-13,1988,KOEL,0.796
2020-10-13,1988,dizel,1.016
2020-10-13,1989,95,0.999
2020-10-13,1989,KOEL,0.796
2020-10-13,1989,dizel,1.016
2020-10-13,1990,100,1.121
2020-10-13,1990,95,0.999
2020-10-13,1990,dizel,1.016
2020-10-13,1991,95,0.999
2020-10-13,1991,KOEL,0.796
2020-10-13,1991,dizel,1.016
2020-10-13,1992,100,1.121
2020-10-13,1992,95,0.999
2020-10-13,1992,KOEL,0.796
2020-10-13,1992,dizel,1.016
2020-10-13,1993,100,1.121
2020-10-13,1993,95,0.999
2020-10-13,1993,KOEL,0.796
2020-10-13,1993,dizel,1.016
2020-10-13,1994,100,1.121
2020-10-13,1994,95,0.999
2020-10-13,1994,KOEL,0.796
2020-10-13,1994,dizel,1.016
2020-10-13,1995,100,1.121
2020-10-13,1995,95,0.999
2020-10-13,1995,KOEL,0.796
2020-10-13,1995,dizel,1.016
2020-10-13,1996,100,1.121
2020-10-13,1996,95,0.999
2020-10-13,1996,KOEL,0.796
2020-10-13,1996,dizel,1.016
2020-10-13,1997,100,1.145
2020-10-13,1997,dizel,1.039
2020-10-13,1998,100,1.121
2020-10-13,1998,95,0.999
2020-10-13,1998,dizel,1.016
2020-10-13,1999,100,1.121
2020-10-13,1999,95,0.999
2020-10-13,1999,KOEL,0.796
2020-10-13,1999,dizel,1.016
2020-10-13,2000,100,1.145
2020-10-13,2000,dizel,1.039
2020-10-13,2000,dizel-premium,1.249
2020-10-13,2001,100,1.121
2020-10-13,2001,95,0.999
2020-10-13,2001,KOEL,0.796
2020-10-13,2001,dizel,1.016
2020-10-13,2002,100,1.121
2020-10-13,2002,95,0.999
2020-10-13,2002,dizel,1.016
2020-10-13,2003,100,1.121
2020-10-13,2003,95,0.999
2020-10-13,2003,KOEL,0.796
2020-10-13,2003,dizel,1.016
2020-10-13,2004,100,1.121
2020-10-13,2004,95,0.999
2020-10-13,2004,dizel,1.016
2020-10-13,2005,100,1.121
2020-10-13,2005,95,0.999
2020-10-13,2005,dizel,1.016
2020-10-13,2006,100,1.121
2020-10-13,2006,95,0.999
2020-10-13,2006,dizel,1.016
2020-10-13,2007,100,1.121
2020-10-13,2007,95,0.999
2020-10-13,2007,KOEL,0.796
2020-10-13,2007,dizel,1.016
2020-10-13,2008,100,1.145
2020-10-13,2008,dizel,1.039
2020-10-13,2009,100,1.145
2020-10-13,2009,dizel,1.039
2020-10-13,2009,dizel-premium,1.249
2020-10-13,2010,100,1.121
2020-10-13,2010,95,0.999
2020-10-13,2010,KOEL,0.796
2020-10-13,2010,dizel,1.016
2020-10-13,2011,95,0.999
2020-10-13,2011,KOEL,0.796
2020-10-13,2011,dizel,1.016
2020-10-13,2012,95,0.999
2020-10-13,2012,KOEL,0.796
2020-10-13,2012,dizel,1.016
2020-10-13,2013,95,0.999
2020-10-13,2013,KOEL,0.796
2020-10-13,2013,dizel,1.016
2020-10-13,2014,100,1.121
2020-10-13,2014,95,0.999
2020-10-13,2014,KOEL,0.796
2020-10-13,2014,dizel,1.016
2020-10-13,2015,100,1.121
2020-10-13,2015,95,0.999
2020-10-13,2015,KOEL,0.796
2020-10-13,2015,dizel,1.016
2020-10-13,2016,100,1.121
2020-10-13,2016,95,0.999
2020-10-13,2016,dizel,1.016
2020-10-13,2017,95,0.999
2020-10-13,2017,KOEL,0.796
2020-10-13,2017,dizel,1.016
2020-10-13,2018,100,1.145
2020-10-13,2018,dizel,1.039
2020-10-13,2020,100,1.121
2020-10-13,2020,95,0.999
2020-10-13,2020,KOEL,0.796
2020-10-13,2020,dizel,1.016
2020-10-13,2021,100,1.121
2020-10-13,2021,95,0.999
2020-10-13,2021,dizel,1.016
2020-10-13,2022,100,1.121
2020-10-13,2022,95,0.999
2020-10-13,2022,KOEL,0.796
2020-10-13,2022,dizel,1.016
2020-10-13,2023,100,1.121
2020-10-13,2023,95,0.999
2020-10-13,2023,dizel,1.016
2020-10-13,2024,100,1.121
2020-10-13,2024,95,0.999
2020-10-13,2024,KOEL,0.796
2020-10-13,2024,dizel,1.016
2020-10-13,2025,95,0.999
2020-10-13,2025,KOEL,0.796
2020-10-13,2025,dizel,1.016
2020-10-13,2026,100,1.145
2020-10-13,2026,dizel,1.039
2020-10-13,2027,100,1.145
2020-10-13,2027,dizel,1.039
2020-10-13,2028,100,1.121
2020-10-13,2028,95,0.999
2020-10-13,2028,dizel,1.016
2020-10-13,2029,100,1.121
2020-10-13,2029,95,0.999
2020-10-13,2029,dizel,1.016
2020-10-13,2030,100,1.145
2020-10-13,2030,dizel,1.039
2020-10-13,2031,100,1.145
2020-10-13,2031,dizel,1.039
2020-10-13,2032,100,1.145
2020-10-13,2032,dizel,1.039
2020-10-13,2032,dizel-premium,1.249
2020-10-13,2033,100,1.121
2020-10-13,2033,95,0.999
2020-10-13,2033,dizel,1.016
2020-10-13,2034,100,1.121
2020-10-13,2034,95,0.999
2020-10-13,2034,dizel,1.016
2020-10-13,2035,95,0.999
2020-10-13,2035,dizel,1.016
2020-10-13,2036,100,1.121
2020-10-13,2036,95,0.999
2020-10-13,2036,dizel,1.016
2020-10-13,2037,100,1.121
2020-10-13,2037,95,0.999
2020-10-13,2037,dizel,1.016
2020-10-13,2038,95,0.999
2020-10-13,2038,dizel,1.016
2020-10-13,2039,100,1.121
2020-10-13,2039,95,0.999
2020-10-13,2039,dizel,1.016
2020-10-13,2040,100,1.121
2020-10-13,2040,95,0.999
2020-10-13,2040,KOEL,0.796
2020-10-13,2040,dizel,1.016
2020-10-13,2041,100,1.121
2020-10-13,2041,95,0.999
2020-10-13,2041,dizel,1.016
2020-10-13,2042,95,0.999
2020-10-13,2042,KOEL,0.796
2020-10-13,2042,dizel,1.016
2020-10-13,2043,100,1.121
2020-10-13,2043,95,0.999
2020-10-13,2043,dizel,1.016
2020-10-13,2044,100,1.121
2020-10-13,2044,95,0.999
2020-10-13,2044,dizel,1.016
2020-10-13,2045,100,1.121
2020-10-13,2045,95,0.999
2020-10-13,2045,dizel,1.016
2020-10-13,2046,100,1.121
2020-10-13,2046,95,0.999
2020-10-13,2046,dizel,1.016
2020-10-13,2047,100,1.121
2020-10-13,2047,95,0.999
2020-10-13,2047,dizel,1.016
2020-10-13,2048,100,1.121
2020-10-13,2048,95,0.999
2020-10-13,2048,dizel,1.016
2020-10-13,2049,100,1.121
2020-10-13,2049,95,0.999
2020-10-13,2049,KOEL,0.796
2020-10-13,2049,dizel,1.016
2020-10-13,2050,95,0.999
2020-10-13,2050,dizel,1.016
2020-10-13,2051,95,0.999
2020-10-13,2051,KOEL,0.796
2020-10-13,2051,dizel,1.016
2020-10-13,2052,100,1.121
2020-10-13,2052,95,0.999
2020-10-13,2052,dizel,1.016
2020-10-13,2053,95,0.999
2020-10-13,2053,KOEL,0.796
2020-10-13,2053,dizel,1.016
2020-10-13,2054,95,0.999
2020-10-13,2054,KOEL,0.796
2020-10-13,2054,dizel,1.016
2020-10-13,2055,95,0.999
2020-10-13,2055,dizel,1.016
2020-10-13,2056,100,1.121
2020-10-13,2056,95,0.999
2020-10-13,2056,dizel,1.016
2020-10-13,2057,95,0.999
2020-10-13,2057,dizel,1.016
2020-10-13,2058,95,0.999
2020-10-13,2058,dizel,1.016
2020-10-13,2059,100,1.145
2020-10-13,2059,dizel,1.039
2020-10-13,2059,dizel-premium,1.249
2020-10-13,2060,100,1.145
2020-10-13,2060,dizel,1.039
2020-10-13,2060,dizel-premium,1.249
2020-10-13,2061,100,1.121
2020-10-13,2061,95,0.999
2020-10-13,2061,KOEL,0.796
2020-10-13,2061,dizel,1.016
2020-10-13,2062,100,1.121
2020-10-13,2062,95,0.999
2020-10-13,2062,KOEL,0.796
2020-10-13,2062,dizel,1.016
2020-10-13,2063,100,1.121
2020-10-13,2063,95,0.999
2020-10-13,2063,KOEL,
2020-10-13,2063,dizel,1.016
2020-10-13,2064,100,1.121
2020-10-13,2064,95,0.999
2020-10-13,2064,KOEL,0.796
2020-10-13,2064,dizel,1.016
2020-10-13,2065,100,1.121
2020-10-13,2065,95,0.999
2020-10-13,2065,KOEL,0.796
2020-10-13,2065,dizel,1.016
2020-10-13,2066,95,0.999
2020-10-13,2066,KOEL,0.796
2020-10-13,2066,dizel,1.016
2020-10-13,2067,100,1.121
2020-10-13,2067,95,0.999
2020-10-13,2067,KOEL,0.796
2020-10-13,2067,dizel,1.016
2020-10-13,2068,100,
2020-10-13,2068,95,0.999
2020-10-13,2068,dizel,1.016
2020-10-13,2069,100,1.121
2020-10-13,2069,95,0.999
2020-10-13,2069,dizel,1.016
2020-10-13,2070,100,1.121
2020-10-13,2070,95,0.999
2020-10-13,2070,KOEL,0.796
2020-10-13,2070,dizel,1.016
2020-10-13,2071,100,1.121
2020-10-13,2071,95,0.999
2020-10-13,2071,KOEL,0.796
2020-10-13,2071,dizel,1.016
2020-10-13,2072,95,0.999
2020-10-13,2072,KOEL,0.796
2020-10-13,2072,dizel,1.016
2020-10-13,2073,100,1.121
2020-10-13,2073,95,0.999
2020-10-13,2073,KOEL,0.796
2020-10-13,2073,dizel,1.016
2020-10-13,2074,100,1.121
2020-10-13,2074,95,0.999
2020-10-13,2074,KOEL,0.796
2020-10-13,2074,dizel,1.016
2020-10-13,2075,95,0.999
2020-10-13,2075,KOEL,0.796
2020-10-13,2075,dizel,1.016
2020-10-13,2076,95,0.999
2020-10-13,2076,KOEL,0.796
2020-10-13,2076,dizel,1.016
2020-10-13,2077,95,0.999
2020-10-13,2077,KOEL,0.796
2020-10-13,2077,dizel,1.016
2020-10-13,2078,95,0.999
2020-10-13,2078,KOEL,0.796
2020-10-13,2078,dizel,1.016
2020-10-13,2079,95,0.999
2020-10-13,2079,KOEL,0.796
2020-10-13,2079,dizel,1.016
2020-10-13,2080,100,1.121
2020-10-13,2080,95,0.999
2020-10-13,2080,KOEL,0.796
2020-10-13,2080,dizel,1.016
2020-10-13,2082,100,
2020-10-13,2082,95,0.999
2020-10-13,2082,KOEL,0.796
2020-10-13,2082,dizel,1.016
2020-10-13,2083,95,0.999
2020-10-13,2083,KOEL,0.796
2020-10-13,2083,dizel,1.016
2020-10-13,2084,95,0.999
2020-10-13,2084,KOEL,0.796
2020-10-13,2084,dizel,1.016
2020-10-13,2085,95,0.999
2020-10-13,2085,dizel,1.016
2020-10-13,2086,95,0.999
2020-10-13,2086,KOEL,0.796
2020-10-13,2086,dizel,1.016
2020-10-13,2087,95,0.999
2020-10-13,2087,KOEL,0.796
2020-10-13,2087,dizel,1.016
2020-10-13,2088,100,1.145
2020-10-13,2088,dizel,1.039
2020-10-13,2088,dizel-premium,1.249
2020-10-13,2089,100,1.145
2020-10-13,2089,dizel,1.039
2020-10-13,2090,100,1.121
2020-10-13,2090,95,0.999
2020-10-13,2090,KOEL,0.796
2020-10-13,2090,dizel,1.016
2020-10-13,2091,100,1.121
2020-10-13,2091,95,0.999
2020-10-13,2091,KOEL,0.796
2020-10-13,2091,dizel,1.016
2020-10-13,2092,100,1.121
2020-10-13,2092,95,0.999
2020-10-13,2092,KOEL,0.796
2020-10-13,2092,dizel,1.016
2020-10-13,2093,95,0.999
2020-10-13,2093,KOEL,0.796
2020-10-13,2093,dizel,1.016
2020-10-13,2094,100,1.121
2020-10-13,2094,95,0.999
2020-10-13,2094,KOEL,0.796
2020-10-13,2094,dizel,1.016
2020-10-13,2095,100,1.145
2020-10-13,2095,dizel,1.039
2020-10-13,2095,dizel-premium,1.249
2020-10-13,2096,100,1.145
2020-10-13,2096,dizel,1.039
2020-10-13,2096,dizel-premium,1.249
2020-10-13,2097,95,0.999
2020-10-13,2097,KOEL,0.796
2020-10-13,2097,dizel,1.016
2020-10-13,2098,100,1.121
2020-10-13,2098,95,0.999
2020-10-13,2098,KOEL,0.796
2020-10-13,2098,dizel,1.016
2020-10-13,2099,100,1.121
2020-10-13,2099,95,0.999
2020-10-13,2099,KOEL,0.796
2020-10-13,2099,dizel,1.016
2020-10-13,2100,100,1.145
2020-10-13,2100,dizel,1.039
2020-10-13,2101,100,1.145
2020-10-13,2101,dizel,1.039
2020-10-13,2102,95,0.999
2020-10-13,2102,KOEL,0.796
2020-10-13,2102,dizel,1.016
2020-10-13,2103,95,0.999
2020-10-13,2103,KOEL,0.796
2020-10-13,2103,dizel,1.016
2020-10-13,2104,100,1.121
2020-10-13,2104,95,0.999
2020-10-13,2104,KOEL,0.796
2020-10-13,2104,dizel,1.016
2020-10-13,2105,95,0.999
2020-10-13,2105,KOEL,0.796
2020-10-13,2105,dizel,1.016
2020-10-13,2106,95,0.999
2020-10-13,2106,KOEL,0.796
2020-10-13,2106,dizel,1.016
2020-10-13,2107,95,0.999
2020-10-13,2107,KOEL,0.796
2020-10-13,2107,dizel,1.016
2020-10-13,2108,100,1.121
2020-10-13,2108,95,0.999
2020-10-13,2108,KOEL,0.796
2020-10-13,2108,dizel,1.016
2020-10-13,2109,95,0.999
2020-10-13,2109,KOEL,0.796
2020-10-13,2109,dizel,1.016
2020-10-13,2110,95,0.999
2020-10-13,2110,KOEL,
2020-10-13,2110,dizel,1.016
2020-10-13,2111,100,1.121
2020-10-13,2111,95,0.999
2020-10-13,2111,KOEL,0.796
2020-10-13,2111,dizel,1.016
2020-10-13,2112,100,1.121
2020-10-13,2112,95,0.999
2020-10-13,2112,dizel,1.016
2020-10-13,2113,95,0.999
2020-10-13,2113,dizel,1.016
2020-10-13,2114,95,0.999
2020-10-13,2114,KOEL,0.796
2020-10-13,2114,dizel,1.016
2020-10-13,2115,100,1.121
2020-10-13,2115,95,0.999
2020-10-13,2115,KOEL,0.796
2020-10-13,2115,dizel,1.016
2020-10-13,2116,95,0.999
2020-10-13,2116,KOEL,0.796
2020-10-13,2116,dizel,1.016
2020-10-13,2117,100,1.121
2020-10-13,2117,95,0.999
2020-10-13,2117,dizel,1.016
2020-10-13,2118,95,0.999
2020-10-13,2118,dizel,1.016
2020-10-13,2119,100,1.121
2020-10-13,2119,95,0.999
2020-10-13,2119,KOEL,0.796
2020-10-13,2119,dizel,1.016
2020-10-13,2120,100,1.145
2020-10-13,2120,dizel,1.039
2020-10-13,2121,100,1.121
2020-10-13,2121,95,0.999
2020-10-13,2121,KOEL,0.796
2020-10-13,2121,dizel,1.016
2020-10-13,2122,100,1.121
2020-10-13,2122,95,0.999
2020-10-13,2122,KOEL,0.796
2020-10-13,2122,dizel,1.016
2020-10-13,2123,100,1.145
2020-10-13,2123,dizel,1.039
2020-10-13,2124,95,0.999
2020-10-13,2124,KOEL,0.796
2020-10-13,2124,dizel,1.016
2020-10-13,2125,100,1.121
2020-10-13,2125,95,0.999
2020-10-13,2125,KOEL,0.796
2020-10-13,2125,dizel,1.016
2020-10-13,2126,100,1.121
2020-10-13,2126,95,0.999
2020-10-13,2126,dizel,1.016
2020-10-13,2127,95,0.999
2020-10-13,2127,KOEL,0.796
2020-10-13,2127,dizel,1.016
2020-10-13,2128,100,1.121
2020-10-13,2128,95,0.999
2020-10-13,2128,dizel,1.016
2020-10-13,2129,95,0.999
2020-10-13,2129,dizel,1.016
2020-10-13,2130,100,1.121
2020-10-13,2130,95,0.999
2020-10-13,2130,dizel,1.016
2020-10-13,2131,100,1.121
2020-10-13,2131,95,0.999
2020-10-13,2131,KOEL,0.796
2020-10-13,2131,dizel,1.016
2020-10-13,2132,100,1.121
2020-10-13,2132,95,0.999
2020-10-13,2132,KOEL,0.796
2020-10-13,2132,dizel,1.016
2020-10-13,2133,100,1.121
2020-10-13,2133,95,0.999
2020-10-13,2133,dizel,1.016
2020-10-13,2134,100,1.121
2020-10-13,2134,95,0.999
2020-10-13,2134,dizel,1.016
2020-10-13,2135,100,1.121
2020-10-13,2135,95,0.999
2020-10-13,2135,dizel,1.016
2020-10-13,2136,100,1.121
2020-10-13,2136,95,0.999
2020-10-13,2136,dizel,1.016
2020-10-13,2137,100,1.121
2020-10-13,2137,95,0.999
2020-10-13,2137,KOEL,0.796
2020-10-13,2137,dizel,1.016
2020-10-13,2138,100,1.121
2020-10-13,2138,95,0.999
2020-10-13,2138,dizel,1.016
2020-10-13,2139,100,1.121
2020-10-13,2139,95,0.999
2020-10-13,2139,KOEL,0.796
2020-10-13,2139,dizel,1.016
2020-10-13,2140,95,0.999
2020-10-13,2140,KOEL,0.796
2020-10-13,2140,dizel,1.016
2020-10-13,2141,100,1.145
2020-10-13,2141,dizel,1.039
2020-10-13,2142,95,0.999
2020-10-13,2142,KOEL,0.796
2020-10-13,2142,dizel,1.016
2020-10-13,2143,95,0.999
2020-10-13,2143,KOEL,0.796
2020-10-13,2143,dizel,1.016
2020-10-13,2144,100,1.121
2020-10-13,2144,95,0.999
2020-10-13,2144,KOEL,0.796
2020-10-13,2144,dizel,1.016
2020-10-13,2145,100,1.121
2020-10-13,2145,95,0.999
2020-10-13,2145,KOEL,0.796
2020-10-13,2145,dizel,1.016
2020-10-13,2146,100,1.121
2020-10-13,2146,95,0.999
2020-10-13,2146,KOEL,0.796
2020-10-13,2146,dizel,1.016
2020-10-13,2147,100,1.121
2020-10-13,2147,95,0.999
2020-10-13,2147,KOEL,0.796
2020-10-13,2147,dizel,1.016
2020-10-13,2148,100,1.121
2020-10-13,2148,95,0.999
2020-10-13,2148,KOEL,0.796
2020-10-13,2148,dizel,1.016
2020-10-13,2149,100,1.121
2020-10-13,2149,95,0.999
2020-10-13,2149,KOEL,0.796
2020-10-13,2149,dizel,1.016
2020-10-13,2150,100,1.121
2020-10-13,2150,95,0.999
2020-10-13,2150,KOEL,0.796
2020-10-13,2150,dizel,1.016
2020-10-13,2151,95,0.999
2020-10-13,2151,KOEL,0.796
2020-10-13,2151,dizel,1.016
2020-10-13,2152,95,0.999
2020-10-13,2152,KOEL,0.796
2020-10-13,2152,dizel,1.016
2020-10-13,2153,95,0.999
2020-10-13,2153,KOEL,0.796
2020-10-13,2153,dizel,1.016
2020-10-13,2154,95,0.999
2020-10-13,2154,KOEL,0.796
2020-10-13,2154,dizel,1.016
2020-10-13,2155,95,0.999
2020-10-13,2155,KOEL,0.796
2020-10-13,2155,dizel,1.016
2020-10-13,2156,95,0.999
2020-10-13,2156,KOEL,0.796
2020-10-13,2156,dizel,1.016
2020-10-13,2157,95,0.999
2020-10-13,2157,KOEL,0.796
2020-10-13,2157,dizel,1.016
2020-10-13,2158,100,1.121
2020-10-13,2158,95,0.999
2020-10-13,2158,KOEL,0.796
2020-10-13,2158,dizel,1.016
2020-10-13,2159,95,0.999
2020-10-13,2159,KOEL,0.796
2020-10-13,2159,dizel,1.016
2020-10-13,2160,95,0.999
2020-10-13,2160,KOEL,0.796
2020-10-13,2160,dizel,1.016
2020-10-13,2161,100,1.121
2020-10-13,2161,95,0.999
2020-10-13,2161,KOEL,0.796
2020-10-13,2161,dizel,1.016
2020-10-13,2162,100,1.145
2020-10-13,2162,dizel,1.039
2020-10-13,2163,100,1.121
2020-10-13,2163,95,0.999
2020-10-13,2163,KOEL,0.796
2020-10-13,2163,dizel,1.016
2020-10-13,2164,100,1.121
2020-10-13,2164,95,0.999
2020-10-13,2164,KOEL,0.796
2020-10-13,2164,dizel,1.016
2020-10-13,2165,95,0.999
2020-10-13,2165,KOEL,0.796
2020-10-13,2165,dizel,1.016
2020-10-13,2166,100,1.121
2020-10-13,2166,95,0.999
2020-10-13,2166,KOEL,0.796
2020-10-13,2166,dizel,1.016
2020-10-13,2167,100,1.121
2020-10-13,2167,95,0.999
2020-10-13,2167,dizel,1.016
2020-10-13,2168,100,1.121
2020-10-13,2168,95,0.999
2020-10-13,2168,KOEL,0.796
2020-10-13,2168,dizel,1.016
2020-10-13,2169,95,0.999
2020-10-13,2169,KOEL,0.796
2020-10-13,2169,dizel,1.016
2020-10-13,2170,95,0.999
2020-10-13,2170,KOEL,0.796
2020-10-13,2170,dizel,1.016
2020-10-13,2171,100,1.121
2020-10-13,2171,95,0.999
2020-10-13,2171,KOEL,0.796
2020-10-13,2171,dizel,1.016
2020-10-13,2172,100,1.121
2020-10-13,2172,95,0.999
2020-10-13,2172,dizel,1.016
2020-10-13,2173,95,0.999
2020-10-13,2173,KOEL,0.796
2020-10-13,2173,dizel,1.016
2020-10-13,2174,100,1.121
2020-10-13,2174,95,0.999
2020-10-13,2174,KOEL,0.796
2020-10-13,2174,dizel,1.016
2020-10-13,2175,100,1.145
2020-10-13,2175,dizel,1.039
2020-10-13,2176,100,1.145
2020-10-13,2176,dizel,1.039
2020-10-13,2177,95,0.999
2020-10-13,2177,KOEL,0.796
2020-10-13,2177,dizel,1.016
2020-10-13,2178,100,1.121
2020-10-13,2178,95,0.999
2020-10-13,2178,KOEL,0.796
2020-10-13,2178,dizel,1.016
2020-10-13,2179,95,0.999
2020-10-13,2179,KOEL,0.796
2020-10-13,2179,dizel,1.016
2020-10-13,2180,95,0.999
2020-10-13,2180,KOEL,0.796
2020-10-13,2180,dizel,1.016
2020-10-13,2181,95,0.999
2020-10-13,2181,KOEL,0.796
2020-10-13,2181,dizel,1.016
2020-10-13,2182,95,0.999
2020-10-13,2182,KOEL,0.796
2020-10-13,2182,dizel,1.016
2020-10-13,2183,95,0.999
2020-10-13,2183,dizel,1.016
2020-10-13,2184,95,0.999
2020-10-13,2184,KOEL,0.796
2020-10-13,2184,dizel,1.016
2020-10-13,2185,95,0.999
2020-10-13,2185,KOEL,0.796
2020-10-13,2185,dizel,1.016
2020-10-13,2186,100,1.121
2020-10-13,2186,95,0.999
2020-10-13,2186,KOEL,0.796
2020-10-13,2186,dizel,1.016
2020-10-13,2187,100,1.121
2020-10-13,2187,95,0.999
2020-10-13,2187,KOEL,0.796
2020-10-13,2187,dizel,1.016
2020-10-13,2188,100,1.121
2020-10-13,2188,95,0.999
2020-10-13,2188,KOEL,0.796
2020-10-13,2188,dizel,1.016
2020-10-13,2189,95,0.999
2020-10-13,2189,KOEL,0.796
2020-10-13,2189,dizel,1.016
2020-10-13,2190,100,1.121
2020-10-13,2190,95,0.999
2020-10-13,2190,KOEL,0.796
2020-10-13,2190,dizel,1.016
2020-10-13,2191,100,1.121
2020-10-13,2191,95,0.999
2020-10-13,2191,KOEL,0.796
2020-10-13,2191,dizel,1.016
2020-10-13,2192,100,1.121
2020-10-13,2192,95,0.999
2020-10-13,2192,KOEL,0.796
2020-10-13,2192,dizel,1.016
2020-10-13,2193,95,0.999
2020-10-13,2193,KOEL,0.796
2020-10-13,2193,dizel,1.016
2020-10-13,2194,100,1.121
2020-10-13,2194,95,0.999
2020-10-13,2194,dizel,1.016
2020-10-13,2195,100,1.121
2020-10-13,2195,95,0.999
2020-10-13,2195,KOEL,0.796
2020-10-13,2195,dizel,1.016
2020-10-13,2196,100,1.121
2020-10-13,2196,95,0.999
2020-10-13,2196,KOEL,0.796
2020-10-13,2196,dizel,1.016
2020-10-13,2197,100,1.121
2020-10-13,2197,95,0.999
2020-10-13,2197,KOEL,
2020-10-13,2197,dizel,1.016
2020-10-13,2198,100,1.121
2020-10-13,2198,95,0.999
2020-10-13,2198,KOEL,0.796
2020-10-13,2198,dizel,1.016
2020-10-13,2199,100,1.121
2020-10-13,2199,95,0.999
2020-10-13,2199,dizel,1.016
2020-10-13,2200,100,1.121
2020-10-13,2200,95,0.999
2020-10-13,2200,dizel,1.016
2020-10-13,2201,100,1.145
2020-10-13,2201,dizel,1.039
2020-10-13,2202,100,1.145
2020-10-13,2202,dizel,1.039
2020-10-13,2203,95,0.999
2020-10-13,2203,KOEL,0.796
2020-10-13,2203,dizel,1.016
2020-10-13,2204,100,1.121
2020-10-13,2204,95,0.999
2020-10-13,2204,dizel,1.016
2020-10-13,2205,100,1.121
2020-10-13,2205,95,0.999
2020-10-13,2205,KOEL,0.796
2020-10-13,2205,dizel,1.016
2020-10-13,2206,100,1.121
2020-10-13,2206,95,0.999
2020-10-13,2206,KOEL,0.796
2020-10-13,2206,dizel,1.016
2020-10-13,2207,100,1.121
2020-10-13,2207,95,0.999
2020-10-13,2207,dizel,1.016
2020-10-13,2208,95,0.999
2020-10-13,2208,KOEL,0.796
2020-10-13,2208,dizel,1.016
2020-10-13,2209,95,0.999
2020-10-13,2209,KOEL,0.796
2020-10-13,2209,dizel,1.016
2020-10-13,2210,100,1.121
2020-10-13,2210,95,0.999
2020-10-13,2210,KOEL,0.796
2020-10-13,2210,dizel,1.016
2020-10-13,2211,95,0.999
2020-10-13,2211,KOEL,0.796
2020-10-13,2211,dizel,1.016
2020-10-13,2212,100,1.121
2020-10-13,2212,95,0.999
2020-10-13,2212,KOEL,0.796
2020-10-13,2212,dizel,1.016
2020-10-13,2213,95,0.999
2020-10-13,2213,KOEL,0.796
2020-10-13,2213,dizel,1.016
2020-10-13,2214,95,0.999
2020-10-13,2214,KOEL,0.796
2020-10-13,2214,dizel,1.016
2020-10-13,2215,100,1.121
2020-10-13,2215,95,0.999
2020-10-13,2215,KOEL,0.796
2020-10-13,2215,dizel,1.016
2020-10-13,2216,100,1.145
2020-10-13,2216,dizel,1.039
2020-10-13,2216,dizel-premium,1.249
2020-10-13,2217,100,1.121
2020-10-13,2217,95,0.999
2020-10-13,2217,KOEL,0.796
2020-10-13,2217,dizel,1.016
2020-10-13,2218,100,1.121
2020-10-13,2218,95,0.999
2020-10-13,2218,KOEL,0.796
2020-10-13,2218,dizel,1.016
2020-10-13,2219,95,0.999
2020-10-13,2219,KOEL,0.796
2020-10-13,2219,dizel,1.016
2020-10-13,2220,100,1.121
2020-10-13,2220,95,0.999
2020-10-13,2220,KOEL,0.796
2020-10-13,2220,dizel,1.016
2020-10-13,2221,100,1.121
2020-10-13,2221,95,0.999
2020-10-13,2221,KOEL,0.796
2020-10-13,2221,dizel,1.016
2020-10-13,2222,100,1.121
2020-10-13,2222,95,0.999
2020-10-13,2222,KOEL,0.796
2020-10-13,2222,dizel,1.016
2020-10-13,2223,95,0.999
2020-10-13,2223,KOEL,0.796
2020-10-13,2223,dizel,1.016
2020-10-13,2224,95,0.999
2020-10-13,2224,KOEL,0.796
2020-10-13,2224,dizel,1.016
2020-10-13,2225,100,1.121
2020-10-13,2225,95,0.999
2020-10-13,2225,KOEL,0.796
2020-10-13,2225,dizel,1.016
2020-10-13,2227,100,1.121
2020-10-13,2227,95,0.999
2020-10-13,2227,dizel,1.016
2020-10-13,2228,100,1.121
2020-10-13,2228,95,0.999
2020-10-13,2228,KOEL,0.796
2020-10-13,2228,dizel,1.016
2020-10-13,2229,100,1.145
2020-10-13,2229,dizel,1.039
2020-10-13,2229,dizel-premium,1.249
2020-10-13,2230,100,1.145
2020-10-13,2230,dizel,1.039
2020-10-13,2230,dizel-premium,1.249
2020-10-13,2231,100,1.145
2020-10-13,2231,dizel,1.039
2020-10-13,2231,dizel-premium,1.249
2020-10-13,2232,100,1.145
2020-10-13,2232,dizel,1.039
2020-10-13,2232,dizel-premium,1.249
2020-10-13,2233,100,1.121
2020-10-13,2233,95,0.999
2020-10-13,2233,dizel,1.016
2020-10-13,2272,100,1.121
2020-10-13,2272,95,0.999
2020-10-13,2272,dizel,1.016
2020-10-14,766,dizel,1.016
2020-10-14,767,KOEL,0.795
2020-10-14,767,dizel,1.016
2020-10-14,768,dizel,1.029
2020-10-14,768,dizel-premium,1.209
2020-10-14,769,dizel,1.019
2020-10-14,770,dizel,1.016
2020-10-14,770,dizel-premium,1.159
2020-10-14,771,KOEL,0.795
2020-10-14,771,dizel,1.016
2020-10-14,772,dizel,1.016
2020-10-14,773,KOEL,0.795
2020-10-14,773,dizel,1.016
2020-10-14,774,dizel,1.016
2020-10-14,775,dizel,1.016
2020-10-14,776,KOEL,0.795
2020-10-14,776,dizel,1.016
2020-10-14,777,dizel,1.039
2020-10-14,777,dizel-premium,1.209
2020-10-14,778,dizel,1.039
2020-10-14,778,dizel-premium,1.209
2020-10-14,779,KOEL,0.795
2020-10-14,779,dizel,1.016
2020-10-14,780,KOEL,0.795
2020-10-14,780,dizel,1.016
2020-10-14,781,dizel,1.039
2020-10-14,781,dizel-premium,1.209
2020-10-14,782,dizel,1.039
2020-10-14,782,dizel-premium,1.209
2020-10-14,783,KOEL,0.795
2020-10-14,783,dizel,1.016
2020-10-14,784,dizel,1.016
2020-10-14,785,dizel,1.016
2020-10-14,786,dizel,1.016
2020-10-14,787,dizel,1.016
2020-10-14,788,dizel,1.016
2020-10-14,789,dizel,1.016
2020-10-14,790,dizel,1.039
2020-10-14,790,dizel-premium,1.209
2020-10-14,791,dizel,1.039
2020-10-14,791,dizel-premium,1.209
2020-10-14,792,KOEL,0.795
2020-10-14,792,dizel,1.016
2020-10-14,793,dizel,1.039
2020-10-14,793,dizel-premium,1.209
2020-10-14,794,dizel,1.016
2020-10-14,795,KOEL,0.795
2020-10-14,795,dizel,1.016
2020-10-14,796,dizel,1.039
2020-10-14,796,dizel-premium,1.209
2020-10-14,797,KOEL,0.795
2020-10-14,797,dizel,1.016
2020-10-14,798,dizel,1.016
2020-10-14,799,KOEL,0.795
2020-10-14,799,dizel,1.016
2020-10-14,800,dizel,1.016
2020-10-14,800,dizel-premium,1.159
2020-10-14,801,dizel,1.016
2020-10-14,802,dizel,1.016
2020-10-14,803,KOEL,0.795
2020-10-14,803,dizel,1.016
2020-10-14,803,dizel-premium,1.159
2020-10-14,804,dizel,1.029
2020-10-14,804,dizel-premium,1.209
2020-10-14,805,KOEL,0.795
2020-10-14,805,dizel,1.029
2020-10-14,805,dizel-premium,1.209
2020-10-14,806,dizel,1.016
2020-10-14,807,KOEL,0.795
2020-10-14,807,dizel,1.016
2020-10-14,808,dizel,1.016
2020-10-14,809,dizel,1.016
2020-10-14,810,KOEL,0.795
2020-10-14,810,dizel,1.016
2020-10-14,811,dizel,1.019
2020-10-14,812,dizel,1.019
2020-10-14,813,dizel,1.016
2020-10-14,814,KOEL,0.795
2020-10-14,814,dizel,1.016
2020-10-14,815,KOEL,0.795
2020-10-14,815,dizel,1.016
2020-10-14,816,dizel,1.016
2020-10-14,817,dizel,1.016
2020-10-14,817,dizel-premium,1.159
2020-10-14,818,dizel,1.016
2020-10-14,819,dizel,1.016
2020-10-14,819,dizel-premium,1.159
2020-10-14,820,dizel,1.016
2020-10-14,820,dizel-premium,1.159
2020-10-14,821,KOEL,0.795
2020-10-14,821,dizel,1.016
2020-10-14,822,dizel,1.019
2020-10-14,823,dizel,1.039
2020-10-14,823,dizel-premium,1.209
2020-10-14,824,dizel,1.016
2020-10-14,825,dizel,1.016
2020-10-14,826,KOEL,0.795
2020-10-14,826,dizel,1.016
2020-10-14,827,dizel,1.016
2020-10-14,828,dizel,1.039
2020-10-14,828,dizel-premium,1.209
2020-10-14,829,KOEL,0.795
2020-10-14,829,dizel,1.016
2020-10-14,829,dizel-premium,1.159
2020-10-14,830,dizel,1.016
2020-10-14,830,dizel-premium,1.159
2020-10-14,831,KOEL,0.795
2020-10-14,831,dizel,1.016
2020-10-14,831,dizel-premium,1.159
2020-10-14,832,dizel,1.016
2020-10-14,833,dizel,1.016
2020-10-14,834,KOEL,0.795
2020-10-14,834,dizel,1.016
2020-10-14,835,KOEL,0.795
2020-10-14,835,dizel,1.016
2020-10-14,836,dizel,1.016
2020-10-14,837,dizel,1.039
2020-10-14,837,dizel-premium,1.209
2020-10-14,838,KOEL,0.795
2020-10-14,838,dizel,1.016
2020-10-14,839,dizel,1.019
2020-10-14,840,dizel,1.016
2020-10-14,841,dizel,1.016
2020-10-14,842,KOEL,0.795
2020-10-14,842,dizel,1.016
2020-10-14,843,KOEL,0.795
2020-10-14,843,dizel,1.016
2020-10-14,844,dizel,1.039
2020-10-14,844,dizel-premium,1.209
2020-10-14,845,dizel,1.039
2020-10-14,845,dizel-premium,1.209
2020-10-14,846,KOEL,0.795
2020-10-14,846,dizel,1.016
2020-10-14,847,dizel,1.039
2020-10-14,847,dizel-premium,1.209
2020-10-14,848,dizel,1.039
2020-10-14,848,dizel-premium,1.209
2020-10-14,849,dizel,1.016
2020-10-14,850,dizel,1.016
2020-10-14,851,dizel,1.016
2020-10-14,852,dizel,1.016
2020-10-14,853,dizel,1.016
2020-10-14,854,dizel,1.016
2020-10-14,855,KOEL,0.795
2020-10-14,855,dizel,1.016
2020-10-14,856,dizel,1.016
2020-10-14,857,KOEL,0.795
2020-10-14,857,dizel,1.016
2020-10-14,858,KOEL,0.795
2020-10-14,858,dizel,1.016
2020-10-14,859,dizel,1.016
2020-10-14,860,KOEL,0.795
2020-10-14,860,dizel,1.016
2020-10-14,861,dizel,1.039
2020-10-14,861,dizel-premium,1.209
2020-10-14,862,KOEL,0.795
2020-10-14,862,dizel,1.016
2020-10-14,863,KOEL,0.795
2020-10-14,863,dizel,1.029
2020-10-14,864,dizel,1.029
2020-10-14,865,KOEL,0.795
2020-10-14,865,dizel,1.016
2020-10-14,866,dizel,1.016
2020-10-14,867,dizel,1.016
2020-10-14,868,dizel,1.016
2020-10-14,869,KOEL,0.795
2020-10-14,869,dizel,1.016
2020-10-14,870,dizel,1.016
2020-10-14,871,KOEL,0.795
2020-10-14,871,dizel,1.016
2020-10-14,872,dizel,1.019
2020-10-14,873,dizel,1.016
2020-10-14,874,KOEL,0.795
2020-10-14,874,dizel,1.016
2020-10-14,875,KOEL,0.795
2020-10-14,875,dizel,1.016
2020-10-14,876,KOEL,0.795
2020-10-14,876,dizel,1.016
2020-10-14,1548,dizel,1.016
2020-10-14,1549,dizel,1.016
2020-10-14,1550,dizel,1.016
2020-10-14,1551,dizel,1.016
2020-10-14,1551,dizel-premium,1.116
2020-10-14,1552,dizel,1.016
2020-10-14,1552,dizel-premium,1.116
2020-10-14,1553,dizel,1.016
2020-10-14,1554,dizel,1.016
2020-10-14,1555,dizel,1.016
2020-10-14,1555,dizel-premium,1.116
2020-10-14,1556,dizel,1.016
2020-10-14,1556,dizel-premium,1.116
2020-10-14,1557,dizel,1.016
2020-10-14,1557,dizel-premium,1.116
2020-10-14,1558,dizel,1.016
2020-10-14,1559,dizel,1.039
2020-10-14,1559,dizel-premium,1.249
2020-10-14,1560,dizel,1.016
2020-10-14,1561,KOEL,0.796
2020-10-14,1561,dizel,1.016
2020-10-14,1562,dizel,1.016
2020-10-14,1563,dizel,1.016
2020-10-14,1564,KOEL,0.796
2020-10-14,1564,dizel,1.016
2020-10-14,1565,dizel,1.016
2020-10-14,1566,dizel,1.016
2020-10-14,1567,dizel,1.016
2020-10-14,1568,dizel,1.039
2020-10-14,1568,dizel-premium,1.249
2020-10-14,1569,dizel,1.016
2020-10-14,1570,dizel,1.016
2020-10-14,1571,dizel,1.016
2020-10-14,1572,dizel,1.016
2020-10-14,1573,dizel,1.016
2020-10-14,1574,dizel,1.016
2020-10-14,1575,dizel,1.016
2020-10-14,1576,dizel,1.016
2020-10-14,1577,dizel,1.016
2020-10-14,1578,dizel,1.016
2020-10-14,1579,dizel,1.016
2020-10-14,1580,dizel,1.016
2020-10-14,1581,dizel,1.016
2020-10-14,1582,KOEL,0.796
2020-10-14,1582,dizel,1.016
2020-10-14,1583,KOEL,0.796
2020-10-14,1583,dizel,1.016
2020-10-14,1584,KOEL,0.796
2020-10-14,1584,dizel,1.016
2020-10-14,1585,KOEL,0.796
2020-10-14,1585,dizel,1.016
2020-10-14,1586,KOEL,0.796
2020-10-14,1586,dizel,1.016
2020-10-14,1587,KOEL,0.796
2020-10-14,1587,dizel,1.016
2020-10-14,1588,KOEL,0.796
2020-10-14,1588,dizel,1.016
2020-10-14,1589,dizel,1.016
2020-10-14,1590,dizel,1.016
2020-10-14,1591,dizel,1.016
2020-10-14,1592,KOEL,0.796
2020-10-14,1592,dizel,1.016
2020-10-14,1593,dizel,1.016
2020-10-14,2234,dizel,1.016
2020-10-14,2234,dizel-premium,1.116
2020-10-14,2235,dizel,1.016
2020-10-14,2235,dizel-premium,1.116
2020-10-14,2236,dizel,1.016
2020-10-14,2237,dizel,1.016
2020-10-14,2238,dizel,1.016
2020-10-14,2239,dizel,1.016
2020-10-14,2240,dizel,1.016
2020-10-14,2241,dizel,1.016
2020-10-14,2242,dizel,1.016
2020-10-14,2243,dizel,1.016
2020-10-14,2244,dizel,1.016
2020-10-14,2245,dizel,1.016
2020-10-14,2246,dizel,1.016
2020-10-14,2247,dizel,1.016
2020-10-14,2248,dizel,1.016
2020-10-14,2249,dizel,1.016
2020-10-14,2250,dizel,1.016
2020-10-14,2251,dizel,1.016
2020-10-14,2252,dizel,1.016
2020-10-14,2253,dizel,1.016
2020-10-14,2254,dizel,1.016
2020-10-14,2255,dizel,1.016
2020-10-14,2256,dizel,1.016
2020-10-14,2257,dizel,1.016
2020-10-14,2267,95,0.999
2020-10-14,2267,KOEL,0.782
2020-10-14,2267,dizel,1.002
2020-10-14,2268,100,1.222
2020-10-14,2268,95,0.999
2020-10-14,2268,KOEL,0.796
2020-10-14,2268,dizel,1.016
2020-10-14,2271,dizel,1.016
2020-10-14,2271,dizel-premium,1.159
2020-10-14,2273,dizel,1.016
2020-10-14,2274,dizel,1.016
2020-10-14,2275,dizel,1.016
2020-10-14,2276,dizel,1.016
2020-10-14,2283,KOEL,0.796
2020-10-14,2283,dizel,1.016
2020-10-14,2284,KOEL,0.796
2020-10-14,2284,dizel,1.016
2020-10-14,2285,KOEL,0.796
2020-10-14,2285,dizel,1.016
2020-10-14,2286,KOEL,0.796
2020-10-14,2286,dizel,1.016
2020-10-14,2287,KOEL,0.796
2020-10-14,2287,dizel,1.016
2020-10-14,2297,dizel,1.016
2020-10-14,2299,dizel,1.016
2020-10-14,2302,KOEL,0.795
2020-10-14,2302,dizel,1.012
2020-10-14,2303,KOEL,0.795
2020-10-14,2303,dizel,1.012
2020-10-14,2304,KOEL,0.795
2020-10-14,2304,dizel,1.012
2020-10-14,2305,dizel,1.012
2020-10-14,2306,KOEL,0.795
2020-10-14,2306,dizel,1.012
2020-10-14,2307,dizel,1.012
2020-10-14,2308,dizel,1.012
2020-10-14,2309,dizel,1.012
2020-10-14,2310,dizel,1.012
2020-10-15,768,95,1.025
2020-10-15,777,95,1.035
2020-10-15,778,95,1.035
2020-10-15,781,95,1.035
2020-10-15,782,95,1.035
2020-10-15,790,95,1.035
2020-10-15,791,95,1.035
2020-10-15,793,95,1.035
2020-10-15,796,95,1.035
2020-10-15,804,95,1.025
2020-10-15,805,95,1.025
2020-10-15,823,95,1.035
2020-10-15,828,95,1.035
2020-10-15,837,95,1.035
2020-10-15,844,95,1.035
2020-10-15,845,95,1.035
2020-10-15,847,95,1.035
2020-10-15,848,95,1.035
2020-10-15,861,95,1.035
2020-10-15,863,95,1.025
2020-10-15,864,95,1.025
2020-10-15,1551,dizel-premium,1.136
2020-10-15,1552,dizel-premium,1.136
2020-10-15,1555,dizel-premium,1.136
2020-10-15,1556,dizel-premium,1.136
2020-10-15,1557,dizel-premium,1.136
2020-10-15,1921,100,1.130
2020-10-15,1923,100,1.174
2020-10-15,1928,100,1.130
2020-10-15,1929,100,1.130
2020-10-15,1934,100,1.130
2020-10-15,1935,100,1.130
2020-10-15,1942,100,1.130
2020-10-15,1943,100,1.130
2020-10-15,1945,100,1.174
2020-10-15,1947,100,1.130
2020-10-15,1948,100,1.130
2020-10-15,1949,100,1.174
2020-10-15,1950,100,1.130
2020-10-15,1951,100,1.130
2020-10-15,1952,100,1.130
2020-10-15,1954,100,1.130
2020-10-15,1955,100,1.130
2020-10-15,1956,100,1.130
2020-10-15,1957,100,1.130
2020-10-15,1958,100,1.130
2020-10-15,1959,100,1.130
2020-10-15,1960,100,1.130
2020-10-15,1961,100,1.130
2020-10-15,1962,100,1.130
2020-10-15,1963,100,1.130
2020-10-15,1966,100,1.130
2020-10-15,1969,100,1.130
2020-10-15,1970,100,1.130
2020-10-15,1971,100,1.130
2020-10-15,1972,100,1.130
2020-10-15,1976,100,1.174
2020-10-15,1977,100,1.174
2020-10-15,1978,100,1.174
2020-10-15,1979,100,1.130
2020-10-15,1980,100,1.130
2020-10-15,1981,100,1.130
2020-10-15,1984,100,1.130
2020-10-15,1986,100,1.130
2020-10-15,1990,100,1.130
2020-10-15,1992,100,1.130
2020-10-15,1993,100,1.130
2020-10-15,1994,100,1.130
2020-10-15,1995,100,1.130
2020-10-15,1996,100,1.130
2020-10-15,1997,100,1.174
2020-10-15,1998,100,1.130
2020-10-15,1999,100,1.130
2020-10-15,2000,100,1.174
2020-10-15,2001,100,1.130
2020-10-15,2002,100,1.130
2020-10-15,2003,100,1.130
2020-10-15,2004,100,1.130
2020-10-15,2005,100,1.130
2020-10-15,2006,100,1.130
2020-10-15,2007,100,1.130
2020-10-15,2008,100,1.174
2020-10-15,2009,100,1.174
2020-10-15,2010,100,1.130
2020-10-15,2014,100,1.130
2020-10-15,2015,100,1.130
2020-10-15,2016,100,1.130
2020-10-15,2018,100,1.174
2020-10-15,2020,100,1.130
2020-10-15,2021,100,1.130
2020-10-15,2022,100,1.130
2020-10-15,2023,100,1.130
2020-10-15,2024,100,1.130
2020-10-15,2026,100,1.174
2020-10-15,2027,100,1.174
2020-10-15,2028,100,1.130
2020-10-15,2029,100,1.130
2020-10-15,2030,100,1.174
2020-10-15,2031,100,1.174
2020-10-15,2032,100,1.174
2020-10-15,2033,100,1.130
2020-10-15,2034,100,1.130
2020-10-15,2036,100,1.130
2020-10-15,2037,100,1.130
2020-10-15,2039,100,1.130
2020-10-15,2040,100,1.130
2020-10-15,2041,100,1.130
2020-10-15,2043,100,1.130
2020-10-15,2044,100,1.130
2020-10-15,2045,100,1.130
2020-10-15,2046,100,1.130
2020-10-15,2047,100,1.130
2020-10-15,2048,100,1.130
2020-10-15,2049,100,1.130
2020-10-15,2052,100,1.130
2020-10-15,2056,100,1.130
2020-10-15,2059,100,1.174
2020-10-15,2060,100,1.174
2020-10-15,2061,100,1.130
2020-10-15,2062,100,1.130
2020-10-15,2063,100,1.130
2020-10-15,2064,100,1.130
2020-10-15,2065,100,1.130
2020-10-15,2067,100,1.130
2020-10-15,2069,100,1.130
2020-10-15,2070,100,1.130
2020-10-15,2071,100,1.130
2020-10-15,2073,100,1.130
2020-10-15,2074,100,1.130
2020-10-15,2080,100,1.130
2020-10-15,2088,100,1.174
2020-10-15,2089,100,1.174
2020-10-15,2090,100,1.130
2020-10-15,2091,100,1.130
2020-10-15,2092,100,1.130
2020-10-15,2094,100,1.130
2020-10-15,2095,100,1.174
2020-10-15,2096,100,1.174
2020-10-15,2098,100,1.130
2020-10-15,2099,100,1.130
2020-10-15,2100,100,1.174
2020-10-15,2101,100,1.174
2020-10-15,2104,100,1.130
2020-10-15,2108,100,1.130
2020-10-15,2110,100,1.130
2020-10-15,2111,100,1.130
2020-10-15,2112,100,1.130
2020-10-15,2115,100,1.130
2020-10-15,2117,100,1.130
2020-10-15,2119,100,1.130
2020-10-15,2120,100,1.174
2020-10-15,2121,100,1.130
2020-10-15,2122,100,1.130
2020-10-15,2123,100,1.174
2020-10-15,2125,100,1.130
2020-10-15,2126,100,1.130
2020-10-15,2128,100,1.130
2020-10-15,2130,100,1.130
2020-10-15,2131,100,1.130
2020-10-15,2132,100,1.130
2020-10-15,2133,100,1.130
2020-10-15,2134,100,1.130
2020-10-15,2135,100,1.130
2020-10-15,2136,100,1.130
2020-10-15,2137,100,1.130
2020-10-15,2138,100,1.130
2020-10-15,2139,100,1.130
2020-10-15,2141,100,1.174
2020-10-15,2144,100,1.130
2020-10-15,2145,100,1.130
2020-10-15,2146,100,1.130
2020-10-15,2147,100,1.130
2020-10-15,2148,100,1.130
2020-10-15,2149,100,1.130
2020-10-15,2150,100,1.130
2020-10-15,2158,100,1.130
2020-10-15,2161,100,1.130
2020-10-15,2162,100,1.174
2020-10-15,2163,100,1.130
2020-10-15,2164,100,1.130
2020-10-15,2166,100,1.130
2020-10-15,2167,100,1.130
2020-10-15,2168,100,1.130
2020-10-15,2171,100,1.130
2020-10-15,2172,100,1.130
2020-10-15,2174,100,1.130
2020-10-15,2175,100,1.174
2020-10-15,2176,100,1.174
2020-10-15,2178,100,1.130
2020-10-15,2186,100,1.130
2020-10-15,2187,100,1.130
2020-10-15,2188,100,1.130
2020-10-15,2190,100,1.130
2020-10-15,2191,100,1.130
2020-10-15,2192,100,1.130
2020-10-15,2194,100,1.130
2020-10-15,2195,100,1.130
2020-10-15,2196,100,1.130
2020-10-15,2197,100,1.130
2020-10-15,2198,100,1.130
2020-10-15,2199,100,1.130
2020-10-15,2200,100,1.130
2020-10-15,2201,100,1.174
2020-10-15,2202,100,1.174
2020-10-15,2204,100,1.130
2020-10-15,2205,100,1.130
2020-10-15,2206,100,1.130
2020-10-15,2207,100,1.130
2020-10-15,2210,100,1.130
2020-10-15,2212,100,1.130
2020-10-15,2215,100,1.130
2020-10-15,2216,100,1.174
2020-10-15,2217,100,1.130
2020-10-15,2218,100,1.130
2020-10-15,2220,100,1.130
2020-10-15,2221,100,1.130
2020-10-15,2222,100,1.130
2020-10-15,2225,100,1.130
2020-10-15,2227,100,1.130
2020-10-15,2228,100,1.130
2020-10-15,2229,100,1.174
2020-10-15,2230,100,1.174
2020-10-15,2231,100,1.174
2020-10-15,2232,100,1.174
2020-10-15,2233,100,1.130
2020-10-15,2234,dizel-premium,1.136
2020-10-15,2235,dizel-premium,1.136
2020-10-15,2272,100,1.130
2020-10-15,2283,dizel-premium,1.136
2020-10-15,2284,dizel-premium,1.136
2020-10-15,2286,dizel-premium,1.136
2020-10-15,2287,dizel-premium,1.136
2020-10-15,2288,dizel,0.986
2020-10-15,2289,dizel,0.986
2020-10-15,2290,dizel,0.986
2020-10-15,2291,dizel,0.986
2020-10-15,2292,dizel,0.986
2020-10-15,2293,dizel,0.986
2020-10-15,2294,dizel,0.986
2020-10-15,2295,dizel,0.986
2020-10-15,2305,avtoplin-lpg,0.555
2020-10-15,2311,KOEL,0.795
2020-10-15,2311,dizel,1.016
2020-10-16,766,100,1.134
2020-10-16,767,100,1.134
2020-10-16,768,100,1.179
2020-10-16,770,100,1.134
2020-10-16,771,100,1.134
2020-10-16,772,100,1.134
2020-10-16,773,100,1.134
2020-10-16,774,100,1.134
2020-10-16,775,100,1.134
2020-10-16,776,100,1.134
2020-10-16,777,100,1.179
2020-10-16,778,100,1.179
2020-10-16,779,100,1.134
2020-10-16,780,100,1.134
2020-10-16,781,100,1.179
2020-10-16,782,100,1.179
2020-10-16,783,100,1.134
2020-10-16,789,100,1.134
2020-10-16,790,100,1.179
2020-10-16,791,100,1.179
2020-10-16,792,100,1.134
2020-10-16,793,100,1.179
2020-10-16,795,100,1.134
2020-10-16,796,100,1.179
2020-10-16,797,100,1.134
2020-10-16,798,100,1.134
2020-10-16,799,100,1.134
2020-10-16,800,100,1.134
2020-10-16,801,100,1.134
2020-10-16,802,100,1.134
2020-10-16,803,100,1.134
2020-10-16,804,100,1.179
2020-10-16,805,100,1.179
2020-10-16,806,100,1.134
2020-10-16,807,100,1.134
2020-10-16,808,100,1.134
2020-10-16,809,100,1.134
2020-10-16,810,100,1.134
2020-10-16,812,100,1.134
2020-10-16,813,100,1.134
2020-10-16,814,100,1.134
2020-10-16,815,100,1.134
2020-10-16,816,100,1.134
2020-10-16,817,100,1.134
2020-10-16,818,100,1.134
2020-10-16,819,100,1.134
2020-10-16,820,100,1.134
2020-10-16,821,100,1.134
2020-10-16,822,100,1.134
2020-10-16,823,100,1.179
2020-10-16,825,100,1.134
2020-10-16,826,100,1.134
2020-10-16,828,100,1.179
2020-10-16,829,100,1.134
2020-10-16,830,100,1.134
2020-10-16,831,100,1.134
2020-10-16,833,100,1.134
2020-10-16,834,100,1.134
2020-10-16,835,100,1.134
2020-10-16,836,100,1.134
2020-10-16,837,100,1.179
2020-10-16,838,100,1.134
2020-10-16,839,100,1.134
2020-10-16,840,100,1.134
2020-10-16,841,100,1.134
2020-10-16,842,100,1.134
2020-10-16,843,100,1.134
2020-10-16,844,100,1.179
2020-10-16,845,100,1.179
2020-10-16,846,100,1.134
2020-10-16,849,100,1.134
2020-10-16,850,100,1.134
2020-10-16,851,100,1.134
2020-10-16,853,100,1.134
2020-10-16,854,100,1.134
2020-10-16,855,100,1.134
2020-10-16,856,100,1.134
2020-10-16,857,100,1.134
2020-10-16,858,100,1.134
2020-10-16,860,100,1.134
2020-10-16,861,100,1.179
2020-10-16,862,100,1.134
2020-10-16,863,100,1.179
2020-10-16,864,100,1.179
2020-10-16,865,100,1.134
2020-10-16,866,100,1.134
2020-10-16,867,100,1.134
2020-10-16,868,100,1.134
2020-10-16,869,100,1.134
2020-10-16,870,100,1.134
2020-10-16,871,100,1.134
2020-10-16,872,100,1.134
2020-10-16,873,100,1.134
2020-10-16,874,100,1.134
2020-10-16,875,100,1.134
2020-10-16,876,100,1.134
2020-10-16,1548,100,1.131
2020-10-16,1549,100,1.131
2020-10-16,1550,100,1.131
2020-10-16,1551,100,1.131
2020-10-16,1552,100,1.131
2020-10-16,1553,100,1.131
2020-10-16,1554,100,1.131
2020-10-16,1555,100,1.131
2020-10-16,1556,100,1.131
2020-10-16,1557,100,1.131
2020-10-16,1558,100,1.131
2020-10-16,1559,100,1.175
2020-10-16,1560,100,1.131
2020-10-16,1561,100,1.131
2020-10-16,1562,100,1.131
2020-10-16,1563,100,1.131
2020-10-16,1564,100,1.131
2020-10-16,1564,dizel-premium,1.136
2020-10-16,1565,100,1.131
2020-10-16,1566,100,1.131
2020-10-16,1567,100,1.131
2020-10-16,1568,100,1.175
2020-10-16,1569,100,1.131
2020-10-16,1570,100,1.131
2020-10-16,1571,100,1.131
2020-10-16,1572,100,1.131
2020-10-16,1573,100,1.131
2020-10-16,1574,100,1.131
2020-10-16,1575,100,1.131
2020-10-16,1576,100,1.131
2020-10-16,1577,100,1.131
2020-10-16,1578,100,1.131
2020-10-16,1579,100,1.131
2020-10-16,1580,100,1.131
2020-10-16,1581,100,1.131
2020-10-16,1582,100,1.131
2020-10-16,1583,100,1.131
2020-10-16,1584,100,1.131
2020-10-16,1585,100,1.131
2020-10-16,1585,dizel-premium,1.136
2020-10-16,1586,100,1.131
2020-10-16,1587,100,1.131
2020-10-16,1588,100,1.131
2020-10-16,1589,100,1.131
2020-10-16,1590,100,1.131
2020-10-16,1591,100,1.131
2020-10-16,1592,100,1.131
2020-10-16,1593,100,1.131
2020-10-16,2234,100,1.131
2020-10-16,2235,100,1.131
2020-10-16,2236,100,1.134
2020-10-16,2271,100,1.134
2020-10-16,2283,100,1.131
2020-10-16,2284,100,1.131
2020-10-16,2285,100,1.131
2020-10-16,2286,100,1.131
2020-10-16,2287,100,1.131
2020-10-16,2314,95,0.999
2020-10-16,2314,KOEL,0.796
2020-10-16,2314,dizel,1.016
2020-10-17,768,dizel-premium,1.249
2020-10-17,777,dizel-premium,1.249
2020-10-17,778,dizel-premium,1.249
2020-10-17,781,dizel-premium,1.249
2020-10-17,782,dizel-premium,1.249
2020-10-17,790,dizel-premium,1.249
2020-10-17,791,dizel-premium,1.249
2020-10-17,793,dizel-premium,1.249
2020-10-17,796,dizel-premium,1.249
2020-10-17,804,dizel-premium,1.249
2020-10-17,805,dizel-premium,1.249
2020-10-17,823,dizel-premium,1.249
2020-10-17,828,dizel-premium,1.249
2020-10-17,833,dizel-premium,1.159
2020-10-17,837,dizel-premium,1.249
2020-10-17,838,dizel-premium,1.159
2020-10-17,844,dizel-premium,1.249
2020-10-17,845,dizel-premium,1.249
2020-10-17,847,dizel-premium,1.249
2020-10-17,848,dizel-premium,1.249
2020-10-17,854,dizel-premium,1.159
2020-10-17,861,dizel-premium,1.249
2020-10-17,1588,dizel-premium,1.136
2020-10-17,1589,dizel-premium,1.136
2020-10-17,2236,dizel-premium,1.159
2020-10-17,2315,95,0.998
2020-10-17,2315,KOEL,0.795
2020-10-17,2315,dizel,1.014
2020-10-19,768,dizel-premium,1.229
2020-10-19,777,dizel-premium,1.229
2020-10-19,778,dizel-premium,1.229
2020-10-19,781,dizel-premium,1.229
2020-10-19,782,dizel-premium,1.229
2020-10-19,790,dizel-premium,1.229
2020-10-19,791,dizel-premium,1.229
2020-10-19,793,dizel-premium,1.229
2020-10-19,796,dizel-premium,1.229
2020-10-19,804,dizel-premium,1.229
2020-10-19,805,dizel-premium,1.229
2020-10-19,823,dizel-premium,1.229
2020-10-19,828,dizel-premium,1.229
2020-10-19,837,dizel-premium,1.229
2020-10-19,844,dizel-premium,1.229
2020-10-19,845,dizel-premium,1.229
2020-10-19,847,dizel-premium,1.229
2020-10-19,848,dizel-premium,1.229
2020-10-19,861,dizel-premium,1.229
2020-10-20,1921,100,1.123
2020-10-20,1921,95,0.988
2020-10-20,1921,dizel,1.017
2020-10-20,1922,95,0.988
2020-10-20,1922,dizel,1.017
2020-10-20,1923,100,1.167
2020-10-20,1923,95,1.019
2020-10-20,1923,dizel,1.040
2020-10-20,1924,95,0.988
2020-10-20,1924,dizel,1.017
2020-10-20,1925,95,0.988
2020-10-20,1925,dizel,1.017
2020-10-20,1926,95,0.988
2020-10-20,1926,dizel,1.017
2020-10-20,1927,95,0.988
2020-10-20,1927,dizel,1.017
2020-10-20,1928,100,1.123
2020-10-20,1928,95,0.988
2020-10-20,1928,dizel,1.017
2020-10-20,1929,100,1.123
2020-10-20,1929,95,0.988
2020-10-20,1929,dizel,1.017
2020-10-20,1930,95,0.988
2020-10-20,1930,dizel,1.017
2020-10-20,1931,95,0.988
2020-10-20,1931,dizel,1.017
2020-10-20,1932,95,0.988
2020-10-20,1932,dizel,1.017
2020-10-20,1933,95,0.988
2020-10-20,1933,dizel,1.017
2020-10-20,1934,100,1.123
2020-10-20,1934,95,0.988
2020-10-20,1934,dizel,1.017
2020-10-20,1935,100,1.123
2020-10-20,1935,95,0.988
2020-10-20,1935,dizel,1.017
2020-10-20,1936,95,0.988
2020-10-20,1936,dizel,1.017
2020-10-20,1937,95,0.988
2020-10-20,1937,dizel,1.017
2020-10-20,1938,95,0.988
2020-10-20,1938,dizel,1.017
2020-10-20,1939,95,0.988
2020-10-20,1939,dizel,1.017
2020-10-20,1940,95,0.988
2020-10-20,1940,dizel,1.017
2020-10-20,1941,95,0.988
2020-10-20,1941,dizel,1.017
2020-10-20,1942,100,1.123
2020-10-20,1942,95,0.988
2020-10-20,1942,dizel,1.017
2020-10-20,1943,100,1.123
2020-10-20,1943,95,0.988
2020-10-20,1943,dizel,1.017
2020-10-20,1944,95,0.988
2020-10-20,1944,dizel,1.017
2020-10-20,1945,100,1.167
2020-10-20,1945,95,1.019
2020-10-20,1945,dizel,1.040
2020-10-20,1946,95,0.988
2020-10-20,1946,dizel,1.017
2020-10-20,1947,100,1.123
2020-10-20,1947,95,0.988
2020-10-20,1947,dizel,1.017
2020-10-20,1948,100,1.123
2020-10-20,1948,95,0.988
2020-10-20,1948,dizel,1.017
2020-10-20,1949,100,1.167
2020-10-20,1949,95,1.019
2020-10-20,1949,dizel,1.040
2020-10-20,1949,dizel-premium,1.251
2020-10-20,1950,100,1.123
2020-10-20,1950,95,0.988
2020-10-20,1950,dizel,1.017
2020-10-20,1951,100,1.123
2020-10-20,1951,95,0.988
2020-10-20,1951,dizel,1.017
2020-10-20,1952,100,1.123
2020-10-20,1952,95,0.988
2020-10-20,1952,dizel,1.017
2020-10-20,1953,95,0.988
2020-10-20,1953,dizel,1.017
2020-10-20,1954,100,1.123
2020-10-20,1954,95,0.988
2020-10-20,1954,dizel,1.017
2020-10-20,1955,100,1.123
2020-10-20,1955,95,0.988
2020-10-20,1955,dizel,1.017
2020-10-20,1956,100,1.123
2020-10-20,1956,95,0.988
2020-10-20,1956,dizel,1.017
2020-10-20,1957,100,1.123
2020-10-20,1957,95,0.988
2020-10-20,1957,dizel,1.017
2020-10-20,1958,100,1.123
2020-10-20,1958,95,0.988
2020-10-20,1958,dizel,1.017
2020-10-20,1959,100,1.123
2020-10-20,1959,95,0.988
2020-10-20,1959,dizel,1.017
2020-10-20,1960,100,1.123
2020-10-20,1960,95,0.988
2020-10-20,1960,dizel,1.017
2020-10-20,1961,100,1.123
2020-10-20,1961,95,0.988
2020-10-20,1961,dizel,1.017
2020-10-20,1962,100,1.123
2020-10-20,1962,95,0.988
2020-10-20,1962,dizel,1.017
2020-10-20,1963,100,1.123
2020-10-20,1963,95,0.988
2020-10-20,1963,dizel,1.017
2020-10-20,1964,95,0.988
2020-10-20,1964,dizel,1.017
2020-10-20,1965,95,0.988
2020-10-20,1965,dizel,1.017
2020-10-20,1966,100,1.123
2020-10-20,1966,95,0.988
2020-10-20,1966,dizel,1.017
2020-10-20,1967,95,0.988
2020-10-20,1967,dizel,1.017
2020-10-20,1968,95,0.988
2020-10-20,1968,dizel,1.017
2020-10-20,1969,100,1.123
2020-10-20,1969,95,0.988
2020-10-20,1969,dizel,1.017
2020-10-20,1970,100,1.123
2020-10-20,1970,95,0.988
2020-10-20,1970,dizel,1.017
2020-10-20,1971,100,1.123
2020-10-20,1971,95,0.988
2020-10-20,1971,dizel,1.017
2020-10-20,1972,100,1.123
2020-10-20,1972,95,0.988
2020-10-20,1972,dizel,1.017
2020-10-20,1973,95,0.988
2020-10-20,1973,dizel,1.017
2020-10-20,1974,95,0.988
2020-10-20,1974,dizel,1.017
2020-10-20,1975,95,0.988
2020-10-20,1975,dizel,1.017
2020-10-20,1976,100,1.167
2020-10-20,1976,95,1.019
2020-10-20,1976,dizel,1.040
2020-10-20,1977,100,1.167
2020-10-20,1977,95,1.019
2020-10-20,1977,dizel,1.040
2020-10-20,1977,dizel-premium,1.251
2020-10-20,1978,100,1.167
2020-10-20,1978,95,1.019
2020-10-20,1978,dizel,1.040
2020-10-20,1978,dizel-premium,1.251
2020-10-20,1979,100,1.123
2020-10-20,1979,95,0.988
2020-10-20,1979,dizel,1.017
2020-10-20,1980,100,1.123
2020-10-20,1980,95,0.988
2020-10-20,1980,dizel,1.017
2020-10-20,1981,100,1.123
2020-10-20,1981,95,0.988
2020-10-20,1981,dizel,1.017
2020-10-20,1982,95,0.988
2020-10-20,1982,dizel,1.017
2020-10-20,1983,95,0.988
2020-10-20,1983,dizel,1.017
2020-10-20,1984,100,1.123
2020-10-20,1984,95,0.988
2020-10-20,1984,dizel,1.017
2020-10-20,1985,95,0.988
2020-10-20,1985,dizel,1.017
2020-10-20,1986,100,1.123
2020-10-20,1986,95,0.988
2020-10-20,1986,dizel,1.017
2020-10-20,1987,95,0.988
2020-10-20,1987,dizel,1.017
2020-10-20,1988,95,0.988
2020-10-20,1988,dizel,1.017
2020-10-20,1989,95,0.988
2020-10-20,1989,dizel,1.017
2020-10-20,1990,100,1.123
2020-10-20,1990,95,0.988
2020-10-20,1990,dizel,1.017
2020-10-20,1991,95,0.988
2020-10-20,1991,dizel,1.017
2020-10-20,1992,100,1.123
2020-10-20,1992,95,0.988
2020-10-20,1992,dizel,1.017
2020-10-20,1993,100,1.123
2020-10-20,1993,95,0.988
2020-10-20,1993,dizel,1.017
2020-10-20,1994,100,1.123
2020-10-20,1994,95,0.988
2020-10-20,1994,dizel,1.017
2020-10-20,1995,100,1.123
2020-10-20,1995,95,0.988
2020-10-20,1995,dizel,1.017
2020-10-20,1996,100,1.123
2020-10-20,1996,95,0.988
2020-10-20,1996,dizel,1.017
2020-10-20,1997,100,1.167
2020-10-20,1997,95,1.019
2020-10-20,1997,dizel,1.040
2020-10-20,1998,100,1.123
2020-10-20,1998,95,0.988
2020-10-20,1998,dizel,1.017
2020-10-20,1999,100,1.123
2020-10-20,1999,95,0.988
2020-10-20,1999,dizel,1.017
2020-10-20,2000,100,1.167
2020-10-20,2000,95,1.019
2020-10-20,2000,dizel,1.040
2020-10-20,2000,dizel-premium,1.251
2020-10-20,2001,100,1.123
2020-10-20,2001,95,0.988
2020-10-20,2001,dizel,1.017
2020-10-20,2002,100,1.123
2020-10-20,2002,95,0.988
2020-10-20,2002,dizel,1.017
2020-10-20,2003,100,1.123
2020-10-20,2003,95,0.988
2020-10-20,2003,dizel,1.017
2020-10-20,2004,100,1.123
2020-10-20,2004,95,0.988
2020-10-20,2004,dizel,1.017
2020-10-20,2005,100,1.123
2020-10-20,2005,95,0.988
2020-10-20,2005,dizel,1.017
2020-10-20,2006,100,1.123
2020-10-20,2006,95,0.988
2020-10-20,2006,dizel,1.017
2020-10-20,2007,100,1.123
2020-10-20,2007,95,0.988
2020-10-20,2007,dizel,1.017
2020-10-20,2008,100,1.167
2020-10-20,2008,95,1.019
2020-10-20,2008,dizel,1.040
2020-10-20,2009,100,1.167
2020-10-20,2009,95,1.019
2020-10-20,2009,dizel,1.040
2020-10-20,2009,dizel-premium,1.251
2020-10-20,2010,100,1.123
2020-10-20,2010,95,0.988
2020-10-20,2010,dizel,1.017
2020-10-20,2011,95,0.988
2020-10-20,2011,dizel,1.017
2020-10-20,2012,95,0.988
2020-10-20,2012,dizel,1.017
2020-10-20,2013,95,0.988
2020-10-20,2013,dizel,1.017
2020-10-20,2014,100,1.123
2020-10-20,2014,95,0.988
2020-10-20,2014,dizel,1.017
2020-10-20,2015,100,1.123
2020-10-20,2015,95,0.988
2020-10-20,2015,dizel,1.017
2020-10-20,2016,100,1.123
2020-10-20,2016,95,0.988
2020-10-20,2016,dizel,1.017
2020-10-20,2017,95,0.988
2020-10-20,2017,dizel,1.017
2020-10-20,2018,100,1.167
2020-10-20,2018,95,1.019
2020-10-20,2018,dizel,1.040
2020-10-20,2019,100,1.174
2020-10-20,2019,dizel,1.039
2020-10-20,2020,100,1.123
2020-10-20,2020,95,0.988
2020-10-20,2020,dizel,1.017
2020-10-20,2021,100,1.123
2020-10-20,2021,95,0.988
2020-10-20,2021,dizel,1.017
2020-10-20,2022,100,1.123
2020-10-20,2022,95,0.988
2020-10-20,2022,dizel,1.017
2020-10-20,2023,100,1.123
2020-10-20,2023,95,0.988
2020-10-20,2023,dizel,1.017
2020-10-20,2024,100,1.123
2020-10-20,2024,95,0.988
2020-10-20,2024,dizel,1.017
2020-10-20,2025,95,0.988
2020-10-20,2025,dizel,1.017
2020-10-20,2026,100,1.167
2020-10-20,2026,95,1.019
2020-10-20,2026,dizel,1.040
2020-10-20,2027,100,1.167
2020-10-20,2027,95,1.019
2020-10-20,2027,dizel,1.040
2020-10-20,2028,100,1.123
2020-10-20,2028,95,0.988
2020-10-20,2028,dizel,1.017
2020-10-20,2029,100,1.123
2020-10-20,2029,95,0.988
2020-10-20,2029,dizel,1.017
2020-10-20,2030,100,1.167
2020-10-20,2030,95,1.019
2020-10-20,2030,dizel,1.040
2020-10-20,2031,100,1.167
2020-10-20,2031,95,1.019
2020-10-20,2031,dizel,1.040
2020-10-20,2032,100,1.167
2020-10-20,2032,95,1.019
2020-10-20,2032,dizel,1.040
2020-10-20,2032,dizel-premium,1.251
2020-10-20,2033,100,1.123
2020-10-20,2033,95,0.988
2020-10-20,2033,dizel,1.017
2020-10-20,2034,100,1.123
2020-10-20,2034,95,0.988
2020-10-20,2034,dizel,1.017
2020-10-20,2035,95,0.988
2020-10-20,2035,dizel,1.017
2020-10-20,2036,100,1.123
2020-10-20,2036,95,0.988
2020-10-20,2036,dizel,1.017
2020-10-20,2037,100,1.123
2020-10-20,2037,95,0.988
2020-10-20,2037,dizel,1.017
2020-10-20,2038,95,0.988
2020-10-20,2038,dizel,1.017
2020-10-20,2039,100,1.123
2020-10-20,2039,95,0.988
2020-10-20,2039,dizel,1.017
2020-10-20,2040,100,1.123
2020-10-20,2040,95,0.988
2020-10-20,2040,dizel,1.017
2020-10-20,2041,100,1.123
2020-10-20,2041,95,0.988
2020-10-20,2041,dizel,1.017
2020-10-20,2042,95,0.988
2020-10-20,2042,dizel,1.017
2020-10-20,2043,100,1.123
2020-10-20,2043,95,0.988
2020-10-20,2043,dizel,1.017
2020-10-20,2044,100,1.123
2020-10-20,2044,95,0.988
2020-10-20,2044,dizel,1.017
2020-10-20,2045,100,1.123
2020-10-20,2045,95,0.988
2020-10-20,2045,dizel,1.017
2020-10-20,2046,100,1.123
2020-10-20,2046,95,0.988
2020-10-20,2046,dizel,1.017
2020-10-20,2047,100,1.123
2020-10-20,2047,95,0.988
2020-10-20,2047,dizel,1.017
2020-10-20,2048,100,1.123
2020-10-20,2048,95,0.988
2020-10-20,2048,dizel,1.017
2020-10-20,2049,100,1.123
2020-10-20,2049,95,0.988
2020-10-20,2049,dizel,1.017
2020-10-20,2050,95,0.988
2020-10-20,2050,dizel,1.017
2020-10-20,2051,95,0.988
2020-10-20,2051,dizel,1.017
2020-10-20,2052,100,1.123
2020-10-20,2052,95,0.988
2020-10-20,2052,dizel,1.017
2020-10-20,2053,95,0.988
2020-10-20,2053,dizel,1.017
2020-10-20,2054,95,0.988
2020-10-20,2054,dizel,1.017
2020-10-20,2055,95,0.988
2020-10-20,2055,dizel,1.017
2020-10-20,2056,100,1.123
2020-10-20,2056,95,0.988
2020-10-20,2056,dizel,1.017
2020-10-20,2057,95,0.988
2020-10-20,2057,dizel,1.017
2020-10-20,2058,95,0.988
2020-10-20,2058,dizel,1.017
2020-10-20,2059,100,1.167
2020-10-20,2059,95,1.019
2020-10-20,2059,dizel,1.040
2020-10-20,2059,dizel-premium,1.251
2020-10-20,2060,100,1.167
2020-10-20,2060,95,1.019
2020-10-20,2060,dizel,1.040
2020-10-20,2060,dizel-premium,1.251
2020-10-20,2061,100,1.123
2020-10-20,2061,95,0.988
2020-10-20,2061,dizel,1.017
2020-10-20,2062,100,1.123
2020-10-20,2062,95,0.988
2020-10-20,2062,dizel,1.017
2020-10-20,2063,100,1.123
2020-10-20,2063,95,0.988
2020-10-20,2063,dizel,1.017
2020-10-20,2064,100,1.123
2020-10-20,2064,95,0.988
2020-10-20,2064,dizel,1.017
2020-10-20,2065,100,1.123
2020-10-20,2065,95,0.988
2020-10-20,2065,dizel,1.017
2020-10-20,2066,95,0.988
2020-10-20,2066,dizel,1.017
2020-10-20,2067,100,1.123
2020-10-20,2067,95,0.988
2020-10-20,2067,dizel,1.017
2020-10-20,2068,95,0.988
2020-10-20,2068,dizel,1.017
2020-10-20,2069,100,1.123
2020-10-20,2069,95,0.988
2020-10-20,2069,dizel,1.017
2020-10-20,2070,100,1.123
2020-10-20,2070,95,0.988
2020-10-20,2070,dizel,1.017
2020-10-20,2071,100,1.123
2020-10-20,2071,95,0.988
2020-10-20,2071,dizel,1.017
2020-10-20,2072,95,0.988
2020-10-20,2072,dizel,1.017
2020-10-20,2073,100,1.123
2020-10-20,2073,95,0.988
2020-10-20,2073,dizel,1.017
2020-10-20,2074,100,1.123
2020-10-20,2074,95,0.988
2020-10-20,2074,dizel,1.017
2020-10-20,2075,95,0.988
2020-10-20,2075,dizel,1.017
2020-10-20,2076,95,0.988
2020-10-20,2076,dizel,1.017
2020-10-20,2077,95,0.988
2020-10-20,2077,dizel,1.017
2020-10-20,2078,95,0.988
2020-10-20,2078,dizel,1.017
2020-10-20,2079,95,0.988
2020-10-20,2079,dizel,1.017
2020-10-20,2080,100,1.123
2020-10-20,2080,95,0.988
2020-10-20,2080,dizel,1.017
2020-10-20,2082,95,0.988
2020-10-20,2082,dizel,1.017
2020-10-20,2083,95,0.988
2020-10-20,2083,dizel,1.017
2020-10-20,2084,95,0.988
2020-10-20,2084,dizel,1.017
2020-10-20,2085,95,0.988
2020-10-20,2085,dizel,1.017
2020-10-20,2086,95,0.988
2020-10-20,2086,dizel,1.017
2020-10-20,2087,95,0.988
2020-10-20,2087,dizel,1.017
2020-10-20,2088,100,1.167
2020-10-20,2088,95,1.019
2020-10-20,2088,dizel,1.040
2020-10-20,2088,dizel-premium,1.251
2020-10-20,2089,100,1.167
2020-10-20,2089,95,1.019
2020-10-20,2089,dizel,1.040
2020-10-20,2090,100,1.123
2020-10-20,2090,95,0.988
2020-10-20,2090,dizel,1.017
2020-10-20,2091,100,1.123
2020-10-20,2091,95,0.988
2020-10-20,2091,dizel,1.017
2020-10-20,2092,100,1.123
2020-10-20,2092,95,0.988
2020-10-20,2092,dizel,1.017
2020-10-20,2093,95,0.988
2020-10-20,2093,dizel,1.017
2020-10-20,2094,100,1.123
2020-10-20,2094,95,0.988
2020-10-20,2094,dizel,1.017
2020-10-20,2095,100,1.167
2020-10-20,2095,95,1.019
2020-10-20,2095,dizel,1.040
2020-10-20,2095,dizel-premium,1.251
2020-10-20,2096,100,1.167
2020-10-20,2096,95,1.019
2020-10-20,2096,dizel,1.040
2020-10-20,2096,dizel-premium,1.251
2020-10-20,2097,95,0.988
2020-10-20,2097,dizel,1.017
2020-10-20,2098,100,1.123
2020-10-20,2098,95,0.988
2020-10-20,2098,dizel,1.017
2020-10-20,2099,100,1.123
2020-10-20,2099,95,0.988
2020-10-20,2099,dizel,1.017
2020-10-20,2100,100,1.167
2020-10-20,2100,95,1.019
2020-10-20,2100,dizel,1.040
2020-10-20,2101,100,1.167
2020-10-20,2101,95,1.019
2020-10-20,2101,dizel,1.040
2020-10-20,2102,95,0.988
2020-10-20,2102,dizel,1.017
2020-10-20,2103,95,0.988
2020-10-20,2103,dizel,1.017
2020-10-20,2104,100,1.123
2020-10-20,2104,95,0.988
2020-10-20,2104,dizel,1.017
2020-10-20,2105,95,0.988
2020-10-20,2105,dizel,1.017
2020-10-20,2106,95,0.988
2020-10-20,2106,dizel,1.017
2020-10-20,2107,95,0.988
2020-10-20,2107,dizel,1.017
2020-10-20,2108,100,1.123
2020-10-20,2108,95,0.988
2020-10-20,2108,dizel,1.017
2020-10-20,2109,95,0.988
2020-10-20,2109,dizel,1.017
2020-10-20,2110,100,1.123
2020-10-20,2110,95,0.988
2020-10-20,2110,dizel,1.017
2020-10-20,2111,100,1.123
2020-10-20,2111,95,0.988
2020-10-20,2111,dizel,1.017
2020-10-20,2112,100,1.123
2020-10-20,2112,95,0.988
2020-10-20,2112,dizel,1.017
2020-10-20,2113,95,0.988
2020-10-20,2113,dizel,1.017
2020-10-20,2114,95,0.988
2020-10-20,2114,dizel,1.017
2020-10-20,2115,100,1.123
2020-10-20,2115,95,0.988
2020-10-20,2115,dizel,1.017
2020-10-20,2116,95,0.988
2020-10-20,2116,dizel,1.017
2020-10-20,2117,100,1.123
2020-10-20,2117,95,0.988
2020-10-20,2117,dizel,1.017
2020-10-20,2118,95,0.988
2020-10-20,2118,dizel,1.017
2020-10-20,2119,100,1.123
2020-10-20,2119,95,0.988
2020-10-20,2119,dizel,1.017
2020-10-20,2120,100,1.167
2020-10-20,2120,95,1.019
2020-10-20,2120,dizel,1.040
2020-10-20,2121,100,1.123
2020-10-20,2121,95,0.988
2020-10-20,2121,dizel,1.017
2020-10-20,2122,100,1.123
2020-10-20,2122,95,0.988
2020-10-20,2122,dizel,1.017
2020-10-20,2123,100,1.167
2020-10-20,2123,95,1.019
2020-10-20,2123,dizel,1.040
2020-10-20,2124,95,0.988
2020-10-20,2124,dizel,1.017
2020-10-20,2125,100,1.123
2020-10-20,2125,95,0.988
2020-10-20,2125,dizel,1.017
2020-10-20,2126,100,1.123
2020-10-20,2126,95,0.988
2020-10-20,2126,dizel,1.017
2020-10-20,2127,95,0.988
2020-10-20,2127,dizel,1.017
2020-10-20,2128,100,1.123
2020-10-20,2128,95,0.988
2020-10-20,2128,dizel,1.017
2020-10-20,2129,95,0.988
2020-10-20,2129,dizel,1.017
2020-10-20,2130,100,1.123
2020-10-20,2130,95,0.988
2020-10-20,2130,KOEL,0.796
2020-10-20,2130,dizel,1.017
2020-10-20,2131,100,1.123
2020-10-20,2131,95,0.988
2020-10-20,2131,dizel,1.017
2020-10-20,2132,100,1.123
2020-10-20,2132,95,0.988
2020-10-20,2132,dizel,1.017
2020-10-20,2133,100,1.123
2020-10-20,2133,95,0.988
2020-10-20,2133,dizel,1.017
2020-10-20,2134,100,1.123
2020-10-20,2134,95,0.988
2020-10-20,2134,dizel,1.017
2020-10-20,2135,100,1.123
2020-10-20,2135,95,0.988
2020-10-20,2135,dizel,1.017
2020-10-20,2136,100,1.123
2020-10-20,2136,95,0.988
2020-10-20,2136,dizel,1.017
2020-10-20,2137,100,1.123
2020-10-20,2137,95,0.988
2020-10-20,2137,dizel,1.017
2020-10-20,2138,100,1.123
2020-10-20,2138,95,0.988
2020-10-20,2138,dizel,1.017
2020-10-20,2139,100,1.123
2020-10-20,2139,95,0.988
2020-10-20,2139,dizel,1.017
2020-10-20,2140,95,0.988
2020-10-20,2140,dizel,1.017
2020-10-20,2141,100,1.167
2020-10-20,2141,95,1.019
2020-10-20,2141,dizel,1.040
2020-10-20,2142,95,0.988
2020-10-20,2142,dizel,1.017
2020-10-20,2143,95,0.988
2020-10-20,2143,dizel,1.017
2020-10-20,2144,100,1.123
2020-10-20,2144,95,0.988
2020-10-20,2144,dizel,1.017
2020-10-20,2145,100,1.123
2020-10-20,2145,95,0.988
2020-10-20,2145,dizel,1.017
2020-10-20,2146,100,1.123
2020-10-20,2146,95,0.988
2020-10-20,2146,dizel,1.017
2020-10-20,2147,100,1.123
2020-10-20,2147,95,0.988
2020-10-20,2147,dizel,1.017
2020-10-20,2148,100,1.123
2020-10-20,2148,95,0.988
2020-10-20,2148,dizel,1.017
2020-10-20,2149,100,1.123
2020-10-20,2149,95,0.988
2020-10-20,2149,dizel,1.017
2020-10-20,2150,100,1.123
2020-10-20,2150,95,0.988
2020-10-20,2150,dizel,1.017
2020-10-20,2151,95,0.988
2020-10-20,2151,dizel,1.017
2020-10-20,2152,95,0.988
2020-10-20,2152,dizel,1.017
2020-10-20,2153,95,0.988
2020-10-20,2153,dizel,1.017
2020-10-20,2154,95,0.988
2020-10-20,2154,dizel,1.017
2020-10-20,2155,95,0.988
2020-10-20,2155,dizel,1.017
2020-10-20,2156,95,0.988
2020-10-20,2156,dizel,1.017
2020-10-20,2157,95,0.988
2020-10-20,2157,dizel,1.017
2020-10-20,2158,100,1.123
2020-10-20,2158,95,0.988
2020-10-20,2158,dizel,1.017
2020-10-20,2159,95,0.988
2020-10-20,2159,dizel,1.017
2020-10-20,2160,95,0.988
2020-10-20,2160,dizel,1.017
2020-10-20,2161,100,1.123
2020-10-20,2161,95,0.988
2020-10-20,2161,dizel,1.017
2020-10-20,2162,100,1.167
2020-10-20,2162,95,1.019
2020-10-20,2162,dizel,1.040
2020-10-20,2163,100,1.123
2020-10-20,2163,95,0.988
2020-10-20,2163,dizel,1.017
2020-10-20,2164,100,1.123
2020-10-20,2164,95,0.988
2020-10-20,2164,dizel,1.017
2020-10-20,2165,95,0.988
2020-10-20,2165,dizel,1.017
2020-10-20,2166,100,1.123
2020-10-20,2166,95,0.988
2020-10-20,2166,dizel,1.017
2020-10-20,2167,100,1.123
2020-10-20,2167,95,0.988
2020-10-20,2167,dizel,1.017
2020-10-20,2168,100,1.123
2020-10-20,2168,95,0.988
2020-10-20,2168,dizel,1.017
2020-10-20,2169,95,0.988
2020-10-20,2169,dizel,1.017
2020-10-20,2170,95,0.988
2020-10-20,2170,dizel,1.017
2020-10-20,2171,100,1.123
2020-10-20,2171,95,0.988
2020-10-20,2171,dizel,1.017
2020-10-20,2172,100,1.123
2020-10-20,2172,95,0.988
2020-10-20,2172,dizel,1.017
2020-10-20,2173,95,0.988
2020-10-20,2173,dizel,1.017
2020-10-20,2174,100,1.123
2020-10-20,2174,95,0.988
2020-10-20,2174,dizel,1.017
2020-10-20,2175,100,1.167
2020-10-20,2175,95,1.019
2020-10-20,2175,dizel,1.040
2020-10-20,2176,100,1.167
2020-10-20,2176,95,1.019
2020-10-20,2176,dizel,1.040
2020-10-20,2177,95,0.988
2020-10-20,2177,dizel,1.017
2020-10-20,2178,100,1.123
2020-10-20,2178,95,0.988
2020-10-20,2178,dizel,1.017
2020-10-20,2179,95,0.988
2020-10-20,2179,dizel,1.017
2020-10-20,2180,95,0.988
2020-10-20,2180,dizel,1.017
2020-10-20,2181,95,0.988
2020-10-20,2181,dizel,1.017
2020-10-20,2182,95,0.988
2020-10-20,2182,dizel,1.017
2020-10-20,2183,95,0.988
2020-10-20,2183,dizel,1.017
2020-10-20,2184,95,0.988
2020-10-20,2184,dizel,1.017
2020-10-20,2185,95,0.988
2020-10-20,2185,dizel,1.017
2020-10-20,2186,100,1.123
2020-10-20,2186,95,0.988
2020-10-20,2186,dizel,1.017
2020-10-20,2187,100,1.123
2020-10-20,2187,95,0.988
2020-10-20,2187,dizel,1.017
2020-10-20,2188,100,1.123
2020-10-20,2188,95,0.988
2020-10-20,2188,dizel,1.017
2020-10-20,2189,95,0.988
2020-10-20,2189,dizel,1.017
2020-10-20,2190,100,1.123
2020-10-20,2190,95,0.988
2020-10-20,2190,dizel,1.017
2020-10-20,2191,100,1.123
2020-10-20,2191,95,0.988
2020-10-20,2191,dizel,1.017
2020-10-20,2192,100,1.123
2020-10-20,2192,95,0.988
2020-10-20,2192,dizel,1.017
2020-10-20,2193,95,0.988
2020-10-20,2193,dizel,1.017
2020-10-20,2194,100,1.123
2020-10-20,2194,95,0.988
2020-10-20,2194,dizel,1.017
2020-10-20,2195,100,1.123
2020-10-20,2195,95,0.988
2020-10-20,2195,dizel,1.017
2020-10-20,2196,100,1.123
2020-10-20,2196,95,0.988
2020-10-20,2196,dizel,1.017
2020-10-20,2197,100,1.123
2020-10-20,2197,95,0.988
2020-10-20,2197,dizel,1.017
2020-10-20,2198,100,1.123
2020-10-20,2198,95,0.988
2020-10-20,2198,dizel,1.017
2020-10-20,2199,100,1.123
2020-10-20,2199,95,0.988
2020-10-20,2199,dizel,1.017
2020-10-20,2200,100,1.123
2020-10-20,2200,95,0.988
2020-10-20,2200,dizel,1.017
2020-10-20,2201,100,1.167
2020-10-20,2201,95,1.019
2020-10-20,2201,dizel,1.040
2020-10-20,2202,100,1.167
2020-10-20,2202,95,1.019
2020-10-20,2202,dizel,1.040
2020-10-20,2203,95,0.988
2020-10-20,2203,dizel,1.017
2020-10-20,2204,100,1.123
2020-10-20,2204,95,0.988
2020-10-20,2204,dizel,1.017
2020-10-20,2205,100,1.123
2020-10-20,2205,95,0.988
2020-10-20,2205,dizel,1.017
2020-10-20,2206,100,1.123
2020-10-20,2206,95,0.988
2020-10-20,2206,dizel,1.017
2020-10-20,2207,100,1.123
2020-10-20,2207,95,0.988
2020-10-20,2207,dizel,1.017
2020-10-20,2208,95,0.988
2020-10-20,2208,dizel,1.017
2020-10-20,2209,95,0.988
2020-10-20,2209,dizel,1.017
2020-10-20,2210,100,1.123
2020-10-20,2210,95,0.988
2020-10-20,2210,dizel,1.017
2020-10-20,2211,95,0.988
2020-10-20,2211,dizel,1.017
2020-10-20,2212,100,1.123
2020-10-20,2212,95,0.988
2020-10-20,2212,dizel,1.017
2020-10-20,2213,95,0.988
2020-10-20,2213,dizel,1.017
2020-10-20,2214,95,0.988
2020-10-20,2214,dizel,1.017
2020-10-20,2215,100,1.123
2020-10-20,2215,95,0.988
2020-10-20,2215,dizel,1.017
2020-10-20,2216,100,1.167
2020-10-20,2216,95,1.019
2020-10-20,2216,dizel,1.040
2020-10-20,2216,dizel-premium,1.251
2020-10-20,2217,100,1.123
2020-10-20,2217,95,0.988
2020-10-20,2217,dizel,1.017
2020-10-20,2218,100,1.123
2020-10-20,2218,95,0.988
2020-10-20,2218,dizel,1.017
2020-10-20,2219,95,0.988
2020-10-20,2219,dizel,1.017
2020-10-20,2220,100,1.123
2020-10-20,2220,95,0.988
2020-10-20,2220,dizel,1.017
2020-10-20,2221,100,1.123
2020-10-20,2221,95,0.988
2020-10-20,2221,dizel,1.017
2020-10-20,2222,100,1.123
2020-10-20,2222,95,0.988
2020-10-20,2222,dizel,1.017
2020-10-20,2223,95,0.988
2020-10-20,2223,dizel,1.017
2020-10-20,2224,95,0.988
2020-10-20,2224,dizel,1.017
2020-10-20,2225,100,1.123
2020-10-20,2225,95,0.988
2020-10-20,2225,dizel,1.017
2020-10-20,2227,100,1.123
2020-10-20,2227,95,0.988
2020-10-20,2227,dizel,1.017
2020-10-20,2228,100,1.123
2020-10-20,2228,95,0.988
2020-10-20,2228,dizel,1.017
2020-10-20,2229,100,1.167
2020-10-20,2229,95,1.019
2020-10-20,2229,dizel,1.040
2020-10-20,2229,dizel-premium,1.251
2020-10-20,2230,100,1.167
2020-10-20,2230,95,1.019
2020-10-20,2230,dizel,1.040
2020-10-20,2230,dizel-premium,1.251
2020-10-20,2231,100,1.167
2020-10-20,2231,95,1.019
2020-10-20,2231,dizel,1.040
2020-10-20,2231,dizel-premium,1.251
2020-10-20,2232,100,1.167
2020-10-20,2232,95,1.019
2020-10-20,2232,dizel,1.040
2020-10-20,2232,dizel-premium,1.251
2020-10-20,2233,100,1.123
2020-10-20,2233,95,0.988
2020-10-20,2233,dizel,1.017
2020-10-20,2258,dizel,1.016
2020-10-20,2259,dizel,1.016
2020-10-20,2260,dizel,1.016
2020-10-20,2261,dizel,1.016
2020-10-20,2262,dizel,1.016
2020-10-20,2263,dizel,1.016
2020-10-20,2264,dizel,1.016
2020-10-20,2265,dizel,1.016
2020-10-20,2266,dizel,1.016
2020-10-20,2272,100,1.123
2020-10-20,2272,95,0.988
2020-10-20,2272,dizel,1.017
2020-10-20,2302,95,0.986
2020-10-20,2303,95,0.986
2020-10-20,2304,95,0.986
2020-10-20,2305,95,0.986
2020-10-20,2306,95,0.986
2020-10-20,2307,95,0.986
2020-10-20,2308,dizel,1.015
2020-10-20,2309,dizel,1.015
2020-10-20,2310,dizel,1.015
2020-10-20,2314,95,0.995
2020-10-20,2314,dizel,1.010
2020-10-20,2315,95,0.995
2020-10-20,2315,dizel,1.017
2020-10-21,766,95,0.999
2020-10-21,766,dizel,1.019
2020-10-21,767,95,0.999
2020-10-21,767,dizel,1.019
2020-10-21,768,dizel-premium,1.249
2020-10-21,769,dizel,1.029
2020-10-21,770,95,0.999
2020-10-21,770,dizel,1.019
2020-10-21,771,95,0.999
2020-10-21,771,dizel,1.019
2020-10-21,772,95,0.999
2020-10-21,772,dizel,1.019
2020-10-21,773,95,0.999
2020-10-21,773,dizel,1.019
2020-10-21,774,95,0.999
2020-10-21,774,dizel,1.019
2020-10-21,775,95,0.999
2020-10-21,775,dizel,1.019
2020-10-21,776,95,0.999
2020-10-21,776,dizel,1.019
2020-10-21,777,dizel-premium,1.249
2020-10-21,778,dizel-premium,1.249
2020-10-21,779,95,0.999
2020-10-21,779,dizel,1.019
2020-10-21,780,95,0.999
2020-10-21,780,dizel,1.019
2020-10-21,781,dizel-premium,1.249
2020-10-21,782,dizel-premium,1.249
2020-10-21,783,95,0.999
2020-10-21,783,dizel,1.019
2020-10-21,784,dizel,1.019
2020-10-21,785,dizel,1.019
2020-10-21,786,dizel,1.019
2020-10-21,787,dizel,1.019
2020-10-21,788,dizel,1.019
2020-10-21,789,95,0.999
2020-10-21,789,dizel,1.019
2020-10-21,790,dizel-premium,1.249
2020-10-21,791,dizel-premium,1.249
2020-10-21,792,95,0.999
2020-10-21,792,dizel,1.019
2020-10-21,793,dizel-premium,1.249
2020-10-21,794,95,0.999
2020-10-21,794,dizel,1.019
2020-10-21,795,95,0.999
2020-10-21,795,dizel,1.019
2020-10-21,796,dizel-premium,1.249
2020-10-21,797,95,0.999
2020-10-21,797,dizel,1.019
2020-10-21,798,95,0.999
2020-10-21,798,dizel,1.019
2020-10-21,799,95,0.999
2020-10-21,799,dizel,1.019
2020-10-21,800,95,0.999
2020-10-21,800,dizel,1.019
2020-10-21,801,95,0.999
2020-10-21,801,dizel,1.019
2020-10-21,802,95,0.999
2020-10-21,802,dizel,1.019
2020-10-21,803,95,0.999
2020-10-21,803,dizel,1.019
2020-10-21,804,dizel-premium,1.249
2020-10-21,805,dizel-premium,1.249
2020-10-21,806,95,0.999
2020-10-21,806,dizel,1.019
2020-10-21,807,95,0.999
2020-10-21,807,dizel,1.019
2020-10-21,808,95,0.999
2020-10-21,808,dizel,1.019
2020-10-21,809,95,0.999
2020-10-21,809,dizel,1.019
2020-10-21,810,95,0.999
2020-10-21,810,dizel,1.019
2020-10-21,811,dizel,1.029
2020-10-21,812,dizel,1.029
2020-10-21,813,95,0.999
2020-10-21,813,dizel,1.019
2020-10-21,814,95,0.999
2020-10-21,814,dizel,1.019
2020-10-21,815,95,0.999
2020-10-21,815,dizel,1.019
2020-10-21,816,95,0.999
2020-10-21,816,dizel,1.019
2020-10-21,817,95,0.999
2020-10-21,817,dizel,1.019
2020-10-21,818,95,0.999
2020-10-21,818,dizel,1.019
2020-10-21,819,95,0.999
2020-10-21,819,dizel,1.019
2020-10-21,820,95,0.999
2020-10-21,820,dizel,1.019
2020-10-21,821,95,0.999
2020-10-21,821,dizel,1.019
2020-10-21,822,dizel,1.029
2020-10-21,823,dizel-premium,1.249
2020-10-21,824,95,0.999
2020-10-21,824,dizel,1.019
2020-10-21,825,95,0.999
2020-10-21,825,dizel,1.019
2020-10-21,826,95,0.999
2020-10-21,826,dizel,1.019
2020-10-21,827,95,0.999
2020-10-21,827,dizel,1.019
2020-10-21,828,dizel-premium,1.249
2020-10-21,829,95,0.999
2020-10-21,829,dizel,1.019
2020-10-21,830,95,0.999
2020-10-21,830,dizel,1.019
2020-10-21,831,95,0.999
2020-10-21,831,dizel,1.019
2020-10-21,832,95,0.999
2020-10-21,832,dizel,1.019
2020-10-21,833,95,0.999
2020-10-21,833,dizel,1.019
2020-10-21,834,95,0.999
2020-10-21,834,dizel,1.019
2020-10-21,835,95,0.999
2020-10-21,835,dizel,1.019
2020-10-21,836,95,0.999
2020-10-21,836,dizel,1.019
2020-10-21,837,dizel-premium,1.249
2020-10-21,838,95,0.999
2020-10-21,838,dizel,1.019
2020-10-21,839,dizel,1.029
2020-10-21,840,95,0.999
2020-10-21,840,dizel,1.019
2020-10-21,841,95,0.999
2020-10-21,841,dizel,1.019
2020-10-21,842,95,0.999
2020-10-21,842,dizel,1.019
2020-10-21,843,95,0.999
2020-10-21,843,dizel,1.019
2020-10-21,844,dizel-premium,1.249
2020-10-21,845,dizel-premium,1.249
2020-10-21,846,95,0.999
2020-10-21,846,dizel,1.019
2020-10-21,847,dizel-premium,1.249
2020-10-21,848,dizel-premium,1.249
2020-10-21,849,95,0.999
2020-10-21,849,dizel,1.019
2020-10-21,850,95,0.999
2020-10-21,850,dizel,1.019
2020-10-21,851,95,0.999
2020-10-21,851,dizel,1.019
2020-10-21,852,95,0.999
2020-10-21,852,dizel,1.019
2020-10-21,853,95,0.999
2020-10-21,853,dizel,1.019
2020-10-21,854,95,0.999
2020-10-21,854,dizel,1.019
2020-10-21,855,95,0.999
2020-10-21,855,dizel,1.019
2020-10-21,856,95,0.999
2020-10-21,856,dizel,1.019
2020-10-21,857,95,0.999
2020-10-21,857,dizel,1.019
2020-10-21,858,95,0.999
2020-10-21,858,dizel,1.019
2020-10-21,859,95,0.999
2020-10-21,859,dizel,1.019
2020-10-21,860,95,0.999
2020-10-21,860,dizel,1.019
2020-10-21,861,dizel-premium,1.249
2020-10-21,862,95,0.999
2020-10-21,862,dizel,1.019
2020-10-21,865,95,0.999
2020-10-21,865,dizel,1.019
2020-10-21,866,95,0.999
2020-10-21,866,dizel,1.019
2020-10-21,867,95,0.999
2020-10-21,867,dizel,1.019
2020-10-21,868,95,0.999
2020-10-21,868,dizel,1.019
2020-10-21,869,95,0.999
2020-10-21,869,dizel,1.019
2020-10-21,870,95,0.999
2020-10-21,870,dizel,1.019
2020-10-21,871,95,0.999
2020-10-21,871,dizel,1.019
2020-10-21,872,dizel,1.029
2020-10-21,873,95,0.999
2020-10-21,873,dizel,1.019
2020-10-21,874,95,0.999
2020-10-21,874,dizel,1.019
2020-10-21,875,95,0.999
2020-10-21,875,dizel,1.019
2020-10-21,876,95,0.999
2020-10-21,876,dizel,1.019
2020-10-21,1548,100,1.125
2020-10-21,1548,95,0.989
2020-10-21,1548,dizel,1.017
2020-10-21,1549,100,1.125
2020-10-21,1549,95,0.989
2020-10-21,1549,dizel,1.017
2020-10-21,1550,100,1.125
2020-10-21,1550,95,0.989
2020-10-21,1550,dizel,1.017
2020-10-21,1551,100,1.125
2020-10-21,1551,95,0.989
2020-10-21,1551,dizel,1.017
2020-10-21,1551,dizel-premium,1.137
2020-10-21,1552,100,1.125
2020-10-21,1552,95,0.989
2020-10-21,1552,dizel,1.017
2020-10-21,1552,dizel-premium,1.137
2020-10-21,1553,100,1.125
2020-10-21,1553,95,0.989
2020-10-21,1553,dizel,1.017
2020-10-21,1554,100,1.125
2020-10-21,1554,95,0.989
2020-10-21,1554,dizel,1.017
2020-10-21,1555,100,1.125
2020-10-21,1555,95,0.989
2020-10-21,1555,dizel,1.017
2020-10-21,1555,dizel-premium,1.137
2020-10-21,1556,100,1.125
2020-10-21,1556,95,0.989
2020-10-21,1556,dizel,1.017
2020-10-21,1556,dizel-premium,1.137
2020-10-21,1557,100,1.125
2020-10-21,1557,95,0.989
2020-10-21,1557,dizel,1.017
2020-10-21,1557,dizel-premium,1.137
2020-10-21,1558,100,1.125
2020-10-21,1558,95,0.989
2020-10-21,1558,dizel,1.017
2020-10-21,1559,100,1.169
2020-10-21,1559,95,1.020
2020-10-21,1559,dizel,1.040
2020-10-21,1559,dizel-premium,1.251
2020-10-21,1560,100,1.125
2020-10-21,1560,95,0.989
2020-10-21,1560,dizel,1.017
2020-10-21,1561,100,1.125
2020-10-21,1561,95,0.989
2020-10-21,1561,dizel,1.017
2020-10-21,1562,100,1.125
2020-10-21,1562,95,0.989
2020-10-21,1562,dizel,1.017
2020-10-21,1563,100,1.125
2020-10-21,1563,95,0.989
2020-10-21,1563,dizel,1.017
2020-10-21,1564,100,1.125
2020-10-21,1564,95,0.989
2020-10-21,1564,dizel,1.017
2020-10-21,1564,dizel-premium,1.137
2020-10-21,1565,100,1.125
2020-10-21,1565,95,0.989
2020-10-21,1565,dizel,1.017
2020-10-21,1566,100,1.125
2020-10-21,1566,95,0.989
2020-10-21,1566,dizel,1.017
2020-10-21,1567,100,1.125
2020-10-21,1567,95,0.989
2020-10-21,1567,dizel,1.017
2020-10-21,1568,100,1.169
2020-10-21,1568,95,1.020
2020-10-21,1568,dizel,1.040
2020-10-21,1568,dizel-premium,1.251
2020-10-21,1569,100,1.125
2020-10-21,1569,95,0.989
2020-10-21,1569,dizel,1.017
2020-10-21,1570,100,1.125
2020-10-21,1570,95,0.989
2020-10-21,1570,dizel,1.017
2020-10-21,1571,100,1.125
2020-10-21,1571,95,0.989
2020-10-21,1571,dizel,1.017
2020-10-21,1572,100,1.125
2020-10-21,1572,95,0.989
2020-10-21,1572,dizel,1.017
2020-10-21,1573,100,1.125
2020-10-21,1573,95,0.989
2020-10-21,1573,dizel,1.017
2020-10-21,1574,100,1.125
2020-10-21,1574,95,0.989
2020-10-21,1574,dizel,1.017
2020-10-21,1575,100,1.125
2020-10-21,1575,95,0.989
2020-10-21,1575,dizel,1.017
2020-10-21,1576,100,1.125
2020-10-21,1576,95,0.989
2020-10-21,1576,dizel,1.017
2020-10-21,1577,100,1.125
2020-10-21,1577,95,0.989
2020-10-21,1577,dizel,1.017
2020-10-21,1578,100,1.125
2020-10-21,1578,95,0.989
2020-10-21,1578,dizel,1.017
2020-10-21,1579,100,1.125
2020-10-21,1579,95,0.989
2020-10-21,1579,dizel,1.017
2020-10-21,1580,100,1.125
2020-10-21,1580,95,0.989
2020-10-21,1580,dizel,1.017
2020-10-21,1581,100,1.125
2020-10-21,1581,95,0.989
2020-10-21,1581,dizel,1.017
2020-10-21,1582,100,1.125
2020-10-21,1582,95,0.989
2020-10-21,1582,dizel,1.017
2020-10-21,1583,100,1.125
2020-10-21,1583,95,0.989
2020-10-21,1583,dizel,1.017
2020-10-21,1584,100,1.125
2020-10-21,1584,95,0.989
2020-10-21,1584,dizel,1.017
2020-10-21,1585,100,1.125
2020-10-21,1585,95,0.989
2020-10-21,1585,dizel,1.017
2020-10-21,1585,dizel-premium,1.137
2020-10-21,1586,100,1.125
2020-10-21,1586,95,0.989
2020-10-21,1586,dizel,1.017
2020-10-21,1587,100,1.125
2020-10-21,1587,95,0.989
2020-10-21,1587,dizel,1.017
2020-10-21,1588,100,1.125
2020-10-21,1588,95,0.989
2020-10-21,1588,dizel,1.017
2020-10-21,1588,dizel-premium,1.137
2020-10-21,1589,100,1.125
2020-10-21,1589,95,0.989
2020-10-21,1589,dizel,1.017
2020-10-21,1589,dizel-premium,1.137
2020-10-21,1590,100,1.125
2020-10-21,1590,95,0.989
2020-10-21,1590,dizel,1.017
2020-10-21,1591,100,1.125
2020-10-21,1591,95,0.989
2020-10-21,1591,dizel,1.017
2020-10-21,1592,100,1.125
2020-10-21,1592,95,0.989
2020-10-21,1592,dizel,1.017
2020-10-21,1593,100,1.125
2020-10-21,1593,95,0.989
2020-10-21,1593,dizel,1.017
2020-10-21,2019,100,1.167
2020-10-21,2019,95,1.019
2020-10-21,2019,dizel,1.040
2020-10-21,2234,100,1.125
2020-10-21,2234,95,0.989
2020-10-21,2234,dizel,1.017
2020-10-21,2234,dizel-premium,1.137
2020-10-21,2235,100,1.125
2020-10-21,2235,95,0.989
2020-10-21,2235,dizel,1.017
2020-10-21,2235,dizel-premium,1.137
2020-10-21,2236,95,0.999
2020-10-21,2236,dizel,1.019
2020-10-21,2237,95,0.999
2020-10-21,2237,dizel,1.017
2020-10-21,2238,95,0.999
2020-10-21,2238,dizel,1.017
2020-10-21,2239,95,0.999
2020-10-21,2239,dizel,1.017
2020-10-21,2240,95,0.999
2020-10-21,2240,dizel,1.017
2020-10-21,2241,95,0.999
2020-10-21,2241,dizel,1.017
2020-10-21,2242,95,0.999
2020-10-21,2242,dizel,1.017
2020-10-21,2243,95,0.999
2020-10-21,2243,dizel,1.017
2020-10-21,2244,95,0.999
2020-10-21,2244,dizel,1.017
2020-10-21,2245,95,0.999
2020-10-21,2245,dizel,1.017
2020-10-21,2246,95,0.999
2020-10-21,2246,dizel,1.017
2020-10-21,2247,95,0.999
2020-10-21,2247,dizel,1.017
2020-10-21,2248,95,0.999
2020-10-21,2248,dizel,1.017
2020-10-21,2249,95,0.999
2020-10-21,2249,dizel,1.017
2020-10-21,2250,95,0.999
2020-10-21,2250,dizel,1.017
2020-10-21,2251,95,0.999
2020-10-21,2251,dizel,1.017
2020-10-21,2252,95,0.999
2020-10-21,2252,dizel,1.017
2020-10-21,2253,95,0.999
2020-10-21,2253,dizel,1.017
2020-10-21,2254,95,0.999
2020-10-21,2254,dizel,1.017
2020-10-21,2255,95,0.999
2020-10-21,2255,dizel,1.017
2020-10-21,2256,95,0.999
2020-10-21,2256,dizel,1.017
2020-10-21,2257,95,0.999
2020-10-21,2257,dizel,1.017
2020-10-21,2267,100,1.123
2020-10-21,2267,95,0.983
2020-10-21,2267,KOEL,0.791
2020-10-21,2267,dizel,1.012
2020-10-21,2268,100,1.123
2020-10-21,2268,95,0.988
2020-10-21,2268,dizel,1.017
2020-10-21,2271,95,0.999
2020-10-21,2271,dizel,1.019
2020-10-21,2273,dizel,1.017
2020-10-21,2274,dizel,1.017
2020-10-21,2275,dizel,1.017
2020-10-21,2276,dizel,1.017
2020-10-21,2283,100,1.125
2020-10-21,2283,95,0.989
2020-10-21,2283,dizel,1.017
2020-10-21,2283,dizel-premium,1.137
2020-10-21,2284,100,1.125
2020-10-21,2284,95,0.989
2020-10-21,2284,dizel,1.017
2020-10-21,2284,dizel-premium,1.137
2020-10-21,2285,100,1.125
2020-10-21,2285,95,0.989
2020-10-21,2285,dizel,1.017
2020-10-21,2286,100,1.125
2020-10-21,2286,95,0.989
2020-10-21,2286,dizel,1.017
2020-10-21,2286,dizel-premium,1.137
2020-10-21,2287,100,1.125
2020-10-21,2287,95,0.989
2020-10-21,2287,dizel,1.017
2020-10-21,2287,dizel-premium,1.137
2020-10-21,2297,dizel,1.017
2020-10-21,2299,dizel,1.017
2020-10-21,2302,100,1.123
2020-10-21,2302,98,1.123
2020-10-21,2302,KOEL,0.794
2020-10-21,2302,dizel,1.015
2020-10-21,2303,KOEL,0.794
2020-10-21,2303,dizel,1.015
2020-10-21,2304,100,1.123
2020-10-21,2304,98,1.123
2020-10-21,2304,KOEL,0.794
2020-10-21,2304,dizel,1.015
2020-10-21,2305,100,1.123
2020-10-21,2305,98,1.123
2020-10-21,2305,dizel,1.015
2020-10-21,2306,100,1.123
2020-10-21,2306,98,1.123
2020-10-21,2306,KOEL,0.794
2020-10-21,2306,dizel,1.015
2020-10-21,2307,dizel,1.015
2020-10-21,2314,95,0.985
2020-10-21,2314,dizel,1.012
2020-10-21,2315,95,0.988
2020-10-21,2315,dizel,1.016
2020-10-22,768,95,1.019
2020-10-22,771,dizel-premium,1.159
2020-10-22,777,95,1.029
2020-10-22,778,95,1.029
2020-10-22,781,95,1.029
2020-10-22,782,95,1.029
2020-10-22,790,95,1.029
2020-10-22,791,95,1.029
2020-10-22,793,95,1.029
2020-10-22,796,95,1.029
2020-10-22,804,95,1.019
2020-10-22,805,95,1.019
2020-10-22,810,dizel-premium,1.159
2020-10-22,823,95,1.029
2020-10-22,828,95,1.029
2020-10-22,835,dizel-premium,1.159
2020-10-22,836,dizel-premium,1.159
2020-10-22,837,95,1.029
2020-10-22,844,95,1.029
2020-10-22,845,95,1.029
2020-10-22,847,95,1.029
2020-10-22,848,95,1.029
2020-10-22,856,dizel-premium,1.159
2020-10-22,861,95,1.029
2020-10-22,863,95,1.019
2020-10-22,864,95,1.019
2020-10-22,1550,dizel-premium,1.137
2020-10-22,2130,KOEL,
2020-10-22,2285,dizel-premium,1.137
2020-10-22,2288,95,0.969
2020-10-22,2288,dizel,0.989
2020-10-22,2289,95,0.969
2020-10-22,2289,dizel,0.989
2020-10-22,2290,95,0.969
2020-10-22,2290,dizel,0.989
2020-10-22,2291,95,0.969
2020-10-22,2291,dizel,0.989
2020-10-22,2292,95,0.969
2020-10-22,2292,dizel,0.989
2020-10-22,2293,95,0.969
2020-10-22,2293,dizel,0.989
2020-10-22,2294,95,0.969
2020-10-22,2294,dizel,0.989
2020-10-22,2295,95,0.969
2020-10-22,2295,dizel,0.989
2020-10-22,2314,KOEL,0.793
2020-10-22,2316,95,0.999
2020-10-22,2316,dizel,1.016
2020-10-22,2317,95,0.999
2020-10-22,2317,dizel,1.016
2020-10-23,1554,dizel-premium,1.137
2020-10-23,1558,dizel-premium,1.137
2020-10-24,775,dizel-premium,1.159
2020-10-24,815,dizel-premium,1.159
2020-10-24,2296,95,0.960
2020-10-25,2318,dizel,1.016
2020-10-27,855,KOEL,
2020-10-27,876,KOEL,
2020-10-27,1921,100,1.106
2020-10-27,1921,95,0.976
2020-10-27,1921,dizel,1.011
2020-10-27,1922,95,0.976
2020-10-27,1922,KOEL,0.794
2020-10-27,1922,dizel,1.011
2020-10-27,1923,100,1.150
2020-10-27,1923,95,1.006
2020-10-27,1923,dizel,1.034
2020-10-27,1924,95,0.976
2020-10-27,1924,KOEL,0.794
2020-10-27,1924,dizel,1.011
2020-10-27,1925,95,0.976
2020-10-27,1925,KOEL,0.794
2020-10-27,1925,dizel,1.011
2020-10-27,1926,95,0.976
2020-10-27,1926,KOEL,0.794
2020-10-27,1926,dizel,1.011
2020-10-27,1927,95,0.976
2020-10-27,1927,dizel,1.011
2020-10-27,1928,100,1.106
2020-10-27,1928,95,0.976
2020-10-27,1928,KOEL,0.794
2020-10-27,1928,dizel,1.011
2020-10-27,1929,100,1.106
2020-10-27,1929,95,0.976
2020-10-27,1929,KOEL,0.794
2020-10-27,1929,dizel,1.011
2020-10-27,1930,95,0.976
2020-10-27,1930,KOEL,0.794
2020-10-27,1930,dizel,1.011
2020-10-27,1931,95,0.976
2020-10-27,1931,KOEL,0.794
2020-10-27,1931,dizel,1.011
2020-10-27,1932,95,0.976
2020-10-27,1932,KOEL,0.794
2020-10-27,1932,dizel,1.011
2020-10-27,1933,95,0.976
2020-10-27,1933,KOEL,0.794
2020-10-27,1933,dizel,1.011
2020-10-27,1934,100,1.106
2020-10-27,1934,95,0.976
2020-10-27,1934,dizel,1.011
2020-10-27,1935,100,1.106
2020-10-27,1935,95,0.976
2020-10-27,1935,KOEL,0.794
2020-10-27,1935,dizel,1.011
2020-10-27,1936,95,0.976
2020-10-27,1936,KOEL,0.794
2020-10-27,1936,dizel,1.011
2020-10-27,1937,95,0.976
2020-10-27,1937,KOEL,0.794
2020-10-27,1937,dizel,1.011
2020-10-27,1938,95,0.976
2020-10-27,1938,KOEL,0.794
2020-10-27,1938,dizel,1.011
2020-10-27,1939,95,0.976
2020-10-27,1939,KOEL,0.794
2020-10-27,1939,dizel,1.011
2020-10-27,1940,95,0.976
2020-10-27,1940,KOEL,0.794
2020-10-27,1940,dizel,1.011
2020-10-27,1941,95,0.976
2020-10-27,1941,dizel,1.011
2020-10-27,1942,100,1.106
2020-10-27,1942,95,0.976
2020-10-27,1942,KOEL,0.794
2020-10-27,1942,dizel,1.011
2020-10-27,1943,100,1.106
2020-10-27,1943,95,0.976
2020-10-27,1943,KOEL,0.794
2020-10-27,1943,dizel,1.011
2020-10-27,1944,95,0.976
2020-10-27,1944,KOEL,0.794
2020-10-27,1944,dizel,1.011
2020-10-27,1945,100,1.150
2020-10-27,1945,95,1.006
2020-10-27,1945,dizel,1.034
2020-10-27,1946,95,0.976
2020-10-27,1946,KOEL,0.794
2020-10-27,1946,dizel,1.011
2020-10-27,1947,100,1.106
2020-10-27,1947,95,0.976
2020-10-27,1947,KOEL,0.794
2020-10-27,1947,dizel,1.011
2020-10-27,1948,100,1.106
2020-10-27,1948,95,0.976
2020-10-27,1948,KOEL,0.794
2020-10-27,1948,dizel,1.011
2020-10-27,1949,100,1.150
2020-10-27,1949,95,1.006
2020-10-27,1949,dizel,1.034
2020-10-27,1949,dizel-premium,1.245
2020-10-27,1950,100,1.106
2020-10-27,1950,95,0.976
2020-10-27,1950,KOEL,0.794
2020-10-27,1950,dizel,1.011
2020-10-27,1951,100,1.106
2020-10-27,1951,95,0.976
2020-10-27,1951,KOEL,0.794
2020-10-27,1951,dizel,1.011
2020-10-27,1952,100,1.106
2020-10-27,1952,95,0.976
2020-10-27,1952,dizel,1.011
2020-10-27,1953,95,0.976
2020-10-27,1953,KOEL,0.794
2020-10-27,1953,dizel,1.011
2020-10-27,1954,100,1.106
2020-10-27,1954,95,0.976
2020-10-27,1954,KOEL,0.794
2020-10-27,1954,dizel,1.011
2020-10-27,1955,100,1.106
2020-10-27,1955,95,0.976
2020-10-27,1955,dizel,1.011
2020-10-27,1956,100,1.106
2020-10-27,1956,95,0.976
2020-10-27,1956,dizel,1.011
2020-10-27,1957,100,1.106
2020-10-27,1957,95,0.976
2020-10-27,1957,KOEL,0.794
2020-10-27,1957,dizel,1.011
2020-10-27,1958,100,1.106
2020-10-27,1958,95,0.976
2020-10-27,1958,KOEL,0.794
2020-10-27,1958,dizel,1.011
2020-10-27,1959,100,1.106
2020-10-27,1959,95,0.976
2020-10-27,1959,dizel,1.011
2020-10-27,1960,100,1.106
2020-10-27,1960,95,0.976
2020-10-27,1960,dizel,1.011
2020-10-27,1961,100,1.106
2020-10-27,1961,95,0.976
2020-10-27,1961,KOEL,0.794
2020-10-27,1961,dizel,1.011
2020-10-27,1962,100,1.106
2020-10-27,1962,95,0.976
2020-10-27,1962,KOEL,0.794
2020-10-27,1962,dizel,1.011
2020-10-27,1963,100,1.106
2020-10-27,1963,95,0.976
2020-10-27,1963,KOEL,0.794
2020-10-27,1963,dizel,1.011
2020-10-27,1964,95,0.976
2020-10-27,1964,KOEL,0.794
2020-10-27,1964,dizel,1.011
2020-10-27,1965,95,0.976
2020-10-27,1965,KOEL,0.794
2020-10-27,1965,dizel,1.011
2020-10-27,1966,100,1.106
2020-10-27,1966,95,0.976
2020-10-27,1966,KOEL,0.794
2020-10-27,1966,dizel,1.011
2020-10-27,1967,95,0.976
2020-10-27,1967,KOEL,0.794
2020-10-27,1967,dizel,1.011
2020-10-27,1968,95,0.976
2020-10-27,1968,KOEL,0.794
2020-10-27,1968,dizel,1.011
2020-10-27,1969,100,1.106
2020-10-27,1969,95,0.976
2020-10-27,1969,KOEL,0.794
2020-10-27,1969,dizel,1.011
2020-10-27,1970,100,1.106
2020-10-27,1970,95,0.976
2020-10-27,1970,KOEL,0.794
2020-10-27,1970,dizel,1.011
2020-10-27,1971,100,1.106
2020-10-27,1971,95,0.976
2020-10-27,1971,dizel,1.011
2020-10-27,1972,100,1.106
2020-10-27,1972,95,0.976
2020-10-27,1972,KOEL,0.794
2020-10-27,1972,dizel,1.011
2020-10-27,1973,95,0.976
2020-10-27,1973,KOEL,0.794
2020-10-27,1973,dizel,1.011
2020-10-27,1974,95,0.976
2020-10-27,1974,KOEL,0.794
2020-10-27,1974,dizel,1.011
2020-10-27,1975,95,0.976
2020-10-27,1975,KOEL,0.794
2020-10-27,1975,dizel,1.011
2020-10-27,1976,100,1.150
2020-10-27,1976,95,1.006
2020-10-27,1976,dizel,1.034
2020-10-27,1977,100,1.150
2020-10-27,1977,95,1.006
2020-10-27,1977,dizel,1.034
2020-10-27,1977,dizel-premium,1.245
2020-10-27,1978,100,1.150
2020-10-27,1978,95,1.006
2020-10-27,1978,dizel,1.034
2020-10-27,1978,dizel-premium,1.245
2020-10-27,1979,100,1.106
2020-10-27,1979,95,0.976
2020-10-27,1979,KOEL,0.794
2020-10-27,1979,dizel,1.011
2020-10-27,1980,100,1.106
2020-10-27,1980,95,0.976
2020-10-27,1980,KOEL,0.794
2020-10-27,1980,dizel,1.011
2020-10-27,1981,100,1.106
2020-10-27,1981,95,0.976
2020-10-27,1981,dizel,1.011
2020-10-27,1982,95,0.976
2020-10-27,1982,KOEL,0.794
2020-10-27,1982,dizel,1.011
2020-10-27,1983,95,0.976
2020-10-27,1983,dizel,1.011
2020-10-27,1984,100,1.106
2020-10-27,1984,95,0.976
2020-10-27,1984,dizel,1.011
2020-10-27,1985,95,0.976
2020-10-27,1985,KOEL,0.794
2020-10-27,1985,dizel,1.011
2020-10-27,1986,100,1.106
2020-10-27,1986,95,0.976
2020-10-27,1986,KOEL,0.794
2020-10-27,1986,dizel,1.011
2020-10-27,1987,95,0.976
2020-10-27,1987,KOEL,0.794
2020-10-27,1987,dizel,1.011
2020-10-27,1988,95,0.976
2020-10-27,1988,KOEL,0.794
2020-10-27,1988,dizel,1.011
2020-10-27,1989,95,0.976
2020-10-27,1989,KOEL,0.794
2020-10-27,1989,dizel,1.011
2020-10-27,1990,100,1.106
2020-10-27,1990,95,0.976
2020-10-27,1990,dizel,1.011
2020-10-27,1991,95,0.976
2020-10-27,1991,KOEL,0.794
2020-10-27,1991,dizel,1.011
2020-10-27,1992,100,1.106
2020-10-27,1992,95,0.976
2020-10-27,1992,KOEL,0.794
2020-10-27,1992,dizel,1.011
2020-10-27,1993,100,1.106
2020-10-27,1993,95,0.976
2020-10-27,1993,KOEL,0.794
2020-10-27,1993,dizel,1.011
2020-10-27,1994,100,1.106
2020-10-27,1994,95,0.976
2020-10-27,1994,KOEL,0.794
2020-10-27,1994,dizel,1.011
2020-10-27,1995,100,1.106
2020-10-27,1995,95,0.976
2020-10-27,1995,KOEL,0.794
2020-10-27,1995,dizel,1.011
2020-10-27,1996,100,1.106
2020-10-27,1996,95,0.976
2020-10-27,1996,KOEL,0.794
2020-10-27,1996,dizel,1.011
2020-10-27,1997,100,1.150
2020-10-27,1997,95,1.006
2020-10-27,1997,dizel,1.034
2020-10-27,1998,100,1.106
2020-10-27,1998,95,0.976
2020-10-27,1998,dizel,1.011
2020-10-27,1999,100,1.106
2020-10-27,1999,95,0.976
2020-10-27,1999,KOEL,0.794
2020-10-27,1999,dizel,1.011
2020-10-27,2000,100,1.150
2020-10-27,2000,95,1.006
2020-10-27,2000,dizel,1.034
2020-10-27,2000,dizel-premium,1.245
2020-10-27,2001,100,1.106
2020-10-27,2001,95,0.976
2020-10-27,2001,KOEL,0.794
2020-10-27,2001,dizel,1.011
2020-10-27,2002,100,1.106
2020-10-27,2002,95,0.976
2020-10-27,2002,dizel,1.011
2020-10-27,2003,100,1.106
2020-10-27,2003,95,0.976
2020-10-27,2003,KOEL,0.794
2020-10-27,2003,dizel,1.011
2020-10-27,2004,100,1.106
2020-10-27,2004,95,0.976
2020-10-27,2004,dizel,1.011
2020-10-27,2005,100,1.106
2020-10-27,2005,95,0.976
2020-10-27,2005,dizel,1.011
2020-10-27,2006,100,1.106
2020-10-27,2006,95,0.976
2020-10-27,2006,dizel,1.011
2020-10-27,2007,100,1.106
2020-10-27,2007,95,0.976
2020-10-27,2007,KOEL,0.794
2020-10-27,2007,dizel,1.011
2020-10-27,2008,100,1.150
2020-10-27,2008,95,1.006
2020-10-27,2008,dizel,1.034
2020-10-27,2009,100,1.150
2020-10-27,2009,95,1.006
2020-10-27,2009,dizel,1.034
2020-10-27,2009,dizel-premium,1.245
2020-10-27,2010,100,1.106
2020-10-27,2010,95,0.976
2020-10-27,2010,KOEL,0.794
2020-10-27,2010,dizel,1.011
2020-10-27,2011,95,0.976
2020-10-27,2011,KOEL,0.794
2020-10-27,2011,dizel,1.011
2020-10-27,2012,95,0.976
2020-10-27,2012,KOEL,0.794
2020-10-27,2012,dizel,1.011
2020-10-27,2013,95,0.976
2020-10-27,2013,KOEL,0.794
2020-10-27,2013,dizel,1.011
2020-10-27,2014,100,1.106
2020-10-27,2014,95,0.976
2020-10-27,2014,KOEL,0.794
2020-10-27,2014,dizel,1.011
2020-10-27,2015,100,1.106
2020-10-27,2015,95,0.976
2020-10-27,2015,KOEL,0.794
2020-10-27,2015,dizel,1.011
2020-10-27,2016,100,1.106
2020-10-27,2016,95,0.976
2020-10-27,2016,dizel,1.011
2020-10-27,2017,95,0.976
2020-10-27,2017,KOEL,0.794
2020-10-27,2017,dizel,1.011
2020-10-27,2018,100,1.150
2020-10-27,2018,95,1.006
2020-10-27,2018,dizel,1.034
2020-10-27,2020,100,1.106
2020-10-27,2020,95,0.976
2020-10-27,2020,KOEL,0.794
2020-10-27,2020,dizel,1.011
2020-10-27,2021,100,1.106
2020-10-27,2021,95,0.976
2020-10-27,2021,dizel,1.011
2020-10-27,2022,100,1.106
2020-10-27,2022,95,0.976
2020-10-27,2022,KOEL,0.794
2020-10-27,2022,dizel,1.011
2020-10-27,2023,100,1.106
2020-10-27,2023,95,0.976
2020-10-27,2023,dizel,1.011
2020-10-27,2024,100,1.106
2020-10-27,2024,95,0.976
2020-10-27,2024,KOEL,0.794
2020-10-27,2024,dizel,1.011
2020-10-27,2025,95,0.976
2020-10-27,2025,KOEL,0.794
2020-10-27,2025,dizel,1.011
2020-10-27,2026,100,1.150
2020-10-27,2026,95,1.006
2020-10-27,2026,dizel,1.034
2020-10-27,2027,100,1.150
2020-10-27,2027,95,1.006
2020-10-27,2027,dizel,1.034
2020-10-27,2028,100,1.106
2020-10-27,2028,95,0.976
2020-10-27,2028,dizel,1.011
2020-10-27,2029,100,1.106
2020-10-27,2029,95,0.976
2020-10-27,2029,dizel,1.011
2020-10-27,2030,100,1.150
2020-10-27,2030,95,1.006
2020-10-27,2030,dizel,1.034
2020-10-27,2031,100,1.150
2020-10-27,2031,95,1.006
2020-10-27,2031,dizel,1.034
2020-10-27,2032,100,1.150
2020-10-27,2032,95,1.006
2020-10-27,2032,dizel,1.034
2020-10-27,2032,dizel-premium,1.245
2020-10-27,2033,100,1.106
2020-10-27,2033,95,0.976
2020-10-27,2033,dizel,1.011
2020-10-27,2034,100,1.106
2020-10-27,2034,95,0.976
2020-10-27,2034,dizel,1.011
2020-10-27,2035,95,0.976
2020-10-27,2035,dizel,1.011
2020-10-27,2036,100,1.106
2020-10-27,2036,95,0.976
2020-10-27,2036,dizel,1.011
2020-10-27,2037,100,1.106
2020-10-27,2037,95,0.976
2020-10-27,2037,dizel,1.011
2020-10-27,2038,95,0.976
2020-10-27,2038,dizel,1.011
2020-10-27,2039,100,1.106
2020-10-27,2039,95,0.976
2020-10-27,2039,dizel,1.011
2020-10-27,2040,100,1.106
2020-10-27,2040,95,0.976
2020-10-27,2040,KOEL,0.794
2020-10-27,2040,dizel,1.011
2020-10-27,2041,100,1.106
2020-10-27,2041,95,0.976
2020-10-27,2041,dizel,1.011
2020-10-27,2042,95,0.976
2020-10-27,2042,KOEL,0.794
2020-10-27,2042,dizel,1.011
2020-10-27,2043,100,1.106
2020-10-27,2043,95,0.976
2020-10-27,2043,dizel,1.011
2020-10-27,2044,100,1.106
2020-10-27,2044,95,0.976
2020-10-27,2044,dizel,1.011
2020-10-27,2045,100,1.106
2020-10-27,2045,95,0.976
2020-10-27,2045,dizel,1.011
2020-10-27,2046,100,1.106
2020-10-27,2046,95,0.976
2020-10-27,2046,dizel,1.011
2020-10-27,2047,100,1.106
2020-10-27,2047,95,0.976
2020-10-27,2047,dizel,1.011
2020-10-27,2048,100,1.106
2020-10-27,2048,95,0.976
2020-10-27,2048,dizel,1.011
2020-10-27,2049,100,1.106
2020-10-27,2049,95,0.976
2020-10-27,2049,KOEL,0.794
2020-10-27,2049,dizel,1.011
2020-10-27,2050,95,0.976
2020-10-27,2050,dizel,1.011
2020-10-27,2051,95,0.976
2020-10-27,2051,KOEL,0.794
2020-10-27,2051,dizel,1.011
2020-10-27,2052,100,1.106
2020-10-27,2052,95,0.976
2020-10-27,2052,dizel,1.011
2020-10-27,2053,95,0.976
2020-10-27,2053,KOEL,0.794
2020-10-27,2053,dizel,1.011
2020-10-27,2054,95,0.976
2020-10-27,2054,KOEL,0.794
2020-10-27,2054,dizel,1.011
2020-10-27,2055,95,0.976
2020-10-27,2055,dizel,1.011
2020-10-27,2056,100,1.106
2020-10-27,2056,95,0.976
2020-10-27,2056,dizel,1.011
2020-10-27,2057,95,0.976
2020-10-27,2057,dizel,1.011
2020-10-27,2058,95,0.976
2020-10-27,2058,dizel,1.011
2020-10-27,2059,100,1.150
2020-10-27,2059,95,1.006
2020-10-27,2059,dizel,1.034
2020-10-27,2059,dizel-premium,1.245
2020-10-27,2060,100,1.150
2020-10-27,2060,95,1.006
2020-10-27,2060,dizel,1.034
2020-10-27,2060,dizel-premium,1.245
2020-10-27,2061,100,1.106
2020-10-27,2061,95,0.976
2020-10-27,2061,KOEL,0.794
2020-10-27,2061,dizel,1.011
2020-10-27,2062,100,1.106
2020-10-27,2062,95,0.976
2020-10-27,2062,KOEL,0.794
2020-10-27,2062,dizel,1.011
2020-10-27,2063,100,1.106
2020-10-27,2063,95,0.976
2020-10-27,2063,dizel,1.011
2020-10-27,2064,100,1.106
2020-10-27,2064,95,0.976
2020-10-27,2064,KOEL,0.794
2020-10-27,2064,dizel,1.011
2020-10-27,2065,100,1.106
2020-10-27,2065,95,0.976
2020-10-27,2065,KOEL,0.794
2020-10-27,2065,dizel,1.011
2020-10-27,2066,95,0.976
2020-10-27,2066,KOEL,0.794
2020-10-27,2066,dizel,1.011
2020-10-27,2067,100,1.106
2020-10-27,2067,95,0.976
2020-10-27,2067,KOEL,0.794
2020-10-27,2067,dizel,1.011
2020-10-27,2068,95,0.976
2020-10-27,2068,dizel,1.011
2020-10-27,2069,100,1.106
2020-10-27,2069,95,0.976
2020-10-27,2069,dizel,1.011
2020-10-27,2070,100,1.106
2020-10-27,2070,95,0.976
2020-10-27,2070,KOEL,0.794
2020-10-27,2070,dizel,1.011
2020-10-27,2071,100,1.106
2020-10-27,2071,95,0.976
2020-10-27,2071,KOEL,0.794
2020-10-27,2071,dizel,1.011
2020-10-27,2072,95,0.976
2020-10-27,2072,KOEL,0.794
2020-10-27,2072,dizel,1.011
2020-10-27,2073,100,1.106
2020-10-27,2073,95,0.976
2020-10-27,2073,KOEL,0.794
2020-10-27,2073,dizel,1.011
2020-10-27,2074,100,1.106
2020-10-27,2074,95,0.976
2020-10-27,2074,KOEL,0.794
2020-10-27,2074,dizel,1.011
2020-10-27,2075,95,0.976
2020-10-27,2075,KOEL,0.794
2020-10-27,2075,dizel,1.011
2020-10-27,2076,95,0.976
2020-10-27,2076,KOEL,0.794
2020-10-27,2076,dizel,1.011
2020-10-27,2077,95,0.976
2020-10-27,2077,KOEL,0.794
2020-10-27,2077,dizel,1.011
2020-10-27,2078,95,0.976
2020-10-27,2078,KOEL,0.794
2020-10-27,2078,dizel,1.011
2020-10-27,2079,95,0.976
2020-10-27,2079,KOEL,0.794
2020-10-27,2079,dizel,1.011
2020-10-27,2080,100,1.106
2020-10-27,2080,95,0.976
2020-10-27,2080,KOEL,0.794
2020-10-27,2080,dizel,1.011
2020-10-27,2082,95,0.976
2020-10-27,2082,KOEL,0.794
2020-10-27,2082,dizel,1.011
2020-10-27,2083,95,0.976
2020-10-27,2083,KOEL,0.794
2020-10-27,2083,dizel,1.011
2020-10-27,2084,95,0.976
2020-10-27,2084,KOEL,0.794
2020-10-27,2084,dizel,1.011
2020-10-27,2085,95,0.976
2020-10-27,2085,dizel,1.011
2020-10-27,2086,95,0.976
2020-10-27,2086,KOEL,0.794
2020-10-27,2086,dizel,1.011
2020-10-27,2087,95,0.976
2020-10-27,2087,KOEL,0.794
2020-10-27,2087,dizel,1.011
2020-10-27,2088,100,1.150
2020-10-27,2088,95,1.006
2020-10-27,2088,dizel,1.034
2020-10-27,2088,dizel-premium,1.245
2020-10-27,2089,100,1.150
2020-10-27,2089,95,1.006
2020-10-27,2089,dizel,1.034
2020-10-27,2090,100,1.106
2020-10-27,2090,95,0.976
2020-10-27,2090,KOEL,0.794
2020-10-27,2090,dizel,1.011
2020-10-27,2091,100,1.106
2020-10-27,2091,95,0.976
2020-10-27,2091,KOEL,0.794
2020-10-27,2091,dizel,1.011
2020-10-27,2092,100,1.106
2020-10-27,2092,95,0.976
2020-10-27,2092,KOEL,0.794
2020-10-27,2092,dizel,1.011
2020-10-27,2093,95,0.976
2020-10-27,2093,KOEL,0.794
2020-10-27,2093,dizel,1.011
2020-10-27,2094,100,1.106
2020-10-27,2094,95,0.976
2020-10-27,2094,KOEL,0.794
2020-10-27,2094,dizel,1.011
2020-10-27,2095,100,1.150
2020-10-27,2095,95,1.006
2020-10-27,2095,dizel,1.034
2020-10-27,2095,dizel-premium,1.245
2020-10-27,2096,100,1.150
2020-10-27,2096,95,1.006
2020-10-27,2096,dizel,1.034
2020-10-27,2096,dizel-premium,1.245
2020-10-27,2097,95,0.976
2020-10-27,2097,KOEL,0.794
2020-10-27,2097,dizel,1.011
2020-10-27,2098,100,1.106
2020-10-27,2098,95,0.976
2020-10-27,2098,KOEL,0.794
2020-10-27,2098,dizel,1.011
2020-10-27,2099,100,1.106
2020-10-27,2099,95,0.976
2020-10-27,2099,KOEL,0.794
2020-10-27,2099,dizel,1.011
2020-10-27,2100,100,1.150
2020-10-27,2100,95,1.006
2020-10-27,2100,dizel,1.034
2020-10-27,2101,100,1.150
2020-10-27,2101,95,1.006
2020-10-27,2101,dizel,1.034
2020-10-27,2102,95,0.976
2020-10-27,2102,KOEL,0.794
2020-10-27,2102,dizel,1.011
2020-10-27,2103,95,0.976
2020-10-27,2103,KOEL,0.794
2020-10-27,2103,dizel,1.011
2020-10-27,2104,100,1.106
2020-10-27,2104,95,0.976
2020-10-27,2104,KOEL,0.794
2020-10-27,2104,dizel,1.011
2020-10-27,2105,95,0.976
2020-10-27,2105,KOEL,0.794
2020-10-27,2105,dizel,1.011
2020-10-27,2106,95,0.976
2020-10-27,2106,KOEL,0.794
2020-10-27,2106,dizel,1.011
2020-10-27,2107,95,0.976
2020-10-27,2107,KOEL,0.794
2020-10-27,2107,dizel,1.011
2020-10-27,2108,100,1.106
2020-10-27,2108,95,0.976
2020-10-27,2108,KOEL,0.794
2020-10-27,2108,dizel,1.011
2020-10-27,2109,95,0.976
2020-10-27,2109,KOEL,0.794
2020-10-27,2109,dizel,1.011
2020-10-27,2110,100,1.106
2020-10-27,2110,95,0.976
2020-10-27,2110,dizel,1.011
2020-10-27,2111,100,1.106
2020-10-27,2111,95,0.976
2020-10-27,2111,KOEL,0.794
2020-10-27,2111,dizel,1.011
2020-10-27,2112,100,1.106
2020-10-27,2112,95,0.976
2020-10-27,2112,dizel,1.011
2020-10-27,2113,95,0.976
2020-10-27,2113,dizel,1.011
2020-10-27,2114,95,0.976
2020-10-27,2114,KOEL,0.794
2020-10-27,2114,dizel,1.011
2020-10-27,2115,100,1.106
2020-10-27,2115,95,0.976
2020-10-27,2115,KOEL,0.794
2020-10-27,2115,dizel,1.011
2020-10-27,2116,95,0.976
2020-10-27,2116,KOEL,0.794
2020-10-27,2116,dizel,1.011
2020-10-27,2117,100,1.106
2020-10-27,2117,95,0.976
2020-10-27,2117,dizel,1.011
2020-10-27,2118,95,0.976
2020-10-27,2118,dizel,1.011
2020-10-27,2119,100,1.106
2020-10-27,2119,95,0.976
2020-10-27,2119,KOEL,0.794
2020-10-27,2119,dizel,1.011
2020-10-27,2120,100,1.150
2020-10-27,2120,95,1.006
2020-10-27,2120,dizel,1.034
2020-10-27,2121,100,1.106
2020-10-27,2121,95,0.976
2020-10-27,2121,KOEL,0.794
2020-10-27,2121,dizel,1.011
2020-10-27,2122,100,1.106
2020-10-27,2122,95,0.976
2020-10-27,2122,KOEL,0.794
2020-10-27,2122,dizel,1.011
2020-10-27,2123,100,1.150
2020-10-27,2123,95,1.006
2020-10-27,2123,dizel,1.034
2020-10-27,2124,95,0.976
2020-10-27,2124,KOEL,0.794
2020-10-27,2124,dizel,1.011
2020-10-27,2125,100,1.106
2020-10-27,2125,95,0.976
2020-10-27,2125,KOEL,0.794
2020-10-27,2125,dizel,1.011
2020-10-27,2126,100,1.106
2020-10-27,2126,95,0.976
2020-10-27,2126,dizel,1.011
2020-10-27,2127,95,0.976
2020-10-27,2127,KOEL,0.794
2020-10-27,2127,dizel,1.011
2020-10-27,2128,100,1.106
2020-10-27,2128,95,0.976
2020-10-27,2128,dizel,1.011
2020-10-27,2129,95,0.976
2020-10-27,2129,dizel,1.011
2020-10-27,2130,100,1.106
2020-10-27,2130,95,0.976
2020-10-27,2130,dizel,1.011
2020-10-27,2131,100,1.106
2020-10-27,2131,95,0.976
2020-10-27,2131,KOEL,0.794
2020-10-27,2131,dizel,1.011
2020-10-27,2132,100,1.106
2020-10-27,2132,95,0.976
2020-10-27,2132,KOEL,0.794
2020-10-27,2132,dizel,1.011
2020-10-27,2133,100,1.106
2020-10-27,2133,95,0.976
2020-10-27,2133,dizel,1.011
2020-10-27,2134,100,1.106
2020-10-27,2134,95,0.976
2020-10-27,2134,dizel,1.011
2020-10-27,2135,100,1.106
2020-10-27,2135,95,0.976
2020-10-27,2135,dizel,1.011
2020-10-27,2136,100,1.106
2020-10-27,2136,95,0.976
2020-10-27,2136,dizel,1.011
2020-10-27,2137,100,1.106
2020-10-27,2137,95,0.976
2020-10-27,2137,KOEL,0.794
2020-10-27,2137,dizel,1.011
2020-10-27,2138,100,1.106
2020-10-27,2138,95,0.976
2020-10-27,2138,dizel,1.011
2020-10-27,2139,100,1.106
2020-10-27,2139,95,0.976
2020-10-27,2139,KOEL,0.794
2020-10-27,2139,dizel,1.011
2020-10-27,2140,95,0.976
2020-10-27,2140,KOEL,0.794
2020-10-27,2140,dizel,1.011
2020-10-27,2141,100,1.150
2020-10-27,2141,95,1.006
2020-10-27,2141,dizel,1.034
2020-10-27,2142,95,0.976
2020-10-27,2142,KOEL,0.794
2020-10-27,2142,dizel,1.011
2020-10-27,2143,95,0.976
2020-10-27,2143,KOEL,0.794
2020-10-27,2143,dizel,1.011
2020-10-27,2144,100,1.106
2020-10-27,2144,95,0.976
2020-10-27,2144,KOEL,0.794
2020-10-27,2144,dizel,1.011
2020-10-27,2145,100,1.106
2020-10-27,2145,95,0.976
2020-10-27,2145,KOEL,0.794
2020-10-27,2145,dizel,1.011
2020-10-27,2146,100,1.106
2020-10-27,2146,95,0.976
2020-10-27,2146,KOEL,0.794
2020-10-27,2146,dizel,1.011
2020-10-27,2147,100,1.106
2020-10-27,2147,95,0.976
2020-10-27,2147,KOEL,0.794
2020-10-27,2147,dizel,1.011
2020-10-27,2148,100,1.106
2020-10-27,2148,95,0.976
2020-10-27,2148,KOEL,0.794
2020-10-27,2148,dizel,1.011
2020-10-27,2149,100,1.106
2020-10-27,2149,95,0.976
2020-10-27,2149,KOEL,0.794
2020-10-27,2149,dizel,1.011
2020-10-27,2150,100,1.106
2020-10-27,2150,95,0.976
2020-10-27,2150,KOEL,0.794
2020-10-27,2150,dizel,1.011
2020-10-27,2151,95,0.976
2020-10-27,2151,KOEL,0.794
2020-10-27,2151,dizel,1.011
2020-10-27,2152,95,0.976
2020-10-27,2152,KOEL,0.794
2020-10-27,2152,dizel,1.011
2020-10-27,2153,95,0.976
2020-10-27,2153,KOEL,0.794
2020-10-27,2153,dizel,1.011
2020-10-27,2154,95,0.976
2020-10-27,2154,KOEL,0.794
2020-10-27,2154,dizel,1.011
2020-10-27,2155,95,0.976
2020-10-27,2155,KOEL,0.794
2020-10-27,2155,dizel,1.011
2020-10-27,2156,95,0.976
2020-10-27,2156,KOEL,0.794
2020-10-27,2156,dizel,1.011
2020-10-27,2157,95,0.976
2020-10-27,2157,KOEL,0.794
2020-10-27,2157,dizel,1.011
2020-10-27,2158,100,1.106
2020-10-27,2158,95,0.976
2020-10-27,2158,KOEL,0.794
2020-10-27,2158,dizel,1.011
2020-10-27,2159,95,0.976
2020-10-27,2159,KOEL,0.794
2020-10-27,2159,dizel,1.011
2020-10-27,2160,95,0.976
2020-10-27,2160,KOEL,0.794
2020-10-27,2160,dizel,1.011
2020-10-27,2161,100,1.106
2020-10-27,2161,95,0.976
2020-10-27,2161,KOEL,0.794
2020-10-27,2161,dizel,1.011
2020-10-27,2162,100,1.150
2020-10-27,2162,95,1.006
2020-10-27,2162,dizel,1.034
2020-10-27,2163,100,1.106
2020-10-27,2163,95,0.976
2020-10-27,2163,KOEL,0.794
2020-10-27,2163,dizel,1.011
2020-10-27,2164,100,1.106
2020-10-27,2164,95,0.976
2020-10-27,2164,KOEL,0.794
2020-10-27,2164,dizel,1.011
2020-10-27,2165,95,0.976
2020-10-27,2165,KOEL,0.794
2020-10-27,2165,dizel,1.011
2020-10-27,2166,100,1.106
2020-10-27,2166,95,0.976
2020-10-27,2166,KOEL,0.794
2020-10-27,2166,dizel,1.011
2020-10-27,2167,100,1.106
2020-10-27,2167,95,0.976
2020-10-27,2167,dizel,1.011
2020-10-27,2168,100,1.106
2020-10-27,2168,95,0.976
2020-10-27,2168,KOEL,0.794
2020-10-27,2168,dizel,1.011
2020-10-27,2169,95,0.976
2020-10-27,2169,KOEL,0.794
2020-10-27,2169,dizel,1.011
2020-10-27,2170,95,0.976
2020-10-27,2170,KOEL,0.794
2020-10-27,2170,dizel,1.011
2020-10-27,2171,100,1.106
2020-10-27,2171,95,0.976
2020-10-27,2171,KOEL,0.794
2020-10-27,2171,dizel,1.011
2020-10-27,2172,100,1.106
2020-10-27,2172,95,0.976
2020-10-27,2172,dizel,1.011
2020-10-27,2173,95,0.976
2020-10-27,2173,KOEL,0.794
2020-10-27,2173,dizel,1.011
2020-10-27,2174,100,1.106
2020-10-27,2174,95,0.976
2020-10-27,2174,KOEL,0.794
2020-10-27,2174,dizel,1.011
2020-10-27,2175,100,1.150
2020-10-27,2175,95,1.006
2020-10-27,2175,dizel,1.034
2020-10-27,2176,100,1.150
2020-10-27,2176,95,1.006
2020-10-27,2176,dizel,1.034
2020-10-27,2177,95,0.976
2020-10-27,2177,KOEL,0.794
2020-10-27,2177,dizel,1.011
2020-10-27,2178,100,1.106
2020-10-27,2178,95,0.976
2020-10-27,2178,KOEL,0.794
2020-10-27,2178,dizel,1.011
2020-10-27,2179,95,0.976
2020-10-27,2179,KOEL,0.794
2020-10-27,2179,dizel,1.011
2020-10-27,2180,95,0.976
2020-10-27,2180,KOEL,0.794
2020-10-27,2180,dizel,1.011
2020-10-27,2181,95,0.976
2020-10-27,2181,KOEL,0.794
2020-10-27,2181,dizel,1.011
2020-10-27,2182,95,0.976
2020-10-27,2182,KOEL,0.794
2020-10-27,2182,dizel,1.011
2020-10-27,2183,95,0.976
2020-10-27,2183,dizel,1.011
2020-10-27,2184,95,0.976
2020-10-27,2184,KOEL,0.794
2020-10-27,2184,dizel,1.011
2020-10-27,2185,95,0.976
2020-10-27,2185,KOEL,0.794
2020-10-27,2185,dizel,1.011
2020-10-27,2186,100,1.106
2020-10-27,2186,95,0.976
2020-10-27,2186,KOEL,0.794
2020-10-27,2186,dizel,1.011
2020-10-27,2187,100,1.106
2020-10-27,2187,95,0.976
2020-10-27,2187,KOEL,0.794
2020-10-27,2187,dizel,1.011
2020-10-27,2188,100,1.106
2020-10-27,2188,95,0.976
2020-10-27,2188,KOEL,0.794
2020-10-27,2188,dizel,1.011
2020-10-27,2189,95,0.976
2020-10-27,2189,KOEL,0.794
2020-10-27,2189,dizel,1.011
2020-10-27,2190,100,1.106
2020-10-27,2190,95,0.976
2020-10-27,2190,KOEL,0.794
2020-10-27,2190,dizel,1.011
2020-10-27,2191,100,1.106
2020-10-27,2191,95,0.976
2020-10-27,2191,KOEL,0.794
2020-10-27,2191,dizel,1.011
2020-10-27,2192,100,1.106
2020-10-27,2192,95,0.976
2020-10-27,2192,KOEL,0.794
2020-10-27,2192,dizel,1.011
2020-10-27,2193,95,0.976
2020-10-27,2193,KOEL,0.794
2020-10-27,2193,dizel,1.011
2020-10-27,2194,100,1.106
2020-10-27,2194,95,0.976
2020-10-27,2194,dizel,1.011
2020-10-27,2195,100,1.106
2020-10-27,2195,95,0.976
2020-10-27,2195,KOEL,0.794
2020-10-27,2195,dizel,1.011
2020-10-27,2196,100,1.106
2020-10-27,2196,95,0.976
2020-10-27,2196,KOEL,0.794
2020-10-27,2196,dizel,1.011
2020-10-27,2197,100,1.106
2020-10-27,2197,95,0.976
2020-10-27,2197,dizel,1.011
2020-10-27,2198,100,1.106
2020-10-27,2198,95,0.976
2020-10-27,2198,KOEL,0.794
2020-10-27,2198,dizel,1.011
2020-10-27,2199,100,1.106
2020-10-27,2199,95,0.976
2020-10-27,2199,dizel,1.011
2020-10-27,2200,100,1.106
2020-10-27,2200,95,0.976
2020-10-27,2200,dizel,1.011
2020-10-27,2201,100,1.150
2020-10-27,2201,95,1.006
2020-10-27,2201,dizel,1.034
2020-10-27,2202,100,1.150
2020-10-27,2202,95,1.006
2020-10-27,2202,dizel,1.034
2020-10-27,2203,95,0.976
2020-10-27,2203,KOEL,0.794
2020-10-27,2203,dizel,1.011
2020-10-27,2204,100,1.106
2020-10-27,2204,95,0.976
2020-10-27,2204,dizel,1.011
2020-10-27,2205,100,1.106
2020-10-27,2205,95,0.976
2020-10-27,2205,KOEL,0.794
2020-10-27,2205,dizel,1.011
2020-10-27,2206,100,1.106
2020-10-27,2206,95,0.976
2020-10-27,2206,KOEL,0.794
2020-10-27,2206,dizel,1.011
2020-10-27,2207,100,1.106
2020-10-27,2207,95,0.976
2020-10-27,2207,dizel,1.011
2020-10-27,2208,95,0.976
2020-10-27,2208,KOEL,0.794
2020-10-27,2208,dizel,1.011
2020-10-27,2209,95,0.976
2020-10-27,2209,KOEL,0.794
2020-10-27,2209,dizel,1.011
2020-10-27,2210,100,1.106
2020-10-27,2210,95,0.976
2020-10-27,2210,KOEL,0.794
2020-10-27,2210,dizel,1.011
2020-10-27,2211,95,0.976
2020-10-27,2211,KOEL,0.794
2020-10-27,2211,dizel,1.011
2020-10-27,2212,100,1.106
2020-10-27,2212,95,0.976
2020-10-27,2212,KOEL,0.794
2020-10-27,2212,dizel,1.011
2020-10-27,2213,95,0.976
2020-10-27,2213,KOEL,0.794
2020-10-27,2213,dizel,1.011
2020-10-27,2214,95,0.976
2020-10-27,2214,KOEL,0.794
2020-10-27,2214,dizel,1.011
2020-10-27,2215,100,1.106
2020-10-27,2215,95,0.976
2020-10-27,2215,KOEL,0.794
2020-10-27,2215,dizel,1.011
2020-10-27,2216,100,1.150
2020-10-27,2216,95,1.006
2020-10-27,2216,dizel,1.034
2020-10-27,2216,dizel-premium,1.245
2020-10-27,2217,100,1.106
2020-10-27,2217,95,0.976
2020-10-27,2217,KOEL,0.794
2020-10-27,2217,dizel,1.011
2020-10-27,2218,100,1.106
2020-10-27,2218,95,0.976
2020-10-27,2218,KOEL,0.794
2020-10-27,2218,dizel,1.011
2020-10-27,2219,95,0.976
2020-10-27,2219,KOEL,0.794
2020-10-27,2219,dizel,1.011
2020-10-27,2220,100,1.106
2020-10-27,2220,95,0.976
2020-10-27,2220,KOEL,0.794
2020-10-27,2220,dizel,1.011
2020-10-27,2221,100,1.106
2020-10-27,2221,95,0.976
2020-10-27,2221,KOEL,0.794
2020-10-27,2221,dizel,1.011
2020-10-27,2222,100,1.106
2020-10-27,2222,95,0.976
2020-10-27,2222,KOEL,0.794
2020-10-27,2222,dizel,1.011
2020-10-27,2223,95,0.976
2020-10-27,2223,KOEL,0.794
2020-10-27,2223,dizel,1.011
2020-10-27,2224,95,0.976
2020-10-27,2224,KOEL,0.794
2020-10-27,2224,dizel,1.011
2020-10-27,2225,100,1.106
2020-10-27,2225,95,0.976
2020-10-27,2225,KOEL,0.794
2020-10-27,2225,dizel,1.011
2020-10-27,2227,100,1.106
2020-10-27,2227,95,0.976
2020-10-27,2227,dizel,1.011
2020-10-27,2228,100,1.106
2020-10-27,2228,95,0.976
2020-10-27,2228,KOEL,0.794
2020-10-27,2228,dizel,1.011
2020-10-27,2229,100,1.150
2020-10-27,2229,95,1.006
2020-10-27,2229,dizel,1.034
2020-10-27,2229,dizel-premium,1.245
2020-10-27,2230,100,1.150
2020-10-27,2230,95,1.006
2020-10-27,2230,dizel,1.034
2020-10-27,2230,dizel-premium,1.245
2020-10-27,2231,100,1.150
2020-10-27,2231,95,1.006
2020-10-27,2231,dizel,1.034
2020-10-27,2231,dizel-premium,1.245
2020-10-27,2232,100,1.150
2020-10-27,2232,95,1.006
2020-10-27,2232,dizel,1.034
2020-10-27,2232,dizel-premium,1.245
2020-10-27,2233,100,1.106
2020-10-27,2233,95,0.976
2020-10-27,2233,dizel,1.011
2020-10-27,2272,100,1.106
2020-10-27,2272,95,0.976
2020-10-27,2272,dizel,1.011
2020-10-27,2273,dizel,1.011
2020-10-27,2274,dizel,1.011
2020-10-27,2275,dizel,1.011
2020-10-27,2276,dizel,1.011
2020-10-27,2302,95,0.985
2020-10-27,2302,dizel,1.010
2020-10-27,2303,95,0.985
2020-10-27,2303,dizel,1.010
2020-10-27,2304,95,0.985
2020-10-27,2304,dizel,1.010
2020-10-27,2305,95,0.985
2020-10-27,2305,dizel,1.010
2020-10-27,2306,95,0.985
2020-10-27,2306,dizel,1.010
2020-10-27,2307,95,0.985
2020-10-27,2307,dizel,1.010
2020-10-27,2308,dizel,1.010
2020-10-27,2309,dizel,1.010
2020-10-27,2310,dizel,1.010
2020-10-28,766,100,1.124
2020-10-28,766,95,0.986
2020-10-28,766,dizel,1.015
2020-10-28,767,100,1.124
2020-10-28,767,95,0.986
2020-10-28,767,KOEL,0.793
2020-10-28,767,dizel,1.015
2020-10-28,768,100,1.166
2020-10-28,768,95,1.006
2020-10-28,768,dizel,1.026
2020-10-28,768,dizel-premium,1.239
2020-10-28,769,95,0.999
2020-10-28,769,dizel,1.025
2020-10-28,770,100,1.124
2020-10-28,770,95,0.986
2020-10-28,770,dizel,1.015
2020-10-28,770,dizel-premium,1.155
2020-10-28,771,100,1.124
2020-10-28,771,95,0.986
2020-10-28,771,KOEL,0.793
2020-10-28,771,dizel,1.015
2020-10-28,771,dizel-premium,1.155
2020-10-28,772,100,1.124
2020-10-28,772,95,0.986
2020-10-28,772,dizel,1.015
2020-10-28,773,100,1.124
2020-10-28,773,95,0.986
2020-10-28,773,KOEL,0.793
2020-10-28,773,dizel,1.015
2020-10-28,774,100,1.124
2020-10-28,774,95,0.986
2020-10-28,774,dizel,1.015
2020-10-28,775,100,1.124
2020-10-28,775,95,0.986
2020-10-28,775,dizel,1.015
2020-10-28,775,dizel-premium,1.155
2020-10-28,776,100,1.124
2020-10-28,776,95,0.986
2020-10-28,776,KOEL,0.793
2020-10-28,776,dizel,1.015
2020-10-28,777,100,1.166
2020-10-28,777,95,1.016
2020-10-28,777,dizel,1.036
2020-10-28,777,dizel-premium,1.239
2020-10-28,778,100,1.166
2020-10-28,778,95,1.016
2020-10-28,778,dizel,1.036
2020-10-28,778,dizel-premium,1.239
2020-10-28,779,100,1.124
2020-10-28,779,95,0.986
2020-10-28,779,KOEL,0.793
2020-10-28,779,dizel,1.015
2020-10-28,780,100,1.124
2020-10-28,780,95,0.986
2020-10-28,780,KOEL,0.793
2020-10-28,780,dizel,1.015
2020-10-28,781,100,1.166
2020-10-28,781,95,1.016
2020-10-28,781,dizel,1.036
2020-10-28,781,dizel-premium,1.239
2020-10-28,782,100,1.166
2020-10-28,782,95,1.016
2020-10-28,782,dizel,1.036
2020-10-28,782,dizel-premium,1.239
2020-10-28,783,100,1.124
2020-10-28,783,95,0.986
2020-10-28,783,KOEL,0.793
2020-10-28,783,dizel,1.015
2020-10-28,784,dizel,1.015
2020-10-28,785,dizel,1.015
2020-10-28,786,dizel,1.015
2020-10-28,787,dizel,1.015
2020-10-28,788,dizel,1.015
2020-10-28,789,95,0.986
2020-10-28,789,dizel,1.015
2020-10-28,790,100,1.166
2020-10-28,790,95,1.016
2020-10-28,790,dizel,1.036
2020-10-28,790,dizel-premium,1.239
2020-10-28,791,100,1.166
2020-10-28,791,95,1.016
2020-10-28,791,dizel,1.036
2020-10-28,791,dizel-premium,1.239
2020-10-28,792,100,1.124
2020-10-28,792,95,0.986
2020-10-28,792,KOEL,0.793
2020-10-28,792,dizel,1.015
2020-10-28,793,100,1.166
2020-10-28,793,95,1.016
2020-10-28,793,dizel,1.036
2020-10-28,793,dizel-premium,1.239
2020-10-28,794,95,0.986
2020-10-28,794,dizel,1.015
2020-10-28,795,95,0.986
2020-10-28,795,KOEL,0.793
2020-10-28,795,dizel,1.015
2020-10-28,796,100,1.166
2020-10-28,796,95,1.016
2020-10-28,796,dizel,1.036
2020-10-28,796,dizel-premium,1.239
2020-10-28,797,100,1.124
2020-10-28,797,95,0.986
2020-10-28,797,KOEL,0.793
2020-10-28,797,dizel,1.015
2020-10-28,798,100,1.124
2020-10-28,798,95,0.986
2020-10-28,798,dizel,1.015
2020-10-28,799,100,1.124
2020-10-28,799,95,0.986
2020-10-28,799,KOEL,0.793
2020-10-28,799,dizel,1.015
2020-10-28,800,100,1.124
2020-10-28,800,95,0.986
2020-10-28,800,dizel,1.015
2020-10-28,800,dizel-premium,1.155
2020-10-28,801,100,1.124
2020-10-28,801,95,0.986
2020-10-28,801,dizel,1.015
2020-10-28,802,100,1.124
2020-10-28,802,95,0.986
2020-10-28,802,dizel,1.015
2020-10-28,803,100,1.124
2020-10-28,803,95,0.986
2020-10-28,803,KOEL,0.793
2020-10-28,803,dizel,1.015
2020-10-28,803,dizel-premium,1.155
2020-10-28,804,100,1.166
2020-10-28,804,95,1.006
2020-10-28,804,dizel,1.026
2020-10-28,804,dizel-premium,1.239
2020-10-28,805,100,1.166
2020-10-28,805,95,1.006
2020-10-28,805,KOEL,0.793
2020-10-28,805,dizel,1.026
2020-10-28,805,dizel-premium,1.239
2020-10-28,806,100,1.124
2020-10-28,806,95,0.986
2020-10-28,806,dizel,1.015
2020-10-28,807,100,1.124
2020-10-28,807,95,0.986
2020-10-28,807,KOEL,0.793
2020-10-28,807,dizel,1.015
2020-10-28,808,95,0.986
2020-10-28,808,dizel,1.015
2020-10-28,809,100,1.124
2020-10-28,809,95,0.986
2020-10-28,809,dizel,1.015
2020-10-28,810,100,1.124
2020-10-28,810,95,0.986
2020-10-28,810,KOEL,0.793
2020-10-28,810,dizel,1.015
2020-10-28,810,dizel-premium,1.155
2020-10-28,811,95,0.999
2020-10-28,811,dizel,1.025
2020-10-28,812,100,1.124
2020-10-28,812,95,0.999
2020-10-28,812,dizel,1.025
2020-10-28,813,100,1.124
2020-10-28,813,95,0.986
2020-10-28,813,dizel,1.015
2020-10-28,814,100,1.124
2020-10-28,814,95,0.986
2020-10-28,814,KOEL,0.793
2020-10-28,814,dizel,1.015
2020-10-28,815,100,1.124
2020-10-28,815,95,0.986
2020-10-28,815,KOEL,0.793
2020-10-28,815,dizel,1.015
2020-10-28,815,dizel-premium,1.155
2020-10-28,816,100,1.124
2020-10-28,816,95,0.986
2020-10-28,816,dizel,1.015
2020-10-28,817,100,1.124
2020-10-28,817,95,0.986
2020-10-28,817,dizel,1.015
2020-10-28,817,dizel-premium,1.155
2020-10-28,818,100,1.124
2020-10-28,818,95,0.986
2020-10-28,818,dizel,1.015
2020-10-28,819,100,1.124
2020-10-28,819,95,0.986
2020-10-28,819,dizel,1.015
2020-10-28,819,dizel-premium,1.155
2020-10-28,820,100,1.124
2020-10-28,820,95,0.986
2020-10-28,820,dizel,1.015
2020-10-28,820,dizel-premium,1.155
2020-10-28,821,100,1.124
2020-10-28,821,95,0.986
2020-10-28,821,KOEL,0.793
2020-10-28,821,dizel,1.015
2020-10-28,822,100,1.124
2020-10-28,822,95,0.999
2020-10-28,822,dizel,1.025
2020-10-28,823,100,1.166
2020-10-28,823,95,1.016
2020-10-28,823,dizel,1.036
2020-10-28,823,dizel-premium,1.239
2020-10-28,824,95,0.986
2020-10-28,824,dizel,1.015
2020-10-28,825,100,1.124
2020-10-28,825,95,0.986
2020-10-28,825,dizel,1.015
2020-10-28,826,100,1.124
2020-10-28,826,95,0.986
2020-10-28,826,KOEL,0.793
2020-10-28,826,dizel,1.015
2020-10-28,827,95,0.986
2020-10-28,827,dizel,1.015
2020-10-28,828,100,1.166
2020-10-28,828,95,1.016
2020-10-28,828,dizel,1.036
2020-10-28,828,dizel-premium,1.239
2020-10-28,829,100,1.124
2020-10-28,829,95,0.986
2020-10-28,829,KOEL,0.793
2020-10-28,829,dizel,1.015
2020-10-28,829,dizel-premium,1.155
2020-10-28,830,100,1.124
2020-10-28,830,95,0.986
2020-10-28,830,dizel,1.015
2020-10-28,830,dizel-premium,1.155
2020-10-28,831,100,1.124
2020-10-28,831,95,0.986
2020-10-28,831,KOEL,0.793
2020-10-28,831,dizel,1.015
2020-10-28,831,dizel-premium,1.155
2020-10-28,832,95,0.986
2020-10-28,832,dizel,1.015
2020-10-28,833,100,1.124
2020-10-28,833,95,0.986
2020-10-28,833,dizel,1.015
2020-10-28,833,dizel-premium,1.155
2020-10-28,834,100,1.124
2020-10-28,834,95,0.986
2020-10-28,834,KOEL,0.793
2020-10-28,834,dizel,1.015
2020-10-28,835,100,1.124
2020-10-28,835,95,0.986
2020-10-28,835,KOEL,0.793
2020-10-28,835,dizel,1.015
2020-10-28,835,dizel-premium,1.155
2020-10-28,836,100,1.124
2020-10-28,836,95,0.986
2020-10-28,836,dizel,1.015
2020-10-28,836,dizel-premium,1.155
2020-10-28,837,100,1.166
2020-10-28,837,95,1.016
2020-10-28,837,dizel,1.036
2020-10-28,837,dizel-premium,1.239
2020-10-28,838,100,1.124
2020-10-28,838,95,0.986
2020-10-28,838,KOEL,0.793
2020-10-28,838,dizel,1.015
2020-10-28,838,dizel-premium,1.155
2020-10-28,839,100,1.124
2020-10-28,839,95,0.999
2020-10-28,839,dizel,1.025
2020-10-28,840,100,1.124
2020-10-28,840,95,0.986
2020-10-28,840,dizel,1.015
2020-10-28,841,100,1.124
2020-10-28,841,95,0.986
2020-10-28,841,dizel,1.015
2020-10-28,842,100,1.124
2020-10-28,842,95,0.986
2020-10-28,842,KOEL,0.793
2020-10-28,842,dizel,1.015
2020-10-28,843,100,1.124
2020-10-28,843,95,0.986
2020-10-28,843,KOEL,0.793
2020-10-28,843,dizel,1.015
2020-10-28,844,100,1.166
2020-10-28,844,95,1.016
2020-10-28,844,dizel,1.036
2020-10-28,844,dizel-premium,1.239
2020-10-28,845,100,1.166
2020-10-28,845,95,1.016
2020-10-28,845,dizel,1.036
2020-10-28,845,dizel-premium,1.239
2020-10-28,846,100,1.124
2020-10-28,846,95,0.986
2020-10-28,846,KOEL,0.793
2020-10-28,846,dizel,1.015
2020-10-28,847,95,1.016
2020-10-28,847,dizel,1.036
2020-10-28,847,dizel-premium,1.239
2020-10-28,848,95,1.016
2020-10-28,848,dizel,1.036
2020-10-28,848,dizel-premium,1.239
2020-10-28,849,100,1.124
2020-10-28,849,95,0.986
2020-10-28,849,dizel,1.015
2020-10-28,850,100,1.124
2020-10-28,850,95,0.986
2020-10-28,850,dizel,1.015
2020-10-28,851,100,1.124
2020-10-28,851,95,0.986
2020-10-28,851,dizel,1.015
2020-10-28,852,95,0.986
2020-10-28,852,dizel,1.015
2020-10-28,853,100,1.124
2020-10-28,853,95,0.986
2020-10-28,853,dizel,1.015
2020-10-28,854,95,0.986
2020-10-28,854,dizel,1.015
2020-10-28,854,dizel-premium,1.155
2020-10-28,855,100,1.124
2020-10-28,855,95,0.986
2020-10-28,855,dizel,1.015
2020-10-28,855,dizel-premium,1.155
2020-10-28,856,95,0.986
2020-10-28,856,dizel,1.015
2020-10-28,856,dizel-premium,1.155
2020-10-28,857,100,1.124
2020-10-28,857,95,0.986
2020-10-28,857,KOEL,0.793
2020-10-28,857,dizel,1.015
2020-10-28,858,100,1.124
2020-10-28,858,95,0.986
2020-10-28,858,KOEL,0.793
2020-10-28,858,dizel,1.015
2020-10-28,859,95,0.986
2020-10-28,859,dizel,1.015
2020-10-28,860,100,1.124
2020-10-28,860,95,0.986
2020-10-28,860,KOEL,0.793
2020-10-28,860,dizel,1.015
2020-10-28,861,100,1.166
2020-10-28,861,95,1.016
2020-10-28,861,dizel,1.036
2020-10-28,861,dizel-premium,1.239
2020-10-28,862,100,1.124
2020-10-28,862,95,0.986
2020-10-28,862,KOEL,0.793
2020-10-28,862,dizel,1.015
2020-10-28,862,dizel-premium,1.155
2020-10-28,863,100,1.166
2020-10-28,863,95,1.006
2020-10-28,863,KOEL,0.793
2020-10-28,863,dizel,1.026
2020-10-28,864,100,1.166
2020-10-28,864,95,1.006
2020-10-28,864,dizel,1.026
2020-10-28,865,100,1.124
2020-10-28,865,95,0.986
2020-10-28,865,KOEL,0.793
2020-10-28,865,dizel,1.015
2020-10-28,866,100,1.124
2020-10-28,866,95,0.986
2020-10-28,866,dizel,1.015
2020-10-28,867,100,1.124
2020-10-28,867,95,0.986
2020-10-28,867,dizel,1.015
2020-10-28,868,95,0.986
2020-10-28,868,dizel,1.015
2020-10-28,869,100,1.124
2020-10-28,869,95,0.986
2020-10-28,869,KOEL,0.793
2020-10-28,869,dizel,1.015
2020-10-28,870,100,1.124
2020-10-28,870,95,0.986
2020-10-28,870,dizel,1.015
2020-10-28,871,100,1.124
2020-10-28,871,95,0.986
2020-10-28,871,KOEL,0.793
2020-10-28,871,dizel,1.015
2020-10-28,871,dizel-premium,1.155
2020-10-28,872,100,1.124
2020-10-28,872,95,0.999
2020-10-28,872,dizel,1.025
2020-10-28,873,100,1.124
2020-10-28,873,95,0.986
2020-10-28,873,dizel,1.015
2020-10-28,874,95,0.986
2020-10-28,874,KOEL,0.793
2020-10-28,874,dizel,1.015
2020-10-28,875,100,1.124
2020-10-28,875,95,0.986
2020-10-28,875,KOEL,0.793
2020-10-28,875,dizel,1.015
2020-10-28,876,100,1.124
2020-10-28,876,95,0.986
2020-10-28,876,dizel,1.015
2020-10-28,876,dizel-premium,1.155
2020-10-28,1548,100,1.108
2020-10-28,1548,95,0.977
2020-10-28,1548,dizel,1.011
2020-10-28,1549,100,1.108
2020-10-28,1549,95,0.977
2020-10-28,1549,dizel,1.011
2020-10-28,1550,100,1.108
2020-10-28,1550,95,0.977
2020-10-28,1550,dizel,1.011
2020-10-28,1551,100,1.108
2020-10-28,1551,95,0.977
2020-10-28,1551,dizel,1.011
2020-10-28,1552,100,1.108
2020-10-28,1552,95,0.977
2020-10-28,1552,dizel,1.011
2020-10-28,1553,100,1.108
2020-10-28,1553,95,0.977
2020-10-28,1553,dizel,1.011
2020-10-28,1554,100,1.108
2020-10-28,1554,95,0.977
2020-10-28,1554,dizel,1.011
2020-10-28,1555,100,1.108
2020-10-28,1555,95,0.977
2020-10-28,1555,dizel,1.011
2020-10-28,1556,100,1.108
2020-10-28,1556,95,0.977
2020-10-28,1556,dizel,1.011
2020-10-28,1557,100,1.108
2020-10-28,1557,95,0.977
2020-10-28,1557,dizel,1.011
2020-10-28,1558,100,1.108
2020-10-28,1558,95,0.977
2020-10-28,1558,dizel,1.011
2020-10-28,1559,100,1.152
2020-10-28,1559,95,1.007
2020-10-28,1559,dizel,1.034
2020-10-28,1559,dizel-premium,1.245
2020-10-28,1560,100,1.108
2020-10-28,1560,95,0.977
2020-10-28,1560,dizel,1.011
2020-10-28,1561,100,1.108
2020-10-28,1561,95,0.977
2020-10-28,1561,KOEL,0.794
2020-10-28,1561,dizel,1.011
2020-10-28,1562,100,1.108
2020-10-28,1562,95,0.977
2020-10-28,1562,dizel,1.011
2020-10-28,1563,100,1.108
2020-10-28,1563,95,0.977
2020-10-28,1563,dizel,1.011
2020-10-28,1564,100,1.108
2020-10-28,1564,95,0.977
2020-10-28,1564,KOEL,0.794
2020-10-28,1564,dizel,1.011
2020-10-28,1565,100,1.108
2020-10-28,1565,95,0.977
2020-10-28,1565,dizel,1.011
2020-10-28,1566,100,1.108
2020-10-28,1566,95,0.977
2020-10-28,1566,dizel,1.011
2020-10-28,1567,100,1.108
2020-10-28,1567,95,0.977
2020-10-28,1567,dizel,1.011
2020-10-28,1568,100,1.152
2020-10-28,1568,95,1.007
2020-10-28,1568,dizel,1.034
2020-10-28,1568,dizel-premium,1.245
2020-10-28,1569,100,1.108
2020-10-28,1569,95,0.977
2020-10-28,1569,dizel,1.011
2020-10-28,1570,100,1.108
2020-10-28,1570,95,0.977
2020-10-28,1570,dizel,1.011
2020-10-28,1571,100,1.108
2020-10-28,1571,95,0.977
2020-10-28,1571,dizel,1.011
2020-10-28,1572,100,1.108
2020-10-28,1572,95,0.977
2020-10-28,1572,dizel,1.011
2020-10-28,1573,100,1.108
2020-10-28,1573,95,0.977
2020-10-28,1573,dizel,1.011
2020-10-28,1574,100,1.108
2020-10-28,1574,95,0.977
2020-10-28,1574,dizel,1.011
2020-10-28,1575,100,1.108
2020-10-28,1575,95,0.977
2020-10-28,1575,dizel,1.011
2020-10-28,1576,100,1.108
2020-10-28,1576,95,0.977
2020-10-28,1576,dizel,1.011
2020-10-28,1577,100,1.108
2020-10-28,1577,95,0.977
2020-10-28,1577,dizel,1.011
2020-10-28,1578,100,1.108
2020-10-28,1578,95,0.977
2020-10-28,1578,dizel,1.011
2020-10-28,1579,100,1.108
2020-10-28,1579,95,0.977
2020-10-28,1579,dizel,1.011
2020-10-28,1580,100,1.108
2020-10-28,1580,95,0.977
2020-10-28,1580,dizel,1.011
2020-10-28,1581,100,1.108
2020-10-28,1581,95,0.977
2020-10-28,1581,dizel,1.011
2020-10-28,1582,100,1.108
2020-10-28,1582,95,0.977
2020-10-28,1582,KOEL,0.794
2020-10-28,1582,dizel,1.011
2020-10-28,1583,100,1.108
2020-10-28,1583,95,0.977
2020-10-28,1583,KOEL,0.794
2020-10-28,1583,dizel,1.011
2020-10-28,1584,100,1.108
2020-10-28,1584,95,0.977
2020-10-28,1584,KOEL,0.794
2020-10-28,1584,dizel,1.011
2020-10-28,1585,100,1.108
2020-10-28,1585,95,0.977
2020-10-28,1585,KOEL,0.794
2020-10-28,1585,dizel,1.011
2020-10-28,1586,100,1.108
2020-10-28,1586,95,0.977
2020-10-28,1586,KOEL,0.794
2020-10-28,1586,dizel,1.011
2020-10-28,1587,100,1.108
2020-10-28,1587,95,0.977
2020-10-28,1587,KOEL,0.794
2020-10-28,1587,dizel,1.011
2020-10-28,1588,100,1.108
2020-10-28,1588,95,0.977
2020-10-28,1588,KOEL,0.794
2020-10-28,1588,dizel,1.011
2020-10-28,1589,100,1.108
2020-10-28,1589,95,0.977
2020-10-28,1589,dizel,1.011
2020-10-28,1590,100,1.108
2020-10-28,1590,95,0.977
2020-10-28,1590,dizel,1.011
2020-10-28,1591,100,1.108
2020-10-28,1591,95,0.977
2020-10-28,1591,dizel,1.011
2020-10-28,1592,100,1.108
2020-10-28,1592,95,0.977
2020-10-28,1592,KOEL,0.794
2020-10-28,1592,dizel,1.011
2020-10-28,1593,100,1.108
2020-10-28,1593,95,0.977
2020-10-28,1593,dizel,1.011
2020-10-28,2019,100,1.150
2020-10-28,2019,95,1.006
2020-10-28,2019,dizel,1.034
2020-10-28,2234,100,1.108
2020-10-28,2234,95,0.977
2020-10-28,2234,dizel,1.011
2020-10-28,2235,100,1.108
2020-10-28,2235,95,0.977
2020-10-28,2235,dizel,1.011
2020-10-28,2236,100,1.124
2020-10-28,2236,95,0.986
2020-10-28,2236,dizel,1.015
2020-10-28,2236,dizel-premium,1.155
2020-10-28,2267,100,1.106
2020-10-28,2267,95,0.971
2020-10-28,2267,KOEL,0.789
2020-10-28,2267,dizel,1.006
2020-10-28,2271,100,1.124
2020-10-28,2271,95,0.986
2020-10-28,2271,dizel,1.015
2020-10-28,2271,dizel-premium,1.155
2020-10-28,2283,100,1.108
2020-10-28,2283,95,0.977
2020-10-28,2283,KOEL,0.794
2020-10-28,2283,dizel,1.011
2020-10-28,2284,100,1.108
2020-10-28,2284,95,0.977
2020-10-28,2284,KOEL,0.794
2020-10-28,2284,dizel,1.011
2020-10-28,2285,100,1.108
2020-10-28,2285,95,0.977
2020-10-28,2285,KOEL,0.794
2020-10-28,2285,dizel,1.011
2020-10-28,2286,100,1.108
2020-10-28,2286,95,0.977
2020-10-28,2286,KOEL,0.794
2020-10-28,2286,dizel,1.011
2020-10-28,2287,100,1.108
2020-10-28,2287,95,0.977
2020-10-28,2287,KOEL,0.794
2020-10-28,2287,dizel,1.011
2020-10-28,2297,95,0.959
2020-10-28,2297,KOEL,0.794
2020-10-28,2297,dizel,1.011
2020-10-28,2299,95,0.959
2020-10-28,2299,KOEL,0.794
2020-10-28,2299,dizel,1.011
2020-10-28,2302,98,
2020-10-28,2304,98,
2020-10-28,2305,98,
2020-10-28,2306,98,
2020-10-28,2314,95,0.974
2020-10-28,2314,KOEL,0.791
2020-10-28,2314,dizel,1.006
2020-10-28,2315,95,0.976
2020-10-28,2315,KOEL,0.793
2020-10-28,2315,dizel,1.010
2020-10-29,2237,95,0.979
2020-10-29,2237,dizel,1.011
2020-10-29,2238,95,0.979
2020-10-29,2238,dizel,1.011
2020-10-29,2239,95,0.979
2020-10-29,2239,dizel,1.011
2020-10-29,2240,95,0.979
2020-10-29,2240,dizel,1.011
2020-10-29,2241,95,0.979
2020-10-29,2241,dizel,1.011
2020-10-29,2242,95,0.979
2020-10-29,2242,dizel,1.011
2020-10-29,2243,95,0.979
2020-10-29,2243,dizel,1.011
2020-10-29,2244,95,0.979
2020-10-29,2244,dizel,1.011
2020-10-29,2245,95,0.979
2020-10-29,2245,dizel,1.011
2020-10-29,2246,95,0.979
2020-10-29,2246,dizel,1.011
2020-10-29,2247,95,0.979
2020-10-29,2247,dizel,1.011
2020-10-29,2248,95,0.979
2020-10-29,2248,dizel,1.011
2020-10-29,2249,95,0.979
2020-10-29,2249,dizel,1.011
2020-10-29,2250,95,0.979
2020-10-29,2250,dizel,1.011
2020-10-29,2251,95,0.979
2020-10-29,2251,dizel,1.011
2020-10-29,2252,95,0.979
2020-10-29,2252,dizel,1.011
2020-10-29,2253,95,0.979
2020-10-29,2253,dizel,1.011
2020-10-29,2254,95,0.979
2020-10-29,2254,dizel,1.011
2020-10-29,2255,95,0.979
2020-10-29,2255,dizel,1.011
2020-10-29,2256,95,0.979
2020-10-29,2256,dizel,1.011
2020-10-29,2257,95,0.979
2020-10-29,2257,dizel,1.011
2020-10-29,2288,95,0.956
2020-10-29,2288,dizel,0.985
2020-10-29,2289,95,0.956
2020-10-29,2289,dizel,0.985
2020-10-29,2290,95,0.956
2020-10-29,2290,dizel,0.985
2020-10-29,2291,95,0.956
2020-10-29,2291,dizel,0.985
2020-10-29,2292,95,0.956
2020-10-29,2292,dizel,0.985
2020-10-29,2293,95,0.956
2020-10-29,2293,dizel,0.985
2020-10-29,2294,95,0.956
2020-10-29,2294,dizel,0.985
2020-10-29,2295,95,0.956
2020-10-29,2295,dizel,0.985
2020-10-29,2302,100,1.110
2020-10-29,2302,KOEL,0.792
2020-10-29,2303,KOEL,0.792
2020-10-29,2304,100,1.110
2020-10-29,2304,KOEL,0.792
2020-10-29,2305,100,1.110
2020-10-29,2306,100,1.110
2020-10-29,2306,KOEL,0.792
2020-10-29,2311,95,0.977
2020-10-29,2311,KOEL,0.793
2020-10-29,2311,dizel,1.011
2020-10-30,857,dizel-premium,1.155
2020-10-30,865,dizel-premium,1.155
2020-10-30,1549,dizel-premium,1.137
2020-10-30,2268,100,1.106
2020-10-30,2268,95,0.976
2020-10-30,2268,KOEL,0.794
2020-10-30,2268,dizel,1.011
2020-10-30,2319,KOEL,0.792
2020-10-30,2319,dizel,1.010
2020-10-31,797,dizel-premium,1.155
2020-10-31,798,dizel-premium,1.155
2020-10-31,799,dizel-premium,1.155
2020-10-31,840,dizel-premium,1.155
2020-10-31,2314,95,0.954
2020-10-31,2314,dizel,0.986
2020-10-31,2318,dizel,1.011
2020-11-01,2314,95,0.974
2020-11-01,2314,dizel,1.006
2020-11-03,1921,100,1.079
2020-11-03,1921,95,0.950
2020-11-03,1921,dizel,0.997
2020-11-03,1922,95,0.950
2020-11-03,1922,KOEL,0.789
2020-11-03,1922,dizel,0.997
2020-11-03,1923,100,1.123
2020-11-03,1923,95,0.980
2020-11-03,1923,dizel,1.020
2020-11-03,1924,95,0.950
2020-11-03,1924,KOEL,0.789
2020-11-03,1924,dizel,0.997
2020-11-03,1925,95,0.950
2020-11-03,1925,KOEL,0.789
2020-11-03,1925,dizel,0.997
2020-11-03,1926,95,0.950
2020-11-03,1926,KOEL,0.789
2020-11-03,1926,dizel,0.997
2020-11-03,1927,95,0.950
2020-11-03,1927,dizel,0.997
2020-11-03,1928,100,1.079
2020-11-03,1928,95,0.950
2020-11-03,1928,KOEL,0.789
2020-11-03,1928,dizel,0.997
2020-11-03,1929,100,1.079
2020-11-03,1929,95,0.950
2020-11-03,1929,KOEL,0.789
2020-11-03,1929,dizel,0.997
2020-11-03,1930,95,0.950
2020-11-03,1930,KOEL,0.789
2020-11-03,1930,dizel,0.997
2020-11-03,1931,95,0.950
2020-11-03,1931,KOEL,0.789
2020-11-03,1931,dizel,0.997
2020-11-03,1932,95,0.950
2020-11-03,1932,KOEL,0.789
2020-11-03,1932,dizel,0.997
2020-11-03,1933,95,0.950
2020-11-03,1933,KOEL,0.789
2020-11-03,1933,dizel,0.997
2020-11-03,1934,100,1.079
2020-11-03,1934,95,0.950
2020-11-03,1934,dizel,0.997
2020-11-03,1935,100,1.079
2020-11-03,1935,95,0.950
2020-11-03,1935,KOEL,0.789
2020-11-03,1935,dizel,0.997
2020-11-03,1936,95,0.950
2020-11-03,1936,KOEL,0.789
2020-11-03,1936,dizel,0.997
2020-11-03,1937,95,0.950
2020-11-03,1937,KOEL,0.789
2020-11-03,1937,dizel,0.997
2020-11-03,1938,95,0.950
2020-11-03,1938,KOEL,0.789
2020-11-03,1938,dizel,0.997
2020-11-03,1939,95,0.950
2020-11-03,1939,KOEL,0.789
2020-11-03,1939,dizel,0.997
2020-11-03,1940,95,0.950
2020-11-03,1940,KOEL,0.789
2020-11-03,1940,dizel,0.997
2020-11-03,1941,95,0.950
2020-11-03,1941,dizel,0.997
2020-11-03,1942,100,1.079
2020-11-03,1942,95,0.950
2020-11-03,1942,KOEL,0.789
2020-11-03,1942,dizel,0.997
2020-11-03,1943,100,1.079
2020-11-03,1943,95,0.950
2020-11-03,1943,KOEL,0.789
2020-11-03,1943,dizel,0.997
2020-11-03,1944,95,0.950
2020-11-03,1944,KOEL,0.789
2020-11-03,1944,dizel,0.997
2020-11-03,1945,100,1.123
2020-11-03,1945,95,0.980
2020-11-03,1945,dizel,1.020
2020-11-03,1946,95,0.950
2020-11-03,1946,KOEL,0.789
2020-11-03,1946,dizel,0.997
2020-11-03,1947,100,1.079
2020-11-03,1947,95,0.950
2020-11-03,1947,KOEL,0.789
2020-11-03,1947,dizel,0.997
2020-11-03,1948,100,1.079
2020-11-03,1948,95,0.950
2020-11-03,1948,KOEL,0.789
2020-11-03,1948,dizel,0.997
2020-11-03,1949,100,1.123
2020-11-03,1949,95,0.980
2020-11-03,1949,dizel,1.020
2020-11-03,1949,dizel-premium,1.229
2020-11-03,1950,100,1.079
2020-11-03,1950,95,0.950
2020-11-03,1950,KOEL,0.789
2020-11-03,1950,dizel,0.997
2020-11-03,1951,100,1.079
2020-11-03,1951,95,0.950
2020-11-03,1951,KOEL,0.789
2020-11-03,1951,dizel,0.997
2020-11-03,1952,100,1.079
2020-11-03,1952,95,0.950
2020-11-03,1952,dizel,0.997
2020-11-03,1953,95,0.950
2020-11-03,1953,KOEL,0.789
2020-11-03,1953,dizel,0.997
2020-11-03,1954,100,1.079
2020-11-03,1954,95,0.950
2020-11-03,1954,KOEL,0.789
2020-11-03,1954,dizel,0.997
2020-11-03,1955,100,1.079
2020-11-03,1955,95,0.950
2020-11-03,1955,dizel,0.997
2020-11-03,1956,100,1.079
2020-11-03,1956,95,0.950
2020-11-03,1956,dizel,0.997
2020-11-03,1957,100,1.079
2020-11-03,1957,95,0.950
2020-11-03,1957,KOEL,0.789
2020-11-03,1957,dizel,0.997
2020-11-03,1958,100,1.079
2020-11-03,1958,95,0.950
2020-11-03,1958,KOEL,0.789
2020-11-03,1958,dizel,0.997
2020-11-03,1959,100,1.079
2020-11-03,1959,95,0.950
2020-11-03,1959,dizel,0.997
2020-11-03,1960,100,1.079
2020-11-03,1960,95,0.950
2020-11-03,1960,dizel,0.997
2020-11-03,1961,100,1.079
2020-11-03,1961,95,0.950
2020-11-03,1961,KOEL,0.789
2020-11-03,1961,dizel,0.997
2020-11-03,1962,100,1.079
2020-11-03,1962,95,0.950
2020-11-03,1962,KOEL,0.789
2020-11-03,1962,dizel,0.997
2020-11-03,1963,100,1.079
2020-11-03,1963,95,0.950
2020-11-03,1963,KOEL,0.789
2020-11-03,1963,dizel,0.997
2020-11-03,1964,95,0.950
2020-11-03,1964,KOEL,0.789
2020-11-03,1964,dizel,0.997
2020-11-03,1965,95,0.950
2020-11-03,1965,KOEL,0.789
2020-11-03,1965,dizel,0.997
2020-11-03,1966,100,1.079
2020-11-03,1966,95,0.950
2020-11-03,1966,KOEL,0.789
2020-11-03,1966,dizel,0.997
2020-11-03,1967,95,0.950
2020-11-03,1967,KOEL,0.789
2020-11-03,1967,dizel,0.997
2020-11-03,1968,95,0.950
2020-11-03,1968,KOEL,0.789
2020-11-03,1968,dizel,0.997
2020-11-03,1969,100,1.079
2020-11-03,1969,95,0.950
2020-11-03,1969,KOEL,0.789
2020-11-03,1969,dizel,0.997
2020-11-03,1970,100,1.079
2020-11-03,1970,95,0.950
2020-11-03,1970,KOEL,0.789
2020-11-03,1970,dizel,0.997
2020-11-03,1971,100,1.079
2020-11-03,1971,95,0.950
2020-11-03,1971,dizel,0.997
2020-11-03,1972,100,1.079
2020-11-03,1972,95,0.950
2020-11-03,1972,KOEL,0.789
2020-11-03,1972,dizel,0.997
2020-11-03,1973,95,0.950
2020-11-03,1973,KOEL,0.789
2020-11-03,1973,dizel,0.997
2020-11-03,1974,95,0.950
2020-11-03,1974,KOEL,0.789
2020-11-03,1974,dizel,0.997
2020-11-03,1975,95,0.950
2020-11-03,1975,KOEL,0.789
2020-11-03,1975,dizel,0.997
2020-11-03,1976,100,1.123
2020-11-03,1976,95,0.980
2020-11-03,1976,dizel,1.020
2020-11-03,1977,100,1.123
2020-11-03,1977,95,0.980
2020-11-03,1977,dizel,1.020
2020-11-03,1977,dizel-premium,1.229
2020-11-03,1978,100,1.123
2020-11-03,1978,95,0.980
2020-11-03,1978,dizel,1.020
2020-11-03,1978,dizel-premium,1.229
2020-11-03,1979,100,1.079
2020-11-03,1979,95,0.950
2020-11-03,1979,KOEL,0.789
2020-11-03,1979,dizel,0.997
2020-11-03,1980,100,1.079
2020-11-03,1980,95,0.950
2020-11-03,1980,KOEL,0.789
2020-11-03,1980,dizel,0.997
2020-11-03,1981,100,1.079
2020-11-03,1981,95,0.950
2020-11-03,1981,dizel,0.997
2020-11-03,1982,95,0.950
2020-11-03,1982,KOEL,0.789
2020-11-03,1982,dizel,0.997
2020-11-03,1983,95,0.950
2020-11-03,1983,dizel,0.997
2020-11-03,1984,100,1.079
2020-11-03,1984,95,0.950
2020-11-03,1984,dizel,0.997
2020-11-03,1985,95,0.950
2020-11-03,1985,KOEL,0.789
2020-11-03,1985,dizel,0.997
2020-11-03,1986,100,1.079
2020-11-03,1986,95,0.950
2020-11-03,1986,KOEL,0.789
2020-11-03,1986,dizel,0.997
2020-11-03,1987,95,0.950
2020-11-03,1987,KOEL,0.789
2020-11-03,1987,dizel,0.997
2020-11-03,1988,95,0.950
2020-11-03,1988,KOEL,0.789
2020-11-03,1988,dizel,0.997
2020-11-03,1989,95,0.950
2020-11-03,1989,KOEL,0.789
2020-11-03,1989,dizel,0.997
2020-11-03,1990,100,1.079
2020-11-03,1990,95,0.950
2020-11-03,1990,dizel,0.997
2020-11-03,1991,95,0.950
2020-11-03,1991,KOEL,0.789
2020-11-03,1991,dizel,0.997
2020-11-03,1992,100,1.079
2020-11-03,1992,95,0.950
2020-11-03,1992,KOEL,0.789
2020-11-03,1992,dizel,0.997
2020-11-03,1993,100,1.079
2020-11-03,1993,95,0.950
2020-11-03,1993,KOEL,0.789
2020-11-03,1993,dizel,0.997
2020-11-03,1994,100,1.079
2020-11-03,1994,95,0.950
2020-11-03,1994,KOEL,0.789
2020-11-03,1994,dizel,0.997
2020-11-03,1995,100,1.079
2020-11-03,1995,95,0.950
2020-11-03,1995,KOEL,0.789
2020-11-03,1995,dizel,0.997
2020-11-03,1996,100,1.079
2020-11-03,1996,95,0.950
2020-11-03,1996,KOEL,0.789
2020-11-03,1996,dizel,0.997
2020-11-03,1997,100,1.123
2020-11-03,1997,95,0.980
2020-11-03,1997,dizel,1.020
2020-11-03,1998,100,1.079
2020-11-03,1998,95,0.950
2020-11-03,1998,dizel,0.997
2020-11-03,1999,100,1.079
2020-11-03,1999,95,0.950
2020-11-03,1999,KOEL,0.789
2020-11-03,1999,dizel,0.997
2020-11-03,2000,100,1.123
2020-11-03,2000,95,0.980
2020-11-03,2000,dizel,1.020
2020-11-03,2000,dizel-premium,1.229
2020-11-03,2001,100,1.079
2020-11-03,2001,95,0.950
2020-11-03,2001,KOEL,0.789
2020-11-03,2001,dizel,0.997
2020-11-03,2002,100,1.079
2020-11-03,2002,95,0.950
2020-11-03,2002,dizel,0.997
2020-11-03,2003,100,1.079
2020-11-03,2003,95,0.950
2020-11-03,2003,KOEL,0.789
2020-11-03,2003,dizel,0.997
2020-11-03,2004,100,1.079
2020-11-03,2004,95,0.950
2020-11-03,2004,dizel,0.997
2020-11-03,2005,100,1.079
2020-11-03,2005,95,0.950
2020-11-03,2005,dizel,0.997
2020-11-03,2006,100,1.079
2020-11-03,2006,95,0.950
2020-11-03,2006,dizel,0.997
2020-11-03,2007,100,1.079
2020-11-03,2007,95,0.950
2020-11-03,2007,KOEL,0.789
2020-11-03,2007,dizel,0.997
2020-11-03,2008,100,1.123
2020-11-03,2008,95,0.980
2020-11-03,2008,dizel,1.020
2020-11-03,2009,100,1.123
2020-11-03,2009,95,0.980
2020-11-03,2009,dizel,1.020
2020-11-03,2009,dizel-premium,1.229
2020-11-03,2010,100,1.079
2020-11-03,2010,95,0.950
2020-11-03,2010,KOEL,0.789
2020-11-03,2010,dizel,0.997
2020-11-03,2011,95,0.950
2020-11-03,2011,KOEL,0.789
2020-11-03,2011,dizel,0.997
2020-11-03,2012,95,0.950
2020-11-03,2012,KOEL,0.789
2020-11-03,2012,dizel,0.997
2020-11-03,2013,95,0.950
2020-11-03,2013,KOEL,0.789
2020-11-03,2013,dizel,0.997
2020-11-03,2014,100,1.079
2020-11-03,2014,95,0.950
2020-11-03,2014,KOEL,0.789
2020-11-03,2014,dizel,0.997
2020-11-03,2015,100,1.079
2020-11-03,2015,95,0.950
2020-11-03,2015,KOEL,0.789
2020-11-03,2015,dizel,0.997
2020-11-03,2016,100,1.079
2020-11-03,2016,95,0.950
2020-11-03,2016,dizel,0.997
2020-11-03,2017,95,0.950
2020-11-03,2017,KOEL,0.789
2020-11-03,2017,dizel,0.997
2020-11-03,2018,100,1.123
2020-11-03,2018,95,0.980
2020-11-03,2018,dizel,1.020
2020-11-03,2019,100,1.123
2020-11-03,2019,95,0.980
2020-11-03,2019,dizel,1.020
2020-11-03,2020,100,1.079
2020-11-03,2020,95,0.950
2020-11-03,2020,KOEL,0.789
2020-11-03,2020,dizel,0.997
2020-11-03,2021,100,1.079
2020-11-03,2021,95,0.950
2020-11-03,2021,dizel,0.997
2020-11-03,2022,100,1.079
2020-11-03,2022,95,0.950
2020-11-03,2022,KOEL,0.789
2020-11-03,2022,dizel,0.997
2020-11-03,2023,100,1.079
2020-11-03,2023,95,0.950
2020-11-03,2023,dizel,0.997
2020-11-03,2024,100,1.079
2020-11-03,2024,95,0.950
2020-11-03,2024,KOEL,0.789
2020-11-03,2024,dizel,0.997
2020-11-03,2025,95,0.950
2020-11-03,2025,KOEL,0.789
2020-11-03,2025,dizel,0.997
2020-11-03,2026,100,1.123
2020-11-03,2026,95,0.980
2020-11-03,2026,dizel,1.020
2020-11-03,2027,100,1.123
2020-11-03,2027,95,0.980
2020-11-03,2027,dizel,1.020
2020-11-03,2028,100,1.079
2020-11-03,2028,95,0.950
2020-11-03,2028,dizel,0.997
2020-11-03,2029,100,1.079
2020-11-03,2029,95,0.950
2020-11-03,2029,dizel,0.997
2020-11-03,2030,100,1.123
2020-11-03,2030,95,0.980
2020-11-03,2030,dizel,1.020
2020-11-03,2031,100,1.123
2020-11-03,2031,95,0.980
2020-11-03,2031,dizel,1.020
2020-11-03,2032,100,1.123
2020-11-03,2032,95,0.980
2020-11-03,2032,dizel,1.020
2020-11-03,2032,dizel-premium,1.229
2020-11-03,2033,100,1.079
2020-11-03,2033,95,0.950
2020-11-03,2033,dizel,0.997
2020-11-03,2034,100,1.079
2020-11-03,2034,95,0.950
2020-11-03,2034,dizel,0.997
2020-11-03,2035,95,0.950
2020-11-03,2035,dizel,0.997
2020-11-03,2036,100,1.079
2020-11-03,2036,95,0.950
2020-11-03,2036,dizel,0.997
2020-11-03,2037,100,1.079
2020-11-03,2037,95,0.950
2020-11-03,2037,dizel,0.997
2020-11-03,2038,95,0.950
2020-11-03,2038,dizel,0.997
2020-11-03,2039,100,1.079
2020-11-03,2039,95,0.950
2020-11-03,2039,dizel,0.997
2020-11-03,2040,100,1.079
2020-11-03,2040,95,0.950
2020-11-03,2040,KOEL,0.789
2020-11-03,2040,dizel,0.997
2020-11-03,2041,100,1.079
2020-11-03,2041,95,0.950
2020-11-03,2041,dizel,0.997
2020-11-03,2042,95,0.950
2020-11-03,2042,KOEL,0.789
2020-11-03,2042,dizel,0.997
2020-11-03,2043,100,1.079
2020-11-03,2043,95,0.950
2020-11-03,2043,dizel,0.997
2020-11-03,2044,100,1.079
2020-11-03,2044,95,0.950
2020-11-03,2044,dizel,0.997
2020-11-03,2045,100,1.079
2020-11-03,2045,95,0.950
2020-11-03,2045,dizel,0.997
2020-11-03,2046,100,1.079
2020-11-03,2046,95,0.950
2020-11-03,2046,dizel,0.997
2020-11-03,2047,100,1.079
2020-11-03,2047,95,0.950
2020-11-03,2047,dizel,0.997
2020-11-03,2048,100,1.079
2020-11-03,2048,95,0.950
2020-11-03,2048,dizel,0.997
2020-11-03,2049,100,1.079
2020-11-03,2049,95,0.950
2020-11-03,2049,KOEL,0.789
2020-11-03,2049,dizel,0.997
2020-11-03,2050,95,0.950
2020-11-03,2050,dizel,0.997
2020-11-03,2051,95,0.950
2020-11-03,2051,KOEL,0.789
2020-11-03,2051,dizel,0.997
2020-11-03,2052,100,1.079
2020-11-03,2052,95,0.950
2020-11-03,2052,dizel,0.997
2020-11-03,2053,95,0.950
2020-11-03,2053,KOEL,0.789
2020-11-03,2053,dizel,0.997
2020-11-03,2054,95,0.950
2020-11-03,2054,KOEL,0.789
2020-11-03,2054,dizel,0.997
2020-11-03,2055,95,0.950
2020-11-03,2055,dizel,0.997
2020-11-03,2056,100,1.079
2020-11-03,2056,95,0.950
2020-11-03,2056,dizel,0.997
2020-11-03,2057,95,0.950
2020-11-03,2057,dizel,0.997
2020-11-03,2058,95,0.950
2020-11-03,2058,dizel,0.997
2020-11-03,2059,100,1.123
2020-11-03,2059,95,0.980
2020-11-03,2059,dizel,1.020
2020-11-03,2059,dizel-premium,1.229
2020-11-03,2060,100,1.123
2020-11-03,2060,95,0.980
2020-11-03,2060,dizel,1.020
2020-11-03,2060,dizel-premium,1.229
2020-11-03,2061,100,1.079
2020-11-03,2061,95,0.950
2020-11-03,2061,KOEL,0.789
2020-11-03,2061,dizel,0.997
2020-11-03,2062,100,1.079
2020-11-03,2062,95,0.950
2020-11-03,2062,KOEL,0.789
2020-11-03,2062,dizel,0.997
2020-11-03,2063,100,1.079
2020-11-03,2063,95,0.950
2020-11-03,2063,dizel,0.997
2020-11-03,2064,100,1.079
2020-11-03,2064,95,0.950
2020-11-03,2064,KOEL,0.789
2020-11-03,2064,dizel,0.997
2020-11-03,2065,100,1.079
2020-11-03,2065,95,0.950
2020-11-03,2065,KOEL,0.789
2020-11-03,2065,dizel,0.997
2020-11-03,2066,95,0.950
2020-11-03,2066,KOEL,0.789
2020-11-03,2066,dizel,0.997
2020-11-03,2067,100,1.079
2020-11-03,2067,95,0.950
2020-11-03,2067,KOEL,0.789
2020-11-03,2067,dizel,0.997
2020-11-03,2068,95,0.950
2020-11-03,2068,dizel,0.997
2020-11-03,2069,100,1.079
2020-11-03,2069,95,0.950
2020-11-03,2069,dizel,0.997
2020-11-03,2070,100,1.079
2020-11-03,2070,95,0.950
2020-11-03,2070,KOEL,0.789
2020-11-03,2070,dizel,0.997
2020-11-03,2071,100,1.079
2020-11-03,2071,95,0.950
2020-11-03,2071,KOEL,0.789
2020-11-03,2071,dizel,0.997
2020-11-03,2072,95,0.950
2020-11-03,2072,KOEL,0.789
2020-11-03,2072,dizel,0.997
2020-11-03,2073,100,1.079
2020-11-03,2073,95,0.950
2020-11-03,2073,KOEL,0.789
2020-11-03,2073,dizel,0.997
2020-11-03,2074,100,1.079
2020-11-03,2074,95,0.950
2020-11-03,2074,KOEL,0.789
2020-11-03,2074,dizel,0.997
2020-11-03,2075,95,0.950
2020-11-03,2075,KOEL,0.789
2020-11-03,2075,dizel,0.997
2020-11-03,2076,95,0.950
2020-11-03,2076,KOEL,0.789
2020-11-03,2076,dizel,0.997
2020-11-03,2077,95,0.950
2020-11-03,2077,KOEL,0.789
2020-11-03,2077,dizel,0.997
2020-11-03,2078,95,0.950
2020-11-03,2078,KOEL,0.789
2020-11-03,2078,dizel,0.997
2020-11-03,2079,95,0.950
2020-11-03,2079,KOEL,0.789
2020-11-03,2079,dizel,0.997
2020-11-03,2080,100,1.079
2020-11-03,2080,95,0.950
2020-11-03,2080,KOEL,0.789
2020-11-03,2080,dizel,0.997
2020-11-03,2082,95,0.950
2020-11-03,2082,KOEL,0.789
2020-11-03,2082,dizel,0.997
2020-11-03,2083,95,0.950
2020-11-03,2083,KOEL,0.789
2020-11-03,2083,dizel,0.997
2020-11-03,2084,95,0.950
2020-11-03,2084,KOEL,0.789
2020-11-03,2084,dizel,0.997
2020-11-03,2085,95,0.950
2020-11-03,2085,dizel,0.997
2020-11-03,2086,95,0.950
2020-11-03,2086,KOEL,0.789
2020-11-03,2086,dizel,0.997
2020-11-03,2087,95,0.950
2020-11-03,2087,KOEL,0.789
2020-11-03,2087,dizel,0.997
2020-11-03,2088,100,1.123
2020-11-03,2088,95,0.980
2020-11-03,2088,dizel,1.020
2020-11-03,2088,dizel-premium,1.229
2020-11-03,2089,100,1.123
2020-11-03,2089,95,0.980
2020-11-03,2089,dizel,1.020
2020-11-03,2090,100,1.079
2020-11-03,2090,95,0.950
2020-11-03,2090,KOEL,0.789
2020-11-03,2090,dizel,0.997
2020-11-03,2091,100,1.079
2020-11-03,2091,95,0.950
2020-11-03,2091,KOEL,0.789
2020-11-03,2091,dizel,0.997
2020-11-03,2092,100,1.079
2020-11-03,2092,95,0.950
2020-11-03,2092,KOEL,0.789
2020-11-03,2092,dizel,0.997
2020-11-03,2093,95,0.950
2020-11-03,2093,KOEL,0.789
2020-11-03,2093,dizel,0.997
2020-11-03,2094,100,1.079
2020-11-03,2094,95,0.950
2020-11-03,2094,KOEL,0.789
2020-11-03,2094,dizel,0.997
2020-11-03,2095,100,1.123
2020-11-03,2095,95,0.980
2020-11-03,2095,dizel,1.020
2020-11-03,2095,dizel-premium,1.229
2020-11-03,2096,100,1.123
2020-11-03,2096,95,0.980
2020-11-03,2096,dizel,1.020
2020-11-03,2096,dizel-premium,1.229
2020-11-03,2097,95,0.950
2020-11-03,2097,KOEL,0.789
2020-11-03,2097,dizel,0.997
2020-11-03,2098,100,1.079
2020-11-03,2098,95,0.950
2020-11-03,2098,KOEL,0.789
2020-11-03,2098,dizel,0.997
2020-11-03,2099,100,1.079
2020-11-03,2099,95,0.950
2020-11-03,2099,KOEL,0.789
2020-11-03,2099,dizel,0.997
2020-11-03,2100,100,1.123
2020-11-03,2100,95,0.980
2020-11-03,2100,dizel,1.020
2020-11-03,2101,100,1.123
2020-11-03,2101,95,0.980
2020-11-03,2101,dizel,1.020
2020-11-03,2102,95,0.950
2020-11-03,2102,KOEL,0.789
2020-11-03,2102,dizel,0.997
2020-11-03,2103,95,0.950
2020-11-03,2103,KOEL,0.789
2020-11-03,2103,dizel,0.997
2020-11-03,2104,100,1.079
2020-11-03,2104,95,0.950
2020-11-03,2104,KOEL,0.789
2020-11-03,2104,dizel,0.997
2020-11-03,2105,95,0.950
2020-11-03,2105,KOEL,0.789
2020-11-03,2105,dizel,0.997
2020-11-03,2106,95,0.950
2020-11-03,2106,KOEL,0.789
2020-11-03,2106,dizel,0.997
2020-11-03,2107,95,0.950
2020-11-03,2107,KOEL,0.789
2020-11-03,2107,dizel,0.997
2020-11-03,2108,100,1.079
2020-11-03,2108,95,0.950
2020-11-03,2108,KOEL,0.789
2020-11-03,2108,dizel,0.997
2020-11-03,2109,95,0.950
2020-11-03,2109,KOEL,0.789
2020-11-03,2109,dizel,0.997
2020-11-03,2110,100,1.079
2020-11-03,2110,95,0.950
2020-11-03,2110,dizel,0.997
2020-11-03,2111,100,1.079
2020-11-03,2111,95,0.950
2020-11-03,2111,KOEL,0.789
2020-11-03,2111,dizel,0.997
2020-11-03,2112,100,1.079
2020-11-03,2112,95,0.950
2020-11-03,2112,dizel,0.997
2020-11-03,2113,95,0.950
2020-11-03,2113,dizel,0.997
2020-11-03,2114,95,0.950
2020-11-03,2114,KOEL,0.789
2020-11-03,2114,dizel,0.997
2020-11-03,2115,100,1.079
2020-11-03,2115,95,0.950
2020-11-03,2115,KOEL,0.789
2020-11-03,2115,dizel,0.997
2020-11-03,2116,95,0.950
2020-11-03,2116,KOEL,0.789
2020-11-03,2116,dizel,0.997
2020-11-03,2117,100,1.079
2020-11-03,2117,95,0.950
2020-11-03,2117,dizel,0.997
2020-11-03,2118,95,0.950
2020-11-03,2118,dizel,0.997
2020-11-03,2119,100,1.079
2020-11-03,2119,95,0.950
2020-11-03,2119,KOEL,0.789
2020-11-03,2119,dizel,0.997
2020-11-03,2120,100,1.123
2020-11-03,2120,95,0.980
2020-11-03,2120,dizel,1.020
2020-11-03,2121,100,1.079
2020-11-03,2121,95,0.950
2020-11-03,2121,KOEL,0.789
2020-11-03,2121,dizel,0.997
2020-11-03,2122,100,1.079
2020-11-03,2122,95,0.950
2020-11-03,2122,KOEL,0.789
2020-11-03,2122,dizel,0.997
2020-11-03,2123,100,1.123
2020-11-03,2123,95,0.980
2020-11-03,2123,dizel,1.020
2020-11-03,2124,95,0.950
2020-11-03,2124,KOEL,0.789
2020-11-03,2124,dizel,0.997
2020-11-03,2125,100,1.079
2020-11-03,2125,95,0.950
2020-11-03,2125,KOEL,0.789
2020-11-03,2125,dizel,0.997
2020-11-03,2126,100,1.079
2020-11-03,2126,95,0.950
2020-11-03,2126,dizel,0.997
2020-11-03,2127,95,0.950
2020-11-03,2127,KOEL,0.789
2020-11-03,2127,dizel,0.997
2020-11-03,2128,100,1.079
2020-11-03,2128,95,0.950
2020-11-03,2128,dizel,0.997
2020-11-03,2129,95,0.950
2020-11-03,2129,dizel,0.997
2020-11-03,2130,100,1.079
2020-11-03,2130,95,0.950
2020-11-03,2130,dizel,0.997
2020-11-03,2131,100,1.079
2020-11-03,2131,95,0.950
2020-11-03,2131,KOEL,0.789
2020-11-03,2131,dizel,0.997
2020-11-03,2132,100,1.079
2020-11-03,2132,95,0.950
2020-11-03,2132,KOEL,0.789
2020-11-03,2132,dizel,0.997
2020-11-03,2133,100,1.079
2020-11-03,2133,95,0.950
2020-11-03,2133,dizel,0.997
2020-11-03,2134,100,1.079
2020-11-03,2134,95,0.950
2020-11-03,2134,dizel,0.997
2020-11-03,2135,100,1.079
2020-11-03,2135,95,0.950
2020-11-03,2135,dizel,0.997
2020-11-03,2136,100,1.079
2020-11-03,2136,95,0.950
2020-11-03,2136,dizel,0.997
2020-11-03,2137,100,1.079
2020-11-03,2137,95,0.950
2020-11-03,2137,KOEL,0.789
2020-11-03,2137,dizel,0.997
2020-11-03,2138,100,1.079
2020-11-03,2138,95,0.950
2020-11-03,2138,dizel,0.997
2020-11-03,2139,100,1.079
2020-11-03,2139,95,0.950
2020-11-03,2139,KOEL,0.789
2020-11-03,2139,dizel,0.997
2020-11-03,2140,95,0.950
2020-11-03,2140,KOEL,0.789
2020-11-03,2140,dizel,0.997
2020-11-03,2141,100,1.123
2020-11-03,2141,95,0.980
2020-11-03,2141,dizel,1.020
2020-11-03,2142,95,0.950
2020-11-03,2142,KOEL,0.789
2020-11-03,2142,dizel,0.997
2020-11-03,2143,95,0.950
2020-11-03,2143,KOEL,0.789
2020-11-03,2143,dizel,0.997
2020-11-03,2144,100,1.079
2020-11-03,2144,95,0.950
2020-11-03,2144,KOEL,0.789
2020-11-03,2144,dizel,0.997
2020-11-03,2145,100,1.079
2020-11-03,2145,95,0.950
2020-11-03,2145,KOEL,0.789
2020-11-03,2145,dizel,0.997
2020-11-03,2146,100,1.079
2020-11-03,2146,95,0.950
2020-11-03,2146,KOEL,0.789
2020-11-03,2146,dizel,0.997
2020-11-03,2147,100,1.079
2020-11-03,2147,95,0.950
2020-11-03,2147,KOEL,0.789
2020-11-03,2147,dizel,0.997
2020-11-03,2148,100,1.079
2020-11-03,2148,95,0.950
2020-11-03,2148,KOEL,0.789
2020-11-03,2148,dizel,0.997
2020-11-03,2149,100,1.079
2020-11-03,2149,95,0.950
2020-11-03,2149,KOEL,0.789
2020-11-03,2149,dizel,0.997
2020-11-03,2150,100,1.079
2020-11-03,2150,95,0.950
2020-11-03,2150,KOEL,0.789
2020-11-03,2150,dizel,0.997
2020-11-03,2151,95,0.950
2020-11-03,2151,KOEL,0.789
2020-11-03,2151,dizel,0.997
2020-11-03,2152,95,0.950
2020-11-03,2152,KOEL,0.789
2020-11-03,2152,dizel,0.997
2020-11-03,2153,95,0.950
2020-11-03,2153,KOEL,0.789
2020-11-03,2153,dizel,0.997
2020-11-03,2154,95,0.950
2020-11-03,2154,KOEL,0.789
2020-11-03,2154,dizel,0.997
2020-11-03,2155,95,0.950
2020-11-03,2155,KOEL,0.789
2020-11-03,2155,dizel,0.997
2020-11-03,2156,95,0.950
2020-11-03,2156,KOEL,0.789
2020-11-03,2156,dizel,0.997
2020-11-03,2157,95,0.950
2020-11-03,2157,KOEL,0.789
2020-11-03,2157,dizel,0.997
2020-11-03,2158,100,1.079
2020-11-03,2158,95,0.950
2020-11-03,2158,KOEL,0.789
2020-11-03,2158,dizel,0.997
2020-11-03,2159,95,0.950
2020-11-03,2159,KOEL,0.789
2020-11-03,2159,dizel,0.997
2020-11-03,2160,95,0.950
2020-11-03,2160,KOEL,0.789
2020-11-03,2160,dizel,0.997
2020-11-03,2161,100,1.079
2020-11-03,2161,95,0.950
2020-11-03,2161,KOEL,0.789
2020-11-03,2161,dizel,0.997
2020-11-03,2162,100,1.123
2020-11-03,2162,95,0.980
2020-11-03,2162,dizel,1.020
2020-11-03,2163,100,1.079
2020-11-03,2163,95,0.950
2020-11-03,2163,KOEL,0.789
2020-11-03,2163,dizel,0.997
2020-11-03,2164,100,1.079
2020-11-03,2164,95,0.950
2020-11-03,2164,KOEL,0.789
2020-11-03,2164,dizel,0.997
2020-11-03,2165,95,0.950
2020-11-03,2165,KOEL,0.789
2020-11-03,2165,dizel,0.997
2020-11-03,2166,100,1.079
2020-11-03,2166,95,0.950
2020-11-03,2166,KOEL,0.789
2020-11-03,2166,dizel,0.997
2020-11-03,2167,100,1.079
2020-11-03,2167,95,0.950
2020-11-03,2167,dizel,0.997
2020-11-03,2168,100,1.079
2020-11-03,2168,95,0.950
2020-11-03,2168,KOEL,0.789
2020-11-03,2168,dizel,0.997
2020-11-03,2169,95,0.950
2020-11-03,2169,KOEL,0.789
2020-11-03,2169,dizel,0.997
2020-11-03,2170,95,0.950
2020-11-03,2170,KOEL,0.789
2020-11-03,2170,dizel,0.997
2020-11-03,2171,100,1.079
2020-11-03,2171,95,0.950
2020-11-03,2171,KOEL,0.789
2020-11-03,2171,dizel,0.997
2020-11-03,2172,100,1.079
2020-11-03,2172,95,0.950
2020-11-03,2172,dizel,0.997
2020-11-03,2173,95,0.950
2020-11-03,2173,KOEL,0.789
2020-11-03,2173,dizel,0.997
2020-11-03,2174,100,1.079
2020-11-03,2174,95,0.950
2020-11-03,2174,KOEL,0.789
2020-11-03,2174,dizel,0.997
2020-11-03,2175,100,1.123
2020-11-03,2175,95,0.980
2020-11-03,2175,dizel,1.020
2020-11-03,2176,100,1.123
2020-11-03,2176,95,0.980
2020-11-03,2176,dizel,1.020
2020-11-03,2177,95,0.950
2020-11-03,2177,KOEL,0.789
2020-11-03,2177,dizel,0.997
2020-11-03,2178,100,1.079
2020-11-03,2178,95,0.950
2020-11-03,2178,KOEL,0.789
2020-11-03,2178,dizel,0.997
2020-11-03,2179,95,0.950
2020-11-03,2179,KOEL,0.789
2020-11-03,2179,dizel,0.997
2020-11-03,2180,95,0.950
2020-11-03,2180,KOEL,0.789
2020-11-03,2180,dizel,0.997
2020-11-03,2181,95,0.950
2020-11-03,2181,KOEL,0.789
2020-11-03,2181,dizel,0.997
2020-11-03,2182,95,0.950
2020-11-03,2182,KOEL,0.789
2020-11-03,2182,dizel,0.997
2020-11-03,2183,95,0.950
2020-11-03,2183,dizel,0.997
2020-11-03,2184,95,0.950
2020-11-03,2184,KOEL,0.789
2020-11-03,2184,dizel,0.997
2020-11-03,2185,95,0.950
2020-11-03,2185,KOEL,0.789
2020-11-03,2185,dizel,0.997
2020-11-03,2186,100,1.079
2020-11-03,2186,95,0.950
2020-11-03,2186,KOEL,0.789
2020-11-03,2186,dizel,0.997
2020-11-03,2187,100,1.079
2020-11-03,2187,95,0.950
2020-11-03,2187,KOEL,0.789
2020-11-03,2187,dizel,0.997
2020-11-03,2188,100,1.079
2020-11-03,2188,95,0.950
2020-11-03,2188,KOEL,0.789
2020-11-03,2188,dizel,0.997
2020-11-03,2189,95,0.950
2020-11-03,2189,KOEL,0.789
2020-11-03,2189,dizel,0.997
2020-11-03,2190,100,1.079
2020-11-03,2190,95,0.950
2020-11-03,2190,KOEL,0.789
2020-11-03,2190,dizel,0.997
2020-11-03,2191,100,1.079
2020-11-03,2191,95,0.950
2020-11-03,2191,KOEL,0.789
2020-11-03,2191,dizel,0.997
2020-11-03,2192,100,1.079
2020-11-03,2192,95,0.950
2020-11-03,2192,KOEL,0.789
2020-11-03,2192,dizel,0.997
2020-11-03,2193,95,0.950
2020-11-03,2193,KOEL,0.789
2020-11-03,2193,dizel,0.997
2020-11-03,2194,100,1.079
2020-11-03,2194,95,0.950
2020-11-03,2194,dizel,0.997
2020-11-03,2195,100,1.079
2020-11-03,2195,95,0.950
2020-11-03,2195,KOEL,0.789
2020-11-03,2195,dizel,0.997
2020-11-03,2196,100,1.079
2020-11-03,2196,95,0.950
2020-11-03,2196,KOEL,0.789
2020-11-03,2196,dizel,0.997
2020-11-03,2197,100,1.079
2020-11-03,2197,95,0.950
2020-11-03,2197,dizel,0.997
2020-11-03,2198,100,1.079
2020-11-03,2198,95,0.950
2020-11-03,2198,KOEL,0.789
2020-11-03,2198,dizel,0.997
2020-11-03,2199,100,1.079
2020-11-03,2199,95,0.950
2020-11-03,2199,dizel,0.997
2020-11-03,2200,100,1.079
2020-11-03,2200,95,0.950
2020-11-03,2200,dizel,0.997
2020-11-03,2201,100,1.123
2020-11-03,2201,95,0.980
2020-11-03,2201,dizel,1.020
2020-11-03,2202,100,1.123
2020-11-03,2202,95,0.980
2020-11-03,2202,dizel,1.020
2020-11-03,2203,95,0.950
2020-11-03,2203,KOEL,0.789
2020-11-03,2203,dizel,0.997
2020-11-03,2204,100,1.079
2020-11-03,2204,95,0.950
2020-11-03,2204,dizel,0.997
2020-11-03,2205,100,1.079
2020-11-03,2205,95,0.950
2020-11-03,2205,KOEL,0.789
2020-11-03,2205,dizel,0.997
2020-11-03,2206,100,1.079
2020-11-03,2206,95,0.950
2020-11-03,2206,KOEL,0.789
2020-11-03,2206,dizel,0.997
2020-11-03,2207,100,1.079
2020-11-03,2207,95,0.950
2020-11-03,2207,dizel,0.997
2020-11-03,2208,95,0.950
2020-11-03,2208,KOEL,0.789
2020-11-03,2208,dizel,0.997
2020-11-03,2209,95,0.950
2020-11-03,2209,KOEL,0.789
2020-11-03,2209,dizel,0.997
2020-11-03,2210,100,1.079
2020-11-03,2210,95,0.950
2020-11-03,2210,KOEL,0.789
2020-11-03,2210,dizel,0.997
2020-11-03,2211,95,0.950
2020-11-03,2211,KOEL,0.789
2020-11-03,2211,dizel,0.997
2020-11-03,2212,100,1.079
2020-11-03,2212,95,0.950
2020-11-03,2212,KOEL,0.789
2020-11-03,2212,dizel,0.997
2020-11-03,2213,95,0.950
2020-11-03,2213,KOEL,0.789
2020-11-03,2213,dizel,0.997
2020-11-03,2214,95,0.950
2020-11-03,2214,KOEL,0.789
2020-11-03,2214,dizel,0.997
2020-11-03,2215,100,1.079
2020-11-03,2215,95,0.950
2020-11-03,2215,KOEL,0.789
2020-11-03,2215,dizel,0.997
2020-11-03,2216,100,1.123
2020-11-03,2216,95,0.980
2020-11-03,2216,dizel,1.020
2020-11-03,2216,dizel-premium,1.229
2020-11-03,2217,100,1.079
2020-11-03,2217,95,0.950
2020-11-03,2217,KOEL,0.789
2020-11-03,2217,dizel,0.997
2020-11-03,2218,100,1.079
2020-11-03,2218,95,0.950
2020-11-03,2218,KOEL,0.789
2020-11-03,2218,dizel,0.997
2020-11-03,2219,95,0.950
2020-11-03,2219,KOEL,0.789
2020-11-03,2219,dizel,0.997
2020-11-03,2220,100,1.079
2020-11-03,2220,95,0.950
2020-11-03,2220,KOEL,0.789
2020-11-03,2220,dizel,0.997
2020-11-03,2221,100,1.079
2020-11-03,2221,95,0.950
2020-11-03,2221,KOEL,0.789
2020-11-03,2221,dizel,0.997
2020-11-03,2222,100,1.079
2020-11-03,2222,95,0.950
2020-11-03,2222,KOEL,0.789
2020-11-03,2222,dizel,0.997
2020-11-03,2223,95,0.950
2020-11-03,2223,KOEL,0.789
2020-11-03,2223,dizel,0.997
2020-11-03,2224,95,0.950
2020-11-03,2224,KOEL,0.789
2020-11-03,2224,dizel,0.997
2020-11-03,2225,100,1.079
2020-11-03,2225,95,0.950
2020-11-03,2225,KOEL,0.789
2020-11-03,2225,dizel,0.997
2020-11-03,2227,100,1.079
2020-11-03,2227,95,0.950
2020-11-03,2227,dizel,0.997
2020-11-03,2228,100,1.079
2020-11-03,2228,95,0.950
2020-11-03,2228,KOEL,0.789
2020-11-03,2228,dizel,0.997
2020-11-03,2229,100,1.123
2020-11-03,2229,95,0.980
2020-11-03,2229,dizel,1.020
2020-11-03,2229,dizel-premium,1.229
2020-11-03,2230,100,1.123
2020-11-03,2230,95,0.980
2020-11-03,2230,dizel,1.020
2020-11-03,2230,dizel-premium,1.229
2020-11-03,2231,100,1.123
2020-11-03,2231,95,0.980
2020-11-03,2231,dizel,1.020
2020-11-03,2231,dizel-premium,1.229
2020-11-03,2232,100,1.123
2020-11-03,2232,95,0.980
2020-11-03,2232,dizel,1.020
2020-11-03,2232,dizel-premium,1.229
2020-11-03,2233,100,1.079
2020-11-03,2233,95,0.950
2020-11-03,2233,dizel,0.997
2020-11-03,2272,100,1.079
2020-11-03,2272,95,0.950
2020-11-03,2272,dizel,0.997
2020-11-03,2273,dizel,0.997
2020-11-03,2274,dizel,0.997
2020-11-03,2275,dizel,0.997
2020-11-03,2276,dizel,0.997
2020-11-03,2302,95,0.960
2020-11-03,2302,dizel,0.998
2020-11-03,2303,95,0.960
2020-11-03,2303,dizel,0.998
2020-11-03,2304,95,0.960
2020-11-03,2304,dizel,0.998
2020-11-03,2305,95,0.960
2020-11-03,2305,dizel,0.998
2020-11-03,2306,95,0.960
2020-11-03,2306,dizel,0.998
2020-11-03,2307,95,0.960
2020-11-03,2307,dizel,0.998
2020-11-03,2308,dizel,0.998
2020-11-03,2309,dizel,0.998
2020-11-03,2310,dizel,0.998
2020-11-04,766,100,1.099
2020-11-04,766,95,0.959
2020-11-04,766,dizel,0.999
2020-11-04,767,100,1.099
2020-11-04,767,95,0.959
2020-11-04,767,KOEL,0.788
2020-11-04,767,dizel,0.999
2020-11-04,768,100,1.149
2020-11-04,768,95,0.988
2020-11-04,768,dizel,1.019
2020-11-04,769,100,1.099
2020-11-04,769,95,0.969
2020-11-04,769,dizel,1.009
2020-11-04,770,100,1.099
2020-11-04,770,95,0.959
2020-11-04,770,dizel,0.999
2020-11-04,771,100,1.099
2020-11-04,771,95,0.959
2020-11-04,771,KOEL,0.788
2020-11-04,771,dizel,0.999
2020-11-04,772,100,1.099
2020-11-04,772,95,0.959
2020-11-04,772,dizel,0.999
2020-11-04,773,100,1.099
2020-11-04,773,95,0.959
2020-11-04,773,KOEL,0.788
2020-11-04,773,dizel,0.999
2020-11-04,774,100,1.099
2020-11-04,774,95,0.959
2020-11-04,774,dizel,0.999
2020-11-04,775,100,1.099
2020-11-04,775,95,0.959
2020-11-04,775,dizel,0.999
2020-11-04,776,100,1.099
2020-11-04,776,95,0.959
2020-11-04,776,KOEL,0.788
2020-11-04,776,dizel,0.999
2020-11-04,777,100,1.149
2020-11-04,777,95,0.998
2020-11-04,777,dizel,1.029
2020-11-04,778,100,1.149
2020-11-04,778,95,0.998
2020-11-04,778,dizel,1.029
2020-11-04,779,100,1.099
2020-11-04,779,95,0.959
2020-11-04,779,KOEL,0.788
2020-11-04,779,dizel,0.999
2020-11-04,780,100,1.099
2020-11-04,780,95,0.959
2020-11-04,780,KOEL,0.788
2020-11-04,780,dizel,0.999
2020-11-04,781,100,1.149
2020-11-04,781,95,0.998
2020-11-04,781,dizel,1.029
2020-11-04,782,100,1.149
2020-11-04,782,95,0.998
2020-11-04,782,dizel,1.029
2020-11-04,783,100,1.099
2020-11-04,783,95,0.959
2020-11-04,783,KOEL,0.788
2020-11-04,783,dizel,0.999
2020-11-04,784,dizel,0.999
2020-11-04,785,dizel,0.999
2020-11-04,786,dizel,0.999
2020-11-04,787,dizel,0.999
2020-11-04,788,dizel,0.999
2020-11-04,789,100,1.099
2020-11-04,789,95,0.959
2020-11-04,789,dizel,0.999
2020-11-04,790,100,1.149
2020-11-04,790,95,0.998
2020-11-04,790,dizel,1.029
2020-11-04,791,100,1.149
2020-11-04,791,95,0.998
2020-11-04,791,dizel,1.029
2020-11-04,792,100,1.099
2020-11-04,792,95,0.959
2020-11-04,792,KOEL,0.788
2020-11-04,792,dizel,0.999
2020-11-04,793,100,1.149
2020-11-04,793,95,0.998
2020-11-04,793,dizel,1.029
2020-11-04,794,95,0.959
2020-11-04,794,dizel,0.999
2020-11-04,795,100,1.099
2020-11-04,795,95,0.959
2020-11-04,795,KOEL,0.788
2020-11-04,795,dizel,0.999
2020-11-04,796,100,1.149
2020-11-04,796,95,0.998
2020-11-04,796,dizel,1.029
2020-11-04,797,100,1.099
2020-11-04,797,95,0.959
2020-11-04,797,KOEL,0.788
2020-11-04,797,dizel,0.999
2020-11-04,798,100,1.099
2020-11-04,798,95,0.959
2020-11-04,798,dizel,0.999
2020-11-04,799,100,1.099
2020-11-04,799,95,0.959
2020-11-04,799,KOEL,0.788
2020-11-04,799,dizel,0.999
2020-11-04,800,100,1.099
2020-11-04,800,95,0.959
2020-11-04,800,dizel,0.999
2020-11-04,801,100,1.099
2020-11-04,801,95,0.959
2020-11-04,801,dizel,0.999
2020-11-04,802,100,1.099
2020-11-04,802,95,0.959
2020-11-04,802,dizel,0.999
2020-11-04,803,100,1.099
2020-11-04,803,95,0.959
2020-11-04,803,KOEL,0.788
2020-11-04,803,dizel,0.999
2020-11-04,804,100,1.149
2020-11-04,804,95,0.988
2020-11-04,804,dizel,1.019
2020-11-04,805,100,1.149
2020-11-04,805,95,0.988
2020-11-04,805,KOEL,0.788
2020-11-04,805,dizel,1.019
2020-11-04,806,100,1.099
2020-11-04,806,95,0.959
2020-11-04,806,dizel,0.999
2020-11-04,807,100,1.099
2020-11-04,807,95,0.959
2020-11-04,807,KOEL,0.788
2020-11-04,807,dizel,0.999
2020-11-04,808,100,1.099
2020-11-04,808,95,0.959
2020-11-04,808,dizel,0.999
2020-11-04,809,100,1.099
2020-11-04,809,95,0.959
2020-11-04,809,dizel,0.999
2020-11-04,810,100,1.099
2020-11-04,810,95,0.959
2020-11-04,810,KOEL,0.788
2020-11-04,810,dizel,0.999
2020-11-04,811,100,1.099
2020-11-04,811,95,0.969
2020-11-04,811,dizel,1.009
2020-11-04,812,100,1.099
2020-11-04,812,95,0.969
2020-11-04,812,dizel,1.009
2020-11-04,813,100,1.099
2020-11-04,813,95,0.959
2020-11-04,813,dizel,0.999
2020-11-04,814,100,1.099
2020-11-04,814,95,0.959
2020-11-04,814,KOEL,0.788
2020-11-04,814,dizel,0.999
2020-11-04,815,100,1.099
2020-11-04,815,95,0.959
2020-11-04,815,KOEL,0.788
2020-11-04,815,dizel,0.999
2020-11-04,816,100,1.099
2020-11-04,816,95,0.959
2020-11-04,816,dizel,0.999
2020-11-04,817,100,1.099
2020-11-04,817,95,0.959
2020-11-04,817,dizel,0.999
2020-11-04,818,100,1.099
2020-11-04,818,95,0.959
2020-11-04,818,dizel,0.999
2020-11-04,819,100,1.099
2020-11-04,819,95,0.959
2020-11-04,819,dizel,0.999
2020-11-04,820,100,1.099
2020-11-04,820,95,0.959
2020-11-04,820,dizel,0.999
2020-11-04,821,100,1.099
2020-11-04,821,95,0.959
2020-11-04,821,KOEL,0.788
2020-11-04,821,dizel,0.999
2020-11-04,822,100,1.099
2020-11-04,822,95,0.969
2020-11-04,822,dizel,1.009
2020-11-04,823,100,1.149
2020-11-04,823,95,0.998
2020-11-04,823,dizel,1.029
2020-11-04,824,95,0.959
2020-11-04,824,dizel,0.999
2020-11-04,825,100,1.099
2020-11-04,825,95,0.959
2020-11-04,825,dizel,0.999
2020-11-04,826,100,1.099
2020-11-04,826,95,0.959
2020-11-04,826,KOEL,0.788
2020-11-04,826,dizel,0.999
2020-11-04,827,95,0.959
2020-11-04,827,dizel,0.999
2020-11-04,828,100,1.149
2020-11-04,828,95,0.998
2020-11-04,828,dizel,1.029
2020-11-04,829,100,1.099
2020-11-04,829,95,0.959
2020-11-04,829,KOEL,0.788
2020-11-04,829,dizel,0.999
2020-11-04,830,100,1.099
2020-11-04,830,95,0.959
2020-11-04,830,dizel,0.999
2020-11-04,831,100,1.099
2020-11-04,831,95,0.959
2020-11-04,831,KOEL,0.788
2020-11-04,831,dizel,0.999
2020-11-04,832,95,0.959
2020-11-04,832,dizel,0.999
2020-11-04,833,100,1.099
2020-11-04,833,95,0.959
2020-11-04,833,dizel,0.999
2020-11-04,834,100,1.099
2020-11-04,834,95,0.959
2020-11-04,834,KOEL,0.788
2020-11-04,834,dizel,0.999
2020-11-04,835,100,1.099
2020-11-04,835,95,0.959
2020-11-04,835,KOEL,0.788
2020-11-04,835,dizel,0.999
2020-11-04,836,100,1.099
2020-11-04,836,95,0.959
2020-11-04,836,dizel,0.999
2020-11-04,837,100,1.149
2020-11-04,837,95,0.998
2020-11-04,837,dizel,1.029
2020-11-04,838,100,1.099
2020-11-04,838,95,0.959
2020-11-04,838,KOEL,0.788
2020-11-04,838,dizel,0.999
2020-11-04,839,100,1.099
2020-11-04,839,95,0.969
2020-11-04,839,dizel,1.009
2020-11-04,840,100,1.099
2020-11-04,840,95,0.959
2020-11-04,840,dizel,0.999
2020-11-04,841,100,1.099
2020-11-04,841,95,0.959
2020-11-04,841,dizel,0.999
2020-11-04,842,100,1.099
2020-11-04,842,95,0.959
2020-11-04,842,KOEL,0.788
2020-11-04,842,dizel,0.999
2020-11-04,843,100,1.099
2020-11-04,843,95,0.959
2020-11-04,843,KOEL,0.788
2020-11-04,843,dizel,0.999
2020-11-04,844,100,1.149
2020-11-04,844,95,0.998
2020-11-04,844,dizel,1.029
2020-11-04,845,100,1.149
2020-11-04,845,95,0.998
2020-11-04,845,dizel,1.029
2020-11-04,846,100,1.099
2020-11-04,846,95,0.959
2020-11-04,846,KOEL,0.788
2020-11-04,846,dizel,0.999
2020-11-04,847,100,1.149
2020-11-04,847,95,0.998
2020-11-04,847,dizel,1.029
2020-11-04,848,100,1.149
2020-11-04,848,95,0.998
2020-11-04,848,dizel,1.029
2020-11-04,849,100,1.099
2020-11-04,849,95,0.959
2020-11-04,849,dizel,0.999
2020-11-04,850,100,1.099
2020-11-04,850,95,0.959
2020-11-04,850,dizel,0.999
2020-11-04,851,100,1.099
2020-11-04,851,95,0.959
2020-11-04,851,dizel,0.999
2020-11-04,852,95,0.959
2020-11-04,852,dizel,0.999
2020-11-04,853,100,1.099
2020-11-04,853,95,0.959
2020-11-04,853,dizel,0.999
2020-11-04,854,100,1.099
2020-11-04,854,95,0.959
2020-11-04,854,dizel,0.999
2020-11-04,855,100,1.099
2020-11-04,855,95,0.959
2020-11-04,855,dizel,0.999
2020-11-04,856,100,1.099
2020-11-04,856,95,0.959
2020-11-04,856,dizel,0.999
2020-11-04,857,100,1.099
2020-11-04,857,95,0.959
2020-11-04,857,KOEL,0.788
2020-11-04,857,dizel,0.999
2020-11-04,858,100,1.099
2020-11-04,858,95,0.959
2020-11-04,858,KOEL,0.788
2020-11-04,858,dizel,0.999
2020-11-04,859,95,0.959
2020-11-04,859,dizel,0.999
2020-11-04,860,100,1.099
2020-11-04,860,95,0.959
2020-11-04,860,KOEL,0.788
2020-11-04,860,dizel,0.999
2020-11-04,861,100,1.149
2020-11-04,861,95,0.998
2020-11-04,861,dizel,1.029
2020-11-04,862,100,1.099
2020-11-04,862,95,0.959
2020-11-04,862,KOEL,0.788
2020-11-04,862,dizel,0.999
2020-11-04,863,100,1.149
2020-11-04,863,95,0.988
2020-11-04,863,KOEL,0.788
2020-11-04,863,dizel,1.019
2020-11-04,864,100,1.149
2020-11-04,864,95,0.988
2020-11-04,864,dizel,1.019
2020-11-04,865,100,1.099
2020-11-04,865,95,0.959
2020-11-04,865,KOEL,0.788
2020-11-04,865,dizel,0.999
2020-11-04,866,100,1.099
2020-11-04,866,95,0.959
2020-11-04,866,dizel,0.999
2020-11-04,867,100,1.099
2020-11-04,867,95,0.959
2020-11-04,867,dizel,0.999
2020-11-04,868,100,1.099
2020-11-04,868,95,0.959
2020-11-04,868,dizel,0.999
2020-11-04,869,100,1.099
2020-11-04,869,95,0.959
2020-11-04,869,KOEL,0.788
2020-11-04,869,dizel,0.999
2020-11-04,870,100,1.099
2020-11-04,870,95,0.959
2020-11-04,870,dizel,0.999
2020-11-04,871,100,1.099
2020-11-04,871,95,0.959
2020-11-04,871,KOEL,0.788
2020-11-04,871,dizel,0.999
2020-11-04,872,100,1.099
2020-11-04,872,95,0.969
2020-11-04,872,dizel,1.009
2020-11-04,873,100,1.099
2020-11-04,873,95,0.959
2020-11-04,873,dizel,0.999
2020-11-04,874,100,1.099
2020-11-04,874,95,0.959
2020-11-04,874,KOEL,0.788
2020-11-04,874,dizel,0.999
2020-11-04,875,100,1.099
2020-11-04,875,95,0.959
2020-11-04,875,KOEL,0.788
2020-11-04,875,dizel,0.999
2020-11-04,876,100,1.099
2020-11-04,876,95,0.959
2020-11-04,876,dizel,0.999
2020-11-04,1548,100,1.081
2020-11-04,1548,95,0.952
2020-11-04,1548,dizel,0.997
2020-11-04,1549,100,1.081
2020-11-04,1549,95,0.952
2020-11-04,1549,dizel,0.997
2020-11-04,1550,100,1.081
2020-11-04,1550,95,0.952
2020-11-04,1550,dizel,0.997
2020-11-04,1551,100,1.081
2020-11-04,1551,95,0.952
2020-11-04,1551,dizel,0.997
2020-11-04,1552,100,1.081
2020-11-04,1552,95,0.952
2020-11-04,1552,dizel,0.997
2020-11-04,1553,100,1.081
2020-11-04,1553,95,0.952
2020-11-04,1553,dizel,0.997
2020-11-04,1554,100,1.081
2020-11-04,1554,95,0.952
2020-11-04,1554,dizel,0.997
2020-11-04,1555,100,1.081
2020-11-04,1555,95,0.952
2020-11-04,1555,dizel,0.997
2020-11-04,1556,100,1.081
2020-11-04,1556,95,0.952
2020-11-04,1556,dizel,0.997
2020-11-04,1557,100,1.081
2020-11-04,1557,95,0.952
2020-11-04,1557,dizel,0.997
2020-11-04,1558,100,1.081
2020-11-04,1558,95,0.952
2020-11-04,1558,dizel,0.997
2020-11-04,1559,100,1.125
2020-11-04,1559,95,0.982
2020-11-04,1559,dizel,1.020
2020-11-04,1559,dizel-premium,1.229
2020-11-04,1560,100,1.081
2020-11-04,1560,95,0.952
2020-11-04,1560,dizel,0.997
2020-11-04,1561,100,1.081
2020-11-04,1561,95,0.952
2020-11-04,1561,KOEL,0.789
2020-11-04,1561,dizel,0.997
2020-11-04,1562,100,1.081
2020-11-04,1562,95,0.952
2020-11-04,1562,dizel,0.997
2020-11-04,1563,100,1.081
2020-11-04,1563,95,0.952
2020-11-04,1563,dizel,0.997
2020-11-04,1564,100,1.081
2020-11-04,1564,95,0.952
2020-11-04,1564,KOEL,0.789
2020-11-04,1564,dizel,0.997
2020-11-04,1565,100,1.081
2020-11-04,1565,95,0.952
2020-11-04,1565,dizel,0.997
2020-11-04,1566,100,1.081
2020-11-04,1566,95,0.952
2020-11-04,1566,dizel,0.997
2020-11-04,1567,100,1.081
2020-11-04,1567,95,0.952
2020-11-04,1567,dizel,0.997
2020-11-04,1568,100,1.125
2020-11-04,1568,95,0.982
2020-11-04,1568,dizel,1.020
2020-11-04,1568,dizel-premium,1.229
2020-11-04,1569,100,1.081
2020-11-04,1569,95,0.952
2020-11-04,1569,dizel,0.997
2020-11-04,1570,100,1.081
2020-11-04,1570,95,0.952
2020-11-04,1570,dizel,0.997
2020-11-04,1571,100,1.081
2020-11-04,1571,95,0.952
2020-11-04,1571,dizel,0.997
2020-11-04,1572,100,1.081
2020-11-04,1572,95,0.952
2020-11-04,1572,dizel,0.997
2020-11-04,1573,100,1.081
2020-11-04,1573,95,0.952
2020-11-04,1573,dizel,0.997
2020-11-04,1574,100,1.081
2020-11-04,1574,95,0.952
2020-11-04,1574,dizel,0.997
2020-11-04,1575,100,1.081
2020-11-04,1575,95,0.952
2020-11-04,1575,dizel,0.997
2020-11-04,1576,100,1.081
2020-11-04,1576,95,0.952
2020-11-04,1576,dizel,0.997
2020-11-04,1577,100,1.081
2020-11-04,1577,95,0.952
2020-11-04,1577,dizel,0.997
2020-11-04,1578,100,1.081
2020-11-04,1578,95,0.952
2020-11-04,1578,dizel,0.997
2020-11-04,1579,100,1.081
2020-11-04,1579,95,0.952
2020-11-04,1579,dizel,0.997
2020-11-04,1580,100,1.081
2020-11-04,1580,95,0.952
2020-11-04,1580,dizel,0.997
2020-11-04,1581,100,1.081
2020-11-04,1581,95,0.952
2020-11-04,1581,dizel,0.997
2020-11-04,1582,100,1.081
2020-11-04,1582,95,0.952
2020-11-04,1582,KOEL,0.789
2020-11-04,1582,dizel,0.997
2020-11-04,1583,100,1.081
2020-11-04,1583,95,0.952
2020-11-04,1583,KOEL,0.789
2020-11-04,1583,dizel,0.997
2020-11-04,1584,100,1.081
2020-11-04,1584,95,0.952
2020-11-04,1584,KOEL,0.789
2020-11-04,1584,dizel,0.997
2020-11-04,1585,100,1.081
2020-11-04,1585,95,0.952
2020-11-04,1585,KOEL,0.789
2020-11-04,1585,dizel,0.997
2020-11-04,1586,100,1.081
2020-11-04,1586,95,0.952
2020-11-04,1586,KOEL,0.789
2020-11-04,1586,dizel,0.997
2020-11-04,1587,100,1.081
2020-11-04,1587,95,0.952
2020-11-04,1587,KOEL,0.789
2020-11-04,1587,dizel,0.997
2020-11-04,1588,100,1.081
2020-11-04,1588,95,0.952
2020-11-04,1588,KOEL,0.789
2020-11-04,1588,dizel,0.997
2020-11-04,1589,100,1.081
2020-11-04,1589,95,0.952
2020-11-04,1589,dizel,0.997
2020-11-04,1590,100,1.081
2020-11-04,1590,95,0.952
2020-11-04,1590,dizel,0.997
2020-11-04,1591,100,1.081
2020-11-04,1591,95,0.952
2020-11-04,1591,dizel,0.997
2020-11-04,1592,100,1.081
2020-11-04,1592,95,0.952
2020-11-04,1592,KOEL,0.789
2020-11-04,1592,dizel,0.997
2020-11-04,1593,100,1.081
2020-11-04,1593,95,0.952
2020-11-04,1593,dizel,0.997
2020-11-04,2234,100,1.081
2020-11-04,2234,95,0.952
2020-11-04,2234,dizel,0.997
2020-11-04,2235,100,1.081
2020-11-04,2235,95,0.952
2020-11-04,2235,dizel,0.997
2020-11-04,2236,100,1.099
2020-11-04,2236,95,0.959
2020-11-04,2236,dizel,0.999
2020-11-04,2258,dizel,0.999
2020-11-04,2259,dizel,0.999
2020-11-04,2260,dizel,0.999
2020-11-04,2261,dizel,0.999
2020-11-04,2262,dizel,0.999
2020-11-04,2263,dizel,0.999
2020-11-04,2264,dizel,0.999
2020-11-04,2265,dizel,0.999
2020-11-04,2266,100,1.100
2020-11-04,2266,95,0.955
2020-11-04,2266,dizel,0.999
2020-11-04,2267,100,1.079
2020-11-04,2267,95,0.945
2020-11-04,2267,KOEL,0.784
2020-11-04,2267,dizel,0.992
2020-11-04,2268,100,1.079
2020-11-04,2268,95,0.950
2020-11-04,2268,KOEL,0.789
2020-11-04,2268,dizel,0.997
2020-11-04,2271,100,1.099
2020-11-04,2271,95,0.959
2020-11-04,2271,dizel,0.999
2020-11-04,2283,100,1.081
2020-11-04,2283,95,0.952
2020-11-04,2283,KOEL,0.789
2020-11-04,2283,dizel,0.997
2020-11-04,2284,100,1.081
2020-11-04,2284,95,0.952
2020-11-04,2284,KOEL,0.789
2020-11-04,2284,dizel,0.997
2020-11-04,2285,100,1.081
2020-11-04,2285,95,0.952
2020-11-04,2285,KOEL,0.789
2020-11-04,2285,dizel,0.997
2020-11-04,2286,100,1.081
2020-11-04,2286,95,0.952
2020-11-04,2286,KOEL,0.789
2020-11-04,2286,dizel,0.997
2020-11-04,2287,100,1.081
2020-11-04,2287,95,0.952
2020-11-04,2287,KOEL,0.789
2020-11-04,2287,dizel,0.997
2020-11-04,2296,100,1.069
2020-11-04,2296,95,0.940
2020-11-04,2297,95,0.920
2020-11-04,2297,KOEL,0.789
2020-11-04,2297,dizel,0.997
2020-11-04,2299,95,0.920
2020-11-04,2299,KOEL,0.789
2020-11-04,2299,dizel,0.997
2020-11-04,2314,95,0.945
2020-11-04,2314,KOEL,0.785
2020-11-04,2314,dizel,0.992
2020-11-04,2315,95,0.949
2020-11-04,2315,dizel,0.996
2020-11-04,2318,dizel,0.999
2020-11-04,2319,KOEL,0.789
2020-11-04,2319,dizel,0.997
2020-11-05,769,95,0.959
2020-11-05,769,dizel,0.999
2020-11-05,777,100,1.159
2020-11-05,777,95,1.009
2020-11-05,777,dizel,1.039
2020-11-05,777,dizel-premium,1.249
2020-11-05,778,100,1.159
2020-11-05,778,95,1.009
2020-11-05,778,dizel,1.039
2020-11-05,778,dizel-premium,1.249
2020-11-05,781,100,1.159
2020-11-05,781,95,1.009
2020-11-05,781,dizel,1.039
2020-11-05,781,dizel-premium,1.249
2020-11-05,782,100,1.159
2020-11-05,782,95,1.009
2020-11-05,782,dizel,1.039
2020-11-05,782,dizel-premium,1.249
2020-11-05,790,100,1.159
2020-11-05,790,95,1.009
2020-11-05,790,dizel,1.039
2020-11-05,790,dizel-premium,1.249
2020-11-05,791,100,1.159
2020-11-05,791,95,1.009
2020-11-05,791,dizel,1.039
2020-11-05,791,dizel-premium,1.249
2020-11-05,793,100,1.159
2020-11-05,793,95,1.009
2020-11-05,793,dizel,1.039
2020-11-05,793,dizel-premium,1.249
2020-11-05,796,100,1.159
2020-11-05,796,95,1.009
2020-11-05,796,dizel,1.039
2020-11-05,796,dizel-premium,1.249
2020-11-05,811,95,0.959
2020-11-05,811,dizel,0.999
2020-11-05,812,95,0.959
2020-11-05,812,dizel,0.999
2020-11-05,822,95,0.959
2020-11-05,822,dizel,0.999
2020-11-05,823,100,1.159
2020-11-05,823,95,1.009
2020-11-05,823,dizel,1.039
2020-11-05,823,dizel-premium,1.249
2020-11-05,828,100,1.159
2020-11-05,828,95,1.009
2020-11-05,828,dizel,1.039
2020-11-05,828,dizel-premium,1.249
2020-11-05,837,100,1.159
2020-11-05,837,95,1.009
2020-11-05,837,dizel,1.039
2020-11-05,837,dizel-premium,1.249
2020-11-05,839,95,0.959
2020-11-05,839,dizel,0.999
2020-11-05,844,100,1.159
2020-11-05,844,95,1.009
2020-11-05,844,dizel,1.039
2020-11-05,844,dizel-premium,1.249
2020-11-05,845,100,1.159
2020-11-05,845,95,1.009
2020-11-05,845,dizel,1.039
2020-11-05,845,dizel-premium,1.249
2020-11-05,847,95,1.009
2020-11-05,847,dizel,1.039
2020-11-05,847,dizel-premium,1.249
2020-11-05,848,95,1.009
2020-11-05,848,dizel,1.039
2020-11-05,848,dizel-premium,1.249
2020-11-05,861,100,1.159
2020-11-05,861,95,1.009
2020-11-05,861,dizel,1.039
2020-11-05,861,dizel-premium,1.249
2020-11-05,872,95,0.959
2020-11-05,872,dizel,0.999
2020-11-05,2237,95,0.959
2020-11-05,2237,dizel,0.998
2020-11-05,2238,95,0.959
2020-11-05,2238,dizel,0.998
2020-11-05,2239,95,0.959
2020-11-05,2239,dizel,0.998
2020-11-05,2240,95,0.959
2020-11-05,2240,dizel,0.998
2020-11-05,2241,95,0.959
2020-11-05,2241,dizel,0.998
2020-11-05,2242,95,0.959
2020-11-05,2242,dizel,0.998
2020-11-05,2243,95,0.959
2020-11-05,2243,dizel,0.998
2020-11-05,2244,95,0.959
2020-11-05,2244,dizel,0.998
2020-11-05,2245,95,0.959
2020-11-05,2245,dizel,0.998
2020-11-05,2246,95,0.959
2020-11-05,2246,dizel,0.998
2020-11-05,2247,95,0.959
2020-11-05,2247,dizel,0.998
2020-11-05,2248,95,0.959
2020-11-05,2248,dizel,0.998
2020-11-05,2249,95,0.959
2020-11-05,2249,dizel,0.998
2020-11-05,2250,95,0.959
2020-11-05,2250,dizel,0.998
2020-11-05,2251,95,0.959
2020-11-05,2251,dizel,0.998
2020-11-05,2252,95,0.959
2020-11-05,2252,dizel,0.998
2020-11-05,2253,95,0.959
2020-11-05,2253,dizel,0.998
2020-11-05,2254,95,0.959
2020-11-05,2254,dizel,0.998
2020-11-05,2255,95,0.959
2020-11-05,2255,dizel,0.998
2020-11-05,2256,95,0.959
2020-11-05,2256,dizel,0.998
2020-11-05,2257,95,0.959
2020-11-05,2257,dizel,0.998
2020-11-05,2288,95,0.929
2020-11-05,2288,dizel,0.969
2020-11-05,2289,95,0.929
2020-11-05,2289,dizel,0.969
2020-11-05,2290,95,0.929
2020-11-05,2290,dizel,0.969
2020-11-05,2291,95,0.929
2020-11-05,2291,dizel,0.969
2020-11-05,2292,95,0.929
2020-11-05,2292,dizel,0.969
2020-11-05,2293,95,0.929
2020-11-05,2293,dizel,0.969
2020-11-05,2294,95,0.929
2020-11-05,2294,dizel,0.969
2020-11-05,2295,95,0.929
2020-11-05,2295,dizel,0.969
2020-11-05,2302,95,0.950
2020-11-05,2302,KOEL,0.787
2020-11-05,2303,95,0.950
2020-11-05,2303,KOEL,0.787
2020-11-05,2304,95,0.950
2020-11-05,2304,KOEL,0.787
2020-11-05,2305,95,0.950
2020-11-05,2305,KOEL,0.787
2020-11-05,2306,95,0.950
2020-11-05,2306,KOEL,0.787
2020-11-05,2307,95,0.950
2020-11-05,2307,KOEL,0.787
2020-11-05,2311,95,0.952
2020-11-05,2311,KOEL,0.789
2020-11-05,2311,dizel,0.999
2020-11-05,2312,avtoplin-lpg,0.530
2020-11-05,2314,95,0.947
2020-11-05,2316,95,0.960
2020-11-05,2316,dizel,0.999
2020-11-05,2317,95,0.960
2020-11-05,2317,dizel,0.999
2020-11-05,2320,KOEL,0.789
2020-11-05,2320,dizel,0.997
2020-11-06,812,dizel-premium,1.155
2020-11-06,849,dizel-premium,1.155
2020-11-06,872,dizel-premium,1.155
2020-11-06,874,dizel-premium,1.155
2020-11-06,1548,dizel-premium,1.137
2020-11-06,1921,100,1.098
2020-11-06,1923,100,1.148
2020-11-06,1928,100,1.098
2020-11-06,1929,100,1.098
2020-11-06,1934,100,1.098
2020-11-06,1935,100,1.098
2020-11-06,1942,100,1.098
2020-11-06,1943,100,1.098
2020-11-06,1945,100,1.148
2020-11-06,1947,100,1.098
2020-11-06,1948,100,1.098
2020-11-06,1949,100,1.148
2020-11-06,1949,dizel-premium,1.238
2020-11-06,1950,100,1.098
2020-11-06,1951,100,1.098
2020-11-06,1952,100,1.098
2020-11-06,1954,100,1.098
2020-11-06,1955,100,1.098
2020-11-06,1956,100,1.098
2020-11-06,1957,100,1.098
2020-11-06,1958,100,1.098
2020-11-06,1959,100,1.098
2020-11-06,1960,100,1.098
2020-11-06,1961,100,1.098
2020-11-06,1962,100,1.098
2020-11-06,1963,100,1.098
2020-11-06,1966,100,1.098
2020-11-06,1969,100,1.098
2020-11-06,1970,100,1.098
2020-11-06,1971,100,1.098
2020-11-06,1972,100,1.098
2020-11-06,1976,100,1.148
2020-11-06,1977,100,1.148
2020-11-06,1977,dizel-premium,1.238
2020-11-06,1978,100,1.148
2020-11-06,1978,dizel-premium,1.238
2020-11-06,1979,100,1.098
2020-11-06,1980,100,1.098
2020-11-06,1981,100,1.098
2020-11-06,1984,100,1.098
2020-11-06,1986,100,1.098
2020-11-06,1990,100,1.098
2020-11-06,1992,100,1.098
2020-11-06,1993,100,1.098
2020-11-06,1994,100,1.098
2020-11-06,1995,100,1.098
2020-11-06,1996,100,1.098
2020-11-06,1997,100,1.148
2020-11-06,1998,100,1.098
2020-11-06,1999,100,1.098
2020-11-06,2000,100,1.148
2020-11-06,2000,dizel-premium,1.238
2020-11-06,2001,100,1.098
2020-11-06,2002,100,1.098
2020-11-06,2003,100,1.098
2020-11-06,2004,100,1.098
2020-11-06,2005,100,1.098
2020-11-06,2006,100,1.098
2020-11-06,2007,100,1.098
2020-11-06,2008,100,1.148
2020-11-06,2009,100,1.148
2020-11-06,2009,dizel-premium,1.238
2020-11-06,2010,100,1.098
2020-11-06,2014,100,1.098
2020-11-06,2015,100,1.098
2020-11-06,2016,100,1.098
2020-11-06,2018,100,1.148
2020-11-06,2019,100,1.148
2020-11-06,2020,100,1.098
2020-11-06,2021,100,1.098
2020-11-06,2022,100,1.098
2020-11-06,2023,100,1.098
2020-11-06,2024,100,1.098
2020-11-06,2026,100,1.148
2020-11-06,2027,100,1.148
2020-11-06,2028,100,1.098
2020-11-06,2029,100,1.098
2020-11-06,2030,100,1.148
2020-11-06,2031,100,1.148
2020-11-06,2032,100,1.148
2020-11-06,2032,dizel-premium,1.238
2020-11-06,2033,100,1.098
2020-11-06,2034,100,1.098
2020-11-06,2036,100,1.098
2020-11-06,2037,100,1.098
2020-11-06,2039,100,1.098
2020-11-06,2040,100,1.098
2020-11-06,2041,100,1.098
2020-11-06,2043,100,1.098
2020-11-06,2044,100,1.098
2020-11-06,2045,100,1.098
2020-11-06,2046,100,1.098
2020-11-06,2047,100,1.098
2020-11-06,2048,100,1.098
2020-11-06,2049,100,1.098
2020-11-06,2052,100,1.098
2020-11-06,2056,100,1.098
2020-11-06,2059,100,1.148
2020-11-06,2059,dizel-premium,1.238
2020-11-06,2060,100,1.148
2020-11-06,2060,dizel-premium,1.238
2020-11-06,2061,100,1.098
2020-11-06,2062,100,1.098
2020-11-06,2063,100,1.098
2020-11-06,2064,100,1.098
2020-11-06,2065,100,1.098
2020-11-06,2067,100,1.098
2020-11-06,2069,100,1.098
2020-11-06,2070,100,1.098
2020-11-06,2071,100,1.098
2020-11-06,2073,100,1.098
2020-11-06,2074,100,1.098
2020-11-06,2080,100,1.098
2020-11-06,2088,100,1.148
2020-11-06,2088,dizel-premium,1.238
2020-11-06,2089,100,1.148
2020-11-06,2090,100,1.098
2020-11-06,2091,100,1.098
2020-11-06,2092,100,1.098
2020-11-06,2094,100,1.098
2020-11-06,2095,100,1.148
2020-11-06,2095,dizel-premium,1.238
2020-11-06,2096,100,1.148
2020-11-06,2096,dizel-premium,1.238
2020-11-06,2098,100,1.098
2020-11-06,2099,100,1.098
2020-11-06,2100,100,1.148
2020-11-06,2101,100,1.148
2020-11-06,2104,100,1.098
2020-11-06,2108,100,1.098
2020-11-06,2110,100,1.098
2020-11-06,2111,100,1.098
2020-11-06,2112,100,1.098
2020-11-06,2115,100,1.098
2020-11-06,2117,100,1.098
2020-11-06,2119,100,1.098
2020-11-06,2120,100,1.148
2020-11-06,2121,100,1.098
2020-11-06,2122,100,1.098
2020-11-06,2123,100,1.148
2020-11-06,2125,100,1.098
2020-11-06,2126,100,1.098
2020-11-06,2128,100,1.098
2020-11-06,2130,100,1.098
2020-11-06,2131,100,1.098
2020-11-06,2132,100,1.098
2020-11-06,2133,100,1.098
2020-11-06,2134,100,1.098
2020-11-06,2135,100,1.098
2020-11-06,2136,100,1.098
2020-11-06,2137,100,1.098
2020-11-06,2138,100,1.098
2020-11-06,2139,100,1.098
2020-11-06,2141,100,1.148
2020-11-06,2144,100,1.098
2020-11-06,2145,100,1.098
2020-11-06,2146,100,1.098
2020-11-06,2147,100,1.098
2020-11-06,2148,100,1.098
2020-11-06,2149,100,1.098
2020-11-06,2150,100,1.098
2020-11-06,2158,100,1.098
2020-11-06,2161,100,1.098
2020-11-06,2162,100,1.148
2020-11-06,2163,100,1.098
2020-11-06,2164,100,1.098
2020-11-06,2166,100,1.098
2020-11-06,2167,100,1.098
2020-11-06,2168,100,1.098
2020-11-06,2171,100,1.098
2020-11-06,2172,100,1.098
2020-11-06,2174,100,1.098
2020-11-06,2175,100,1.148
2020-11-06,2176,100,1.148
2020-11-06,2178,100,1.098
2020-11-06,2186,100,1.098
2020-11-06,2187,100,1.098
2020-11-06,2188,100,1.098
2020-11-06,2190,100,1.098
2020-11-06,2191,100,1.098
2020-11-06,2192,100,1.098
2020-11-06,2194,100,1.098
2020-11-06,2195,100,1.098
2020-11-06,2196,100,1.098
2020-11-06,2197,100,1.098
2020-11-06,2198,100,1.098
2020-11-06,2199,100,1.098
2020-11-06,2200,100,1.098
2020-11-06,2201,100,1.148
2020-11-06,2202,100,1.148
2020-11-06,2204,100,1.098
2020-11-06,2205,100,1.098
2020-11-06,2206,100,1.098
2020-11-06,2207,100,1.098
2020-11-06,2210,100,1.098
2020-11-06,2212,100,1.098
2020-11-06,2215,100,1.098
2020-11-06,2216,100,1.148
2020-11-06,2216,dizel-premium,1.238
2020-11-06,2217,100,1.098
2020-11-06,2218,100,1.098
2020-11-06,2220,100,1.098
2020-11-06,2221,100,1.098
2020-11-06,2222,100,1.098
2020-11-06,2225,100,1.098
2020-11-06,2227,100,1.098
2020-11-06,2228,100,1.098
2020-11-06,2229,100,1.148
2020-11-06,2229,dizel-premium,1.238
2020-11-06,2230,100,1.148
2020-11-06,2230,dizel-premium,1.238
2020-11-06,2231,100,1.148
2020-11-06,2231,dizel-premium,1.238
2020-11-06,2232,100,1.148
2020-11-06,2232,dizel-premium,1.238
2020-11-06,2233,100,1.098
2020-11-06,2272,100,1.098
2020-11-06,2314,95,0.932
2020-11-06,2314,dizel,0.977
2020-11-07,841,dizel-premium,1.155
2020-11-07,1548,100,1.099
2020-11-07,1549,100,1.099
2020-11-07,1550,100,1.099
2020-11-07,1551,100,1.099
2020-11-07,1552,100,1.099
2020-11-07,1553,100,1.099
2020-11-07,1554,100,1.099
2020-11-07,1555,100,1.099
2020-11-07,1556,100,1.099
2020-11-07,1557,100,1.099
2020-11-07,1558,100,1.099
2020-11-07,1559,100,1.149
2020-11-07,1559,dizel-premium,1.239
2020-11-07,1560,100,1.099
2020-11-07,1561,100,1.099
2020-11-07,1562,100,1.099
2020-11-07,1563,100,1.099
2020-11-07,1564,100,1.099
2020-11-07,1565,100,1.099
2020-11-07,1566,100,1.099
2020-11-07,1567,100,1.099
2020-11-07,1568,100,1.149
2020-11-07,1568,dizel-premium,1.239
2020-11-07,1569,100,1.099
2020-11-07,1570,100,1.099
2020-11-07,1571,100,1.099
2020-11-07,1572,100,1.099
2020-11-07,1573,100,1.099
2020-11-07,1574,100,1.099
2020-11-07,1575,100,1.099
2020-11-07,1576,100,1.099
2020-11-07,1577,100,1.099
2020-11-07,1578,100,1.099
2020-11-07,1579,100,1.099
2020-11-07,1580,100,1.099
2020-11-07,1581,100,1.099
2020-11-07,1582,100,1.099
2020-11-07,1583,100,1.099
2020-11-07,1584,100,1.099
2020-11-07,1585,100,1.099
2020-11-07,1586,100,1.099
2020-11-07,1587,100,1.099
2020-11-07,1588,100,1.099
2020-11-07,1589,100,1.099
2020-11-07,1590,100,1.099
2020-11-07,1591,100,1.099
2020-11-07,1592,100,1.099
2020-11-07,1593,100,1.099
2020-11-07,2234,100,1.099
2020-11-07,2235,100,1.099
2020-11-07,2283,100,1.099
2020-11-07,2284,100,1.099
2020-11-07,2285,100,1.099
2020-11-07,2286,100,1.099
2020-11-07,2287,100,1.099
2020-11-07,2314,95,0.947
2020-11-07,2314,dizel,0.992
2020-11-08,777,100,1.149
2020-11-08,777,95,0.998
2020-11-08,777,dizel,1.029
2020-11-08,777,dizel-premium,1.239
2020-11-08,778,100,1.149
2020-11-08,778,95,0.998
2020-11-08,778,dizel,1.029
2020-11-08,778,dizel-premium,1.239
2020-11-08,781,100,1.149
2020-11-08,781,95,0.998
2020-11-08,781,dizel,1.029
2020-11-08,781,dizel-premium,1.239
2020-11-08,782,100,1.149
2020-11-08,782,95,0.998
2020-11-08,782,dizel,1.029
2020-11-08,782,dizel-premium,1.239
2020-11-08,790,100,1.149
2020-11-08,790,95,0.998
2020-11-08,790,dizel,1.029
2020-11-08,790,dizel-premium,1.239
2020-11-08,791,100,1.149
2020-11-08,791,95,0.998
2020-11-08,791,dizel,1.029
2020-11-08,791,dizel-premium,1.239
2020-11-08,793,100,1.149
2020-11-08,793,95,0.998
2020-11-08,793,dizel,1.029
2020-11-08,793,dizel-premium,1.239
2020-11-08,796,100,1.149
2020-11-08,796,95,0.998
2020-11-08,796,dizel,1.029
2020-11-08,796,dizel-premium,1.239
2020-11-08,823,100,1.149
2020-11-08,823,95,0.998
2020-11-08,823,dizel,1.029
2020-11-08,823,dizel-premium,1.239
2020-11-08,828,100,1.149
2020-11-08,828,95,0.998
2020-11-08,828,dizel,1.029
2020-11-08,828,dizel-premium,1.239
2020-11-08,837,100,1.149
2020-11-08,837,95,0.998
2020-11-08,837,dizel,1.029
2020-11-08,837,dizel-premium,1.239
2020-11-08,844,100,1.149
2020-11-08,844,95,0.998
2020-11-08,844,dizel,1.029
2020-11-08,844,dizel-premium,1.239
2020-11-08,845,100,1.149
2020-11-08,845,95,0.998
2020-11-08,845,dizel,1.029
2020-11-08,845,dizel-premium,1.239
2020-11-08,847,95,0.998
2020-11-08,847,dizel,1.029
2020-11-08,847,dizel-premium,1.239
2020-11-08,848,95,0.998
2020-11-08,848,dizel,1.029
2020-11-08,848,dizel-premium,1.239
2020-11-08,861,100,1.149
2020-11-08,861,95,0.998
2020-11-08,861,dizel,1.029
2020-11-08,861,dizel-premium,1.239
2020-11-08,2297,KOEL,0.739
2020-11-10,766,100,1.109
2020-11-10,766,dizel,1.004
2020-11-10,767,100,1.109
2020-11-10,767,dizel,1.004
2020-11-10,768,dizel,1.025
2020-11-10,768,dizel-premium,1.245
2020-11-10,769,dizel,1.004
2020-11-10,770,100,1.109
2020-11-10,770,dizel,1.004
2020-11-10,770,dizel-premium,1.159
2020-11-10,771,100,1.109
2020-11-10,771,dizel,1.004
2020-11-10,771,dizel-premium,1.159
2020-11-10,772,100,1.109
2020-11-10,772,dizel,1.004
2020-11-10,773,100,1.109
2020-11-10,773,dizel,1.004
2020-11-10,774,100,1.109
2020-11-10,774,dizel,1.004
2020-11-10,775,100,1.109
2020-11-10,775,dizel,1.004
2020-11-10,775,dizel-premium,1.159
2020-11-10,776,100,1.109
2020-11-10,776,dizel,1.004
2020-11-10,777,100,1.159
2020-11-10,777,95,1.009
2020-11-10,777,dizel,1.045
2020-11-10,777,dizel-premium,1.255
2020-11-10,778,100,1.159
2020-11-10,778,95,1.009
2020-11-10,778,dizel,1.045
2020-11-10,778,dizel-premium,1.255
2020-11-10,779,100,1.109
2020-11-10,779,dizel,1.004
2020-11-10,780,100,1.109
2020-11-10,780,dizel,1.004
2020-11-10,781,100,1.159
2020-11-10,781,95,1.009
2020-11-10,781,dizel,1.045
2020-11-10,781,dizel-premium,1.255
2020-11-10,782,100,1.159
2020-11-10,782,95,1.009
2020-11-10,782,dizel,1.045
2020-11-10,782,dizel-premium,1.255
2020-11-10,783,100,1.109
2020-11-10,783,dizel,1.004
2020-11-10,784,dizel,1.004
2020-11-10,785,dizel,1.004
2020-11-10,786,dizel,1.004
2020-11-10,787,dizel,1.004
2020-11-10,788,dizel,1.004
2020-11-10,789,100,1.109
2020-11-10,789,dizel,1.004
2020-11-10,790,100,1.159
2020-11-10,790,95,1.009
2020-11-10,790,dizel,1.045
2020-11-10,790,dizel-premium,1.255
2020-11-10,791,100,1.159
2020-11-10,791,95,1.009
2020-11-10,791,dizel,1.045
2020-11-10,791,dizel-premium,1.255
2020-11-10,792,100,1.109
2020-11-10,792,dizel,1.004
2020-11-10,793,100,1.159
2020-11-10,793,95,1.009
2020-11-10,793,dizel,1.045
2020-11-10,793,dizel-premium,1.255
2020-11-10,794,dizel,1.004
2020-11-10,795,100,1.109
2020-11-10,795,dizel,1.004
2020-11-10,796,100,1.159
2020-11-10,796,95,1.009
2020-11-10,796,dizel,1.045
2020-11-10,796,dizel-premium,1.255
2020-11-10,797,100,1.109
2020-11-10,797,dizel,1.004
2020-11-10,797,dizel-premium,1.159
2020-11-10,798,100,1.109
2020-11-10,798,dizel,1.004
2020-11-10,798,dizel-premium,1.159
2020-11-10,799,100,1.109
2020-11-10,799,dizel,1.004
2020-11-10,799,dizel-premium,1.159
2020-11-10,800,100,1.109
2020-11-10,800,dizel,1.004
2020-11-10,800,dizel-premium,1.159
2020-11-10,801,100,1.109
2020-11-10,801,dizel,1.004
2020-11-10,802,100,1.109
2020-11-10,802,dizel,1.004
2020-11-10,803,100,1.109
2020-11-10,803,dizel,1.004
2020-11-10,803,dizel-premium,1.159
2020-11-10,804,dizel,1.025
2020-11-10,804,dizel-premium,1.245
2020-11-10,805,dizel,1.025
2020-11-10,805,dizel-premium,1.245
2020-11-10,806,100,1.109
2020-11-10,806,dizel,1.004
2020-11-10,807,100,1.109
2020-11-10,807,dizel,1.004
2020-11-10,808,100,1.109
2020-11-10,808,dizel,1.004
2020-11-10,809,100,1.109
2020-11-10,809,dizel,1.004
2020-11-10,810,100,1.109
2020-11-10,810,dizel,1.004
2020-11-10,810,dizel-premium,1.159
2020-11-10,811,dizel,1.004
2020-11-10,812,100,1.109
2020-11-10,812,dizel,1.004
2020-11-10,812,dizel-premium,1.159
2020-11-10,813,100,1.109
2020-11-10,813,dizel,1.004
2020-11-10,814,100,1.109
2020-11-10,814,dizel,1.004
2020-11-10,815,100,1.109
2020-11-10,815,dizel,1.004
2020-11-10,815,dizel-premium,1.159
2020-11-10,816,100,1.109
2020-11-10,816,dizel,1.004
2020-11-10,817,100,1.109
2020-11-10,817,dizel,1.004
2020-11-10,817,dizel-premium,1.159
2020-11-10,818,100,1.109
2020-11-10,818,dizel,1.004
2020-11-10,819,100,1.109
2020-11-10,819,dizel,1.004
2020-11-10,819,dizel-premium,1.159
2020-11-10,820,100,1.109
2020-11-10,820,dizel,1.004
2020-11-10,820,dizel-premium,1.159
2020-11-10,821,100,1.109
2020-11-10,821,dizel,1.004
2020-11-10,822,100,1.109
2020-11-10,822,dizel,1.004
2020-11-10,823,100,1.159
2020-11-10,823,95,1.009
2020-11-10,823,dizel,1.045
2020-11-10,823,dizel-premium,1.255
2020-11-10,824,dizel,1.004
2020-11-10,825,100,1.109
2020-11-10,825,dizel,1.004
2020-11-10,826,100,1.109
2020-11-10,826,dizel,1.004
2020-11-10,827,dizel,1.004
2020-11-10,828,100,1.159
2020-11-10,828,95,1.009
2020-11-10,828,dizel,1.045
2020-11-10,828,dizel-premium,1.255
2020-11-10,829,100,1.109
2020-11-10,829,dizel,1.004
2020-11-10,829,dizel-premium,1.159
2020-11-10,830,100,1.109
2020-11-10,830,dizel,1.004
2020-11-10,830,dizel-premium,1.159
2020-11-10,831,100,1.109
2020-11-10,831,dizel,1.004
2020-11-10,831,dizel-premium,1.159
2020-11-10,832,dizel,1.004
2020-11-10,833,100,1.109
2020-11-10,833,dizel,1.004
2020-11-10,833,dizel-premium,1.159
2020-11-10,834,100,1.109
2020-11-10,834,dizel,1.004
2020-11-10,835,100,1.109
2020-11-10,835,dizel,1.004
2020-11-10,835,dizel-premium,1.159
2020-11-10,836,100,1.109
2020-11-10,836,dizel,1.004
2020-11-10,836,dizel-premium,1.159
2020-11-10,837,100,1.159
2020-11-10,837,95,1.009
2020-11-10,837,dizel,1.045
2020-11-10,837,dizel-premium,1.255
2020-11-10,838,100,1.109
2020-11-10,838,dizel,1.004
2020-11-10,838,dizel-premium,1.159
2020-11-10,839,100,1.109
2020-11-10,839,dizel,1.004
2020-11-10,840,100,1.109
2020-11-10,840,dizel,1.004
2020-11-10,840,dizel-premium,1.159
2020-11-10,841,100,1.109
2020-11-10,841,dizel,1.004
2020-11-10,841,dizel-premium,1.159
2020-11-10,842,100,1.109
2020-11-10,842,dizel,1.004
2020-11-10,843,100,1.109
2020-11-10,843,dizel,1.004
2020-11-10,844,100,1.159
2020-11-10,844,95,1.009
2020-11-10,844,dizel,1.045
2020-11-10,844,dizel-premium,1.255
2020-11-10,845,100,1.159
2020-11-10,845,95,1.009
2020-11-10,845,dizel,1.045
2020-11-10,845,dizel-premium,1.255
2020-11-10,846,100,1.109
2020-11-10,846,dizel,1.004
2020-11-10,847,95,1.009
2020-11-10,847,dizel,1.045
2020-11-10,847,dizel-premium,1.255
2020-11-10,848,95,1.009
2020-11-10,848,dizel,1.045
2020-11-10,848,dizel-premium,1.255
2020-11-10,849,100,1.109
2020-11-10,849,dizel,1.004
2020-11-10,849,dizel-premium,1.159
2020-11-10,850,100,1.109
2020-11-10,850,dizel,1.004
2020-11-10,851,100,1.109
2020-11-10,851,dizel,1.004
2020-11-10,852,dizel,1.004
2020-11-10,853,100,1.109
2020-11-10,853,dizel,1.004
2020-11-10,854,100,1.109
2020-11-10,854,dizel,1.004
2020-11-10,854,dizel-premium,1.159
2020-11-10,855,100,1.109
2020-11-10,855,dizel,1.004
2020-11-10,855,dizel-premium,1.159
2020-11-10,856,100,1.109
2020-11-10,856,dizel,1.004
2020-11-10,856,dizel-premium,1.159
2020-11-10,857,100,1.109
2020-11-10,857,dizel,1.004
2020-11-10,857,dizel-premium,1.159
2020-11-10,858,100,1.109
2020-11-10,858,dizel,1.004
2020-11-10,859,dizel,1.004
2020-11-10,860,100,1.109
2020-11-10,860,dizel,1.004
2020-11-10,861,100,1.159
2020-11-10,861,95,1.009
2020-11-10,861,dizel,1.045
2020-11-10,861,dizel-premium,1.255
2020-11-10,862,100,1.109
2020-11-10,862,dizel,1.004
2020-11-10,862,dizel-premium,1.159
2020-11-10,863,dizel,1.025
2020-11-10,864,dizel,1.025
2020-11-10,865,100,1.109
2020-11-10,865,dizel,1.004
2020-11-10,865,dizel-premium,1.159
2020-11-10,866,100,1.109
2020-11-10,866,dizel,1.004
2020-11-10,867,100,1.109
2020-11-10,867,dizel,1.004
2020-11-10,868,100,1.109
2020-11-10,868,dizel,1.004
2020-11-10,869,100,1.109
2020-11-10,869,dizel,1.004
2020-11-10,870,100,1.109
2020-11-10,870,dizel,1.004
2020-11-10,871,100,1.109
2020-11-10,871,dizel,1.004
2020-11-10,871,dizel-premium,1.159
2020-11-10,872,100,1.109
2020-11-10,872,dizel,1.004
2020-11-10,872,dizel-premium,1.159
2020-11-10,873,100,1.109
2020-11-10,873,dizel,1.004
2020-11-10,874,100,1.109
2020-11-10,874,dizel,1.004
2020-11-10,874,dizel-premium,1.159
2020-11-10,875,100,1.109
2020-11-10,875,dizel,1.004
2020-11-10,876,100,1.109
2020-11-10,876,dizel,1.004
2020-11-10,876,dizel-premium,1.159
2020-11-10,1921,100,1.101
2020-11-10,1921,95,0.952
2020-11-10,1921,dizel,1.003
2020-11-10,1922,95,0.952
2020-11-10,1922,KOEL,0.795
2020-11-10,1922,dizel,1.003
2020-11-10,1923,100,1.151
2020-11-10,1923,95,0.982
2020-11-10,1923,avtoplin-lpg,0.598
2020-11-10,1923,dizel,1.026
2020-11-10,1924,95,0.952
2020-11-10,1924,KOEL,0.795
2020-11-10,1924,dizel,1.003
2020-11-10,1925,95,0.952
2020-11-10,1925,KOEL,0.795
2020-11-10,1925,dizel,1.003
2020-11-10,1926,95,0.952
2020-11-10,1926,KOEL,0.795
2020-11-10,1926,dizel,1.003
2020-11-10,1927,95,0.952
2020-11-10,1927,dizel,1.003
2020-11-10,1928,100,1.101
2020-11-10,1928,95,0.952
2020-11-10,1928,KOEL,0.795
2020-11-10,1928,dizel,1.003
2020-11-10,1929,100,1.101
2020-11-10,1929,95,0.952
2020-11-10,1929,KOEL,0.795
2020-11-10,1929,dizel,1.003
2020-11-10,1930,95,0.952
2020-11-10,1930,KOEL,0.795
2020-11-10,1930,dizel,1.003
2020-11-10,1931,95,0.952
2020-11-10,1931,KOEL,0.795
2020-11-10,1931,dizel,1.003
2020-11-10,1932,95,0.952
2020-11-10,1932,KOEL,0.795
2020-11-10,1932,dizel,1.003
2020-11-10,1933,95,0.952
2020-11-10,1933,KOEL,0.795
2020-11-10,1933,dizel,1.003
2020-11-10,1934,100,1.101
2020-11-10,1934,95,0.952
2020-11-10,1934,dizel,1.003
2020-11-10,1935,100,1.101
2020-11-10,1935,95,0.952
2020-11-10,1935,KOEL,0.795
2020-11-10,1935,dizel,1.003
2020-11-10,1936,95,0.952
2020-11-10,1936,KOEL,0.795
2020-11-10,1936,dizel,1.003
2020-11-10,1937,95,0.952
2020-11-10,1937,KOEL,0.795
2020-11-10,1937,dizel,1.003
2020-11-10,1938,95,0.952
2020-11-10,1938,KOEL,0.795
2020-11-10,1938,dizel,1.003
2020-11-10,1939,95,0.952
2020-11-10,1939,KOEL,0.795
2020-11-10,1939,dizel,1.003
2020-11-10,1940,95,0.952
2020-11-10,1940,KOEL,0.795
2020-11-10,1940,dizel,1.003
2020-11-10,1941,95,0.952
2020-11-10,1941,dizel,1.003
2020-11-10,1942,100,1.101
2020-11-10,1942,95,0.952
2020-11-10,1942,KOEL,0.795
2020-11-10,1942,dizel,1.003
2020-11-10,1943,100,1.101
2020-11-10,1943,95,0.952
2020-11-10,1943,KOEL,0.795
2020-11-10,1943,avtoplin-lpg,0.598
2020-11-10,1943,dizel,1.003
2020-11-10,1944,95,0.952
2020-11-10,1944,KOEL,0.795
2020-11-10,1944,dizel,1.003
2020-11-10,1945,100,1.151
2020-11-10,1945,95,0.982
2020-11-10,1945,avtoplin-lpg,0.598
2020-11-10,1945,dizel,1.026
2020-11-10,1946,95,0.952
2020-11-10,1946,KOEL,0.795
2020-11-10,1946,dizel,1.003
2020-11-10,1947,100,1.101
2020-11-10,1947,95,0.952
2020-11-10,1947,KOEL,0.795
2020-11-10,1947,dizel,1.003
2020-11-10,1948,100,1.101
2020-11-10,1948,95,0.952
2020-11-10,1948,KOEL,0.795
2020-11-10,1948,avtoplin-lpg,0.598
2020-11-10,1948,dizel,1.003
2020-11-10,1949,100,1.151
2020-11-10,1949,95,0.982
2020-11-10,1949,avtoplin-lpg,0.598
2020-11-10,1949,dizel,1.026
2020-11-10,1949,dizel-premium,1.243
2020-11-10,1950,100,1.101
2020-11-10,1950,95,0.952
2020-11-10,1950,KOEL,0.795
2020-11-10,1950,dizel,1.003
2020-11-10,1951,100,1.101
2020-11-10,1951,95,0.952
2020-11-10,1951,KOEL,0.795
2020-11-10,1951,avtoplin-lpg,0.598
2020-11-10,1951,dizel,1.003
2020-11-10,1952,100,1.101
2020-11-10,1952,95,0.952
2020-11-10,1952,avtoplin-lpg,0.598
2020-11-10,1952,dizel,1.003
2020-11-10,1953,95,0.952
2020-11-10,1953,KOEL,0.795
2020-11-10,1953,dizel,1.003
2020-11-10,1954,100,1.101
2020-11-10,1954,95,0.952
2020-11-10,1954,KOEL,0.795
2020-11-10,1954,dizel,1.003
2020-11-10,1955,100,1.101
2020-11-10,1955,95,0.952
2020-11-10,1955,dizel,1.003
2020-11-10,1956,100,1.101
2020-11-10,1956,95,0.952
2020-11-10,1956,avtoplin-lpg,0.598
2020-11-10,1956,dizel,1.003
2020-11-10,1957,100,1.101
2020-11-10,1957,95,0.952
2020-11-10,1957,KOEL,0.795
2020-11-10,1957,avtoplin-lpg,0.598
2020-11-10,1957,dizel,1.003
2020-11-10,1958,100,1.101
2020-11-10,1958,95,0.952
2020-11-10,1958,KOEL,0.795
2020-11-10,1958,dizel,1.003
2020-11-10,1959,100,1.101
2020-11-10,1959,95,0.952
2020-11-10,1959,dizel,1.003
2020-11-10,1960,100,1.101
2020-11-10,1960,95,0.952
2020-11-10,1960,dizel,1.003
2020-11-10,1961,100,1.101
2020-11-10,1961,95,0.952
2020-11-10,1961,KOEL,0.795
2020-11-10,1961,dizel,1.003
2020-11-10,1962,100,1.101
2020-11-10,1962,95,0.952
2020-11-10,1962,KOEL,0.795
2020-11-10,1962,avtoplin-lpg,0.598
2020-11-10,1962,dizel,1.003
2020-11-10,1963,100,1.101
2020-11-10,1963,95,0.952
2020-11-10,1963,KOEL,0.795
2020-11-10,1963,dizel,1.003
2020-11-10,1964,95,0.952
2020-11-10,1964,KOEL,0.795
2020-11-10,1964,dizel,1.003
2020-11-10,1965,95,0.952
2020-11-10,1965,KOEL,0.795
2020-11-10,1965,dizel,1.003
2020-11-10,1966,100,1.101
2020-11-10,1966,95,0.952
2020-11-10,1966,KOEL,0.795
2020-11-10,1966,dizel,1.003
2020-11-10,1967,95,0.952
2020-11-10,1967,KOEL,0.795
2020-11-10,1967,dizel,1.003
2020-11-10,1968,95,0.952
2020-11-10,1968,KOEL,0.795
2020-11-10,1968,dizel,1.003
2020-11-10,1969,100,1.101
2020-11-10,1969,95,0.952
2020-11-10,1969,KOEL,0.795
2020-11-10,1969,dizel,1.003
2020-11-10,1970,100,1.101
2020-11-10,1970,95,0.952
2020-11-10,1970,KOEL,0.795
2020-11-10,1970,avtoplin-lpg,0.598
2020-11-10,1970,dizel,1.003
2020-11-10,1971,100,1.101
2020-11-10,1971,95,0.952
2020-11-10,1971,dizel,1.003
2020-11-10,1972,100,1.101
2020-11-10,1972,95,0.952
2020-11-10,1972,KOEL,0.795
2020-11-10,1972,avtoplin-lpg,0.598
2020-11-10,1972,dizel,1.003
2020-11-10,1973,95,0.952
2020-11-10,1973,KOEL,0.795
2020-11-10,1973,dizel,1.003
2020-11-10,1974,95,0.952
2020-11-10,1974,KOEL,0.795
2020-11-10,1974,dizel,1.003
2020-11-10,1975,95,0.952
2020-11-10,1975,KOEL,0.795
2020-11-10,1975,dizel,1.003
2020-11-10,1976,100,1.151
2020-11-10,1976,95,0.982
2020-11-10,1976,avtoplin-lpg,0.598
2020-11-10,1976,dizel,1.026
2020-11-10,1977,100,1.151
2020-11-10,1977,95,0.982
2020-11-10,1977,avtoplin-lpg,0.598
2020-11-10,1977,dizel,1.026
2020-11-10,1977,dizel-premium,1.243
2020-11-10,1978,100,1.151
2020-11-10,1978,95,0.982
2020-11-10,1978,avtoplin-lpg,0.598
2020-11-10,1978,dizel,1.026
2020-11-10,1978,dizel-premium,1.243
2020-11-10,1979,100,1.101
2020-11-10,1979,95,0.952
2020-11-10,1979,KOEL,0.795
2020-11-10,1979,dizel,1.003
2020-11-10,1980,100,1.101
2020-11-10,1980,95,0.952
2020-11-10,1980,KOEL,0.795
2020-11-10,1980,dizel,1.003
2020-11-10,1981,100,1.101
2020-11-10,1981,95,0.952
2020-11-10,1981,dizel,1.003
2020-11-10,1982,95,0.952
2020-11-10,1982,KOEL,0.795
2020-11-10,1982,dizel,1.003
2020-11-10,1983,95,0.952
2020-11-10,1983,dizel,1.003
2020-11-10,1984,100,1.101
2020-11-10,1984,95,0.952
2020-11-10,1984,dizel,1.003
2020-11-10,1985,95,0.952
2020-11-10,1985,KOEL,0.795
2020-11-10,1985,dizel,1.003
2020-11-10,1986,100,1.101
2020-11-10,1986,95,0.952
2020-11-10,1986,KOEL,0.795
2020-11-10,1986,dizel,1.003
2020-11-10,1987,95,0.952
2020-11-10,1987,KOEL,0.795
2020-11-10,1987,dizel,1.003
2020-11-10,1988,95,0.952
2020-11-10,1988,KOEL,0.795
2020-11-10,1988,dizel,1.003
2020-11-10,1989,95,0.952
2020-11-10,1989,KOEL,0.795
2020-11-10,1989,dizel,1.003
2020-11-10,1990,100,1.101
2020-11-10,1990,95,0.952
2020-11-10,1990,avtoplin-lpg,0.598
2020-11-10,1990,dizel,1.003
2020-11-10,1991,95,0.952
2020-11-10,1991,KOEL,0.795
2020-11-10,1991,dizel,1.003
2020-11-10,1992,100,1.101
2020-11-10,1992,95,0.952
2020-11-10,1992,KOEL,0.795
2020-11-10,1992,dizel,1.003
2020-11-10,1993,100,1.101
2020-11-10,1993,95,0.952
2020-11-10,1993,KOEL,0.795
2020-11-10,1993,avtoplin-lpg,0.598
2020-11-10,1993,dizel,1.003
2020-11-10,1994,100,1.101
2020-11-10,1994,95,0.952
2020-11-10,1994,KOEL,0.795
2020-11-10,1994,avtoplin-lpg,0.598
2020-11-10,1994,dizel,1.003
2020-11-10,1995,100,1.101
2020-11-10,1995,95,0.952
2020-11-10,1995,KOEL,0.795
2020-11-10,1995,avtoplin-lpg,0.598
2020-11-10,1995,dizel,1.003
2020-11-10,1996,100,1.101
2020-11-10,1996,95,0.952
2020-11-10,1996,KOEL,0.795
2020-11-10,1996,avtoplin-lpg,0.598
2020-11-10,1996,dizel,1.003
2020-11-10,1997,100,1.151
2020-11-10,1997,95,0.982
2020-11-10,1997,dizel,1.026
2020-11-10,1998,100,1.101
2020-11-10,1998,95,0.952
2020-11-10,1998,dizel,1.003
2020-11-10,1999,100,1.101
2020-11-10,1999,95,0.952
2020-11-10,1999,KOEL,0.795
2020-11-10,1999,dizel,1.003
2020-11-10,2000,100,1.151
2020-11-10,2000,95,0.982
2020-11-10,2000,avtoplin-lpg,0.598
2020-11-10,2000,dizel,1.026
2020-11-10,2000,dizel-premium,1.243
2020-11-10,2001,100,1.101
2020-11-10,2001,95,0.952
2020-11-10,2001,KOEL,0.795
2020-11-10,2001,dizel,1.003
2020-11-10,2002,100,1.101
2020-11-10,2002,95,0.952
2020-11-10,2002,avtoplin-lpg,0.598
2020-11-10,2002,dizel,1.003
2020-11-10,2003,100,1.101
2020-11-10,2003,95,0.952
2020-11-10,2003,KOEL,0.795
2020-11-10,2003,avtoplin-lpg,0.598
2020-11-10,2003,dizel,1.003
2020-11-10,2004,100,1.101
2020-11-10,2004,95,0.952
2020-11-10,2004,avtoplin-lpg,0.598
2020-11-10,2004,dizel,1.003
2020-11-10,2005,100,1.101
2020-11-10,2005,95,0.952
2020-11-10,2005,avtoplin-lpg,0.598
2020-11-10,2005,dizel,1.003
2020-11-10,2006,100,1.101
2020-11-10,2006,95,0.952
2020-11-10,2006,avtoplin-lpg,0.598
2020-11-10,2006,dizel,1.003
2020-11-10,2007,100,1.101
2020-11-10,2007,95,0.952
2020-11-10,2007,KOEL,0.795
2020-11-10,2007,avtoplin-lpg,0.598
2020-11-10,2007,dizel,1.003
2020-11-10,2008,100,1.151
2020-11-10,2008,95,0.982
2020-11-10,2008,dizel,1.026
2020-11-10,2009,100,1.151
2020-11-10,2009,95,0.982
2020-11-10,2009,avtoplin-lpg,0.598
2020-11-10,2009,dizel,1.026
2020-11-10,2009,dizel-premium,1.243
2020-11-10,2010,100,1.101
2020-11-10,2010,95,0.952
2020-11-10,2010,KOEL,0.795
2020-11-10,2010,dizel,1.003
2020-11-10,2011,95,0.952
2020-11-10,2011,KOEL,0.795
2020-11-10,2011,dizel,1.003
2020-11-10,2012,95,0.952
2020-11-10,2012,KOEL,0.795
2020-11-10,2012,dizel,1.003
2020-11-10,2013,95,0.952
2020-11-10,2013,KOEL,0.795
2020-11-10,2013,dizel,1.003
2020-11-10,2014,100,1.101
2020-11-10,2014,95,0.952
2020-11-10,2014,KOEL,0.795
2020-11-10,2014,avtoplin-lpg,0.598
2020-11-10,2014,dizel,1.003
2020-11-10,2015,100,1.101
2020-11-10,2015,95,0.952
2020-11-10,2015,KOEL,0.795
2020-11-10,2015,dizel,1.003
2020-11-10,2016,100,1.101
2020-11-10,2016,95,0.952
2020-11-10,2016,avtoplin-lpg,0.598
2020-11-10,2016,dizel,1.003
2020-11-10,2017,95,0.952
2020-11-10,2017,KOEL,0.795
2020-11-10,2017,dizel,1.003
2020-11-10,2018,100,1.151
2020-11-10,2018,95,0.982
2020-11-10,2018,avtoplin-lpg,0.598
2020-11-10,2018,dizel,1.026
2020-11-10,2019,100,1.151
2020-11-10,2019,95,0.982
2020-11-10,2019,dizel,1.026
2020-11-10,2020,100,1.101
2020-11-10,2020,95,0.952
2020-11-10,2020,KOEL,0.795
2020-11-10,2020,dizel,1.003
2020-11-10,2021,100,1.101
2020-11-10,2021,95,0.952
2020-11-10,2021,avtoplin-lpg,0.598
2020-11-10,2021,dizel,1.003
2020-11-10,2022,100,1.101
2020-11-10,2022,95,0.952
2020-11-10,2022,KOEL,0.795
2020-11-10,2022,dizel,1.003
2020-11-10,2023,100,1.101
2020-11-10,2023,95,0.952
2020-11-10,2023,dizel,1.003
2020-11-10,2024,100,1.101
2020-11-10,2024,95,0.952
2020-11-10,2024,KOEL,0.795
2020-11-10,2024,dizel,1.003
2020-11-10,2025,95,0.952
2020-11-10,2025,KOEL,0.795
2020-11-10,2025,avtoplin-lpg,0.598
2020-11-10,2025,dizel,1.003
2020-11-10,2026,100,1.151
2020-11-10,2026,95,0.982
2020-11-10,2026,avtoplin-lpg,0.598
2020-11-10,2026,dizel,1.026
2020-11-10,2027,100,1.151
2020-11-10,2027,95,0.982
2020-11-10,2027,avtoplin-lpg,0.598
2020-11-10,2027,dizel,1.026
2020-11-10,2028,100,1.101
2020-11-10,2028,95,0.952
2020-11-10,2028,avtoplin-lpg,0.598
2020-11-10,2028,dizel,1.003
2020-11-10,2029,100,1.101
2020-11-10,2029,95,0.952
2020-11-10,2029,avtoplin-lpg,0.598
2020-11-10,2029,dizel,1.003
2020-11-10,2030,100,1.151
2020-11-10,2030,95,0.982
2020-11-10,2030,avtoplin-lpg,0.598
2020-11-10,2030,dizel,1.026
2020-11-10,2031,100,1.151
2020-11-10,2031,95,0.982
2020-11-10,2031,avtoplin-lpg,0.598
2020-11-10,2031,dizel,1.026
2020-11-10,2032,100,1.151
2020-11-10,2032,95,0.982
2020-11-10,2032,avtoplin-lpg,0.598
2020-11-10,2032,dizel,1.026
2020-11-10,2032,dizel-premium,1.243
2020-11-10,2033,100,1.101
2020-11-10,2033,95,0.952
2020-11-10,2033,avtoplin-lpg,0.598
2020-11-10,2033,dizel,1.003
2020-11-10,2034,100,1.101
2020-11-10,2034,95,0.952
2020-11-10,2034,avtoplin-lpg,0.598
2020-11-10,2034,dizel,1.003
2020-11-10,2035,95,0.952
2020-11-10,2035,dizel,1.003
2020-11-10,2036,100,1.101
2020-11-10,2036,95,0.952
2020-11-10,2036,dizel,1.003
2020-11-10,2037,100,1.101
2020-11-10,2037,95,0.952
2020-11-10,2037,dizel,1.003
2020-11-10,2038,95,0.952
2020-11-10,2038,dizel,1.003
2020-11-10,2039,100,1.101
2020-11-10,2039,95,0.952
2020-11-10,2039,dizel,1.003
2020-11-10,2040,100,1.101
2020-11-10,2040,95,0.952
2020-11-10,2040,KOEL,0.795
2020-11-10,2040,dizel,1.003
2020-11-10,2041,100,1.101
2020-11-10,2041,95,0.952
2020-11-10,2041,dizel,1.003
2020-11-10,2042,95,0.952
2020-11-10,2042,KOEL,0.795
2020-11-10,2042,dizel,1.003
2020-11-10,2043,100,1.101
2020-11-10,2043,95,0.952
2020-11-10,2043,dizel,1.003
2020-11-10,2044,100,1.101
2020-11-10,2044,95,0.952
2020-11-10,2044,dizel,1.003
2020-11-10,2045,100,1.101
2020-11-10,2045,95,0.952
2020-11-10,2045,dizel,1.003
2020-11-10,2046,100,1.101
2020-11-10,2046,95,0.952
2020-11-10,2046,avtoplin-lpg,0.598
2020-11-10,2046,dizel,1.003
2020-11-10,2047,100,1.101
2020-11-10,2047,95,0.952
2020-11-10,2047,dizel,1.003
2020-11-10,2048,100,1.101
2020-11-10,2048,95,0.952
2020-11-10,2048,avtoplin-lpg,0.598
2020-11-10,2048,dizel,1.003
2020-11-10,2049,100,1.101
2020-11-10,2049,95,0.952
2020-11-10,2049,KOEL,0.795
2020-11-10,2049,dizel,1.003
2020-11-10,2050,95,0.952
2020-11-10,2050,dizel,1.003
2020-11-10,2051,95,0.952
2020-11-10,2051,KOEL,0.795
2020-11-10,2051,dizel,1.003
2020-11-10,2052,100,1.101
2020-11-10,2052,95,0.952
2020-11-10,2052,dizel,1.003
2020-11-10,2053,95,0.952
2020-11-10,2053,KOEL,0.795
2020-11-10,2053,dizel,1.003
2020-11-10,2054,95,0.952
2020-11-10,2054,KOEL,0.795
2020-11-10,2054,dizel,1.003
2020-11-10,2055,95,0.952
2020-11-10,2055,dizel,1.003
2020-11-10,2056,100,1.101
2020-11-10,2056,95,0.952
2020-11-10,2056,dizel,1.003
2020-11-10,2057,95,0.952
2020-11-10,2057,dizel,1.003
2020-11-10,2058,95,0.952
2020-11-10,2058,dizel,1.003
2020-11-10,2059,100,1.151
2020-11-10,2059,95,0.982
2020-11-10,2059,avtoplin-lpg,0.598
2020-11-10,2059,dizel,1.026
2020-11-10,2059,dizel-premium,1.243
2020-11-10,2060,100,1.151
2020-11-10,2060,95,0.982
2020-11-10,2060,avtoplin-lpg,0.598
2020-11-10,2060,dizel,1.026
2020-11-10,2060,dizel-premium,1.243
2020-11-10,2061,100,1.101
2020-11-10,2061,95,0.952
2020-11-10,2061,KOEL,0.795
2020-11-10,2061,dizel,1.003
2020-11-10,2062,100,1.101
2020-11-10,2062,95,0.952
2020-11-10,2062,KOEL,0.795
2020-11-10,2062,dizel,1.003
2020-11-10,2063,100,1.101
2020-11-10,2063,95,0.952
2020-11-10,2063,dizel,1.003
2020-11-10,2064,100,1.101
2020-11-10,2064,95,0.952
2020-11-10,2064,KOEL,0.795
2020-11-10,2064,dizel,1.003
2020-11-10,2065,100,1.101
2020-11-10,2065,95,0.952
2020-11-10,2065,KOEL,0.795
2020-11-10,2065,dizel,1.003
2020-11-10,2066,95,0.952
2020-11-10,2066,KOEL,0.795
2020-11-10,2066,dizel,1.003
2020-11-10,2067,100,1.101
2020-11-10,2067,95,0.952
2020-11-10,2067,KOEL,0.795
2020-11-10,2067,dizel,1.003
2020-11-10,2068,95,0.952
2020-11-10,2068,dizel,1.003
2020-11-10,2069,100,1.101
2020-11-10,2069,95,0.952
2020-11-10,2069,dizel,1.003
2020-11-10,2070,100,1.101
2020-11-10,2070,95,0.952
2020-11-10,2070,KOEL,0.795
2020-11-10,2070,dizel,1.003
2020-11-10,2071,100,1.101
2020-11-10,2071,95,0.952
2020-11-10,2071,KOEL,0.795
2020-11-10,2071,avtoplin-lpg,0.598
2020-11-10,2071,dizel,1.003
2020-11-10,2072,95,0.952
2020-11-10,2072,KOEL,0.795
2020-11-10,2072,dizel,1.003
2020-11-10,2073,100,1.101
2020-11-10,2073,95,0.952
2020-11-10,2073,KOEL,0.795
2020-11-10,2073,dizel,1.003
2020-11-10,2074,100,1.101
2020-11-10,2074,95,0.952
2020-11-10,2074,KOEL,0.795
2020-11-10,2074,avtoplin-lpg,0.598
2020-11-10,2074,dizel,1.003
2020-11-10,2075,95,0.952
2020-11-10,2075,KOEL,0.795
2020-11-10,2075,dizel,1.003
2020-11-10,2076,95,0.952
2020-11-10,2076,KOEL,0.795
2020-11-10,2076,dizel,1.003
2020-11-10,2077,95,0.952
2020-11-10,2077,KOEL,0.795
2020-11-10,2077,dizel,1.003
2020-11-10,2078,95,0.952
2020-11-10,2078,KOEL,0.795
2020-11-10,2078,dizel,1.003
2020-11-10,2079,95,0.952
2020-11-10,2079,KOEL,0.795
2020-11-10,2079,dizel,1.003
2020-11-10,2080,100,1.101
2020-11-10,2080,95,0.952
2020-11-10,2080,KOEL,0.795
2020-11-10,2080,avtoplin-lpg,0.598
2020-11-10,2080,dizel,1.003
2020-11-10,2082,95,0.952
2020-11-10,2082,KOEL,0.795
2020-11-10,2082,dizel,1.003
2020-11-10,2083,95,0.952
2020-11-10,2083,KOEL,0.795
2020-11-10,2083,avtoplin-lpg,0.598
2020-11-10,2083,dizel,1.003
2020-11-10,2084,95,0.952
2020-11-10,2084,KOEL,0.795
2020-11-10,2084,dizel,1.003
2020-11-10,2085,95,0.952
2020-11-10,2085,dizel,1.003
2020-11-10,2086,95,0.952
2020-11-10,2086,KOEL,0.795
2020-11-10,2086,dizel,1.003
2020-11-10,2087,95,0.952
2020-11-10,2087,KOEL,0.795
2020-11-10,2087,dizel,1.003
2020-11-10,2088,100,1.151
2020-11-10,2088,95,0.982
2020-11-10,2088,avtoplin-lpg,0.598
2020-11-10,2088,dizel,1.026
2020-11-10,2088,dizel-premium,1.243
2020-11-10,2089,100,1.151
2020-11-10,2089,95,0.982
2020-11-10,2089,avtoplin-lpg,0.598
2020-11-10,2089,dizel,1.026
2020-11-10,2090,100,1.101
2020-11-10,2090,95,0.952
2020-11-10,2090,KOEL,0.795
2020-11-10,2090,dizel,1.003
2020-11-10,2091,100,1.101
2020-11-10,2091,95,0.952
2020-11-10,2091,KOEL,0.795
2020-11-10,2091,dizel,1.003
2020-11-10,2092,100,1.101
2020-11-10,2092,95,0.952
2020-11-10,2092,KOEL,0.795
2020-11-10,2092,avtoplin-lpg,0.598
2020-11-10,2092,dizel,1.003
2020-11-10,2093,95,0.952
2020-11-10,2093,KOEL,0.795
2020-11-10,2093,dizel,1.003
2020-11-10,2094,100,1.101
2020-11-10,2094,95,0.952
2020-11-10,2094,KOEL,0.795
2020-11-10,2094,avtoplin-lpg,0.598
2020-11-10,2094,dizel,1.003
2020-11-10,2095,100,1.151
2020-11-10,2095,95,0.982
2020-11-10,2095,dizel,1.026
2020-11-10,2095,dizel-premium,1.243
2020-11-10,2096,100,1.151
2020-11-10,2096,95,0.982
2020-11-10,2096,avtoplin-lpg,0.598
2020-11-10,2096,dizel,1.026
2020-11-10,2096,dizel-premium,1.243
2020-11-10,2097,95,0.952
2020-11-10,2097,KOEL,0.795
2020-11-10,2097,dizel,1.003
2020-11-10,2098,100,1.101
2020-11-10,2098,95,0.952
2020-11-10,2098,KOEL,0.795
2020-11-10,2098,avtoplin-lpg,0.598
2020-11-10,2098,dizel,1.003
2020-11-10,2099,100,1.101
2020-11-10,2099,95,0.952
2020-11-10,2099,KOEL,0.795
2020-11-10,2099,dizel,1.003
2020-11-10,2100,100,1.151
2020-11-10,2100,95,0.982
2020-11-10,2100,avtoplin-lpg,0.598
2020-11-10,2100,dizel,1.026
2020-11-10,2101,100,1.151
2020-11-10,2101,95,0.982
2020-11-10,2101,avtoplin-lpg,0.598
2020-11-10,2101,dizel,1.026
2020-11-10,2102,95,0.952
2020-11-10,2102,KOEL,0.795
2020-11-10,2102,dizel,1.003
2020-11-10,2103,95,0.952
2020-11-10,2103,KOEL,0.795
2020-11-10,2103,dizel,1.003
2020-11-10,2104,100,1.101
2020-11-10,2104,95,0.952
2020-11-10,2104,KOEL,0.795
2020-11-10,2104,dizel,1.003
2020-11-10,2105,95,0.952
2020-11-10,2105,KOEL,0.795
2020-11-10,2105,dizel,1.003
2020-11-10,2106,95,0.952
2020-11-10,2106,KOEL,0.795
2020-11-10,2106,dizel,1.003
2020-11-10,2107,95,0.952
2020-11-10,2107,KOEL,0.795
2020-11-10,2107,dizel,1.003
2020-11-10,2108,100,1.101
2020-11-10,2108,95,0.952
2020-11-10,2108,KOEL,0.795
2020-11-10,2108,dizel,1.003
2020-11-10,2109,95,0.952
2020-11-10,2109,KOEL,0.795
2020-11-10,2109,dizel,1.003
2020-11-10,2110,100,1.101
2020-11-10,2110,95,0.952
2020-11-10,2110,avtoplin-lpg,0.598
2020-11-10,2110,dizel,1.003
2020-11-10,2111,100,1.101
2020-11-10,2111,95,0.952
2020-11-10,2111,KOEL,0.795
2020-11-10,2111,dizel,1.003
2020-11-10,2112,100,1.101
2020-11-10,2112,95,0.952
2020-11-10,2112,dizel,1.003
2020-11-10,2113,95,0.952
2020-11-10,2113,dizel,1.003
2020-11-10,2114,95,0.952
2020-11-10,2114,KOEL,0.795
2020-11-10,2114,dizel,1.003
2020-11-10,2115,100,1.101
2020-11-10,2115,95,0.952
2020-11-10,2115,KOEL,0.795
2020-11-10,2115,dizel,1.003
2020-11-10,2116,95,0.952
2020-11-10,2116,KOEL,0.795
2020-11-10,2116,dizel,1.003
2020-11-10,2117,100,1.101
2020-11-10,2117,95,0.952
2020-11-10,2117,dizel,1.003
2020-11-10,2118,95,0.952
2020-11-10,2118,dizel,1.003
2020-11-10,2119,100,1.101
2020-11-10,2119,95,0.952
2020-11-10,2119,KOEL,0.795
2020-11-10,2119,avtoplin-lpg,0.598
2020-11-10,2119,dizel,1.003
2020-11-10,2120,100,1.151
2020-11-10,2120,95,0.982
2020-11-10,2120,avtoplin-lpg,0.598
2020-11-10,2120,dizel,1.026
2020-11-10,2121,100,1.101
2020-11-10,2121,95,0.952
2020-11-10,2121,KOEL,0.795
2020-11-10,2121,dizel,1.003
2020-11-10,2122,100,1.101
2020-11-10,2122,95,0.952
2020-11-10,2122,KOEL,0.795
2020-11-10,2122,dizel,1.003
2020-11-10,2123,100,1.151
2020-11-10,2123,95,0.982
2020-11-10,2123,avtoplin-lpg,0.598
2020-11-10,2123,dizel,1.026
2020-11-10,2124,95,0.952
2020-11-10,2124,KOEL,0.795
2020-11-10,2124,dizel,1.003
2020-11-10,2125,100,1.101
2020-11-10,2125,95,0.952
2020-11-10,2125,KOEL,0.795
2020-11-10,2125,dizel,1.003
2020-11-10,2126,100,1.101
2020-11-10,2126,95,0.952
2020-11-10,2126,avtoplin-lpg,0.598
2020-11-10,2126,dizel,1.003
2020-11-10,2127,95,0.952
2020-11-10,2127,KOEL,0.795
2020-11-10,2127,dizel,1.003
2020-11-10,2128,100,1.101
2020-11-10,2128,95,0.952
2020-11-10,2128,dizel,1.003
2020-11-10,2129,95,0.952
2020-11-10,2129,dizel,1.003
2020-11-10,2130,100,1.101
2020-11-10,2130,95,0.952
2020-11-10,2130,dizel,1.003
2020-11-10,2131,100,1.101
2020-11-10,2131,95,0.952
2020-11-10,2131,KOEL,0.795
2020-11-10,2131,avtoplin-lpg,0.598
2020-11-10,2131,dizel,1.003
2020-11-10,2132,100,1.101
2020-11-10,2132,95,0.952
2020-11-10,2132,KOEL,0.795
2020-11-10,2132,avtoplin-lpg,0.598
2020-11-10,2132,dizel,1.003
2020-11-10,2133,100,1.101
2020-11-10,2133,95,0.952
2020-11-10,2133,avtoplin-lpg,0.598
2020-11-10,2133,dizel,1.003
2020-11-10,2134,100,1.101
2020-11-10,2134,95,0.952
2020-11-10,2134,avtoplin-lpg,0.598
2020-11-10,2134,dizel,1.003
2020-11-10,2135,100,1.101
2020-11-10,2135,95,0.952
2020-11-10,2135,avtoplin-lpg,0.598
2020-11-10,2135,dizel,1.003
2020-11-10,2136,100,1.101
2020-11-10,2136,95,0.952
2020-11-10,2136,avtoplin-lpg,0.598
2020-11-10,2136,dizel,1.003
2020-11-10,2137,100,1.101
2020-11-10,2137,95,0.952
2020-11-10,2137,KOEL,0.795
2020-11-10,2137,dizel,1.003
2020-11-10,2138,100,1.101
2020-11-10,2138,95,0.952
2020-11-10,2138,avtoplin-lpg,0.598
2020-11-10,2138,dizel,1.003
2020-11-10,2139,100,1.101
2020-11-10,2139,95,0.952
2020-11-10,2139,KOEL,0.795
2020-11-10,2139,avtoplin-lpg,0.598
2020-11-10,2139,dizel,1.003
2020-11-10,2140,95,0.952
2020-11-10,2140,KOEL,0.795
2020-11-10,2140,dizel,1.003
2020-11-10,2141,100,1.151
2020-11-10,2141,95,0.982
2020-11-10,2141,dizel,1.026
2020-11-10,2142,95,0.952
2020-11-10,2142,KOEL,0.795
2020-11-10,2142,dizel,1.003
2020-11-10,2143,95,0.952
2020-11-10,2143,KOEL,0.795
2020-11-10,2143,dizel,1.003
2020-11-10,2144,100,1.101
2020-11-10,2144,95,0.952
2020-11-10,2144,KOEL,0.795
2020-11-10,2144,avtoplin-lpg,0.598
2020-11-10,2144,dizel,1.003
2020-11-10,2145,100,1.101
2020-11-10,2145,95,0.952
2020-11-10,2145,KOEL,0.795
2020-11-10,2145,dizel,1.003
2020-11-10,2146,100,1.101
2020-11-10,2146,95,0.952
2020-11-10,2146,KOEL,0.795
2020-11-10,2146,dizel,1.003
2020-11-10,2147,100,1.101
2020-11-10,2147,95,0.952
2020-11-10,2147,KOEL,0.795
2020-11-10,2147,avtoplin-lpg,0.598
2020-11-10,2147,dizel,1.003
2020-11-10,2148,100,1.101
2020-11-10,2148,95,0.952
2020-11-10,2148,KOEL,0.795
2020-11-10,2148,dizel,1.003
2020-11-10,2149,100,1.101
2020-11-10,2149,95,0.952
2020-11-10,2149,KOEL,0.795
2020-11-10,2149,dizel,1.003
2020-11-10,2150,100,1.101
2020-11-10,2150,95,0.952
2020-11-10,2150,KOEL,0.795
2020-11-10,2150,dizel,1.003
2020-11-10,2151,95,0.952
2020-11-10,2151,KOEL,0.795
2020-11-10,2151,dizel,1.003
2020-11-10,2152,95,0.952
2020-11-10,2152,KOEL,0.795
2020-11-10,2152,dizel,1.003
2020-11-10,2153,95,0.952
2020-11-10,2153,KOEL,0.795
2020-11-10,2153,dizel,1.003
2020-11-10,2154,95,0.952
2020-11-10,2154,KOEL,0.795
2020-11-10,2154,dizel,1.003
2020-11-10,2155,95,0.952
2020-11-10,2155,KOEL,0.795
2020-11-10,2155,dizel,1.003
2020-11-10,2156,95,0.952
2020-11-10,2156,KOEL,0.795
2020-11-10,2156,dizel,1.003
2020-11-10,2157,95,0.952
2020-11-10,2157,KOEL,0.795
2020-11-10,2157,dizel,1.003
2020-11-10,2158,100,1.101
2020-11-10,2158,95,0.952
2020-11-10,2158,KOEL,0.795
2020-11-10,2158,avtoplin-lpg,0.598
2020-11-10,2158,dizel,1.003
2020-11-10,2159,95,0.952
2020-11-10,2159,KOEL,0.795
2020-11-10,2159,dizel,1.003
2020-11-10,2160,95,0.952
2020-11-10,2160,KOEL,0.795
2020-11-10,2160,dizel,1.003
2020-11-10,2161,100,1.101
2020-11-10,2161,95,0.952
2020-11-10,2161,KOEL,0.795
2020-11-10,2161,dizel,1.003
2020-11-10,2162,100,1.151
2020-11-10,2162,95,0.982
2020-11-10,2162,dizel,1.026
2020-11-10,2163,100,1.101
2020-11-10,2163,95,0.952
2020-11-10,2163,KOEL,0.795
2020-11-10,2163,dizel,1.003
2020-11-10,2164,100,1.101
2020-11-10,2164,95,0.952
2020-11-10,2164,KOEL,0.795
2020-11-10,2164,avtoplin-lpg,0.598
2020-11-10,2164,dizel,1.003
2020-11-10,2165,95,0.952
2020-11-10,2165,KOEL,0.795
2020-11-10,2165,dizel,1.003
2020-11-10,2166,100,1.101
2020-11-10,2166,95,0.952
2020-11-10,2166,KOEL,0.795
2020-11-10,2166,dizel,1.003
2020-11-10,2167,100,1.101
2020-11-10,2167,95,0.952
2020-11-10,2167,dizel,1.003
2020-11-10,2168,100,1.101
2020-11-10,2168,95,0.952
2020-11-10,2168,KOEL,0.795
2020-11-10,2168,avtoplin-lpg,0.598
2020-11-10,2168,dizel,1.003
2020-11-10,2169,95,0.952
2020-11-10,2169,KOEL,0.795
2020-11-10,2169,dizel,1.003
2020-11-10,2170,95,0.952
2020-11-10,2170,KOEL,0.795
2020-11-10,2170,dizel,1.003
2020-11-10,2171,100,1.101
2020-11-10,2171,95,0.952
2020-11-10,2171,KOEL,0.795
2020-11-10,2171,dizel,1.003
2020-11-10,2172,100,1.101
2020-11-10,2172,95,0.952
2020-11-10,2172,avtoplin-lpg,0.598
2020-11-10,2172,dizel,1.003
2020-11-10,2173,95,0.952
2020-11-10,2173,KOEL,0.795
2020-11-10,2173,dizel,1.003
2020-11-10,2174,100,1.101
2020-11-10,2174,95,0.952
2020-11-10,2174,KOEL,0.795
2020-11-10,2174,dizel,1.003
2020-11-10,2175,100,1.151
2020-11-10,2175,95,0.982
2020-11-10,2175,avtoplin-lpg,0.598
2020-11-10,2175,dizel,1.026
2020-11-10,2176,100,1.151
2020-11-10,2176,95,0.982
2020-11-10,2176,avtoplin-lpg,0.598
2020-11-10,2176,dizel,1.026
2020-11-10,2177,95,0.952
2020-11-10,2177,KOEL,0.795
2020-11-10,2177,dizel,1.003
2020-11-10,2178,100,1.101
2020-11-10,2178,95,0.952
2020-11-10,2178,KOEL,0.795
2020-11-10,2178,dizel,1.003
2020-11-10,2179,95,0.952
2020-11-10,2179,KOEL,0.795
2020-11-10,2179,dizel,1.003
2020-11-10,2180,95,0.952
2020-11-10,2180,KOEL,0.795
2020-11-10,2180,dizel,1.003
2020-11-10,2181,95,0.952
2020-11-10,2181,KOEL,0.795
2020-11-10,2181,dizel,1.003
2020-11-10,2182,95,0.952
2020-11-10,2182,KOEL,0.795
2020-11-10,2182,dizel,1.003
2020-11-10,2183,95,0.952
2020-11-10,2183,dizel,1.003
2020-11-10,2184,95,0.952
2020-11-10,2184,KOEL,0.795
2020-11-10,2184,dizel,1.003
2020-11-10,2185,95,0.952
2020-11-10,2185,KOEL,0.795
2020-11-10,2185,dizel,1.003
2020-11-10,2186,100,1.101
2020-11-10,2186,95,0.952
2020-11-10,2186,KOEL,0.795
2020-11-10,2186,dizel,1.003
2020-11-10,2187,100,1.101
2020-11-10,2187,95,0.952
2020-11-10,2187,KOEL,0.795
2020-11-10,2187,dizel,1.003
2020-11-10,2188,100,1.101
2020-11-10,2188,95,0.952
2020-11-10,2188,KOEL,0.795
2020-11-10,2188,dizel,1.003
2020-11-10,2189,95,0.952
2020-11-10,2189,KOEL,0.795
2020-11-10,2189,dizel,1.003
2020-11-10,2190,100,1.101
2020-11-10,2190,95,0.952
2020-11-10,2190,KOEL,0.795
2020-11-10,2190,dizel,1.003
2020-11-10,2191,100,1.101
2020-11-10,2191,95,0.952
2020-11-10,2191,KOEL,0.795
2020-11-10,2191,dizel,1.003
2020-11-10,2192,100,1.101
2020-11-10,2192,95,0.952
2020-11-10,2192,KOEL,0.795
2020-11-10,2192,dizel,1.003
2020-11-10,2193,95,0.952
2020-11-10,2193,KOEL,0.795
2020-11-10,2193,dizel,1.003
2020-11-10,2194,100,1.101
2020-11-10,2194,95,0.952
2020-11-10,2194,dizel,1.003
2020-11-10,2195,100,1.101
2020-11-10,2195,95,0.952
2020-11-10,2195,KOEL,0.795
2020-11-10,2195,dizel,1.003
2020-11-10,2196,100,1.101
2020-11-10,2196,95,0.952
2020-11-10,2196,KOEL,0.795
2020-11-10,2196,dizel,1.003
2020-11-10,2197,100,1.101
2020-11-10,2197,95,0.952
2020-11-10,2197,avtoplin-lpg,0.598
2020-11-10,2197,dizel,1.003
2020-11-10,2198,100,1.101
2020-11-10,2198,95,0.952
2020-11-10,2198,KOEL,0.795
2020-11-10,2198,dizel,1.003
2020-11-10,2199,100,1.101
2020-11-10,2199,95,0.952
2020-11-10,2199,dizel,1.003
2020-11-10,2200,100,1.101
2020-11-10,2200,95,0.952
2020-11-10,2200,avtoplin-lpg,0.598
2020-11-10,2200,dizel,1.003
2020-11-10,2201,100,1.151
2020-11-10,2201,95,0.982
2020-11-10,2201,avtoplin-lpg,0.598
2020-11-10,2201,dizel,1.026
2020-11-10,2202,100,1.151
2020-11-10,2202,95,0.982
2020-11-10,2202,avtoplin-lpg,0.598
2020-11-10,2202,dizel,1.026
2020-11-10,2203,95,0.952
2020-11-10,2203,KOEL,0.795
2020-11-10,2203,dizel,1.003
2020-11-10,2204,100,1.101
2020-11-10,2204,95,0.952
2020-11-10,2204,dizel,1.003
2020-11-10,2205,100,1.101
2020-11-10,2205,95,0.952
2020-11-10,2205,KOEL,0.795
2020-11-10,2205,dizel,1.003
2020-11-10,2206,100,1.101
2020-11-10,2206,95,0.952
2020-11-10,2206,KOEL,0.795
2020-11-10,2206,dizel,1.003
2020-11-10,2207,100,1.101
2020-11-10,2207,95,0.952
2020-11-10,2207,avtoplin-lpg,0.598
2020-11-10,2207,dizel,1.003
2020-11-10,2208,95,0.952
2020-11-10,2208,KOEL,0.795
2020-11-10,2208,dizel,1.003
2020-11-10,2209,95,0.952
2020-11-10,2209,KOEL,0.795
2020-11-10,2209,dizel,1.003
2020-11-10,2210,100,1.101
2020-11-10,2210,95,0.952
2020-11-10,2210,KOEL,0.795
2020-11-10,2210,dizel,1.003
2020-11-10,2211,95,0.952
2020-11-10,2211,KOEL,0.795
2020-11-10,2211,dizel,1.003
2020-11-10,2212,100,1.101
2020-11-10,2212,95,0.952
2020-11-10,2212,KOEL,0.795
2020-11-10,2212,avtoplin-lpg,0.598
2020-11-10,2212,dizel,1.003
2020-11-10,2213,95,0.952
2020-11-10,2213,KOEL,0.795
2020-11-10,2213,dizel,1.003
2020-11-10,2214,95,0.952
2020-11-10,2214,KOEL,0.795
2020-11-10,2214,avtoplin-lpg,0.598
2020-11-10,2214,dizel,1.003
2020-11-10,2215,100,1.101
2020-11-10,2215,95,0.952
2020-11-10,2215,KOEL,0.795
2020-11-10,2215,dizel,1.003
2020-11-10,2216,100,1.151
2020-11-10,2216,95,0.982
2020-11-10,2216,avtoplin-lpg,0.598
2020-11-10,2216,dizel,1.026
2020-11-10,2216,dizel-premium,1.243
2020-11-10,2217,100,1.101
2020-11-10,2217,95,0.952
2020-11-10,2217,KOEL,0.795
2020-11-10,2217,dizel,1.003
2020-11-10,2218,100,1.101
2020-11-10,2218,95,0.952
2020-11-10,2218,KOEL,0.795
2020-11-10,2218,avtoplin-lpg,0.598
2020-11-10,2218,dizel,1.003
2020-11-10,2219,95,0.952
2020-11-10,2219,KOEL,0.795
2020-11-10,2219,dizel,1.003
2020-11-10,2220,100,1.101
2020-11-10,2220,95,0.952
2020-11-10,2220,KOEL,0.795
2020-11-10,2220,avtoplin-lpg,0.598
2020-11-10,2220,dizel,1.003
2020-11-10,2221,100,1.101
2020-11-10,2221,95,0.952
2020-11-10,2221,KOEL,0.795
2020-11-10,2221,dizel,1.003
2020-11-10,2222,100,1.101
2020-11-10,2222,95,0.952
2020-11-10,2222,KOEL,0.795
2020-11-10,2222,dizel,1.003
2020-11-10,2223,95,0.952
2020-11-10,2223,KOEL,0.795
2020-11-10,2223,dizel,1.003
2020-11-10,2224,95,0.952
2020-11-10,2224,KOEL,0.795
2020-11-10,2224,dizel,1.003
2020-11-10,2225,100,1.101
2020-11-10,2225,95,0.952
2020-11-10,2225,KOEL,0.795
2020-11-10,2225,dizel,1.003
2020-11-10,2227,100,1.101
2020-11-10,2227,95,0.952
2020-11-10,2227,avtoplin-lpg,0.598
2020-11-10,2227,dizel,1.003
2020-11-10,2228,100,1.101
2020-11-10,2228,95,0.952
2020-11-10,2228,KOEL,0.795
2020-11-10,2228,avtoplin-lpg,0.598
2020-11-10,2228,dizel,1.003
2020-11-10,2229,100,1.151
2020-11-10,2229,95,0.982
2020-11-10,2229,avtoplin-lpg,0.598
2020-11-10,2229,dizel,1.026
2020-11-10,2229,dizel-premium,1.243
2020-11-10,2230,100,1.151
2020-11-10,2230,95,0.982
2020-11-10,2230,avtoplin-lpg,0.598
2020-11-10,2230,dizel,1.026
2020-11-10,2230,dizel-premium,1.243
2020-11-10,2231,100,1.151
2020-11-10,2231,95,0.982
2020-11-10,2231,avtoplin-lpg,0.598
2020-11-10,2231,dizel,1.026
2020-11-10,2231,dizel-premium,1.243
2020-11-10,2232,100,1.151
2020-11-10,2232,95,0.982
2020-11-10,2232,avtoplin-lpg,0.598
2020-11-10,2232,dizel,1.026
2020-11-10,2232,dizel-premium,1.243
2020-11-10,2233,100,1.101
2020-11-10,2233,95,0.952
2020-11-10,2233,avtoplin-lpg,0.598
2020-11-10,2233,dizel,1.003
2020-11-10,2236,100,1.109
2020-11-10,2236,dizel,1.004
2020-11-10,2236,dizel-premium,1.159
2020-11-10,2271,100,1.109
2020-11-10,2271,dizel,1.004
2020-11-10,2271,dizel-premium,1.159
2020-11-10,2272,100,1.101
2020-11-10,2272,95,0.952
2020-11-10,2272,avtoplin-lpg,0.598
2020-11-10,2272,dizel,1.003
2020-11-10,2273,dizel,1.003
2020-11-10,2274,dizel,1.003
2020-11-10,2275,dizel,1.003
2020-11-10,2276,dizel,1.003
2020-11-10,2297,dizel,1.003
2020-11-10,2299,dizel,1.003
2020-11-10,2302,100,1.096
2020-11-10,2302,95,0.956
2020-11-10,2302,KOEL,0.775
2020-11-10,2302,avtoplin-lpg,0.571
2020-11-10,2302,dizel,1.004
2020-11-10,2303,95,0.956
2020-11-10,2303,KOEL,0.775
2020-11-10,2303,avtoplin-lpg,0.571
2020-11-10,2303,dizel,1.004
2020-11-10,2304,100,1.096
2020-11-10,2304,95,0.956
2020-11-10,2304,KOEL,0.775
2020-11-10,2304,avtoplin-lpg,0.571
2020-11-10,2304,dizel,1.004
2020-11-10,2305,100,1.096
2020-11-10,2305,95,0.956
2020-11-10,2305,KOEL,0.775
2020-11-10,2305,avtoplin-lpg,0.571
2020-11-10,2305,dizel,1.004
2020-11-10,2306,100,1.096
2020-11-10,2306,95,0.956
2020-11-10,2306,KOEL,0.775
2020-11-10,2306,avtoplin-lpg,0.571
2020-11-10,2306,dizel,1.004
2020-11-10,2307,95,0.956
2020-11-10,2307,avtoplin-lpg,0.571
2020-11-10,2307,dizel,1.004
2020-11-10,2308,dizel,1.004
2020-11-10,2309,dizel,1.004
2020-11-10,2310,dizel,1.004
2020-11-10,2315,95,0.952
2020-11-10,2315,dizel,1.003
2020-11-10,2318,dizel,1.003
2020-11-11,767,KOEL,0.794
2020-11-11,768,100,1.159
2020-11-11,771,KOEL,0.794
2020-11-11,773,KOEL,0.794
2020-11-11,776,KOEL,0.794
2020-11-11,777,100,1.169
2020-11-11,778,100,1.169
2020-11-11,779,KOEL,0.794
2020-11-11,780,KOEL,0.794
2020-11-11,781,100,1.169
2020-11-11,781,avtoplin-lpg,0.599
2020-11-11,782,100,1.169
2020-11-11,782,avtoplin-lpg,0.599
2020-11-11,783,KOEL,0.794
2020-11-11,789,avtoplin-lpg,0.597
2020-11-11,790,100,1.169
2020-11-11,791,100,1.169
2020-11-11,791,avtoplin-lpg,0.599
2020-11-11,792,KOEL,0.794
2020-11-11,793,100,1.169
2020-11-11,793,avtoplin-lpg,0.599
2020-11-11,795,KOEL,0.794
2020-11-11,796,100,1.169
2020-11-11,796,avtoplin-lpg,0.599
2020-11-11,797,KOEL,0.794
2020-11-11,799,KOEL,0.794
2020-11-11,803,KOEL,0.794
2020-11-11,804,100,1.159
2020-11-11,804,avtoplin-lpg,0.599
2020-11-11,805,100,1.159
2020-11-11,805,KOEL,0.794
2020-11-11,807,KOEL,0.794
2020-11-11,810,KOEL,0.794
2020-11-11,814,KOEL,0.794
2020-11-11,815,KOEL,0.794
2020-11-11,821,KOEL,0.794
2020-11-11,823,100,1.169
2020-11-11,826,KOEL,0.794
2020-11-11,828,100,1.169
2020-11-11,828,avtoplin-lpg,0.599
2020-11-11,829,KOEL,0.794
2020-11-11,831,KOEL,0.794
2020-11-11,834,KOEL,0.794
2020-11-11,835,KOEL,0.794
2020-11-11,837,100,1.169
2020-11-11,838,KOEL,0.794
2020-11-11,842,KOEL,0.794
2020-11-11,843,KOEL,0.794
2020-11-11,844,100,1.169
2020-11-11,844,avtoplin-lpg,0.599
2020-11-11,845,100,1.169
2020-11-11,845,avtoplin-lpg,0.599
2020-11-11,846,KOEL,0.794
2020-11-11,847,avtoplin-lpg,0.599
2020-11-11,848,avtoplin-lpg,0.599
2020-11-11,856,avtoplin-lpg,0.597
2020-11-11,857,KOEL,0.794
2020-11-11,858,KOEL,0.794
2020-11-11,860,KOEL,0.794
2020-11-11,861,100,1.169
2020-11-11,861,avtoplin-lpg,0.599
2020-11-11,862,KOEL,0.794
2020-11-11,863,100,1.159
2020-11-11,863,KOEL,0.794
2020-11-11,863,avtoplin-lpg,0.599
2020-11-11,864,100,1.159
2020-11-11,865,KOEL,0.794
2020-11-11,869,KOEL,0.794
2020-11-11,871,KOEL,0.794
2020-11-11,874,KOEL,0.794
2020-11-11,875,KOEL,0.794
2020-11-11,1548,100,1.105
2020-11-11,1548,95,0.955
2020-11-11,1548,dizel,1.003
2020-11-11,1548,dizel-premium,1.149
2020-11-11,1549,100,1.105
2020-11-11,1549,95,0.955
2020-11-11,1549,dizel,1.003
2020-11-11,1549,dizel-premium,1.149
2020-11-11,1550,100,1.105
2020-11-11,1550,95,0.955
2020-11-11,1550,dizel,1.003
2020-11-11,1550,dizel-premium,1.149
2020-11-11,1551,100,1.105
2020-11-11,1551,95,0.955
2020-11-11,1551,dizel,1.003
2020-11-11,1551,dizel-premium,1.149
2020-11-11,1552,100,1.105
2020-11-11,1552,95,0.955
2020-11-11,1552,dizel,1.003
2020-11-11,1552,dizel-premium,1.149
2020-11-11,1553,100,1.105
2020-11-11,1553,95,0.955
2020-11-11,1553,dizel,1.003
2020-11-11,1554,100,1.105
2020-11-11,1554,95,0.955
2020-11-11,1554,dizel,1.003
2020-11-11,1554,dizel-premium,1.149
2020-11-11,1555,100,1.105
2020-11-11,1555,95,0.955
2020-11-11,1555,dizel,1.003
2020-11-11,1555,dizel-premium,1.149
2020-11-11,1556,100,1.105
2020-11-11,1556,95,0.955
2020-11-11,1556,dizel,1.003
2020-11-11,1556,dizel-premium,1.149
2020-11-11,1557,100,1.105
2020-11-11,1557,95,0.955
2020-11-11,1557,dizel,1.003
2020-11-11,1557,dizel-premium,1.149
2020-11-11,1558,100,1.105
2020-11-11,1558,95,0.955
2020-11-11,1558,dizel,1.003
2020-11-11,1558,dizel-premium,1.149
2020-11-11,1559,100,1.155
2020-11-11,1559,95,0.989
2020-11-11,1559,dizel,1.026
2020-11-11,1559,dizel-premium,1.245
2020-11-11,1560,100,1.105
2020-11-11,1560,95,0.955
2020-11-11,1560,dizel,1.003
2020-11-11,1561,100,1.105
2020-11-11,1561,95,0.955
2020-11-11,1561,KOEL,0.795
2020-11-11,1561,dizel,1.003
2020-11-11,1562,100,1.105
2020-11-11,1562,95,0.955
2020-11-11,1562,dizel,1.003
2020-11-11,1563,100,1.105
2020-11-11,1563,95,0.955
2020-11-11,1563,dizel,1.003
2020-11-11,1564,100,1.105
2020-11-11,1564,95,0.955
2020-11-11,1564,KOEL,0.795
2020-11-11,1564,dizel,1.003
2020-11-11,1564,dizel-premium,1.149
2020-11-11,1565,100,1.105
2020-11-11,1565,95,0.955
2020-11-11,1565,dizel,1.003
2020-11-11,1566,100,1.105
2020-11-11,1566,95,0.955
2020-11-11,1566,dizel,1.003
2020-11-11,1567,100,1.105
2020-11-11,1567,95,0.955
2020-11-11,1567,dizel,1.003
2020-11-11,1568,100,1.155
2020-11-11,1568,95,0.989
2020-11-11,1568,dizel,1.026
2020-11-11,1568,dizel-premium,1.245
2020-11-11,1569,100,1.105
2020-11-11,1569,95,0.955
2020-11-11,1569,dizel,1.003
2020-11-11,1570,100,1.105
2020-11-11,1570,95,0.955
2020-11-11,1570,dizel,1.003
2020-11-11,1571,100,1.105
2020-11-11,1571,95,0.955
2020-11-11,1571,dizel,1.003
2020-11-11,1572,100,1.105
2020-11-11,1572,95,0.955
2020-11-11,1572,dizel,1.003
2020-11-11,1573,100,1.105
2020-11-11,1573,95,0.955
2020-11-11,1573,dizel,1.003
2020-11-11,1574,100,1.105
2020-11-11,1574,95,0.955
2020-11-11,1574,dizel,1.003
2020-11-11,1575,100,1.105
2020-11-11,1575,95,0.955
2020-11-11,1575,dizel,1.003
2020-11-11,1576,100,1.105
2020-11-11,1576,95,0.955
2020-11-11,1576,dizel,1.003
2020-11-11,1577,100,1.105
2020-11-11,1577,95,0.955
2020-11-11,1577,dizel,1.003
2020-11-11,1578,100,1.105
2020-11-11,1578,95,0.955
2020-11-11,1578,dizel,1.003
2020-11-11,1579,100,1.105
2020-11-11,1579,95,0.955
2020-11-11,1579,dizel,1.003
2020-11-11,1580,100,1.105
2020-11-11,1580,95,0.955
2020-11-11,1580,dizel,1.003
2020-11-11,1581,100,1.105
2020-11-11,1581,95,0.955
2020-11-11,1581,dizel,1.003
2020-11-11,1582,100,1.105
2020-11-11,1582,95,0.955
2020-11-11,1582,KOEL,0.795
2020-11-11,1582,dizel,1.003
2020-11-11,1583,100,1.105
2020-11-11,1583,95,0.955
2020-11-11,1583,KOEL,0.795
2020-11-11,1583,dizel,1.003
2020-11-11,1584,100,1.105
2020-11-11,1584,95,0.955
2020-11-11,1584,KOEL,0.795
2020-11-11,1584,dizel,1.003
2020-11-11,1585,100,1.105
2020-11-11,1585,95,0.955
2020-11-11,1585,KOEL,0.795
2020-11-11,1585,dizel,1.003
2020-11-11,1585,dizel-premium,1.149
2020-11-11,1586,100,1.105
2020-11-11,1586,95,0.955
2020-11-11,1586,KOEL,0.795
2020-11-11,1586,dizel,1.003
2020-11-11,1587,100,1.105
2020-11-11,1587,95,0.955
2020-11-11,1587,KOEL,0.795
2020-11-11,1587,dizel,1.003
2020-11-11,1588,100,1.105
2020-11-11,1588,95,0.955
2020-11-11,1588,KOEL,0.795
2020-11-11,1588,dizel,1.003
2020-11-11,1588,dizel-premium,1.149
2020-11-11,1589,100,1.105
2020-11-11,1589,95,0.955
2020-11-11,1589,dizel,1.003
2020-11-11,1589,dizel-premium,1.149
2020-11-11,1590,100,1.105
2020-11-11,1590,95,0.955
2020-11-11,1590,dizel,1.003
2020-11-11,1591,100,1.105
2020-11-11,1591,95,0.955
2020-11-11,1591,dizel,1.003
2020-11-11,1592,100,1.105
2020-11-11,1592,95,0.955
2020-11-11,1592,KOEL,0.795
2020-11-11,1592,dizel,1.003
2020-11-11,1593,100,1.105
2020-11-11,1593,95,0.955
2020-11-11,1593,dizel,1.003
2020-11-11,2234,100,1.105
2020-11-11,2234,95,0.955
2020-11-11,2234,dizel,1.003
2020-11-11,2234,dizel-premium,1.149
2020-11-11,2235,100,1.105
2020-11-11,2235,95,0.955
2020-11-11,2235,dizel,1.003
2020-11-11,2235,dizel-premium,1.149
2020-11-11,2236,avtoplin-lpg,0.597
2020-11-11,2237,dizel,1.004
2020-11-11,2238,dizel,1.004
2020-11-11,2239,dizel,1.004
2020-11-11,2240,dizel,1.004
2020-11-11,2241,dizel,1.004
2020-11-11,2242,dizel,1.004
2020-11-11,2243,dizel,1.004
2020-11-11,2244,dizel,1.004
2020-11-11,2245,dizel,1.004
2020-11-11,2246,dizel,1.004
2020-11-11,2247,dizel,1.004
2020-11-11,2248,dizel,1.004
2020-11-11,2249,dizel,1.004
2020-11-11,2250,dizel,1.004
2020-11-11,2251,dizel,1.004
2020-11-11,2252,dizel,1.004
2020-11-11,2253,dizel,1.004
2020-11-11,2254,dizel,1.004
2020-11-11,2255,dizel,1.004
2020-11-11,2256,dizel,1.004
2020-11-11,2257,dizel,1.004
2020-11-11,2267,100,1.101
2020-11-11,2267,95,0.947
2020-11-11,2267,KOEL,0.790
2020-11-11,2267,dizel,0.998
2020-11-11,2268,100,1.101
2020-11-11,2268,95,0.952
2020-11-11,2268,KOEL,0.795
2020-11-11,2268,dizel,1.003
2020-11-11,2271,avtoplin-lpg,0.597
2020-11-11,2283,100,1.105
2020-11-11,2283,95,0.955
2020-11-11,2283,KOEL,0.795
2020-11-11,2283,dizel,1.003
2020-11-11,2283,dizel-premium,1.149
2020-11-11,2284,100,1.105
2020-11-11,2284,95,0.955
2020-11-11,2284,KOEL,0.795
2020-11-11,2284,dizel,1.003
2020-11-11,2284,dizel-premium,1.149
2020-11-11,2285,100,1.105
2020-11-11,2285,95,0.955
2020-11-11,2285,KOEL,0.795
2020-11-11,2285,dizel,1.003
2020-11-11,2285,dizel-premium,1.149
2020-11-11,2286,100,1.105
2020-11-11,2286,95,0.955
2020-11-11,2286,KOEL,0.795
2020-11-11,2286,dizel,1.003
2020-11-11,2286,dizel-premium,1.149
2020-11-11,2287,100,1.105
2020-11-11,2287,95,0.955
2020-11-11,2287,KOEL,0.795
2020-11-11,2287,dizel,1.003
2020-11-11,2287,dizel-premium,1.149
2020-11-11,2288,dizel,0.974
2020-11-11,2289,dizel,0.974
2020-11-11,2290,dizel,0.974
2020-11-11,2291,dizel,0.974
2020-11-11,2292,dizel,0.974
2020-11-11,2293,dizel,0.974
2020-11-11,2294,dizel,0.974
2020-11-11,2295,dizel,0.974
2020-11-11,2302,95,0.952
2020-11-11,2302,KOEL,0.793
2020-11-11,2302,dizel,1.003
2020-11-11,2303,95,0.952
2020-11-11,2303,KOEL,0.793
2020-11-11,2303,dizel,1.003
2020-11-11,2304,95,0.952
2020-11-11,2304,KOEL,0.793
2020-11-11,2304,dizel,1.003
2020-11-11,2305,95,0.952
2020-11-11,2305,dizel,1.003
2020-11-11,2306,95,0.952
2020-11-11,2306,KOEL,0.793
2020-11-11,2306,dizel,1.003
2020-11-11,2307,95,0.952
2020-11-11,2307,dizel,1.003
2020-11-11,2314,KOEL,0.791
2020-11-11,2314,dizel,0.998
2020-11-11,2319,KOEL,0.793
2020-11-11,2319,dizel,1.003
2020-11-11,2320,KOEL,0.795
2020-11-11,2320,dizel,1.003
2020-11-12,2311,95,0.959
2020-11-12,2311,KOEL,0.794
2020-11-12,2311,avtoplin-lpg,0.598
2020-11-12,2311,dizel,1.004
2020-11-12,2314,95,0.950
2020-11-13,2316,95,0.959
2020-11-13,2316,dizel,1.003
2020-11-13,2317,95,0.959
2020-11-13,2317,dizel,1.003
2020-11-15,777,100,1.159
2020-11-15,777,95,0.999
2020-11-15,777,dizel,1.035
2020-11-15,777,dizel-premium,1.245
2020-11-15,778,100,1.159
2020-11-15,778,95,0.999
2020-11-15,778,dizel,1.035
2020-11-15,778,dizel-premium,1.245
2020-11-15,781,100,1.159
2020-11-15,781,95,0.999
2020-11-15,781,dizel,1.035
2020-11-15,781,dizel-premium,1.245
2020-11-15,782,100,1.159
2020-11-15,782,95,0.999
2020-11-15,782,dizel,1.035
2020-11-15,782,dizel-premium,1.245
2020-11-15,790,100,1.159
2020-11-15,790,95,0.999
2020-11-15,790,dizel,1.035
2020-11-15,790,dizel-premium,1.245
2020-11-15,791,100,1.159
2020-11-15,791,95,0.999
2020-11-15,791,dizel,1.035
2020-11-15,791,dizel-premium,1.245
2020-11-15,793,100,1.159
2020-11-15,793,95,0.999
2020-11-15,793,dizel,1.035
2020-11-15,793,dizel-premium,1.245
2020-11-15,796,100,1.159
2020-11-15,796,95,0.999
2020-11-15,796,dizel,1.035
2020-11-15,796,dizel-premium,1.245
2020-11-15,823,100,1.159
2020-11-15,823,95,0.999
2020-11-15,823,dizel,1.035
2020-11-15,823,dizel-premium,1.245
2020-11-15,828,100,1.159
2020-11-15,828,95,0.999
2020-11-15,828,dizel,1.035
2020-11-15,828,dizel-premium,1.245
2020-11-15,837,100,1.159
2020-11-15,837,95,0.999
2020-11-15,837,dizel,1.035
2020-11-15,837,dizel-premium,1.245
2020-11-15,844,100,1.159
2020-11-15,844,95,0.999
2020-11-15,844,dizel,1.035
2020-11-15,844,dizel-premium,1.245
2020-11-15,845,100,1.159
2020-11-15,845,95,0.999
2020-11-15,845,dizel,1.035
2020-11-15,845,dizel-premium,1.245
2020-11-15,847,95,0.999
2020-11-15,847,dizel,1.035
2020-11-15,847,dizel-premium,1.245
2020-11-15,848,95,0.999
2020-11-15,848,dizel,1.035
2020-11-15,848,dizel-premium,1.245
2020-11-15,861,100,1.159
2020-11-15,861,95,0.999
2020-11-15,861,dizel,1.035
2020-11-15,861,dizel-premium,1.245
2020-11-17,766,100,1.129
2020-11-17,766,95,0.979
2020-11-17,766,dizel,1.029
2020-11-17,767,100,1.129
2020-11-17,767,95,0.979
2020-11-17,767,dizel,1.029
2020-11-17,768,100,1.179
2020-11-17,768,95,1.009
2020-11-17,768,dizel,1.049
2020-11-17,768,dizel-premium,1.274
2020-11-17,769,95,0.979
2020-11-17,769,dizel,1.029
2020-11-17,770,100,1.129
2020-11-17,770,95,0.979
2020-11-17,770,dizel,1.029
2020-11-17,770,dizel-premium,1.185
2020-11-17,771,100,1.129
2020-11-17,771,95,0.979
2020-11-17,771,dizel,1.029
2020-11-17,771,dizel-premium,1.185
2020-11-17,772,100,1.129
2020-11-17,772,95,0.979
2020-11-17,772,dizel,1.029
2020-11-17,773,100,1.129
2020-11-17,773,95,0.979
2020-11-17,773,dizel,1.029
2020-11-17,774,100,1.129
2020-11-17,774,95,0.979
2020-11-17,774,dizel,1.029
2020-11-17,775,100,1.129
2020-11-17,775,95,0.979
2020-11-17,775,dizel,1.029
2020-11-17,775,dizel-premium,1.185
2020-11-17,776,100,1.129
2020-11-17,776,95,0.979
2020-11-17,776,dizel,1.029
2020-11-17,777,100,1.189
2020-11-17,777,95,1.029
2020-11-17,777,dizel,1.069
2020-11-17,777,dizel-premium,1.284
2020-11-17,778,100,1.189
2020-11-17,778,95,1.029
2020-11-17,778,dizel,1.069
2020-11-17,778,dizel-premium,1.284
2020-11-17,779,100,1.129
2020-11-17,779,95,0.979
2020-11-17,779,dizel,1.029
2020-11-17,780,100,1.129
2020-11-17,780,95,0.979
2020-11-17,780,dizel,1.029
2020-11-17,781,100,1.189
2020-11-17,781,95,1.029
2020-11-17,781,dizel,1.069
2020-11-17,781,dizel-premium,1.284
2020-11-17,782,100,1.189
2020-11-17,782,95,1.029
2020-11-17,782,dizel,1.069
2020-11-17,782,dizel-premium,1.284
2020-11-17,783,100,1.129
2020-11-17,783,95,0.979
2020-11-17,783,dizel,1.029
2020-11-17,784,dizel,1.029
2020-11-17,785,dizel,1.029
2020-11-17,786,dizel,1.029
2020-11-17,787,dizel,1.029
2020-11-17,788,dizel,1.029
2020-11-17,789,100,1.129
2020-11-17,789,95,0.979
2020-11-17,789,dizel,1.029
2020-11-17,790,100,1.189
2020-11-17,790,95,1.029
2020-11-17,790,dizel,1.069
2020-11-17,790,dizel-premium,1.284
2020-11-17,791,100,1.189
2020-11-17,791,95,1.029
2020-11-17,791,dizel,1.069
2020-11-17,791,dizel-premium,1.284
2020-11-17,792,100,1.129
2020-11-17,792,95,0.979
2020-11-17,792,dizel,1.029
2020-11-17,793,100,1.189
2020-11-17,793,95,1.029
2020-11-17,793,dizel,1.069
2020-11-17,793,dizel-premium,1.284
2020-11-17,794,95,0.979
2020-11-17,794,dizel,1.029
2020-11-17,795,100,1.129
2020-11-17,795,95,0.979
2020-11-17,795,dizel,1.029
2020-11-17,796,100,1.189
2020-11-17,796,95,1.029
2020-11-17,796,dizel,1.069
2020-11-17,796,dizel-premium,1.284
2020-11-17,797,100,1.129
2020-11-17,797,95,0.979
2020-11-17,797,dizel,1.029
2020-11-17,797,dizel-premium,1.185
2020-11-17,798,100,1.129
2020-11-17,798,95,0.979
2020-11-17,798,dizel,1.029
2020-11-17,798,dizel-premium,1.185
2020-11-17,799,100,1.129
2020-11-17,799,95,0.979
2020-11-17,799,dizel,1.029
2020-11-17,799,dizel-premium,1.185
2020-11-17,800,100,1.129
2020-11-17,800,95,0.979
2020-11-17,800,dizel,1.029
2020-11-17,800,dizel-premium,1.185
2020-11-17,801,100,1.129
2020-11-17,801,95,0.979
2020-11-17,801,dizel,1.029
2020-11-17,802,100,1.129
2020-11-17,802,95,0.979
2020-11-17,802,dizel,1.029
2020-11-17,803,100,1.129
2020-11-17,803,95,0.979
2020-11-17,803,dizel,1.029
2020-11-17,803,dizel-premium,1.185
2020-11-17,804,100,1.179
2020-11-17,804,95,1.009
2020-11-17,804,dizel,1.049
2020-11-17,804,dizel-premium,1.274
2020-11-17,805,100,1.179
2020-11-17,805,95,1.009
2020-11-17,805,dizel,1.049
2020-11-17,805,dizel-premium,1.274
2020-11-17,806,100,1.129
2020-11-17,806,95,0.979
2020-11-17,806,dizel,1.029
2020-11-17,807,100,1.129
2020-11-17,807,95,0.979
2020-11-17,807,dizel,1.029
2020-11-17,808,100,1.129
2020-11-17,808,95,0.979
2020-11-17,808,dizel,1.029
2020-11-17,809,100,1.129
2020-11-17,809,95,0.979
2020-11-17,809,dizel,1.029
2020-11-17,810,100,1.129
2020-11-17,810,95,0.979
2020-11-17,810,dizel,1.029
2020-11-17,810,dizel-premium,1.185
2020-11-17,811,95,0.979
2020-11-17,811,dizel,1.029
2020-11-17,812,100,1.129
2020-11-17,812,95,0.979
2020-11-17,812,dizel,1.029
2020-11-17,812,dizel-premium,1.185
2020-11-17,813,100,1.129
2020-11-17,813,95,0.979
2020-11-17,813,dizel,1.029
2020-11-17,814,100,1.129
2020-11-17,814,95,0.979
2020-11-17,814,dizel,1.029
2020-11-17,815,100,1.129
2020-11-17,815,95,0.979
2020-11-17,815,dizel,1.029
2020-11-17,815,dizel-premium,1.185
2020-11-17,816,100,1.129
2020-11-17,816,95,0.979
2020-11-17,816,dizel,1.029
2020-11-17,817,100,1.129
2020-11-17,817,95,0.979
2020-11-17,817,dizel,1.029
2020-11-17,817,dizel-premium,1.185
2020-11-17,818,100,1.129
2020-11-17,818,95,0.979
2020-11-17,818,dizel,1.029
2020-11-17,819,100,1.129
2020-11-17,819,95,0.979
2020-11-17,819,dizel,1.029
2020-11-17,819,dizel-premium,1.185
2020-11-17,820,100,1.129
2020-11-17,820,95,0.979
2020-11-17,820,dizel,1.029
2020-11-17,820,dizel-premium,1.185
2020-11-17,821,100,1.129
2020-11-17,821,95,0.979
2020-11-17,821,dizel,1.029
2020-11-17,822,100,1.129
2020-11-17,822,95,0.979
2020-11-17,822,dizel,1.029
2020-11-17,823,100,1.189
2020-11-17,823,95,1.029
2020-11-17,823,dizel,1.069
2020-11-17,823,dizel-premium,1.284
2020-11-17,824,95,0.979
2020-11-17,824,dizel,1.029
2020-11-17,825,100,1.129
2020-11-17,825,95,0.979
2020-11-17,825,dizel,1.029
2020-11-17,826,100,1.129
2020-11-17,826,95,0.979
2020-11-17,826,dizel,1.029
2020-11-17,827,95,0.979
2020-11-17,827,dizel,1.029
2020-11-17,828,100,1.189
2020-11-17,828,95,1.029
2020-11-17,828,dizel,1.069
2020-11-17,828,dizel-premium,1.284
2020-11-17,829,100,1.129
2020-11-17,829,95,0.979
2020-11-17,829,dizel,1.029
2020-11-17,829,dizel-premium,1.185
2020-11-17,830,100,1.129
2020-11-17,830,95,0.979
2020-11-17,830,dizel,1.029
2020-11-17,830,dizel-premium,1.185
2020-11-17,831,100,1.129
2020-11-17,831,95,0.979
2020-11-17,831,dizel,1.029
2020-11-17,831,dizel-premium,1.185
2020-11-17,832,95,0.979
2020-11-17,832,dizel,1.029
2020-11-17,833,100,1.129
2020-11-17,833,95,0.979
2020-11-17,833,dizel,1.029
2020-11-17,833,dizel-premium,1.185
2020-11-17,834,100,1.129
2020-11-17,834,95,0.979
2020-11-17,834,dizel,1.029
2020-11-17,835,100,1.129
2020-11-17,835,95,0.979
2020-11-17,835,dizel,1.029
2020-11-17,835,dizel-premium,1.185
2020-11-17,836,100,1.129
2020-11-17,836,95,0.979
2020-11-17,836,dizel,1.029
2020-11-17,836,dizel-premium,1.185
2020-11-17,837,100,1.189
2020-11-17,837,95,1.029
2020-11-17,837,dizel,1.069
2020-11-17,837,dizel-premium,1.284
2020-11-17,838,100,1.129
2020-11-17,838,95,0.979
2020-11-17,838,dizel,1.029
2020-11-17,838,dizel-premium,1.185
2020-11-17,839,100,1.129
2020-11-17,839,95,0.979
2020-11-17,839,dizel,1.029
2020-11-17,840,100,1.129
2020-11-17,840,95,0.979
2020-11-17,840,dizel,1.029
2020-11-17,840,dizel-premium,1.185
2020-11-17,841,100,1.129
2020-11-17,841,95,0.979
2020-11-17,841,dizel,1.029
2020-11-17,841,dizel-premium,1.185
2020-11-17,842,100,1.129
2020-11-17,842,95,0.979
2020-11-17,842,dizel,1.029
2020-11-17,843,100,1.129
2020-11-17,843,95,0.979
2020-11-17,843,dizel,1.029
2020-11-17,844,100,1.189
2020-11-17,844,95,1.029
2020-11-17,844,dizel,1.069
2020-11-17,844,dizel-premium,1.284
2020-11-17,845,100,1.189
2020-11-17,845,95,1.029
2020-11-17,845,dizel,1.069
2020-11-17,845,dizel-premium,1.284
2020-11-17,846,100,1.129
2020-11-17,846,95,0.979
2020-11-17,846,dizel,1.029
2020-11-17,847,95,1.029
2020-11-17,847,dizel,1.069
2020-11-17,847,dizel-premium,1.284
2020-11-17,848,95,1.029
2020-11-17,848,dizel,1.069
2020-11-17,848,dizel-premium,1.284
2020-11-17,849,100,1.129
2020-11-17,849,95,0.979
2020-11-17,849,dizel,1.029
2020-11-17,849,dizel-premium,1.185
2020-11-17,850,100,1.129
2020-11-17,850,95,0.979
2020-11-17,850,dizel,1.029
2020-11-17,851,100,1.129
2020-11-17,851,95,0.979
2020-11-17,851,dizel,1.029
2020-11-17,852,95,0.979
2020-11-17,852,dizel,1.029
2020-11-17,853,100,1.129
2020-11-17,853,95,0.979
2020-11-17,853,dizel,1.029
2020-11-17,854,100,1.129
2020-11-17,854,95,0.979
2020-11-17,854,dizel,1.029
2020-11-17,854,dizel-premium,1.185
2020-11-17,855,100,1.129
2020-11-17,855,95,0.979
2020-11-17,855,dizel,1.029
2020-11-17,855,dizel-premium,1.185
2020-11-17,856,100,1.129
2020-11-17,856,95,0.979
2020-11-17,856,dizel,1.029
2020-11-17,856,dizel-premium,1.185
2020-11-17,857,100,1.129
2020-11-17,857,95,0.979
2020-11-17,857,dizel,1.029
2020-11-17,857,dizel-premium,1.185
2020-11-17,858,100,1.129
2020-11-17,858,95,0.979
2020-11-17,858,dizel,1.029
2020-11-17,859,95,0.979
2020-11-17,859,dizel,1.029
2020-11-17,860,100,1.129
2020-11-17,860,95,0.979
2020-11-17,860,dizel,1.029
2020-11-17,861,100,1.189
2020-11-17,861,95,1.029
2020-11-17,861,dizel,1.069
2020-11-17,861,dizel-premium,1.284
2020-11-17,862,100,1.129
2020-11-17,862,95,0.979
2020-11-17,862,dizel,1.029
2020-11-17,862,dizel-premium,1.185
2020-11-17,863,100,1.179
2020-11-17,863,95,1.009
2020-11-17,863,dizel,1.049
2020-11-17,864,100,1.179
2020-11-17,864,95,1.009
2020-11-17,864,dizel,1.049
2020-11-17,865,100,1.129
2020-11-17,865,95,0.979
2020-11-17,865,dizel,1.029
2020-11-17,865,dizel-premium,1.185
2020-11-17,866,100,1.129
2020-11-17,866,95,0.979
2020-11-17,866,dizel,1.029
2020-11-17,867,100,1.129
2020-11-17,867,95,0.979
2020-11-17,867,dizel,1.029
2020-11-17,868,100,1.129
2020-11-17,868,95,0.979
2020-11-17,868,dizel,1.029
2020-11-17,869,100,1.129
2020-11-17,869,95,0.979
2020-11-17,869,dizel,1.029
2020-11-17,870,100,1.129
2020-11-17,870,95,0.979
2020-11-17,870,dizel,1.029
2020-11-17,871,100,1.129
2020-11-17,871,95,0.979
2020-11-17,871,dizel,1.029
2020-11-17,871,dizel-premium,1.185
2020-11-17,872,100,1.129
2020-11-17,872,95,0.979
2020-11-17,872,dizel,1.029
2020-11-17,872,dizel-premium,1.185
2020-11-17,873,100,1.129
2020-11-17,873,95,0.979
2020-11-17,873,dizel,1.029
2020-11-17,874,100,1.129
2020-11-17,874,95,0.979
2020-11-17,874,dizel,1.029
2020-11-17,874,dizel-premium,1.185
2020-11-17,875,100,1.129
2020-11-17,875,95,0.979
2020-11-17,875,dizel,1.029
2020-11-17,876,100,1.129
2020-11-17,876,95,0.979
2020-11-17,876,dizel,1.029
2020-11-17,876,dizel-premium,1.185
2020-11-17,1921,100,1.122
2020-11-17,1921,95,0.975
2020-11-17,1921,dizel,1.029
2020-11-17,1922,95,0.975
2020-11-17,1922,KOEL,0.824
2020-11-17,1922,dizel,1.029
2020-11-17,1923,100,1.172
2020-11-17,1923,95,1.005
2020-11-17,1923,dizel,1.053
2020-11-17,1924,95,0.975
2020-11-17,1924,KOEL,0.824
2020-11-17,1924,dizel,1.029
2020-11-17,1925,95,0.975
2020-11-17,1925,KOEL,0.824
2020-11-17,1925,dizel,1.029
2020-11-17,1926,95,0.975
2020-11-17,1926,KOEL,0.824
2020-11-17,1926,dizel,1.029
2020-11-17,1927,95,0.975
2020-11-17,1927,dizel,1.029
2020-11-17,1928,100,1.122
2020-11-17,1928,95,0.975
2020-11-17,1928,KOEL,0.824
2020-11-17,1928,dizel,1.029
2020-11-17,1929,100,1.122
2020-11-17,1929,95,0.975
2020-11-17,1929,KOEL,0.824
2020-11-17,1929,dizel,1.029
2020-11-17,1930,95,0.975
2020-11-17,1930,KOEL,0.824
2020-11-17,1930,dizel,1.029
2020-11-17,1931,95,0.975
2020-11-17,1931,KOEL,0.824
2020-11-17,1931,dizel,1.029
2020-11-17,1932,95,0.975
2020-11-17,1932,KOEL,0.824
2020-11-17,1932,dizel,1.029
2020-11-17,1933,95,0.975
2020-11-17,1933,KOEL,0.824
2020-11-17,1933,dizel,1.029
2020-11-17,1934,100,1.122
2020-11-17,1934,95,0.975
2020-11-17,1934,dizel,1.029
2020-11-17,1935,100,1.122
2020-11-17,1935,95,0.975
2020-11-17,1935,KOEL,0.824
2020-11-17,1935,dizel,1.029
2020-11-17,1936,95,0.975
2020-11-17,1936,KOEL,0.824
2020-11-17,1936,dizel,1.029
2020-11-17,1937,95,0.975
2020-11-17,1937,KOEL,0.824
2020-11-17,1937,dizel,1.029
2020-11-17,1938,95,0.975
2020-11-17,1938,KOEL,0.824
2020-11-17,1938,dizel,1.029
2020-11-17,1939,95,0.975
2020-11-17,1939,KOEL,0.824
2020-11-17,1939,dizel,1.029
2020-11-17,1940,95,0.975
2020-11-17,1940,KOEL,0.824
2020-11-17,1940,dizel,1.029
2020-11-17,1941,95,0.975
2020-11-17,1941,dizel,1.029
2020-11-17,1942,100,1.122
2020-11-17,1942,95,0.975
2020-11-17,1942,KOEL,0.824
2020-11-17,1942,dizel,1.029
2020-11-17,1943,100,1.122
2020-11-17,1943,95,0.975
2020-11-17,1943,KOEL,0.824
2020-11-17,1943,dizel,1.029
2020-11-17,1944,95,0.975
2020-11-17,1944,KOEL,0.824
2020-11-17,1944,dizel,1.029
2020-11-17,1945,100,1.172
2020-11-17,1945,95,1.005
2020-11-17,1945,dizel,1.053
2020-11-17,1946,95,0.975
2020-11-17,1946,KOEL,0.824
2020-11-17,1946,dizel,1.029
2020-11-17,1947,100,1.122
2020-11-17,1947,95,0.975
2020-11-17,1947,KOEL,0.824
2020-11-17,1947,dizel,1.029
2020-11-17,1948,100,1.122
2020-11-17,1948,95,0.975
2020-11-17,1948,KOEL,0.824
2020-11-17,1948,dizel,1.029
2020-11-17,1949,100,1.172
2020-11-17,1949,95,1.005
2020-11-17,1949,dizel,1.053
2020-11-17,1949,dizel-premium,1.267
2020-11-17,1950,100,1.122
2020-11-17,1950,95,0.975
2020-11-17,1950,KOEL,0.824
2020-11-17,1950,dizel,1.029
2020-11-17,1951,100,1.122
2020-11-17,1951,95,0.975
2020-11-17,1951,KOEL,0.824
2020-11-17,1951,dizel,1.029
2020-11-17,1952,100,1.122
2020-11-17,1952,95,0.975
2020-11-17,1952,dizel,1.029
2020-11-17,1953,95,0.975
2020-11-17,1953,KOEL,0.824
2020-11-17,1953,dizel,1.029
2020-11-17,1954,100,1.122
2020-11-17,1954,95,0.975
2020-11-17,1954,KOEL,0.824
2020-11-17,1954,dizel,1.029
2020-11-17,1955,100,1.122
2020-11-17,1955,95,0.975
2020-11-17,1955,dizel,1.029
2020-11-17,1956,100,1.122
2020-11-17,1956,95,0.975
2020-11-17,1956,dizel,1.029
2020-11-17,1957,100,1.122
2020-11-17,1957,95,0.975
2020-11-17,1957,KOEL,0.824
2020-11-17,1957,dizel,1.029
2020-11-17,1958,100,1.122
2020-11-17,1958,95,0.975
2020-11-17,1958,KOEL,0.824
2020-11-17,1958,dizel,1.029
2020-11-17,1959,100,1.122
2020-11-17,1959,95,0.975
2020-11-17,1959,dizel,1.029
2020-11-17,1960,100,1.122
2020-11-17,1960,95,0.975
2020-11-17,1960,dizel,1.029
2020-11-17,1961,100,1.122
2020-11-17,1961,95,0.975
2020-11-17,1961,KOEL,0.824
2020-11-17,1961,dizel,1.029
2020-11-17,1962,100,1.122
2020-11-17,1962,95,0.975
2020-11-17,1962,KOEL,0.824
2020-11-17,1962,dizel,1.029
2020-11-17,1963,100,1.122
2020-11-17,1963,95,0.975
2020-11-17,1963,KOEL,0.824
2020-11-17,1963,dizel,1.029
2020-11-17,1964,95,0.975
2020-11-17,1964,KOEL,0.824
2020-11-17,1964,dizel,1.029
2020-11-17,1965,95,0.975
2020-11-17,1965,KOEL,0.824
2020-11-17,1965,dizel,1.029
2020-11-17,1966,100,1.122
2020-11-17,1966,95,0.975
2020-11-17,1966,KOEL,0.824
2020-11-17,1966,dizel,1.029
2020-11-17,1967,95,0.975
2020-11-17,1967,KOEL,0.824
2020-11-17,1967,dizel,1.029
2020-11-17,1968,95,0.975
2020-11-17,1968,KOEL,0.824
2020-11-17,1968,dizel,1.029
2020-11-17,1969,100,1.122
2020-11-17,1969,95,0.975
2020-11-17,1969,KOEL,0.824
2020-11-17,1969,dizel,1.029
2020-11-17,1970,100,1.122
2020-11-17,1970,95,0.975
2020-11-17,1970,KOEL,0.824
2020-11-17,1970,dizel,1.029
2020-11-17,1971,100,1.122
2020-11-17,1971,95,0.975
2020-11-17,1971,dizel,1.029
2020-11-17,1972,100,1.122
2020-11-17,1972,95,0.975
2020-11-17,1972,KOEL,0.824
2020-11-17,1972,dizel,1.029
2020-11-17,1973,95,0.975
2020-11-17,1973,KOEL,0.824
2020-11-17,1973,dizel,1.029
2020-11-17,1974,95,0.975
2020-11-17,1974,KOEL,0.824
2020-11-17,1974,dizel,1.029
2020-11-17,1975,95,0.975
2020-11-17,1975,KOEL,0.824
2020-11-17,1975,dizel,1.029
2020-11-17,1976,100,1.172
2020-11-17,1976,95,1.005
2020-11-17,1976,dizel,1.053
2020-11-17,1977,100,1.172
2020-11-17,1977,95,1.005
2020-11-17,1977,dizel,1.053
2020-11-17,1977,dizel-premium,1.267
2020-11-17,1978,100,1.172
2020-11-17,1978,95,1.005
2020-11-17,1978,dizel,1.053
2020-11-17,1978,dizel-premium,1.267
2020-11-17,1979,100,1.122
2020-11-17,1979,95,0.975
2020-11-17,1979,KOEL,0.824
2020-11-17,1979,dizel,1.029
2020-11-17,1980,100,1.122
2020-11-17,1980,95,0.975
2020-11-17,1980,KOEL,0.824
2020-11-17,1980,dizel,1.029
2020-11-17,1981,100,1.122
2020-11-17,1981,95,0.975
2020-11-17,1981,dizel,1.029
2020-11-17,1982,95,0.975
2020-11-17,1982,KOEL,0.824
2020-11-17,1982,dizel,1.029
2020-11-17,1983,95,0.975
2020-11-17,1983,dizel,1.029
2020-11-17,1984,100,1.122
2020-11-17,1984,95,0.975
2020-11-17,1984,dizel,1.029
2020-11-17,1985,95,0.975
2020-11-17,1985,KOEL,0.824
2020-11-17,1985,dizel,1.029
2020-11-17,1986,100,1.122
2020-11-17,1986,95,0.975
2020-11-17,1986,KOEL,0.824
2020-11-17,1986,dizel,1.029
2020-11-17,1987,95,0.975
2020-11-17,1987,KOEL,0.824
2020-11-17,1987,dizel,1.029
2020-11-17,1988,95,0.975
2020-11-17,1988,KOEL,0.824
2020-11-17,1988,dizel,1.029
2020-11-17,1989,95,0.975
2020-11-17,1989,KOEL,0.824
2020-11-17,1989,dizel,1.029
2020-11-17,1990,100,1.122
2020-11-17,1990,95,0.975
2020-11-17,1990,dizel,1.029
2020-11-17,1991,95,0.975
2020-11-17,1991,KOEL,0.824
2020-11-17,1991,dizel,1.029
2020-11-17,1992,100,1.122
2020-11-17,1992,95,0.975
2020-11-17,1992,KOEL,0.824
2020-11-17,1992,dizel,1.029
2020-11-17,1993,100,1.122
2020-11-17,1993,95,0.975
2020-11-17,1993,KOEL,0.824
2020-11-17,1993,dizel,1.029
2020-11-17,1994,100,1.122
2020-11-17,1994,95,0.975
2020-11-17,1994,KOEL,0.824
2020-11-17,1994,dizel,1.029
2020-11-17,1995,100,1.122
2020-11-17,1995,95,0.975
2020-11-17,1995,KOEL,0.824
2020-11-17,1995,dizel,1.029
2020-11-17,1996,100,1.122
2020-11-17,1996,95,0.975
2020-11-17,1996,KOEL,0.824
2020-11-17,1996,dizel,1.029
2020-11-17,1997,100,1.172
2020-11-17,1997,95,1.005
2020-11-17,1997,dizel,1.053
2020-11-17,1998,100,1.122
2020-11-17,1998,95,0.975
2020-11-17,1998,dizel,1.029
2020-11-17,1999,100,1.122
2020-11-17,1999,95,0.975
2020-11-17,1999,KOEL,0.824
2020-11-17,1999,dizel,1.029
2020-11-17,2000,100,1.172
2020-11-17,2000,95,1.005
2020-11-17,2000,dizel,1.053
2020-11-17,2000,dizel-premium,1.267
2020-11-17,2001,100,1.122
2020-11-17,2001,95,0.975
2020-11-17,2001,KOEL,0.824
2020-11-17,2001,dizel,1.029
2020-11-17,2002,100,1.122
2020-11-17,2002,95,0.975
2020-11-17,2002,dizel,1.029
2020-11-17,2003,100,1.122
2020-11-17,2003,95,0.975
2020-11-17,2003,KOEL,0.824
2020-11-17,2003,dizel,1.029
2020-11-17,2004,100,1.122
2020-11-17,2004,95,0.975
2020-11-17,2004,dizel,1.029
2020-11-17,2005,100,1.122
2020-11-17,2005,95,0.975
2020-11-17,2005,dizel,1.029
2020-11-17,2006,100,1.122
2020-11-17,2006,95,0.975
2020-11-17,2006,dizel,1.029
2020-11-17,2007,100,1.122
2020-11-17,2007,95,0.975
2020-11-17,2007,KOEL,0.824
2020-11-17,2007,dizel,1.029
2020-11-17,2009,100,1.172
2020-11-17,2009,95,1.005
2020-11-17,2009,dizel,1.053
2020-11-17,2009,dizel-premium,1.267
2020-11-17,2010,100,1.122
2020-11-17,2010,95,0.975
2020-11-17,2010,KOEL,0.824
2020-11-17,2010,dizel,1.029
2020-11-17,2011,95,0.975
2020-11-17,2011,KOEL,0.824
2020-11-17,2011,dizel,1.029
2020-11-17,2012,95,0.975
2020-11-17,2012,KOEL,0.824
2020-11-17,2012,dizel,1.029
2020-11-17,2013,95,0.975
2020-11-17,2013,KOEL,0.824
2020-11-17,2013,dizel,1.029
2020-11-17,2014,100,1.122
2020-11-17,2014,95,0.975
2020-11-17,2014,KOEL,0.824
2020-11-17,2014,dizel,1.029
2020-11-17,2015,100,1.122
2020-11-17,2015,95,0.975
2020-11-17,2015,KOEL,0.824
2020-11-17,2015,dizel,1.029
2020-11-17,2016,100,1.122
2020-11-17,2016,95,0.975
2020-11-17,2016,dizel,1.029
2020-11-17,2017,95,0.975
2020-11-17,2017,KOEL,0.824
2020-11-17,2017,dizel,1.029
2020-11-17,2018,100,1.172
2020-11-17,2018,95,1.005
2020-11-17,2018,dizel,1.053
2020-11-17,2019,100,1.172
2020-11-17,2019,95,1.005
2020-11-17,2019,dizel,1.053
2020-11-17,2020,100,1.122
2020-11-17,2020,95,0.975
2020-11-17,2020,KOEL,0.824
2020-11-17,2020,dizel,1.029
2020-11-17,2021,100,1.122
2020-11-17,2021,95,0.975
2020-11-17,2021,dizel,1.029
2020-11-17,2022,100,1.122
2020-11-17,2022,95,0.975
2020-11-17,2022,KOEL,0.824
2020-11-17,2022,dizel,1.029
2020-11-17,2023,100,1.122
2020-11-17,2023,95,0.975
2020-11-17,2023,dizel,1.029
2020-11-17,2024,100,1.122
2020-11-17,2024,95,0.975
2020-11-17,2024,KOEL,0.824
2020-11-17,2024,dizel,1.029
2020-11-17,2025,95,0.975
2020-11-17,2025,KOEL,0.824
2020-11-17,2025,dizel,1.029
2020-11-17,2026,100,1.172
2020-11-17,2026,95,1.005
2020-11-17,2026,dizel,1.053
2020-11-17,2027,100,1.172
2020-11-17,2027,95,1.005
2020-11-17,2027,dizel,1.053
2020-11-17,2028,100,1.122
2020-11-17,2028,95,0.975
2020-11-17,2028,dizel,1.029
2020-11-17,2029,100,1.122
2020-11-17,2029,95,0.975
2020-11-17,2029,dizel,1.029
2020-11-17,2030,100,1.172
2020-11-17,2030,95,1.005
2020-11-17,2030,dizel,1.053
2020-11-17,2031,100,1.172
2020-11-17,2031,95,1.005
2020-11-17,2031,dizel,1.053
2020-11-17,2032,100,1.172
2020-11-17,2032,95,1.005
2020-11-17,2032,dizel,1.053
2020-11-17,2032,dizel-premium,1.267
2020-11-17,2033,100,1.122
2020-11-17,2033,95,0.975
2020-11-17,2033,dizel,1.029
2020-11-17,2034,100,1.122
2020-11-17,2034,95,0.975
2020-11-17,2034,dizel,1.029
2020-11-17,2035,95,0.975
2020-11-17,2035,dizel,1.029
2020-11-17,2036,100,1.122
2020-11-17,2036,95,0.975
2020-11-17,2036,dizel,1.029
2020-11-17,2037,100,1.122
2020-11-17,2037,95,0.975
2020-11-17,2037,dizel,1.029
2020-11-17,2038,95,0.975
2020-11-17,2038,dizel,1.029
2020-11-17,2039,100,1.122
2020-11-17,2039,95,0.975
2020-11-17,2039,dizel,1.029
2020-11-17,2040,100,1.122
2020-11-17,2040,95,0.975
2020-11-17,2040,KOEL,0.824
2020-11-17,2040,dizel,1.029
2020-11-17,2041,100,1.122
2020-11-17,2041,95,0.975
2020-11-17,2041,dizel,1.029
2020-11-17,2042,95,0.975
2020-11-17,2042,KOEL,0.824
2020-11-17,2042,dizel,1.029
2020-11-17,2043,100,1.122
2020-11-17,2043,95,0.975
2020-11-17,2043,dizel,1.029
2020-11-17,2044,100,1.122
2020-11-17,2044,95,0.975
2020-11-17,2044,dizel,1.029
2020-11-17,2045,100,1.122
2020-11-17,2045,95,0.975
2020-11-17,2045,dizel,1.029
2020-11-17,2046,100,1.122
2020-11-17,2046,95,0.975
2020-11-17,2046,dizel,1.029
2020-11-17,2047,100,1.122
2020-11-17,2047,95,0.975
2020-11-17,2047,dizel,1.029
2020-11-17,2048,100,1.122
2020-11-17,2048,95,0.975
2020-11-17,2048,dizel,1.029
2020-11-17,2049,100,1.122
2020-11-17,2049,95,0.975
2020-11-17,2049,KOEL,0.824
2020-11-17,2049,dizel,1.029
2020-11-17,2050,95,0.975
2020-11-17,2050,dizel,1.029
2020-11-17,2051,95,0.975
2020-11-17,2051,KOEL,0.824
2020-11-17,2051,dizel,1.029
2020-11-17,2052,100,1.122
2020-11-17,2052,95,0.975
2020-11-17,2052,dizel,1.029
2020-11-17,2053,95,0.975
2020-11-17,2053,KOEL,0.824
2020-11-17,2053,dizel,1.029
2020-11-17,2054,95,0.975
2020-11-17,2054,KOEL,0.824
2020-11-17,2054,dizel,1.029
2020-11-17,2055,95,0.975
2020-11-17,2055,dizel,1.029
2020-11-17,2056,100,1.122
2020-11-17,2056,95,0.975
2020-11-17,2056,dizel,1.029
2020-11-17,2057,95,0.975
2020-11-17,2057,dizel,1.029
2020-11-17,2058,95,0.975
2020-11-17,2058,dizel,1.029
2020-11-17,2059,100,1.172
2020-11-17,2059,95,1.005
2020-11-17,2059,dizel,1.053
2020-11-17,2059,dizel-premium,1.267
2020-11-17,2060,100,1.172
2020-11-17,2060,95,1.005
2020-11-17,2060,dizel,1.053
2020-11-17,2060,dizel-premium,1.267
2020-11-17,2061,100,1.122
2020-11-17,2061,95,0.975
2020-11-17,2061,KOEL,0.824
2020-11-17,2061,dizel,1.029
2020-11-17,2062,100,1.122
2020-11-17,2062,95,0.975
2020-11-17,2062,KOEL,0.824
2020-11-17,2062,dizel,1.029
2020-11-17,2063,100,1.122
2020-11-17,2063,95,0.975
2020-11-17,2063,dizel,1.029
2020-11-17,2064,100,1.122
2020-11-17,2064,95,0.975
2020-11-17,2064,KOEL,0.824
2020-11-17,2064,dizel,1.029
2020-11-17,2065,100,1.122
2020-11-17,2065,95,0.975
2020-11-17,2065,KOEL,0.824
2020-11-17,2065,dizel,1.029
2020-11-17,2066,95,0.975
2020-11-17,2066,KOEL,0.824
2020-11-17,2066,dizel,1.029
2020-11-17,2067,100,1.122
2020-11-17,2067,95,0.975
2020-11-17,2067,KOEL,0.824
2020-11-17,2067,dizel,1.029
2020-11-17,2068,95,0.975
2020-11-17,2068,dizel,1.029
2020-11-17,2069,100,1.122
2020-11-17,2069,95,0.975
2020-11-17,2069,dizel,1.029
2020-11-17,2070,100,1.122
2020-11-17,2070,95,0.975
2020-11-17,2070,KOEL,0.824
2020-11-17,2070,dizel,1.029
2020-11-17,2071,100,1.122
2020-11-17,2071,95,0.975
2020-11-17,2071,KOEL,0.824
2020-11-17,2071,dizel,1.029
2020-11-17,2072,95,0.975
2020-11-17,2072,KOEL,0.824
2020-11-17,2072,dizel,1.029
2020-11-17,2073,100,1.122
2020-11-17,2073,95,0.975
2020-11-17,2073,KOEL,0.824
2020-11-17,2073,dizel,1.029
2020-11-17,2074,100,1.122
2020-11-17,2074,95,0.975
2020-11-17,2074,KOEL,0.824
2020-11-17,2074,dizel,1.029
2020-11-17,2075,95,0.975
2020-11-17,2075,KOEL,0.824
2020-11-17,2075,dizel,1.029
2020-11-17,2076,95,0.975
2020-11-17,2076,KOEL,0.824
2020-11-17,2076,dizel,1.029
2020-11-17,2077,95,0.975
2020-11-17,2077,KOEL,0.824
2020-11-17,2077,dizel,1.029
2020-11-17,2078,95,0.975
2020-11-17,2078,KOEL,0.824
2020-11-17,2078,dizel,1.029
2020-11-17,2079,95,0.975
2020-11-17,2079,KOEL,0.824
2020-11-17,2079,dizel,1.029
2020-11-17,2080,100,1.122
2020-11-17,2080,95,0.975
2020-11-17,2080,KOEL,0.824
2020-11-17,2080,dizel,1.029
2020-11-17,2082,95,0.975
2020-11-17,2082,KOEL,0.824
2020-11-17,2082,dizel,1.029
2020-11-17,2083,95,0.975
2020-11-17,2083,KOEL,0.824
2020-11-17,2083,dizel,1.029
2020-11-17,2084,95,0.975
2020-11-17,2084,KOEL,0.824
2020-11-17,2084,dizel,1.029
2020-11-17,2085,95,0.975
2020-11-17,2085,dizel,1.029
2020-11-17,2086,95,0.975
2020-11-17,2086,KOEL,0.824
2020-11-17,2086,dizel,1.029
2020-11-17,2087,95,0.975
2020-11-17,2087,KOEL,0.824
2020-11-17,2087,dizel,1.029
2020-11-17,2088,100,1.172
2020-11-17,2088,95,1.005
2020-11-17,2088,dizel,1.053
2020-11-17,2088,dizel-premium,1.267
2020-11-17,2089,100,1.172
2020-11-17,2089,95,1.005
2020-11-17,2089,dizel,1.053
2020-11-17,2090,100,1.122
2020-11-17,2090,95,0.975
2020-11-17,2090,KOEL,0.824
2020-11-17,2090,dizel,1.029
2020-11-17,2091,100,1.122
2020-11-17,2091,95,0.975
2020-11-17,2091,KOEL,0.824
2020-11-17,2091,dizel,1.029
2020-11-17,2092,100,1.122
2020-11-17,2092,95,0.975
2020-11-17,2092,KOEL,0.824
2020-11-17,2092,dizel,1.029
2020-11-17,2093,95,0.975
2020-11-17,2093,KOEL,0.824
2020-11-17,2093,dizel,1.029
2020-11-17,2094,100,1.122
2020-11-17,2094,95,0.975
2020-11-17,2094,KOEL,0.824
2020-11-17,2094,dizel,1.029
2020-11-17,2095,100,1.172
2020-11-17,2095,95,1.005
2020-11-17,2095,dizel,1.053
2020-11-17,2095,dizel-premium,1.267
2020-11-17,2096,100,1.172
2020-11-17,2096,95,1.005
2020-11-17,2096,dizel,1.053
2020-11-17,2096,dizel-premium,1.267
2020-11-17,2097,95,0.975
2020-11-17,2097,KOEL,0.824
2020-11-17,2097,dizel,1.029
2020-11-17,2098,100,1.122
2020-11-17,2098,95,0.975
2020-11-17,2098,KOEL,0.824
2020-11-17,2098,dizel,1.029
2020-11-17,2099,100,1.122
2020-11-17,2099,95,0.975
2020-11-17,2099,KOEL,0.824
2020-11-17,2099,dizel,1.029
2020-11-17,2100,100,1.172
2020-11-17,2100,95,1.005
2020-11-17,2100,dizel,1.053
2020-11-17,2101,100,1.172
2020-11-17,2101,95,1.005
2020-11-17,2101,dizel,1.053
2020-11-17,2102,95,0.975
2020-11-17,2102,KOEL,0.824
2020-11-17,2102,dizel,1.029
2020-11-17,2103,95,0.975
2020-11-17,2103,KOEL,0.824
2020-11-17,2103,dizel,1.029
2020-11-17,2104,100,1.122
2020-11-17,2104,95,0.975
2020-11-17,2104,KOEL,0.824
2020-11-17,2104,dizel,1.029
2020-11-17,2105,95,0.975
2020-11-17,2105,KOEL,0.824
2020-11-17,2105,dizel,1.029
2020-11-17,2106,95,0.975
2020-11-17,2106,KOEL,0.824
2020-11-17,2106,dizel,1.029
2020-11-17,2107,95,0.975
2020-11-17,2107,KOEL,0.824
2020-11-17,2107,dizel,1.029
2020-11-17,2108,100,1.122
2020-11-17,2108,95,0.975
2020-11-17,2108,KOEL,0.824
2020-11-17,2108,dizel,1.029
2020-11-17,2109,95,0.975
2020-11-17,2109,KOEL,0.824
2020-11-17,2109,dizel,1.029
2020-11-17,2110,100,1.122
2020-11-17,2110,95,0.975
2020-11-17,2110,dizel,1.029
2020-11-17,2111,100,1.122
2020-11-17,2111,95,0.975
2020-11-17,2111,KOEL,0.824
2020-11-17,2111,dizel,1.029
2020-11-17,2112,100,1.122
2020-11-17,2112,95,0.975
2020-11-17,2112,dizel,1.029
2020-11-17,2113,95,0.975
2020-11-17,2113,dizel,1.029
2020-11-17,2114,95,0.975
2020-11-17,2114,KOEL,0.824
2020-11-17,2114,dizel,1.029
2020-11-17,2115,100,1.122
2020-11-17,2115,95,0.975
2020-11-17,2115,KOEL,0.824
2020-11-17,2115,dizel,1.029
2020-11-17,2116,95,0.975
2020-11-17,2116,KOEL,0.824
2020-11-17,2116,dizel,1.029
2020-11-17,2117,100,1.122
2020-11-17,2117,95,0.975
2020-11-17,2117,dizel,1.029
2020-11-17,2118,95,0.975
2020-11-17,2118,dizel,1.029
2020-11-17,2119,100,1.122
2020-11-17,2119,95,0.975
2020-11-17,2119,KOEL,0.824
2020-11-17,2119,dizel,1.029
2020-11-17,2120,100,1.172
2020-11-17,2120,95,1.005
2020-11-17,2120,dizel,1.053
2020-11-17,2121,100,1.122
2020-11-17,2121,95,0.975
2020-11-17,2121,KOEL,0.824
2020-11-17,2121,dizel,1.029
2020-11-17,2122,100,1.122
2020-11-17,2122,95,0.975
2020-11-17,2122,KOEL,0.824
2020-11-17,2122,dizel,1.029
2020-11-17,2123,100,1.172
2020-11-17,2123,95,1.005
2020-11-17,2123,dizel,1.053
2020-11-17,2124,95,0.975
2020-11-17,2124,KOEL,0.824
2020-11-17,2124,dizel,1.029
2020-11-17,2125,100,1.122
2020-11-17,2125,95,0.975
2020-11-17,2125,KOEL,0.824
2020-11-17,2125,dizel,1.029
2020-11-17,2126,100,1.122
2020-11-17,2126,95,0.975
2020-11-17,2126,dizel,1.029
2020-11-17,2127,95,0.975
2020-11-17,2127,KOEL,0.824
2020-11-17,2127,dizel,1.029
2020-11-17,2128,100,1.122
2020-11-17,2128,95,0.975
2020-11-17,2128,dizel,1.029
2020-11-17,2129,95,0.975
2020-11-17,2129,dizel,1.029
2020-11-17,2130,100,1.122
2020-11-17,2130,95,0.975
2020-11-17,2130,dizel,1.029
2020-11-17,2131,100,1.122
2020-11-17,2131,95,0.975
2020-11-17,2131,KOEL,0.824
2020-11-17,2131,dizel,1.029
2020-11-17,2132,100,1.122
2020-11-17,2132,95,0.975
2020-11-17,2132,KOEL,0.824
2020-11-17,2132,dizel,1.029
2020-11-17,2133,100,1.122
2020-11-17,2133,95,0.975
2020-11-17,2133,dizel,1.029
2020-11-17,2134,100,1.122
2020-11-17,2134,95,0.975
2020-11-17,2134,dizel,1.029
2020-11-17,2135,100,1.122
2020-11-17,2135,95,0.975
2020-11-17,2135,dizel,1.029
2020-11-17,2136,100,1.122
2020-11-17,2136,95,0.975
2020-11-17,2136,dizel,1.029
2020-11-17,2137,100,1.122
2020-11-17,2137,95,0.975
2020-11-17,2137,KOEL,0.824
2020-11-17,2137,dizel,1.029
2020-11-17,2138,100,1.122
2020-11-17,2138,95,0.975
2020-11-17,2138,dizel,1.029
2020-11-17,2139,100,1.122
2020-11-17,2139,95,0.975
2020-11-17,2139,KOEL,0.824
2020-11-17,2139,dizel,1.029
2020-11-17,2140,95,0.975
2020-11-17,2140,KOEL,0.824
2020-11-17,2140,dizel,1.029
2020-11-17,2141,100,1.172
2020-11-17,2141,95,1.005
2020-11-17,2141,dizel,1.053
2020-11-17,2142,95,0.975
2020-11-17,2142,KOEL,0.824
2020-11-17,2142,dizel,1.029
2020-11-17,2143,95,0.975
2020-11-17,2143,KOEL,0.824
2020-11-17,2143,dizel,1.029
2020-11-17,2144,100,1.122
2020-11-17,2144,95,0.975
2020-11-17,2144,KOEL,0.824
2020-11-17,2144,dizel,1.029
2020-11-17,2145,100,1.122
2020-11-17,2145,95,0.975
2020-11-17,2145,KOEL,0.824
2020-11-17,2145,dizel,1.029
2020-11-17,2146,100,1.122
2020-11-17,2146,95,0.975
2020-11-17,2146,KOEL,0.824
2020-11-17,2146,dizel,1.029
2020-11-17,2147,100,1.122
2020-11-17,2147,95,0.975
2020-11-17,2147,KOEL,0.824
2020-11-17,2147,dizel,1.029
2020-11-17,2148,100,1.122
2020-11-17,2148,95,0.975
2020-11-17,2148,KOEL,0.824
2020-11-17,2148,dizel,1.029
2020-11-17,2149,100,1.122
2020-11-17,2149,95,0.975
2020-11-17,2149,KOEL,0.824
2020-11-17,2149,dizel,1.029
2020-11-17,2150,100,1.122
2020-11-17,2150,95,0.975
2020-11-17,2150,KOEL,0.824
2020-11-17,2150,dizel,1.029
2020-11-17,2151,95,0.975
2020-11-17,2151,KOEL,0.824
2020-11-17,2151,dizel,1.029
2020-11-17,2152,95,0.975
2020-11-17,2152,KOEL,0.824
2020-11-17,2152,dizel,1.029
2020-11-17,2153,95,0.975
2020-11-17,2153,KOEL,0.824
2020-11-17,2153,dizel,1.029
2020-11-17,2154,95,0.975
2020-11-17,2154,KOEL,0.824
2020-11-17,2154,dizel,1.029
2020-11-17,2155,95,0.975
2020-11-17,2155,KOEL,0.824
2020-11-17,2155,dizel,1.029
2020-11-17,2156,95,0.975
2020-11-17,2156,KOEL,0.824
2020-11-17,2156,dizel,1.029
2020-11-17,2157,95,0.975
2020-11-17,2157,KOEL,0.824
2020-11-17,2157,dizel,1.029
2020-11-17,2158,100,1.122
2020-11-17,2158,95,0.975
2020-11-17,2158,KOEL,0.824
2020-11-17,2158,dizel,1.029
2020-11-17,2159,95,0.975
2020-11-17,2159,KOEL,0.824
2020-11-17,2159,dizel,1.029
2020-11-17,2160,95,0.975
2020-11-17,2160,KOEL,0.824
2020-11-17,2160,dizel,1.029
2020-11-17,2161,100,1.122
2020-11-17,2161,95,0.975
2020-11-17,2161,KOEL,0.824
2020-11-17,2161,dizel,1.029
2020-11-17,2162,100,1.172
2020-11-17,2162,95,1.005
2020-11-17,2162,dizel,1.053
2020-11-17,2163,100,1.122
2020-11-17,2163,95,0.975
2020-11-17,2163,KOEL,0.824
2020-11-17,2163,dizel,1.029
2020-11-17,2164,100,1.122
2020-11-17,2164,95,0.975
2020-11-17,2164,KOEL,0.824
2020-11-17,2164,dizel,1.029
2020-11-17,2165,95,0.975
2020-11-17,2165,KOEL,0.824
2020-11-17,2165,dizel,1.029
2020-11-17,2166,100,1.122
2020-11-17,2166,95,0.975
2020-11-17,2166,KOEL,0.824
2020-11-17,2166,dizel,1.029
2020-11-17,2167,100,1.122
2020-11-17,2167,95,0.975
2020-11-17,2167,dizel,1.029
2020-11-17,2168,100,1.122
2020-11-17,2168,95,0.975
2020-11-17,2168,KOEL,0.824
2020-11-17,2168,dizel,1.029
2020-11-17,2169,95,0.975
2020-11-17,2169,KOEL,0.824
2020-11-17,2169,dizel,1.029
2020-11-17,2170,95,0.975
2020-11-17,2170,KOEL,0.824
2020-11-17,2170,dizel,1.029
2020-11-17,2171,100,1.122
2020-11-17,2171,95,0.975
2020-11-17,2171,KOEL,0.824
2020-11-17,2171,dizel,1.029
2020-11-17,2172,100,1.122
2020-11-17,2172,95,0.975
2020-11-17,2172,dizel,1.029
2020-11-17,2173,95,0.975
2020-11-17,2173,KOEL,0.824
2020-11-17,2173,dizel,1.029
2020-11-17,2174,100,1.122
2020-11-17,2174,95,0.975
2020-11-17,2174,KOEL,0.824
2020-11-17,2174,dizel,1.029
2020-11-17,2175,100,1.172
2020-11-17,2175,95,1.005
2020-11-17,2175,dizel,1.053
2020-11-17,2176,100,1.172
2020-11-17,2176,95,1.005
2020-11-17,2176,dizel,1.053
2020-11-17,2177,95,0.975
2020-11-17,2177,KOEL,0.824
2020-11-17,2177,dizel,1.029
2020-11-17,2178,100,1.122
2020-11-17,2178,95,0.975
2020-11-17,2178,KOEL,0.824
2020-11-17,2178,dizel,1.029
2020-11-17,2179,95,0.975
2020-11-17,2179,KOEL,0.824
2020-11-17,2179,dizel,1.029
2020-11-17,2180,95,0.975
2020-11-17,2180,KOEL,0.824
2020-11-17,2180,dizel,1.029
2020-11-17,2181,95,0.975
2020-11-17,2181,KOEL,0.824
2020-11-17,2181,dizel,1.029
2020-11-17,2182,95,0.975
2020-11-17,2182,KOEL,0.824
2020-11-17,2182,dizel,1.029
2020-11-17,2183,95,0.975
2020-11-17,2183,dizel,1.029
2020-11-17,2184,95,0.975
2020-11-17,2184,KOEL,0.824
2020-11-17,2184,dizel,1.029
2020-11-17,2185,95,0.975
2020-11-17,2185,KOEL,0.824
2020-11-17,2185,dizel,1.029
2020-11-17,2186,100,1.122
2020-11-17,2186,95,0.975
2020-11-17,2186,KOEL,0.824
2020-11-17,2186,dizel,1.029
2020-11-17,2187,100,1.122
2020-11-17,2187,95,0.975
2020-11-17,2187,KOEL,0.824
2020-11-17,2187,dizel,1.029
2020-11-17,2188,100,1.122
2020-11-17,2188,95,0.975
2020-11-17,2188,KOEL,0.824
2020-11-17,2188,dizel,1.029
2020-11-17,2189,95,0.975
2020-11-17,2189,KOEL,0.824
2020-11-17,2189,dizel,1.029
2020-11-17,2190,100,1.122
2020-11-17,2190,95,0.975
2020-11-17,2190,KOEL,0.824
2020-11-17,2190,dizel,1.029
2020-11-17,2191,100,1.122
2020-11-17,2191,95,0.975
2020-11-17,2191,KOEL,0.824
2020-11-17,2191,dizel,1.029
2020-11-17,2192,100,1.122
2020-11-17,2192,95,0.975
2020-11-17,2192,KOEL,0.824
2020-11-17,2192,dizel,1.029
2020-11-17,2193,95,0.975
2020-11-17,2193,KOEL,0.824
2020-11-17,2193,dizel,1.029
2020-11-17,2194,100,1.122
2020-11-17,2194,95,0.975
2020-11-17,2194,dizel,1.029
2020-11-17,2195,100,1.122
2020-11-17,2195,95,0.975
2020-11-17,2195,KOEL,0.824
2020-11-17,2195,dizel,1.029
2020-11-17,2196,100,1.122
2020-11-17,2196,95,0.975
2020-11-17,2196,KOEL,0.824
2020-11-17,2196,dizel,1.029
2020-11-17,2197,100,1.122
2020-11-17,2197,95,0.975
2020-11-17,2197,dizel,1.029
2020-11-17,2198,100,1.122
2020-11-17,2198,95,0.975
2020-11-17,2198,KOEL,0.824
2020-11-17,2198,dizel,1.029
2020-11-17,2199,100,1.122
2020-11-17,2199,95,0.975
2020-11-17,2199,dizel,1.029
2020-11-17,2200,100,1.122
2020-11-17,2200,95,0.975
2020-11-17,2200,dizel,1.029
2020-11-17,2201,100,1.172
2020-11-17,2201,95,1.005
2020-11-17,2201,dizel,1.053
2020-11-17,2202,100,1.172
2020-11-17,2202,95,1.005
2020-11-17,2202,dizel,1.053
2020-11-17,2203,95,0.975
2020-11-17,2203,KOEL,0.824
2020-11-17,2203,dizel,1.029
2020-11-17,2204,100,1.122
2020-11-17,2204,95,0.975
2020-11-17,2204,dizel,1.029
2020-11-17,2205,100,1.122
2020-11-17,2205,95,0.975
2020-11-17,2205,KOEL,0.824
2020-11-17,2205,dizel,1.029
2020-11-17,2206,100,1.122
2020-11-17,2206,95,0.975
2020-11-17,2206,KOEL,0.824
2020-11-17,2206,dizel,1.029
2020-11-17,2207,100,1.122
2020-11-17,2207,95,0.975
2020-11-17,2207,dizel,1.029
2020-11-17,2208,95,0.975
2020-11-17,2208,KOEL,0.824
2020-11-17,2208,dizel,1.029
2020-11-17,2209,95,0.975
2020-11-17,2209,KOEL,0.824
2020-11-17,2209,dizel,1.029
2020-11-17,2210,100,1.122
2020-11-17,2210,95,0.975
2020-11-17,2210,KOEL,0.824
2020-11-17,2210,dizel,1.029
2020-11-17,2211,95,0.975
2020-11-17,2211,KOEL,0.824
2020-11-17,2211,dizel,1.029
2020-11-17,2212,100,1.122
2020-11-17,2212,95,0.975
2020-11-17,2212,KOEL,0.824
2020-11-17,2212,dizel,1.029
2020-11-17,2213,95,0.975
2020-11-17,2213,KOEL,0.824
2020-11-17,2213,dizel,1.029
2020-11-17,2214,95,0.975
2020-11-17,2214,KOEL,0.824
2020-11-17,2214,dizel,1.029
2020-11-17,2215,100,1.122
2020-11-17,2215,95,0.975
2020-11-17,2215,KOEL,0.824
2020-11-17,2215,dizel,1.029
2020-11-17,2216,100,1.172
2020-11-17,2216,95,1.005
2020-11-17,2216,dizel,1.053
2020-11-17,2216,dizel-premium,1.267
2020-11-17,2217,100,1.122
2020-11-17,2217,95,0.975
2020-11-17,2217,KOEL,0.824
2020-11-17,2217,dizel,1.029
2020-11-17,2218,100,1.122
2020-11-17,2218,95,0.975
2020-11-17,2218,KOEL,0.824
2020-11-17,2218,dizel,1.029
2020-11-17,2219,95,0.975
2020-11-17,2219,KOEL,0.824
2020-11-17,2219,dizel,1.029
2020-11-17,2220,100,1.122
2020-11-17,2220,95,0.975
2020-11-17,2220,KOEL,0.824
2020-11-17,2220,dizel,1.029
2020-11-17,2221,100,1.122
2020-11-17,2221,95,0.975
2020-11-17,2221,KOEL,0.824
2020-11-17,2221,dizel,1.029
2020-11-17,2222,100,1.122
2020-11-17,2222,95,0.975
2020-11-17,2222,KOEL,0.824
2020-11-17,2222,dizel,1.029
2020-11-17,2223,95,0.975
2020-11-17,2223,KOEL,0.824
2020-11-17,2223,dizel,1.029
2020-11-17,2224,95,0.975
2020-11-17,2224,KOEL,0.824
2020-11-17,2224,dizel,1.029
2020-11-17,2225,100,1.122
2020-11-17,2225,95,0.975
2020-11-17,2225,KOEL,0.824
2020-11-17,2225,dizel,1.029
2020-11-17,2227,100,1.122
2020-11-17,2227,95,0.975
2020-11-17,2227,dizel,1.029
2020-11-17,2228,100,1.122
2020-11-17,2228,95,0.975
2020-11-17,2228,KOEL,0.824
2020-11-17,2228,dizel,1.029
2020-11-17,2229,100,1.172
2020-11-17,2229,95,1.005
2020-11-17,2229,dizel,1.053
2020-11-17,2229,dizel-premium,1.267
2020-11-17,2230,100,1.172
2020-11-17,2230,95,1.005
2020-11-17,2230,dizel,1.053
2020-11-17,2230,dizel-premium,1.267
2020-11-17,2231,100,1.172
2020-11-17,2231,95,1.005
2020-11-17,2231,dizel,1.053
2020-11-17,2231,dizel-premium,1.267
2020-11-17,2232,100,1.172
2020-11-17,2232,95,1.005
2020-11-17,2232,dizel,1.053
2020-11-17,2232,dizel-premium,1.267
2020-11-17,2233,100,1.122
2020-11-17,2233,95,0.975
2020-11-17,2233,dizel,1.029
2020-11-17,2236,100,1.129
2020-11-17,2236,95,0.979
2020-11-17,2236,dizel,1.029
2020-11-17,2236,dizel-premium,1.185
2020-11-17,2237,95,0.979
2020-11-17,2237,dizel,1.029
2020-11-17,2238,95,0.979
2020-11-17,2238,dizel,1.029
2020-11-17,2239,95,0.979
2020-11-17,2239,dizel,1.029
2020-11-17,2240,95,0.979
2020-11-17,2240,dizel,1.029
2020-11-17,2241,95,0.979
2020-11-17,2241,dizel,1.029
2020-11-17,2242,95,0.979
2020-11-17,2242,dizel,1.029
2020-11-17,2243,95,0.979
2020-11-17,2243,dizel,1.029
2020-11-17,2244,95,0.979
2020-11-17,2244,dizel,1.029
2020-11-17,2245,95,0.979
2020-11-17,2245,dizel,1.029
2020-11-17,2246,95,0.979
2020-11-17,2246,dizel,1.029
2020-11-17,2247,95,0.979
2020-11-17,2247,dizel,1.029
2020-11-17,2248,95,0.979
2020-11-17,2248,dizel,1.029
2020-11-17,2249,95,0.979
2020-11-17,2249,dizel,1.029
2020-11-17,2250,95,0.979
2020-11-17,2250,dizel,1.029
2020-11-17,2251,95,0.979
2020-11-17,2251,dizel,1.029
2020-11-17,2252,95,0.979
2020-11-17,2252,dizel,1.029
2020-11-17,2253,95,0.979
2020-11-17,2253,dizel,1.029
2020-11-17,2254,95,0.979
2020-11-17,2254,dizel,1.029
2020-11-17,2255,95,0.979
2020-11-17,2255,dizel,1.029
2020-11-17,2256,95,0.979
2020-11-17,2256,dizel,1.029
2020-11-17,2257,95,0.979
2020-11-17,2257,dizel,1.029
2020-11-17,2271,100,1.129
2020-11-17,2271,95,0.979
2020-11-17,2271,dizel,1.029
2020-11-17,2271,dizel-premium,1.185
2020-11-17,2272,100,1.122
2020-11-17,2272,95,0.975
2020-11-17,2272,dizel,1.029
2020-11-17,2273,dizel,1.029
2020-11-17,2274,dizel,1.029
2020-11-17,2275,dizel,1.029
2020-11-17,2276,dizel,1.029
2020-11-17,2297,dizel,1.029
2020-11-17,2299,dizel,1.029
2020-11-17,2302,100,1.121
2020-11-17,2302,95,0.975
2020-11-17,2302,dizel,1.029
2020-11-17,2303,95,0.975
2020-11-17,2303,dizel,1.029
2020-11-17,2304,100,1.121
2020-11-17,2304,95,0.975
2020-11-17,2304,dizel,1.029
2020-11-17,2305,100,1.121
2020-11-17,2305,95,0.975
2020-11-17,2305,dizel,1.029
2020-11-17,2306,100,1.121
2020-11-17,2306,95,0.975
2020-11-17,2306,dizel,1.029
2020-11-17,2307,95,0.975
2020-11-17,2307,dizel,1.029
2020-11-17,2308,dizel,1.029
2020-11-17,2309,dizel,1.029
2020-11-17,2310,dizel,1.029
2020-11-17,2318,dizel,1.029
2020-11-18,767,KOEL,0.823
2020-11-18,771,KOEL,0.823
2020-11-18,773,KOEL,0.823
2020-11-18,776,KOEL,0.823
2020-11-18,779,KOEL,0.823
2020-11-18,780,KOEL,0.823
2020-11-18,783,KOEL,0.823
2020-11-18,792,KOEL,0.823
2020-11-18,795,KOEL,0.823
2020-11-18,797,KOEL,0.823
2020-11-18,799,KOEL,0.823
2020-11-18,803,KOEL,0.823
2020-11-18,805,KOEL,0.823
2020-11-18,807,KOEL,0.823
2020-11-18,810,KOEL,0.823
2020-11-18,814,KOEL,0.823
2020-11-18,815,KOEL,0.823
2020-11-18,821,KOEL,0.823
2020-11-18,826,KOEL,0.823
2020-11-18,829,KOEL,0.823
2020-11-18,831,KOEL,0.823
2020-11-18,834,KOEL,0.823
2020-11-18,835,KOEL,0.823
2020-11-18,838,KOEL,0.823
2020-11-18,842,KOEL,0.823
2020-11-18,843,KOEL,0.823
2020-11-18,846,KOEL,0.823
2020-11-18,857,KOEL,0.823
2020-11-18,858,KOEL,0.823
2020-11-18,860,KOEL,0.823
2020-11-18,862,KOEL,0.823
2020-11-18,863,KOEL,0.823
2020-11-18,865,KOEL,0.823
2020-11-18,869,KOEL,0.823
2020-11-18,871,KOEL,0.823
2020-11-18,874,KOEL,0.823
2020-11-18,875,KOEL,0.823
2020-11-18,1548,100,1.126
2020-11-18,1548,95,0.978
2020-11-18,1548,dizel,1.029
2020-11-18,1548,dizel-premium,1.175
2020-11-18,1549,100,1.126
2020-11-18,1549,95,0.978
2020-11-18,1549,dizel,1.029
2020-11-18,1549,dizel-premium,1.175
2020-11-18,1550,100,1.126
2020-11-18,1550,95,0.978
2020-11-18,1550,dizel,1.029
2020-11-18,1550,dizel-premium,1.175
2020-11-18,1551,100,1.126
2020-11-18,1551,95,0.978
2020-11-18,1551,dizel,1.029
2020-11-18,1551,dizel-premium,1.175
2020-11-18,1552,100,1.126
2020-11-18,1552,95,0.978
2020-11-18,1552,dizel,1.029
2020-11-18,1552,dizel-premium,1.175
2020-11-18,1553,100,1.126
2020-11-18,1553,95,0.978
2020-11-18,1553,dizel,1.029
2020-11-18,1554,100,1.126
2020-11-18,1554,95,0.978
2020-11-18,1554,dizel,1.029
2020-11-18,1554,dizel-premium,1.175
2020-11-18,1555,100,1.126
2020-11-18,1555,95,0.978
2020-11-18,1555,dizel,1.029
2020-11-18,1555,dizel-premium,1.175
2020-11-18,1556,100,1.126
2020-11-18,1556,95,0.978
2020-11-18,1556,dizel,1.029
2020-11-18,1556,dizel-premium,1.175
2020-11-18,1557,100,1.126
2020-11-18,1557,95,0.978
2020-11-18,1557,dizel,1.029
2020-11-18,1557,dizel-premium,1.175
2020-11-18,1558,100,1.126
2020-11-18,1558,95,0.978
2020-11-18,1558,dizel,1.029
2020-11-18,1558,dizel-premium,1.175
2020-11-18,1559,100,1.176
2020-11-18,1559,95,1.012
2020-11-18,1559,avtoplin-lpg,0.598
2020-11-18,1559,dizel,1.053
2020-11-18,1559,dizel-premium,1.271
2020-11-18,1560,100,1.126
2020-11-18,1560,95,0.978
2020-11-18,1560,avtoplin-lpg,0.598
2020-11-18,1560,dizel,1.029
2020-11-18,1561,100,1.126
2020-11-18,1561,95,0.978
2020-11-18,1561,KOEL,0.824
2020-11-18,1561,avtoplin-lpg,0.592
2020-11-18,1561,dizel,1.029
2020-11-18,1562,100,1.126
2020-11-18,1562,95,0.978
2020-11-18,1562,dizel,1.029
2020-11-18,1563,100,1.126
2020-11-18,1563,95,0.978
2020-11-18,1563,dizel,1.029
2020-11-18,1564,100,1.126
2020-11-18,1564,95,0.978
2020-11-18,1564,dizel,1.029
2020-11-18,1564,dizel-premium,1.175
2020-11-18,1565,100,1.126
2020-11-18,1565,95,0.978
2020-11-18,1565,dizel,1.029
2020-11-18,1566,100,1.126
2020-11-18,1566,95,0.978
2020-11-18,1566,avtoplin-lpg,0.598
2020-11-18,1566,dizel,1.029
2020-11-18,1567,100,1.126
2020-11-18,1567,95,0.978
2020-11-18,1567,dizel,1.029
2020-11-18,1568,100,1.176
2020-11-18,1568,95,1.012
2020-11-18,1568,avtoplin-lpg,0.592
2020-11-18,1568,dizel,1.053
2020-11-18,1568,dizel-premium,1.271
2020-11-18,1569,100,1.126
2020-11-18,1569,95,0.978
2020-11-18,1569,dizel,1.029
2020-11-18,1570,100,1.126
2020-11-18,1570,95,0.978
2020-11-18,1570,dizel,1.029
2020-11-18,1571,100,1.126
2020-11-18,1571,95,0.978
2020-11-18,1571,avtoplin-lpg,0.598
2020-11-18,1571,dizel,1.029
2020-11-18,1572,100,1.126
2020-11-18,1572,95,0.978
2020-11-18,1572,dizel,1.029
2020-11-18,1573,100,1.126
2020-11-18,1573,95,0.978
2020-11-18,1573,dizel,1.029
2020-11-18,1574,100,1.126
2020-11-18,1574,95,0.978
2020-11-18,1574,dizel,1.029
2020-11-18,1575,100,1.126
2020-11-18,1575,95,0.978
2020-11-18,1575,dizel,1.029
2020-11-18,1576,100,1.126
2020-11-18,1576,95,0.978
2020-11-18,1576,dizel,1.029
2020-11-18,1577,100,1.126
2020-11-18,1577,95,0.978
2020-11-18,1577,dizel,1.029
2020-11-18,1578,100,1.126
2020-11-18,1578,95,0.978
2020-11-18,1578,dizel,1.029
2020-11-18,1579,100,1.126
2020-11-18,1579,95,0.978
2020-11-18,1579,dizel,1.029
2020-11-18,1580,100,1.126
2020-11-18,1580,95,0.978
2020-11-18,1580,avtoplin-lpg,0.598
2020-11-18,1580,dizel,1.029
2020-11-18,1581,100,1.126
2020-11-18,1581,95,0.978
2020-11-18,1581,avtoplin-lpg,0.592
2020-11-18,1581,dizel,1.029
2020-11-18,1582,100,1.126
2020-11-18,1582,95,0.978
2020-11-18,1582,KOEL,0.824
2020-11-18,1582,avtoplin-lpg,0.592
2020-11-18,1582,dizel,1.029
2020-11-18,1583,100,1.126
2020-11-18,1583,95,0.978
2020-11-18,1583,KOEL,0.824
2020-11-18,1583,dizel,1.029
2020-11-18,1584,100,1.126
2020-11-18,1584,95,0.978
2020-11-18,1584,KOEL,0.824
2020-11-18,1584,dizel,1.029
2020-11-18,1585,100,1.126
2020-11-18,1585,95,0.978
2020-11-18,1585,dizel,1.029
2020-11-18,1585,dizel-premium,1.175
2020-11-18,1586,100,1.126
2020-11-18,1586,95,0.978
2020-11-18,1586,KOEL,0.824
2020-11-18,1586,dizel,1.029
2020-11-18,1587,100,1.126
2020-11-18,1587,95,0.978
2020-11-18,1587,KOEL,0.824
2020-11-18,1587,dizel,1.029
2020-11-18,1588,100,1.126
2020-11-18,1588,95,0.978
2020-11-18,1588,KOEL,0.824
2020-11-18,1588,dizel,1.029
2020-11-18,1588,dizel-premium,1.175
2020-11-18,1589,100,1.126
2020-11-18,1589,95,0.978
2020-11-18,1589,dizel,1.029
2020-11-18,1589,dizel-premium,1.175
2020-11-18,1590,100,1.126
2020-11-18,1590,95,0.978
2020-11-18,1590,dizel,1.029
2020-11-18,1591,100,1.126
2020-11-18,1591,95,0.978
2020-11-18,1591,dizel,1.029
2020-11-18,1592,100,1.126
2020-11-18,1592,95,0.978
2020-11-18,1592,KOEL,0.824
2020-11-18,1592,dizel,1.029
2020-11-18,1593,100,1.126
2020-11-18,1593,95,0.978
2020-11-18,1593,avtoplin-lpg,0.592
2020-11-18,1593,dizel,1.029
2020-11-18,2008,100,1.172
2020-11-18,2008,95,1.005
2020-11-18,2008,dizel,1.053
2020-11-18,2234,100,1.126
2020-11-18,2234,95,0.978
2020-11-18,2234,avtoplin-lpg,0.592
2020-11-18,2234,dizel,1.029
2020-11-18,2234,dizel-premium,1.175
2020-11-18,2235,100,1.126
2020-11-18,2235,95,0.978
2020-11-18,2235,avtoplin-lpg,0.592
2020-11-18,2235,dizel,1.029
2020-11-18,2235,dizel-premium,1.175
2020-11-18,2258,dizel,1.030
2020-11-18,2259,dizel,1.030
2020-11-18,2260,dizel,1.030
2020-11-18,2261,dizel,1.030
2020-11-18,2262,dizel,1.030
2020-11-18,2263,dizel,1.030
2020-11-18,2264,dizel,1.030
2020-11-18,2265,dizel,1.030
2020-11-18,2266,100,1.135
2020-11-18,2266,95,0.980
2020-11-18,2266,dizel,1.030
2020-11-18,2267,100,1.122
2020-11-18,2267,95,0.970
2020-11-18,2267,KOEL,0.819
2020-11-18,2267,dizel,1.024
2020-11-18,2268,100,1.122
2020-11-18,2268,95,0.975
2020-11-18,2268,KOEL,0.824
2020-11-18,2268,dizel,1.029
2020-11-18,2283,100,1.126
2020-11-18,2283,95,0.978
2020-11-18,2283,KOEL,0.824
2020-11-18,2283,dizel,1.029
2020-11-18,2283,dizel-premium,1.175
2020-11-18,2284,100,1.126
2020-11-18,2284,95,0.978
2020-11-18,2284,KOEL,0.824
2020-11-18,2284,dizel,1.029
2020-11-18,2284,dizel-premium,1.175
2020-11-18,2285,100,1.126
2020-11-18,2285,95,0.978
2020-11-18,2285,KOEL,0.824
2020-11-18,2285,dizel,1.029
2020-11-18,2285,dizel-premium,1.175
2020-11-18,2286,100,1.126
2020-11-18,2286,95,0.978
2020-11-18,2286,KOEL,0.824
2020-11-18,2286,avtoplin-lpg,0.598
2020-11-18,2286,dizel,1.029
2020-11-18,2286,dizel-premium,1.175
2020-11-18,2287,100,1.126
2020-11-18,2287,95,0.978
2020-11-18,2287,KOEL,0.824
2020-11-18,2287,dizel,1.029
2020-11-18,2287,dizel-premium,1.175
2020-11-18,2288,95,0.949
2020-11-18,2288,dizel,0.999
2020-11-18,2289,95,0.949
2020-11-18,2289,dizel,0.999
2020-11-18,2290,95,0.949
2020-11-18,2290,dizel,0.999
2020-11-18,2291,95,0.949
2020-11-18,2291,dizel,0.999
2020-11-18,2292,95,0.949
2020-11-18,2292,dizel,0.999
2020-11-18,2293,95,0.949
2020-11-18,2293,dizel,0.999
2020-11-18,2294,95,0.949
2020-11-18,2294,dizel,0.999
2020-11-18,2295,95,0.949
2020-11-18,2295,dizel,0.999
2020-11-18,2297,95,0.945
2020-11-18,2297,KOEL,0.777
2020-11-18,2299,95,0.945
2020-11-18,2299,KOEL,0.819
2020-11-18,2311,95,0.979
2020-11-18,2311,dizel,1.029
2020-11-18,2314,95,0.973
2020-11-18,2314,KOEL,0.820
2020-11-18,2314,dizel,1.024
2020-11-18,2315,95,0.975
2020-11-18,2315,KOEL,
2020-11-18,2315,dizel,1.029
2020-11-18,2316,95,0.975
2020-11-18,2316,dizel,1.029
2020-11-18,2317,95,0.975
2020-11-18,2317,dizel,1.029
2020-11-18,2319,KOEL,0.822
2020-11-18,2319,dizel,1.029
2020-11-18,2320,KOEL,0.824
2020-11-18,2320,dizel,1.029
2020-11-19,2302,KOEL,0.822
2020-11-19,2302,avtoplin-lpg,
2020-11-19,2303,KOEL,0.822
2020-11-19,2303,avtoplin-lpg,
2020-11-19,2304,KOEL,0.822
2020-11-19,2304,avtoplin-lpg,
2020-11-19,2305,KOEL,
2020-11-19,2306,KOEL,0.822
2020-11-19,2306,avtoplin-lpg,
2020-11-19,2307,KOEL,
2020-11-19,2307,avtoplin-lpg,
2020-11-20,777,95,1.019
2020-11-20,851,dizel-premium,1.185
2020-11-20,2312,dizel,0.960
2020-11-20,2314,95,0.958
2020-11-20,2314,dizel,1.009
2020-11-21,766,dizel,1.034
2020-11-21,767,dizel,1.034
2020-11-21,769,dizel,1.034
2020-11-21,770,dizel,1.034
2020-11-21,771,dizel,1.034
2020-11-21,772,dizel,1.034
2020-11-21,773,dizel,1.034
2020-11-21,774,dizel,1.034
2020-11-21,775,dizel,1.034
2020-11-21,776,dizel,1.034
2020-11-21,777,95,1.029
2020-11-21,779,dizel,1.034
2020-11-21,780,dizel,1.034
2020-11-21,783,dizel,1.034
2020-11-21,784,dizel,1.034
2020-11-21,785,dizel,1.034
2020-11-21,786,dizel,1.034
2020-11-21,787,dizel,1.034
2020-11-21,788,dizel,1.034
2020-11-21,789,dizel,1.034
2020-11-21,789,dizel-premium,1.185
2020-11-21,792,dizel,1.034
2020-11-21,794,dizel,1.034
2020-11-21,795,dizel,1.034
2020-11-21,797,dizel,1.034
2020-11-21,798,dizel,1.034
2020-11-21,799,dizel,1.034
2020-11-21,800,dizel,1.034
2020-11-21,801,dizel,1.034
2020-11-21,802,dizel,1.034
2020-11-21,803,dizel,1.034
2020-11-21,806,dizel,1.034
2020-11-21,807,dizel,1.034
2020-11-21,808,dizel,1.034
2020-11-21,809,dizel,1.034
2020-11-21,810,dizel,1.034
2020-11-21,811,dizel,1.034
2020-11-21,812,dizel,1.034
2020-11-21,813,dizel,1.034
2020-11-21,814,dizel,1.034
2020-11-21,815,dizel,1.034
2020-11-21,816,dizel,1.034
2020-11-21,817,dizel,1.034
2020-11-21,818,dizel,1.034
2020-11-21,819,dizel,1.034
2020-11-21,820,dizel,1.034
2020-11-21,821,dizel,1.034
2020-11-21,822,dizel,1.034
2020-11-21,824,dizel,1.034
2020-11-21,825,dizel,1.034
2020-11-21,826,dizel,1.034
2020-11-21,827,dizel,1.034
2020-11-21,829,dizel,1.034
2020-11-21,830,dizel,1.034
2020-11-21,831,dizel,1.034
2020-11-21,832,dizel,1.034
2020-11-21,833,dizel,1.034
2020-11-21,834,dizel,1.034
2020-11-21,835,dizel,1.034
2020-11-21,836,dizel,1.034
2020-11-21,838,dizel,1.034
2020-11-21,839,dizel,1.034
2020-11-21,840,dizel,1.034
2020-11-21,841,dizel,1.034
2020-11-21,842,dizel,1.034
2020-11-21,843,dizel,1.034
2020-11-21,846,dizel,1.034
2020-11-21,849,dizel,1.034
2020-11-21,850,dizel,1.034
2020-11-21,851,dizel,1.034
2020-11-21,852,dizel,1.034
2020-11-21,853,dizel,1.034
2020-11-21,854,dizel,1.034
2020-11-21,855,dizel,1.034
2020-11-21,856,dizel,1.034
2020-11-21,857,dizel,1.034
2020-11-21,858,dizel,1.034
2020-11-21,859,dizel,1.034
2020-11-21,860,dizel,1.034
2020-11-21,862,dizel,1.034
2020-11-21,865,dizel,1.034
2020-11-21,866,dizel,1.034
2020-11-21,867,dizel,1.034
2020-11-21,868,dizel,1.034
2020-11-21,869,dizel,1.034
2020-11-21,870,dizel,1.034
2020-11-21,871,dizel,1.034
2020-11-21,872,dizel,1.034
2020-11-21,873,dizel,1.034
2020-11-21,874,dizel,1.034
2020-11-21,875,dizel,1.034
2020-11-21,876,dizel,1.034
2020-11-21,2236,dizel,1.034
2020-11-21,2271,dizel,1.034
2020-11-21,2314,95,0.973
2020-11-21,2314,dizel,1.024
2020-11-22,777,100,1.179
2020-11-22,777,95,1.019
2020-11-22,777,dizel,1.059
2020-11-22,777,dizel-premium,1.274
2020-11-22,778,100,1.179
2020-11-22,778,95,1.019
2020-11-22,778,dizel,1.059
2020-11-22,778,dizel-premium,1.274
2020-11-22,781,100,1.179
2020-11-22,781,95,1.019
2020-11-22,781,dizel,1.059
2020-11-22,781,dizel-premium,1.274
2020-11-22,782,100,1.179
2020-11-22,782,95,1.019
2020-11-22,782,dizel,1.059
2020-11-22,782,dizel-premium,1.274
2020-11-22,790,100,1.179
2020-11-22,790,95,1.019
2020-11-22,790,dizel,1.059
2020-11-22,790,dizel-premium,1.274
2020-11-22,791,100,1.179
2020-11-22,791,95,1.019
2020-11-22,791,dizel,1.059
2020-11-22,791,dizel-premium,1.274
2020-11-22,793,100,1.179
2020-11-22,793,95,1.019
2020-11-22,793,dizel,1.059
2020-11-22,793,dizel-premium,1.274
2020-11-22,796,100,1.179
2020-11-22,796,95,1.019
2020-11-22,796,dizel,1.059
2020-11-22,796,dizel-premium,1.274
2020-11-22,823,100,1.179
2020-11-22,823,95,1.019
2020-11-22,823,dizel,1.059
2020-11-22,823,dizel-premium,1.274
2020-11-22,828,100,1.179
2020-11-22,828,95,1.019
2020-11-22,828,dizel,1.059
2020-11-22,828,dizel-premium,1.274
2020-11-22,837,100,1.179
2020-11-22,837,95,1.019
2020-11-22,837,dizel,1.059
2020-11-22,837,dizel-premium,1.274
2020-11-22,844,100,1.179
2020-11-22,844,95,1.019
2020-11-22,844,dizel,1.059
2020-11-22,844,dizel-premium,1.274
2020-11-22,845,100,1.179
2020-11-22,845,95,1.019
2020-11-22,845,dizel,1.059
2020-11-22,845,dizel-premium,1.274
2020-11-22,847,95,1.019
2020-11-22,847,dizel,1.059
2020-11-22,847,dizel-premium,1.274
2020-11-22,848,95,1.019
2020-11-22,848,dizel,1.059
2020-11-22,848,dizel-premium,1.274
2020-11-22,861,100,1.179
2020-11-22,861,95,1.019
2020-11-22,861,dizel,1.059
2020-11-22,861,dizel-premium,1.274
2020-11-22,2237,dizel,1.032
2020-11-22,2238,dizel,1.032
2020-11-22,2239,dizel,1.032
2020-11-22,2240,dizel,1.032
2020-11-22,2241,dizel,1.032
2020-11-22,2242,dizel,1.032
2020-11-22,2243,dizel,1.032
2020-11-22,2244,dizel,1.032
2020-11-22,2245,dizel,1.032
2020-11-22,2246,dizel,1.032
2020-11-22,2247,dizel,1.032
2020-11-22,2248,dizel,1.032
2020-11-22,2249,dizel,1.032
2020-11-22,2250,dizel,1.032
2020-11-22,2251,dizel,1.032
2020-11-22,2252,dizel,1.032
2020-11-22,2253,dizel,1.032
2020-11-22,2254,dizel,1.032
2020-11-22,2255,dizel,1.032
2020-11-22,2256,dizel,1.032
2020-11-22,2257,dizel,1.032
2020-11-24,777,100,1.189
2020-11-24,777,95,1.029
2020-11-24,777,dizel,1.069
2020-11-24,777,dizel-premium,1.284
2020-11-24,778,100,1.189
2020-11-24,778,95,1.029
2020-11-24,778,dizel,1.069
2020-11-24,778,dizel-premium,1.284
2020-11-24,781,100,1.189
2020-11-24,781,95,1.029
2020-11-24,781,dizel,1.069
2020-11-24,781,dizel-premium,1.284
2020-11-24,782,100,1.189
2020-11-24,782,95,1.029
2020-11-24,782,dizel,1.069
2020-11-24,782,dizel-premium,1.284
2020-11-24,790,100,1.189
2020-11-24,790,95,1.029
2020-11-24,790,dizel,1.069
2020-11-24,790,dizel-premium,1.284
2020-11-24,791,100,1.189
2020-11-24,791,95,1.029
2020-11-24,791,dizel,1.069
2020-11-24,791,dizel-premium,1.284
2020-11-24,793,100,1.189
2020-11-24,793,95,1.029
2020-11-24,793,dizel,1.069
2020-11-24,793,dizel-premium,1.284
2020-11-24,796,100,1.189
2020-11-24,796,95,1.029
2020-11-24,796,dizel,1.069
2020-11-24,796,dizel-premium,1.284
2020-11-24,823,100,1.189
2020-11-24,823,95,1.029
2020-11-24,823,dizel,1.069
2020-11-24,823,dizel-premium,1.284
2020-11-24,828,100,1.189
2020-11-24,828,95,1.029
2020-11-24,828,dizel,1.069
2020-11-24,828,dizel-premium,1.284
2020-11-24,837,100,1.189
2020-11-24,837,95,1.029
2020-11-24,837,dizel,1.069
2020-11-24,837,dizel-premium,1.284
2020-11-24,844,100,1.189
2020-11-24,844,95,1.029
2020-11-24,844,dizel,1.069
2020-11-24,844,dizel-premium,1.284
2020-11-24,845,100,1.189
2020-11-24,845,95,1.029
2020-11-24,845,dizel,1.069
2020-11-24,845,dizel-premium,1.284
2020-11-24,847,95,1.029
2020-11-24,847,dizel,1.069
2020-11-24,847,dizel-premium,1.284
2020-11-24,848,95,1.029
2020-11-24,848,dizel,1.069
2020-11-24,848,dizel-premium,1.284
2020-11-24,861,100,1.189
2020-11-24,861,95,1.029
2020-11-24,861,dizel,1.069
2020-11-24,861,dizel-premium,1.284
2020-11-24,1548,100,1.119
2020-11-24,1548,95,0.971
2020-11-24,1548,dizel,1.034
2020-11-24,1548,dizel-premium,1.180
2020-11-24,1549,100,1.119
2020-11-24,1549,95,0.971
2020-11-24,1549,dizel,1.034
2020-11-24,1549,dizel-premium,1.180
2020-11-24,1550,100,1.119
2020-11-24,1550,95,0.971
2020-11-24,1550,dizel,1.034
2020-11-24,1550,dizel-premium,1.180
2020-11-24,1551,100,1.119
2020-11-24,1551,95,0.971
2020-11-24,1551,dizel,1.034
2020-11-24,1551,dizel-premium,1.180
2020-11-24,1552,100,1.119
2020-11-24,1552,95,0.971
2020-11-24,1552,dizel,1.034
2020-11-24,1552,dizel-premium,1.180
2020-11-24,1553,100,1.119
2020-11-24,1553,95,0.971
2020-11-24,1553,dizel,1.034
2020-11-24,1554,100,1.119
2020-11-24,1554,95,0.971
2020-11-24,1554,dizel,1.034
2020-11-24,1554,dizel-premium,1.180
2020-11-24,1555,100,1.119
2020-11-24,1555,95,0.971
2020-11-24,1555,dizel,1.034
2020-11-24,1555,dizel-premium,1.180
2020-11-24,1556,100,1.119
2020-11-24,1556,95,0.971
2020-11-24,1556,dizel,1.034
2020-11-24,1556,dizel-premium,1.180
2020-11-24,1557,100,1.119
2020-11-24,1557,95,0.971
2020-11-24,1557,dizel,1.034
2020-11-24,1557,dizel-premium,1.180
2020-11-24,1558,100,1.119
2020-11-24,1558,95,0.971
2020-11-24,1558,dizel,1.034
2020-11-24,1558,dizel-premium,1.180
2020-11-24,1559,100,1.169
2020-11-24,1559,95,1.005
2020-11-24,1559,dizel,1.057
2020-11-24,1559,dizel-premium,1.276
2020-11-24,1560,100,1.119
2020-11-24,1560,95,0.971
2020-11-24,1560,dizel,1.034
2020-11-24,1561,100,1.119
2020-11-24,1561,95,0.971
2020-11-24,1561,KOEL,0.829
2020-11-24,1561,dizel,1.034
2020-11-24,1562,100,1.119
2020-11-24,1562,95,0.971
2020-11-24,1562,dizel,1.034
2020-11-24,1563,100,1.119
2020-11-24,1563,95,0.971
2020-11-24,1563,dizel,1.034
2020-11-24,1564,100,1.119
2020-11-24,1564,95,0.971
2020-11-24,1564,dizel,1.034
2020-11-24,1564,dizel-premium,1.180
2020-11-24,1565,100,1.119
2020-11-24,1565,95,0.971
2020-11-24,1565,dizel,1.034
2020-11-24,1566,100,1.119
2020-11-24,1566,95,0.971
2020-11-24,1566,dizel,1.034
2020-11-24,1567,100,1.119
2020-11-24,1567,95,0.971
2020-11-24,1567,dizel,1.034
2020-11-24,1568,100,1.169
2020-11-24,1568,95,1.005
2020-11-24,1568,dizel,1.057
2020-11-24,1568,dizel-premium,1.276
2020-11-24,1569,100,1.119
2020-11-24,1569,95,0.971
2020-11-24,1569,dizel,1.034
2020-11-24,1570,100,1.119
2020-11-24,1570,95,0.971
2020-11-24,1570,dizel,1.034
2020-11-24,1571,100,1.119
2020-11-24,1571,95,0.971
2020-11-24,1571,dizel,1.034
2020-11-24,1572,100,1.119
2020-11-24,1572,95,0.971
2020-11-24,1572,dizel,1.034
2020-11-24,1573,100,1.119
2020-11-24,1573,95,0.971
2020-11-24,1573,dizel,1.034
2020-11-24,1574,100,1.119
2020-11-24,1574,95,0.971
2020-11-24,1574,dizel,1.034
2020-11-24,1575,100,1.119
2020-11-24,1575,95,0.971
2020-11-24,1575,dizel,1.034
2020-11-24,1576,100,1.119
2020-11-24,1576,95,0.971
2020-11-24,1576,dizel,1.034
2020-11-24,1577,100,1.119
2020-11-24,1577,95,0.971
2020-11-24,1577,dizel,1.034
2020-11-24,1578,100,1.119
2020-11-24,1578,95,0.971
2020-11-24,1578,dizel,1.034
2020-11-24,1579,100,1.119
2020-11-24,1579,95,0.971
2020-11-24,1579,dizel,1.034
2020-11-24,1580,100,1.119
2020-11-24,1580,95,0.971
2020-11-24,1580,dizel,1.034
2020-11-24,1581,100,1.119
2020-11-24,1581,95,0.971
2020-11-24,1581,dizel,1.034
2020-11-24,1582,100,1.119
2020-11-24,1582,95,0.971
2020-11-24,1582,KOEL,0.829
2020-11-24,1582,dizel,1.034
2020-11-24,1583,100,1.119
2020-11-24,1583,95,0.971
2020-11-24,1583,KOEL,0.829
2020-11-24,1583,dizel,1.034
2020-11-24,1584,100,1.119
2020-11-24,1584,95,0.971
2020-11-24,1584,KOEL,0.829
2020-11-24,1584,dizel,1.034
2020-11-24,1585,100,1.119
2020-11-24,1585,95,0.971
2020-11-24,1585,dizel,1.034
2020-11-24,1585,dizel-premium,1.180
2020-11-24,1586,100,1.119
2020-11-24,1586,95,0.971
2020-11-24,1586,KOEL,0.829
2020-11-24,1586,dizel,1.034
2020-11-24,1587,100,1.119
2020-11-24,1587,95,0.971
2020-11-24,1587,KOEL,0.829
2020-11-24,1587,dizel,1.034
2020-11-24,1588,100,1.119
2020-11-24,1588,95,0.971
2020-11-24,1588,KOEL,0.829
2020-11-24,1588,dizel,1.034
2020-11-24,1588,dizel-premium,1.180
2020-11-24,1589,100,1.119
2020-11-24,1589,95,0.971
2020-11-24,1589,dizel,1.034
2020-11-24,1589,dizel-premium,1.180
2020-11-24,1590,100,1.119
2020-11-24,1590,95,0.971
2020-11-24,1590,dizel,1.034
2020-11-24,1591,100,1.119
2020-11-24,1591,95,0.971
2020-11-24,1591,dizel,1.034
2020-11-24,1592,100,1.119
2020-11-24,1592,95,0.971
2020-11-24,1592,KOEL,0.829
2020-11-24,1592,dizel,1.034
2020-11-24,1593,100,1.119
2020-11-24,1593,95,0.971
2020-11-24,1593,dizel,1.034
2020-11-24,1921,100,1.113
2020-11-24,1921,95,0.967
2020-11-24,1921,dizel,1.034
2020-11-24,1922,95,0.967
2020-11-24,1922,KOEL,0.828
2020-11-24,1922,dizel,1.034
2020-11-24,1923,100,1.163
2020-11-24,1923,95,0.998
2020-11-24,1923,dizel,1.057
2020-11-24,1924,95,0.967
2020-11-24,1924,KOEL,0.828
2020-11-24,1924,dizel,1.034
2020-11-24,1925,95,0.967
2020-11-24,1925,KOEL,0.828
2020-11-24,1925,dizel,1.034
2020-11-24,1926,95,0.967
2020-11-24,1926,KOEL,0.828
2020-11-24,1926,dizel,1.034
2020-11-24,1927,95,0.967
2020-11-24,1927,dizel,1.034
2020-11-24,1928,100,1.113
2020-11-24,1928,95,0.967
2020-11-24,1928,KOEL,0.828
2020-11-24,1928,dizel,1.034
2020-11-24,1929,100,1.113
2020-11-24,1929,95,0.967
2020-11-24,1929,KOEL,0.828
2020-11-24,1929,dizel,1.034
2020-11-24,1930,95,0.967
2020-11-24,1930,KOEL,0.828
2020-11-24,1930,dizel,1.034
2020-11-24,1931,95,0.967
2020-11-24,1931,KOEL,0.828
2020-11-24,1931,dizel,1.034
2020-11-24,1932,95,0.967
2020-11-24,1932,KOEL,0.828
2020-11-24,1932,dizel,1.034
2020-11-24,1933,95,0.967
2020-11-24,1933,KOEL,0.828
2020-11-24,1933,dizel,1.034
2020-11-24,1934,100,1.113
2020-11-24,1934,95,0.967
2020-11-24,1934,dizel,1.034
2020-11-24,1935,100,1.113
2020-11-24,1935,95,0.967
2020-11-24,1935,KOEL,0.828
2020-11-24,1935,dizel,1.034
2020-11-24,1936,95,0.967
2020-11-24,1936,KOEL,0.828
2020-11-24,1936,dizel,1.034
2020-11-24,1937,95,0.967
2020-11-24,1937,KOEL,0.828
2020-11-24,1937,dizel,1.034
2020-11-24,1938,95,0.967
2020-11-24,1938,KOEL,0.828
2020-11-24,1938,dizel,1.034
2020-11-24,1939,95,0.967
2020-11-24,1939,KOEL,0.828
2020-11-24,1939,dizel,1.034
2020-11-24,1940,95,0.967
2020-11-24,1940,KOEL,0.828
2020-11-24,1940,dizel,1.034
2020-11-24,1941,95,0.967
2020-11-24,1941,dizel,1.034
2020-11-24,1942,100,1.113
2020-11-24,1942,95,0.967
2020-11-24,1942,KOEL,0.828
2020-11-24,1942,dizel,1.034
2020-11-24,1943,100,1.113
2020-11-24,1943,95,0.967
2020-11-24,1943,KOEL,0.828
2020-11-24,1943,dizel,1.034
2020-11-24,1944,95,0.967
2020-11-24,1944,KOEL,0.828
2020-11-24,1944,dizel,1.034
2020-11-24,1945,100,1.163
2020-11-24,1945,95,0.998
2020-11-24,1945,dizel,1.057
2020-11-24,1946,95,0.967
2020-11-24,1946,KOEL,0.828
2020-11-24,1946,dizel,1.034
2020-11-24,1947,100,1.113
2020-11-24,1947,95,0.967
2020-11-24,1947,KOEL,0.828
2020-11-24,1947,dizel,1.034
2020-11-24,1948,100,1.113
2020-11-24,1948,95,0.967
2020-11-24,1948,KOEL,0.828
2020-11-24,1948,dizel,1.034
2020-11-24,1949,100,1.163
2020-11-24,1949,95,0.998
2020-11-24,1949,dizel,1.057
2020-11-24,1949,dizel-premium,1.268
2020-11-24,1950,100,1.113
2020-11-24,1950,95,0.967
2020-11-24,1950,KOEL,0.828
2020-11-24,1950,dizel,1.034
2020-11-24,1951,100,1.113
2020-11-24,1951,95,0.967
2020-11-24,1951,KOEL,0.828
2020-11-24,1951,dizel,1.034
2020-11-24,1952,100,1.113
2020-11-24,1952,95,0.967
2020-11-24,1952,dizel,1.034
2020-11-24,1953,95,0.967
2020-11-24,1953,KOEL,0.828
2020-11-24,1953,dizel,1.034
2020-11-24,1954,100,1.113
2020-11-24,1954,95,0.967
2020-11-24,1954,KOEL,0.828
2020-11-24,1954,dizel,1.034
2020-11-24,1955,100,1.113
2020-11-24,1955,95,0.967
2020-11-24,1955,dizel,1.034
2020-11-24,1956,100,1.113
2020-11-24,1956,95,0.967
2020-11-24,1956,dizel,1.034
2020-11-24,1957,100,1.113
2020-11-24,1957,95,0.967
2020-11-24,1957,KOEL,0.828
2020-11-24,1957,dizel,1.034
2020-11-24,1958,100,1.113
2020-11-24,1958,95,0.967
2020-11-24,1958,KOEL,0.828
2020-11-24,1958,dizel,1.034
2020-11-24,1959,100,1.113
2020-11-24,1959,95,0.967
2020-11-24,1959,dizel,1.034
2020-11-24,1960,100,1.113
2020-11-24,1960,95,0.967
2020-11-24,1960,dizel,1.034
2020-11-24,1961,100,1.113
2020-11-24,1961,95,0.967
2020-11-24,1961,KOEL,0.828
2020-11-24,1961,dizel,1.034
2020-11-24,1962,100,1.113
2020-11-24,1962,95,0.967
2020-11-24,1962,KOEL,0.828
2020-11-24,1962,dizel,1.034
2020-11-24,1963,100,1.113
2020-11-24,1963,95,0.967
2020-11-24,1963,KOEL,0.828
2020-11-24,1963,dizel,1.034
2020-11-24,1964,95,0.967
2020-11-24,1964,KOEL,0.828
2020-11-24,1964,dizel,1.034
2020-11-24,1965,95,0.967
2020-11-24,1965,KOEL,0.828
2020-11-24,1965,dizel,1.034
2020-11-24,1966,100,1.113
2020-11-24,1966,95,0.967
2020-11-24,1966,KOEL,0.828
2020-11-24,1966,dizel,1.034
2020-11-24,1967,95,0.967
2020-11-24,1967,KOEL,0.828
2020-11-24,1967,dizel,1.034
2020-11-24,1968,95,0.967
2020-11-24,1968,KOEL,0.828
2020-11-24,1968,dizel,1.034
2020-11-24,1969,100,1.113
2020-11-24,1969,95,0.967
2020-11-24,1969,KOEL,0.828
2020-11-24,1969,dizel,1.034
2020-11-24,1970,100,1.113
2020-11-24,1970,95,0.967
2020-11-24,1970,KOEL,0.828
2020-11-24,1970,dizel,1.034
2020-11-24,1971,100,1.113
2020-11-24,1971,95,0.967
2020-11-24,1971,dizel,1.034
2020-11-24,1972,100,1.113
2020-11-24,1972,95,0.967
2020-11-24,1972,KOEL,0.828
2020-11-24,1972,dizel,1.034
2020-11-24,1973,95,0.967
2020-11-24,1973,KOEL,0.828
2020-11-24,1973,dizel,1.034
2020-11-24,1974,95,0.967
2020-11-24,1974,KOEL,0.828
2020-11-24,1974,dizel,1.034
2020-11-24,1975,95,0.967
2020-11-24,1975,KOEL,0.828
2020-11-24,1975,dizel,1.034
2020-11-24,1976,100,1.163
2020-11-24,1976,95,0.998
2020-11-24,1976,dizel,1.057
2020-11-24,1977,100,1.163
2020-11-24,1977,95,0.998
2020-11-24,1977,dizel,1.057
2020-11-24,1977,dizel-premium,1.268
2020-11-24,1978,100,1.163
2020-11-24,1978,95,0.998
2020-11-24,1978,dizel,1.057
2020-11-24,1978,dizel-premium,1.268
2020-11-24,1979,100,1.113
2020-11-24,1979,95,0.967
2020-11-24,1979,KOEL,0.828
2020-11-24,1979,dizel,1.034
2020-11-24,1980,100,1.113
2020-11-24,1980,95,0.967
2020-11-24,1980,KOEL,0.828
2020-11-24,1980,dizel,1.034
2020-11-24,1981,100,1.113
2020-11-24,1981,95,0.967
2020-11-24,1981,dizel,1.034
2020-11-24,1982,95,0.967
2020-11-24,1982,KOEL,0.828
2020-11-24,1982,dizel,1.034
2020-11-24,1983,95,0.967
2020-11-24,1983,dizel,1.034
2020-11-24,1984,100,1.113
2020-11-24,1984,95,0.967
2020-11-24,1984,dizel,1.034
2020-11-24,1985,95,0.967
2020-11-24,1985,KOEL,0.828
2020-11-24,1985,dizel,1.034
2020-11-24,1986,100,1.113
2020-11-24,1986,95,0.967
2020-11-24,1986,KOEL,0.828
2020-11-24,1986,dizel,1.034
2020-11-24,1987,95,0.967
2020-11-24,1987,KOEL,0.828
2020-11-24,1987,dizel,1.034
2020-11-24,1988,95,0.967
2020-11-24,1988,KOEL,0.828
2020-11-24,1988,dizel,1.034
2020-11-24,1989,95,0.967
2020-11-24,1989,KOEL,0.828
2020-11-24,1989,dizel,1.034
2020-11-24,1990,100,1.113
2020-11-24,1990,95,0.967
2020-11-24,1990,dizel,1.034
2020-11-24,1991,95,0.967
2020-11-24,1991,KOEL,0.828
2020-11-24,1991,dizel,1.034
2020-11-24,1992,100,1.113
2020-11-24,1992,95,0.967
2020-11-24,1992,KOEL,0.828
2020-11-24,1992,dizel,1.034
2020-11-24,1993,100,1.113
2020-11-24,1993,95,0.967
2020-11-24,1993,KOEL,0.828
2020-11-24,1993,dizel,1.034
2020-11-24,1994,100,1.113
2020-11-24,1994,95,0.967
2020-11-24,1994,KOEL,0.828
2020-11-24,1994,dizel,1.034
2020-11-24,1995,100,1.113
2020-11-24,1995,95,0.967
2020-11-24,1995,KOEL,0.828
2020-11-24,1995,dizel,1.034
2020-11-24,1996,100,1.113
2020-11-24,1996,95,0.967
2020-11-24,1996,KOEL,0.828
2020-11-24,1996,dizel,1.034
2020-11-24,1997,100,1.163
2020-11-24,1997,95,0.998
2020-11-24,1997,dizel,1.057
2020-11-24,1998,100,1.113
2020-11-24,1998,95,0.967
2020-11-24,1998,dizel,1.034
2020-11-24,1999,100,1.113
2020-11-24,1999,95,0.967
2020-11-24,1999,KOEL,0.828
2020-11-24,1999,dizel,1.034
2020-11-24,2000,100,1.163
2020-11-24,2000,95,0.998
2020-11-24,2000,dizel,1.057
2020-11-24,2000,dizel-premium,1.268
2020-11-24,2001,100,1.113
2020-11-24,2001,95,0.967
2020-11-24,2001,KOEL,0.828
2020-11-24,2001,dizel,1.034
2020-11-24,2002,100,1.113
2020-11-24,2002,95,0.967
2020-11-24,2002,dizel,1.034
2020-11-24,2003,100,1.113
2020-11-24,2003,95,0.967
2020-11-24,2003,KOEL,0.828
2020-11-24,2003,dizel,1.034
2020-11-24,2004,100,1.113
2020-11-24,2004,95,0.967
2020-11-24,2004,dizel,1.034
2020-11-24,2005,100,1.113
2020-11-24,2005,95,0.967
2020-11-24,2005,dizel,1.034
2020-11-24,2006,100,1.113
2020-11-24,2006,95,0.967
2020-11-24,2006,dizel,1.034
2020-11-24,2007,100,1.113
2020-11-24,2007,95,0.967
2020-11-24,2007,KOEL,0.828
2020-11-24,2007,dizel,1.034
2020-11-24,2008,100,1.163
2020-11-24,2008,95,0.998
2020-11-24,2008,dizel,1.057
2020-11-24,2009,100,1.163
2020-11-24,2009,95,0.998
2020-11-24,2009,dizel,1.057
2020-11-24,2009,dizel-premium,1.268
2020-11-24,2010,100,1.113
2020-11-24,2010,95,0.967
2020-11-24,2010,KOEL,0.828
2020-11-24,2010,dizel,1.034
2020-11-24,2011,95,0.967
2020-11-24,2011,KOEL,0.828
2020-11-24,2011,dizel,1.034
2020-11-24,2012,95,0.967
2020-11-24,2012,KOEL,0.828
2020-11-24,2012,dizel,1.034
2020-11-24,2013,95,0.967
2020-11-24,2013,KOEL,0.828
2020-11-24,2013,dizel,1.034
2020-11-24,2014,100,1.113
2020-11-24,2014,95,0.967
2020-11-24,2014,KOEL,0.828
2020-11-24,2014,dizel,1.034
2020-11-24,2015,100,1.113
2020-11-24,2015,95,0.967
2020-11-24,2015,KOEL,0.828
2020-11-24,2015,dizel,1.034
2020-11-24,2016,100,1.113
2020-11-24,2016,95,0.967
2020-11-24,2016,dizel,1.034
2020-11-24,2017,95,0.967
2020-11-24,2017,KOEL,0.828
2020-11-24,2017,dizel,1.034
2020-11-24,2018,100,1.163
2020-11-24,2018,95,0.998
2020-11-24,2018,dizel,1.057
2020-11-24,2019,100,1.163
2020-11-24,2019,95,0.998
2020-11-24,2019,dizel,1.057
2020-11-24,2020,100,1.113
2020-11-24,2020,95,0.967
2020-11-24,2020,KOEL,0.828
2020-11-24,2020,dizel,1.034
2020-11-24,2021,100,1.113
2020-11-24,2021,95,0.967
2020-11-24,2021,dizel,1.034
2020-11-24,2022,100,1.113
2020-11-24,2022,95,0.967
2020-11-24,2022,KOEL,0.828
2020-11-24,2022,dizel,1.034
2020-11-24,2023,100,1.113
2020-11-24,2023,95,0.967
2020-11-24,2023,dizel,1.034
2020-11-24,2024,100,1.113
2020-11-24,2024,95,0.967
2020-11-24,2024,KOEL,0.828
2020-11-24,2024,dizel,1.034
2020-11-24,2025,95,0.967
2020-11-24,2025,KOEL,0.828
2020-11-24,2025,dizel,1.034
2020-11-24,2026,100,1.163
2020-11-24,2026,95,0.998
2020-11-24,2026,dizel,1.057
2020-11-24,2027,100,1.163
2020-11-24,2027,95,0.998
2020-11-24,2027,dizel,1.057
2020-11-24,2028,100,1.113
2020-11-24,2028,95,0.967
2020-11-24,2028,dizel,1.034
2020-11-24,2029,100,1.113
2020-11-24,2029,95,0.967
2020-11-24,2029,dizel,1.034
2020-11-24,2030,100,1.163
2020-11-24,2030,95,0.998
2020-11-24,2030,dizel,1.057
2020-11-24,2031,100,1.163
2020-11-24,2031,95,0.998
2020-11-24,2031,dizel,1.057
2020-11-24,2032,100,1.163
2020-11-24,2032,95,0.998
2020-11-24,2032,dizel,1.057
2020-11-24,2032,dizel-premium,1.268
2020-11-24,2033,100,1.113
2020-11-24,2033,95,0.967
2020-11-24,2033,dizel,1.034
2020-11-24,2034,100,1.113
2020-11-24,2034,95,0.967
2020-11-24,2034,dizel,1.034
2020-11-24,2035,95,0.967
2020-11-24,2035,dizel,1.034
2020-11-24,2036,100,1.113
2020-11-24,2036,95,0.967
2020-11-24,2036,dizel,1.034
2020-11-24,2037,100,1.113
2020-11-24,2037,95,0.967
2020-11-24,2037,dizel,1.034
2020-11-24,2038,95,0.967
2020-11-24,2038,dizel,1.034
2020-11-24,2039,100,1.113
2020-11-24,2039,95,0.967
2020-11-24,2039,dizel,1.034
2020-11-24,2040,100,1.113
2020-11-24,2040,95,0.967
2020-11-24,2040,KOEL,0.828
2020-11-24,2040,dizel,1.034
2020-11-24,2041,100,1.113
2020-11-24,2041,95,0.967
2020-11-24,2041,dizel,1.034
2020-11-24,2042,95,0.967
2020-11-24,2042,KOEL,0.828
2020-11-24,2042,dizel,1.034
2020-11-24,2043,100,1.113
2020-11-24,2043,95,0.967
2020-11-24,2043,dizel,1.034
2020-11-24,2044,100,1.113
2020-11-24,2044,95,0.967
2020-11-24,2044,dizel,1.034
2020-11-24,2045,100,1.113
2020-11-24,2045,95,0.967
2020-11-24,2045,dizel,1.034
2020-11-24,2046,100,1.113
2020-11-24,2046,95,0.967
2020-11-24,2046,dizel,1.034
2020-11-24,2047,100,1.113
2020-11-24,2047,95,0.967
2020-11-24,2047,dizel,1.034
2020-11-24,2048,100,1.113
2020-11-24,2048,95,0.967
2020-11-24,2048,dizel,1.034
2020-11-24,2049,100,1.113
2020-11-24,2049,95,0.967
2020-11-24,2049,KOEL,0.828
2020-11-24,2049,dizel,1.034
2020-11-24,2050,95,0.967
2020-11-24,2050,dizel,1.034
2020-11-24,2051,95,0.967
2020-11-24,2051,KOEL,0.828
2020-11-24,2051,dizel,1.034
2020-11-24,2052,100,1.113
2020-11-24,2052,95,0.967
2020-11-24,2052,dizel,1.034
2020-11-24,2053,95,0.967
2020-11-24,2053,KOEL,0.828
2020-11-24,2053,dizel,1.034
2020-11-24,2054,95,0.967
2020-11-24,2054,KOEL,0.828
2020-11-24,2054,dizel,1.034
2020-11-24,2055,95,0.967
2020-11-24,2055,dizel,1.034
2020-11-24,2056,100,1.113
2020-11-24,2056,95,0.967
2020-11-24,2056,dizel,1.034
2020-11-24,2057,95,0.967
2020-11-24,2057,dizel,1.034
2020-11-24,2058,95,0.967
2020-11-24,2058,dizel,1.034
2020-11-24,2059,100,1.163
2020-11-24,2059,95,0.998
2020-11-24,2059,dizel,1.057
2020-11-24,2059,dizel-premium,1.268
2020-11-24,2060,100,1.163
2020-11-24,2060,95,0.998
2020-11-24,2060,dizel,1.057
2020-11-24,2060,dizel-premium,1.268
2020-11-24,2061,100,1.113
2020-11-24,2061,95,0.967
2020-11-24,2061,KOEL,0.828
2020-11-24,2061,dizel,1.034
2020-11-24,2062,100,1.113
2020-11-24,2062,95,0.967
2020-11-24,2062,KOEL,0.828
2020-11-24,2062,dizel,1.034
2020-11-24,2063,100,1.113
2020-11-24,2063,95,0.967
2020-11-24,2063,dizel,1.034
2020-11-24,2064,100,1.113
2020-11-24,2064,95,0.967
2020-11-24,2064,KOEL,0.828
2020-11-24,2064,dizel,1.034
2020-11-24,2065,100,1.113
2020-11-24,2065,95,0.967
2020-11-24,2065,KOEL,0.828
2020-11-24,2065,dizel,1.034
2020-11-24,2066,95,0.967
2020-11-24,2066,KOEL,0.828
2020-11-24,2066,dizel,1.034
2020-11-24,2067,100,1.113
2020-11-24,2067,95,0.967
2020-11-24,2067,KOEL,0.828
2020-11-24,2067,dizel,1.034
2020-11-24,2068,95,0.967
2020-11-24,2068,dizel,1.034
2020-11-24,2069,100,1.113
2020-11-24,2069,95,0.967
2020-11-24,2069,dizel,1.034
2020-11-24,2070,100,1.113
2020-11-24,2070,95,0.967
2020-11-24,2070,KOEL,0.828
2020-11-24,2070,dizel,1.034
2020-11-24,2071,100,1.113
2020-11-24,2071,95,0.967
2020-11-24,2071,KOEL,0.828
2020-11-24,2071,dizel,1.034
2020-11-24,2072,95,0.967
2020-11-24,2072,KOEL,0.828
2020-11-24,2072,dizel,1.034
2020-11-24,2073,100,1.113
2020-11-24,2073,95,0.967
2020-11-24,2073,KOEL,0.828
2020-11-24,2073,dizel,1.034
2020-11-24,2074,100,1.113
2020-11-24,2074,95,0.967
2020-11-24,2074,KOEL,0.828
2020-11-24,2074,dizel,1.034
2020-11-24,2075,95,0.967
2020-11-24,2075,KOEL,0.828
2020-11-24,2075,dizel,1.034
2020-11-24,2076,95,0.967
2020-11-24,2076,KOEL,0.828
2020-11-24,2076,dizel,1.034
2020-11-24,2077,95,0.967
2020-11-24,2077,KOEL,0.828
2020-11-24,2077,dizel,1.034
2020-11-24,2078,95,0.967
2020-11-24,2078,KOEL,0.828
2020-11-24,2078,dizel,1.034
2020-11-24,2079,95,0.967
2020-11-24,2079,KOEL,0.828
2020-11-24,2079,dizel,1.034
2020-11-24,2080,100,1.113
2020-11-24,2080,95,0.967
2020-11-24,2080,KOEL,0.828
2020-11-24,2080,dizel,1.034
2020-11-24,2082,95,0.967
2020-11-24,2082,KOEL,0.828
2020-11-24,2082,dizel,1.034
2020-11-24,2083,95,0.967
2020-11-24,2083,KOEL,0.828
2020-11-24,2083,dizel,1.034
2020-11-24,2084,95,0.967
2020-11-24,2084,KOEL,0.828
2020-11-24,2084,dizel,1.034
2020-11-24,2085,95,0.967
2020-11-24,2085,dizel,1.034
2020-11-24,2086,95,0.967
2020-11-24,2086,KOEL,0.828
2020-11-24,2086,dizel,1.034
2020-11-24,2087,95,0.967
2020-11-24,2087,KOEL,0.828
2020-11-24,2087,dizel,1.034
2020-11-24,2088,100,1.163
2020-11-24,2088,95,0.998
2020-11-24,2088,dizel,1.057
2020-11-24,2088,dizel-premium,1.268
2020-11-24,2089,100,1.163
2020-11-24,2089,95,0.998
2020-11-24,2089,dizel,1.057
2020-11-24,2090,100,1.113
2020-11-24,2090,95,0.967
2020-11-24,2090,KOEL,0.828
2020-11-24,2090,dizel,1.034
2020-11-24,2091,100,1.113
2020-11-24,2091,95,0.967
2020-11-24,2091,KOEL,0.828
2020-11-24,2091,dizel,1.034
2020-11-24,2092,100,1.113
2020-11-24,2092,95,0.967
2020-11-24,2092,KOEL,0.828
2020-11-24,2092,dizel,1.034
2020-11-24,2093,95,0.967
2020-11-24,2093,KOEL,0.828
2020-11-24,2093,dizel,1.034
2020-11-24,2094,100,1.113
2020-11-24,2094,95,0.967
2020-11-24,2094,KOEL,0.828
2020-11-24,2094,dizel,1.034
2020-11-24,2095,100,1.163
2020-11-24,2095,95,0.998
2020-11-24,2095,dizel,1.057
2020-11-24,2095,dizel-premium,1.268
2020-11-24,2096,100,1.163
2020-11-24,2096,95,0.998
2020-11-24,2096,dizel,1.057
2020-11-24,2096,dizel-premium,1.268
2020-11-24,2097,95,0.967
2020-11-24,2097,KOEL,0.828
2020-11-24,2097,dizel,1.034
2020-11-24,2098,100,1.113
2020-11-24,2098,95,0.967
2020-11-24,2098,KOEL,0.828
2020-11-24,2098,dizel,1.034
2020-11-24,2099,100,1.113
2020-11-24,2099,95,0.967
2020-11-24,2099,KOEL,0.828
2020-11-24,2099,dizel,1.034
2020-11-24,2100,100,1.163
2020-11-24,2100,95,0.998
2020-11-24,2100,dizel,1.057
2020-11-24,2101,100,1.163
2020-11-24,2101,95,0.998
2020-11-24,2101,dizel,1.057
2020-11-24,2102,95,0.967
2020-11-24,2102,KOEL,0.828
2020-11-24,2102,dizel,1.034
2020-11-24,2103,95,0.967
2020-11-24,2103,KOEL,0.828
2020-11-24,2103,dizel,1.034
2020-11-24,2104,100,1.113
2020-11-24,2104,95,0.967
2020-11-24,2104,KOEL,0.828
2020-11-24,2104,dizel,1.034
2020-11-24,2105,95,0.967
2020-11-24,2105,KOEL,0.828
2020-11-24,2105,dizel,1.034
2020-11-24,2106,95,0.967
2020-11-24,2106,KOEL,0.828
2020-11-24,2106,dizel,1.034
2020-11-24,2107,95,0.967
2020-11-24,2107,KOEL,0.828
2020-11-24,2107,dizel,1.034
2020-11-24,2108,100,1.113
2020-11-24,2108,95,0.967
2020-11-24,2108,KOEL,0.828
2020-11-24,2108,dizel,1.034
2020-11-24,2109,95,0.967
2020-11-24,2109,KOEL,0.828
2020-11-24,2109,dizel,1.034
2020-11-24,2110,100,1.113
2020-11-24,2110,95,0.967
2020-11-24,2110,dizel,1.034
2020-11-24,2111,100,1.113
2020-11-24,2111,95,0.967
2020-11-24,2111,KOEL,0.828
2020-11-24,2111,dizel,1.034
2020-11-24,2112,100,1.113
2020-11-24,2112,95,0.967
2020-11-24,2112,dizel,1.034
2020-11-24,2113,95,0.967
2020-11-24,2113,dizel,1.034
2020-11-24,2114,95,0.967
2020-11-24,2114,KOEL,0.828
2020-11-24,2114,dizel,1.034
2020-11-24,2115,100,1.113
2020-11-24,2115,95,0.967
2020-11-24,2115,KOEL,0.828
2020-11-24,2115,dizel,1.034
2020-11-24,2116,95,0.967
2020-11-24,2116,KOEL,0.828
2020-11-24,2116,dizel,1.034
2020-11-24,2117,100,1.113
2020-11-24,2117,95,0.967
2020-11-24,2117,dizel,1.034
2020-11-24,2118,95,0.967
2020-11-24,2118,dizel,1.034
2020-11-24,2119,100,1.113
2020-11-24,2119,95,0.967
2020-11-24,2119,KOEL,0.828
2020-11-24,2119,dizel,1.034
2020-11-24,2120,100,1.163
2020-11-24,2120,95,0.998
2020-11-24,2120,dizel,1.057
2020-11-24,2121,100,1.113
2020-11-24,2121,95,0.967
2020-11-24,2121,KOEL,0.828
2020-11-24,2121,dizel,1.034
2020-11-24,2122,100,1.113
2020-11-24,2122,95,0.967
2020-11-24,2122,KOEL,0.828
2020-11-24,2122,dizel,1.034
2020-11-24,2123,100,1.163
2020-11-24,2123,95,0.998
2020-11-24,2123,dizel,1.057
2020-11-24,2124,95,0.967
2020-11-24,2124,KOEL,0.828
2020-11-24,2124,dizel,1.034
2020-11-24,2125,100,1.113
2020-11-24,2125,95,0.967
2020-11-24,2125,KOEL,0.828
2020-11-24,2125,dizel,1.034
2020-11-24,2126,100,1.113
2020-11-24,2126,95,0.967
2020-11-24,2126,dizel,1.034
2020-11-24,2127,95,0.967
2020-11-24,2127,KOEL,0.828
2020-11-24,2127,dizel,1.034
2020-11-24,2128,100,1.113
2020-11-24,2128,95,0.967
2020-11-24,2128,dizel,1.034
2020-11-24,2129,95,0.967
2020-11-24,2129,dizel,1.034
2020-11-24,2130,100,1.113
2020-11-24,2130,95,0.967
2020-11-24,2130,dizel,1.034
2020-11-24,2131,100,1.113
2020-11-24,2131,95,0.967
2020-11-24,2131,KOEL,0.828
2020-11-24,2131,dizel,1.034
2020-11-24,2132,100,1.113
2020-11-24,2132,95,0.967
2020-11-24,2132,KOEL,0.828
2020-11-24,2132,dizel,1.034
2020-11-24,2133,100,1.113
2020-11-24,2133,95,0.967
2020-11-24,2133,dizel,1.034
2020-11-24,2134,100,1.113
2020-11-24,2134,95,0.967
2020-11-24,2134,dizel,1.034
2020-11-24,2135,100,1.113
2020-11-24,2135,95,0.967
2020-11-24,2135,dizel,1.034
2020-11-24,2136,100,1.113
2020-11-24,2136,95,0.967
2020-11-24,2136,dizel,1.034
2020-11-24,2137,100,1.113
2020-11-24,2137,95,0.967
2020-11-24,2137,KOEL,0.828
2020-11-24,2137,dizel,1.034
2020-11-24,2138,100,1.113
2020-11-24,2138,95,0.967
2020-11-24,2138,dizel,1.034
2020-11-24,2139,100,1.113
2020-11-24,2139,95,0.967
2020-11-24,2139,KOEL,0.828
2020-11-24,2139,dizel,1.034
2020-11-24,2140,95,0.967
2020-11-24,2140,KOEL,0.828
2020-11-24,2140,dizel,1.034
2020-11-24,2141,100,1.163
2020-11-24,2141,95,0.998
2020-11-24,2141,dizel,1.057
2020-11-24,2142,95,0.967
2020-11-24,2142,KOEL,0.828
2020-11-24,2142,dizel,1.034
2020-11-24,2143,95,0.967
2020-11-24,2143,KOEL,0.828
2020-11-24,2143,dizel,1.034
2020-11-24,2144,100,1.113
2020-11-24,2144,95,0.967
2020-11-24,2144,KOEL,0.828
2020-11-24,2144,dizel,1.034
2020-11-24,2145,100,1.113
2020-11-24,2145,95,0.967
2020-11-24,2145,KOEL,0.828
2020-11-24,2145,dizel,1.034
2020-11-24,2146,100,1.113
2020-11-24,2146,95,0.967
2020-11-24,2146,KOEL,0.828
2020-11-24,2146,dizel,1.034
2020-11-24,2147,100,1.113
2020-11-24,2147,95,0.967
2020-11-24,2147,KOEL,0.828
2020-11-24,2147,dizel,1.034
2020-11-24,2148,100,1.113
2020-11-24,2148,95,0.967
2020-11-24,2148,KOEL,0.828
2020-11-24,2148,dizel,1.034
2020-11-24,2149,100,1.113
2020-11-24,2149,95,0.967
2020-11-24,2149,KOEL,0.828
2020-11-24,2149,dizel,1.034
2020-11-24,2150,100,1.113
2020-11-24,2150,95,0.967
2020-11-24,2150,KOEL,0.828
2020-11-24,2150,dizel,1.034
2020-11-24,2151,95,0.967
2020-11-24,2151,KOEL,0.828
2020-11-24,2151,dizel,1.034
2020-11-24,2152,95,0.967
2020-11-24,2152,KOEL,0.828
2020-11-24,2152,dizel,1.034
2020-11-24,2153,95,0.967
2020-11-24,2153,KOEL,0.828
2020-11-24,2153,dizel,1.034
2020-11-24,2154,95,0.967
2020-11-24,2154,KOEL,0.828
2020-11-24,2154,dizel,1.034
2020-11-24,2155,95,0.967
2020-11-24,2155,KOEL,0.828
2020-11-24,2155,dizel,1.034
2020-11-24,2156,95,0.967
2020-11-24,2156,KOEL,0.828
2020-11-24,2156,dizel,1.034
2020-11-24,2157,95,0.967
2020-11-24,2157,KOEL,0.828
2020-11-24,2157,dizel,1.034
2020-11-24,2158,100,1.113
2020-11-24,2158,95,0.967
2020-11-24,2158,KOEL,0.828
2020-11-24,2158,dizel,1.034
2020-11-24,2159,95,0.967
2020-11-24,2159,KOEL,0.828
2020-11-24,2159,dizel,1.034
2020-11-24,2160,95,0.967
2020-11-24,2160,KOEL,0.828
2020-11-24,2160,dizel,1.034
2020-11-24,2161,100,1.113
2020-11-24,2161,95,0.967
2020-11-24,2161,KOEL,0.828
2020-11-24,2161,dizel,1.034
2020-11-24,2162,100,1.163
2020-11-24,2162,95,0.998
2020-11-24,2162,dizel,1.057
2020-11-24,2163,100,1.113
2020-11-24,2163,95,0.967
2020-11-24,2163,KOEL,0.828
2020-11-24,2163,dizel,1.034
2020-11-24,2164,100,1.113
2020-11-24,2164,95,0.967
2020-11-24,2164,KOEL,0.828
2020-11-24,2164,dizel,1.034
2020-11-24,2165,95,0.967
2020-11-24,2165,KOEL,0.828
2020-11-24,2165,dizel,1.034
2020-11-24,2166,100,1.113
2020-11-24,2166,95,0.967
2020-11-24,2166,KOEL,0.828
2020-11-24,2166,dizel,1.034
2020-11-24,2167,100,1.113
2020-11-24,2167,95,0.967
2020-11-24,2167,dizel,1.034
2020-11-24,2168,100,1.113
2020-11-24,2168,95,0.967
2020-11-24,2168,KOEL,0.828
2020-11-24,2168,dizel,1.034
2020-11-24,2169,95,0.967
2020-11-24,2169,KOEL,0.828
2020-11-24,2169,dizel,1.034
2020-11-24,2170,95,0.967
2020-11-24,2170,KOEL,0.828
2020-11-24,2170,dizel,1.034
2020-11-24,2171,100,1.113
2020-11-24,2171,95,0.967
2020-11-24,2171,KOEL,0.828
2020-11-24,2171,dizel,1.034
2020-11-24,2172,100,1.113
2020-11-24,2172,95,0.967
2020-11-24,2172,dizel,1.034
2020-11-24,2173,95,0.967
2020-11-24,2173,KOEL,0.828
2020-11-24,2173,dizel,1.034
2020-11-24,2174,100,1.113
2020-11-24,2174,95,0.967
2020-11-24,2174,KOEL,0.828
2020-11-24,2174,dizel,1.034
2020-11-24,2175,100,1.163
2020-11-24,2175,95,0.998
2020-11-24,2175,dizel,1.057
2020-11-24,2176,100,1.163
2020-11-24,2176,95,0.998
2020-11-24,2176,dizel,1.057
2020-11-24,2177,95,0.967
2020-11-24,2177,KOEL,0.828
2020-11-24,2177,dizel,1.034
2020-11-24,2178,100,1.113
2020-11-24,2178,95,0.967
2020-11-24,2178,KOEL,0.828
2020-11-24,2178,dizel,1.034
2020-11-24,2179,95,0.967
2020-11-24,2179,KOEL,0.828
2020-11-24,2179,dizel,1.034
2020-11-24,2180,95,0.967
2020-11-24,2180,KOEL,0.828
2020-11-24,2180,dizel,1.034
2020-11-24,2181,95,0.967
2020-11-24,2181,KOEL,0.828
2020-11-24,2181,dizel,1.034
2020-11-24,2182,95,0.967
2020-11-24,2182,KOEL,0.828
2020-11-24,2182,dizel,1.034
2020-11-24,2183,95,0.967
2020-11-24,2183,dizel,1.034
2020-11-24,2184,95,0.967
2020-11-24,2184,KOEL,0.828
2020-11-24,2184,dizel,1.034
2020-11-24,2185,95,0.967
2020-11-24,2185,KOEL,0.828
2020-11-24,2185,dizel,1.034
2020-11-24,2186,100,1.113
2020-11-24,2186,95,0.967
2020-11-24,2186,KOEL,0.828
2020-11-24,2186,dizel,1.034
2020-11-24,2187,100,1.113
2020-11-24,2187,95,0.967
2020-11-24,2187,KOEL,0.828
2020-11-24,2187,dizel,1.034
2020-11-24,2188,100,1.113
2020-11-24,2188,95,0.967
2020-11-24,2188,KOEL,0.828
2020-11-24,2188,dizel,1.034
2020-11-24,2189,95,0.967
2020-11-24,2189,KOEL,0.828
2020-11-24,2189,dizel,1.034
2020-11-24,2190,100,1.113
2020-11-24,2190,95,0.967
2020-11-24,2190,KOEL,0.828
2020-11-24,2190,dizel,1.034
2020-11-24,2191,100,1.113
2020-11-24,2191,95,0.967
2020-11-24,2191,KOEL,0.828
2020-11-24,2191,dizel,1.034
2020-11-24,2192,100,1.113
2020-11-24,2192,95,0.967
2020-11-24,2192,KOEL,0.828
2020-11-24,2192,dizel,1.034
2020-11-24,2193,95,0.967
2020-11-24,2193,KOEL,0.828
2020-11-24,2193,dizel,1.034
2020-11-24,2194,100,1.113
2020-11-24,2194,95,0.967
2020-11-24,2194,dizel,1.034
2020-11-24,2195,100,1.113
2020-11-24,2195,95,0.967
2020-11-24,2195,KOEL,0.828
2020-11-24,2195,dizel,1.034
2020-11-24,2196,100,1.113
2020-11-24,2196,95,0.967
2020-11-24,2196,KOEL,0.828
2020-11-24,2196,dizel,1.034
2020-11-24,2197,100,1.113
2020-11-24,2197,95,0.967
2020-11-24,2197,dizel,1.034
2020-11-24,2198,100,1.113
2020-11-24,2198,95,0.967
2020-11-24,2198,KOEL,0.828
2020-11-24,2198,dizel,1.034
2020-11-24,2199,100,1.113
2020-11-24,2199,95,0.967
2020-11-24,2199,dizel,1.034
2020-11-24,2200,100,1.113
2020-11-24,2200,95,0.967
2020-11-24,2200,dizel,1.034
2020-11-24,2201,100,1.163
2020-11-24,2201,95,0.998
2020-11-24,2201,dizel,1.057
2020-11-24,2202,100,1.163
2020-11-24,2202,95,0.998
2020-11-24,2202,dizel,1.057
2020-11-24,2203,95,0.967
2020-11-24,2203,KOEL,0.828
2020-11-24,2203,dizel,1.034
2020-11-24,2204,100,1.113
2020-11-24,2204,95,0.967
2020-11-24,2204,dizel,1.034
2020-11-24,2205,100,1.113
2020-11-24,2205,95,0.967
2020-11-24,2205,KOEL,0.828
2020-11-24,2205,dizel,1.034
2020-11-24,2206,100,1.113
2020-11-24,2206,95,0.967
2020-11-24,2206,KOEL,0.828
2020-11-24,2206,dizel,1.034
2020-11-24,2207,100,1.113
2020-11-24,2207,95,0.967
2020-11-24,2207,dizel,1.034
2020-11-24,2208,95,0.967
2020-11-24,2208,KOEL,0.828
2020-11-24,2208,dizel,1.034
2020-11-24,2209,95,0.967
2020-11-24,2209,KOEL,0.828
2020-11-24,2209,dizel,1.034
2020-11-24,2210,100,1.113
2020-11-24,2210,95,0.967
2020-11-24,2210,KOEL,0.828
2020-11-24,2210,dizel,1.034
2020-11-24,2211,95,0.967
2020-11-24,2211,KOEL,0.828
2020-11-24,2211,dizel,1.034
2020-11-24,2212,100,1.113
2020-11-24,2212,95,0.967
2020-11-24,2212,KOEL,0.828
2020-11-24,2212,dizel,1.034
2020-11-24,2213,95,0.967
2020-11-24,2213,KOEL,0.828
2020-11-24,2213,dizel,1.034
2020-11-24,2214,95,0.967
2020-11-24,2214,KOEL,0.828
2020-11-24,2214,dizel,1.034
2020-11-24,2215,100,1.113
2020-11-24,2215,95,0.967
2020-11-24,2215,KOEL,0.828
2020-11-24,2215,dizel,1.034
2020-11-24,2216,100,1.163
2020-11-24,2216,95,0.998
2020-11-24,2216,dizel,1.057
2020-11-24,2216,dizel-premium,1.268
2020-11-24,2217,100,1.113
2020-11-24,2217,95,0.967
2020-11-24,2217,KOEL,0.828
2020-11-24,2217,dizel,1.034
2020-11-24,2218,100,1.113
2020-11-24,2218,95,0.967
2020-11-24,2218,KOEL,0.828
2020-11-24,2218,dizel,1.034
2020-11-24,2219,95,0.967
2020-11-24,2219,KOEL,0.828
2020-11-24,2219,dizel,1.034
2020-11-24,2220,100,1.113
2020-11-24,2220,95,0.967
2020-11-24,2220,KOEL,0.828
2020-11-24,2220,dizel,1.034
2020-11-24,2221,100,1.113
2020-11-24,2221,95,0.967
2020-11-24,2221,KOEL,0.828
2020-11-24,2221,dizel,1.034
2020-11-24,2222,100,1.113
2020-11-24,2222,95,0.967
2020-11-24,2222,KOEL,0.828
2020-11-24,2222,dizel,1.034
2020-11-24,2223,95,0.967
2020-11-24,2223,KOEL,0.828
2020-11-24,2223,dizel,1.034
2020-11-24,2224,95,0.967
2020-11-24,2224,KOEL,0.828
2020-11-24,2224,dizel,1.034
2020-11-24,2225,100,1.113
2020-11-24,2225,95,0.967
2020-11-24,2225,KOEL,0.828
2020-11-24,2225,dizel,1.034
2020-11-24,2227,100,1.113
2020-11-24,2227,95,0.967
2020-11-24,2227,dizel,1.034
2020-11-24,2228,100,1.113
2020-11-24,2228,95,0.967
2020-11-24,2228,KOEL,0.828
2020-11-24,2228,dizel,1.034
2020-11-24,2229,100,1.163
2020-11-24,2229,95,0.998
2020-11-24,2229,dizel,1.057
2020-11-24,2229,dizel-premium,1.268
2020-11-24,2230,100,1.163
2020-11-24,2230,95,0.998
2020-11-24,2230,dizel,1.057
2020-11-24,2230,dizel-premium,1.268
2020-11-24,2231,100,1.163
2020-11-24,2231,95,0.998
2020-11-24,2231,dizel,1.057
2020-11-24,2231,dizel-premium,1.268
2020-11-24,2232,100,1.163
2020-11-24,2232,95,0.998
2020-11-24,2232,dizel,1.057
2020-11-24,2232,dizel-premium,1.268
2020-11-24,2233,100,1.113
2020-11-24,2233,95,0.967
2020-11-24,2233,dizel,1.034
2020-11-24,2234,100,1.119
2020-11-24,2234,95,0.971
2020-11-24,2234,dizel,1.034
2020-11-24,2234,dizel-premium,1.180
2020-11-24,2235,100,1.119
2020-11-24,2235,95,0.971
2020-11-24,2235,dizel,1.034
2020-11-24,2235,dizel-premium,1.180
2020-11-24,2237,dizel,1.035
2020-11-24,2238,dizel,1.035
2020-11-24,2239,dizel,1.035
2020-11-24,2240,dizel,1.035
2020-11-24,2241,dizel,1.035
2020-11-24,2242,dizel,1.035
2020-11-24,2243,dizel,1.035
2020-11-24,2244,dizel,1.035
2020-11-24,2245,dizel,1.035
2020-11-24,2246,dizel,1.035
2020-11-24,2247,dizel,1.035
2020-11-24,2248,dizel,1.035
2020-11-24,2249,dizel,1.035
2020-11-24,2250,dizel,1.035
2020-11-24,2251,dizel,1.035
2020-11-24,2252,dizel,1.035
2020-11-24,2253,dizel,1.035
2020-11-24,2254,dizel,1.035
2020-11-24,2255,dizel,1.035
2020-11-24,2256,dizel,1.035
2020-11-24,2257,dizel,1.035
2020-11-24,2272,100,1.113
2020-11-24,2272,95,0.967
2020-11-24,2272,dizel,1.034
2020-11-24,2273,dizel,1.034
2020-11-24,2274,dizel,1.034
2020-11-24,2275,dizel,1.034
2020-11-24,2276,dizel,1.034
2020-11-24,2283,100,1.119
2020-11-24,2283,95,0.971
2020-11-24,2283,KOEL,0.829
2020-11-24,2283,dizel,1.034
2020-11-24,2283,dizel-premium,1.180
2020-11-24,2284,100,1.119
2020-11-24,2284,95,0.971
2020-11-24,2284,KOEL,0.829
2020-11-24,2284,dizel,1.034
2020-11-24,2284,dizel-premium,1.180
2020-11-24,2285,100,1.119
2020-11-24,2285,95,0.971
2020-11-24,2285,KOEL,0.829
2020-11-24,2285,dizel,1.034
2020-11-24,2285,dizel-premium,1.180
2020-11-24,2286,100,1.119
2020-11-24,2286,95,0.971
2020-11-24,2286,KOEL,0.829
2020-11-24,2286,dizel,1.034
2020-11-24,2286,dizel-premium,1.180
2020-11-24,2287,100,1.119
2020-11-24,2287,95,0.971
2020-11-24,2287,KOEL,0.829
2020-11-24,2287,dizel,1.034
2020-11-24,2287,dizel-premium,1.180
2020-11-24,2297,dizel,1.034
2020-11-24,2299,dizel,1.034
2020-11-24,2302,dizel,1.033
2020-11-24,2303,dizel,1.033
2020-11-24,2304,dizel,1.033
2020-11-24,2305,dizel,1.033
2020-11-24,2306,dizel,1.033
2020-11-24,2307,dizel,1.033
2020-11-24,2308,dizel,1.033
2020-11-24,2309,dizel,1.033
2020-11-24,2310,dizel,1.033
2020-11-24,2318,dizel,1.034
2020-11-25,766,95,0.974
2020-11-25,766,dizel,1.039
2020-11-25,767,95,0.974
2020-11-25,767,KOEL,0.827
2020-11-25,767,dizel,1.039
2020-11-25,768,95,0.999
2020-11-25,768,dizel-premium,1.279
2020-11-25,769,95,0.974
2020-11-25,769,dizel,1.039
2020-11-25,770,95,0.974
2020-11-25,770,dizel,1.039
2020-11-25,770,dizel-premium,1.189
2020-11-25,771,95,0.974
2020-11-25,771,KOEL,0.827
2020-11-25,771,dizel,1.039
2020-11-25,771,dizel-premium,1.189
2020-11-25,772,95,0.974
2020-11-25,772,dizel,1.039
2020-11-25,773,95,0.974
2020-11-25,773,KOEL,0.827
2020-11-25,773,dizel,1.039
2020-11-25,774,95,0.974
2020-11-25,774,dizel,1.039
2020-11-25,775,95,0.974
2020-11-25,775,dizel,1.039
2020-11-25,775,dizel-premium,1.189
2020-11-25,776,95,0.974
2020-11-25,776,KOEL,0.827
2020-11-25,776,dizel,1.039
2020-11-25,777,95,1.019
2020-11-25,777,dizel-premium,1.289
2020-11-25,778,95,1.019
2020-11-25,778,dizel-premium,1.289
2020-11-25,779,95,0.974
2020-11-25,779,KOEL,0.827
2020-11-25,779,dizel,1.039
2020-11-25,780,95,0.974
2020-11-25,780,KOEL,0.827
2020-11-25,780,dizel,1.039
2020-11-25,781,95,1.019
2020-11-25,781,dizel-premium,1.289
2020-11-25,782,95,1.019
2020-11-25,782,dizel-premium,1.289
2020-11-25,783,95,0.974
2020-11-25,783,KOEL,0.827
2020-11-25,783,dizel,1.039
2020-11-25,784,dizel,1.039
2020-11-25,785,dizel,1.039
2020-11-25,786,dizel,1.039
2020-11-25,787,dizel,1.039
2020-11-25,788,dizel,1.039
2020-11-25,789,95,0.974
2020-11-25,789,dizel,1.039
2020-11-25,789,dizel-premium,1.189
2020-11-25,790,95,1.019
2020-11-25,790,dizel-premium,1.289
2020-11-25,791,95,1.019
2020-11-25,791,dizel-premium,1.289
2020-11-25,792,95,0.974
2020-11-25,792,KOEL,0.827
2020-11-25,792,dizel,1.039
2020-11-25,793,95,1.019
2020-11-25,793,dizel-premium,1.289
2020-11-25,794,95,0.974
2020-11-25,794,dizel,1.039
2020-11-25,795,95,0.974
2020-11-25,795,KOEL,0.827
2020-11-25,795,dizel,1.039
2020-11-25,796,95,1.019
2020-11-25,796,dizel-premium,1.289
2020-11-25,797,95,0.974
2020-11-25,797,KOEL,0.827
2020-11-25,797,dizel,1.039
2020-11-25,797,dizel-premium,1.189
2020-11-25,798,95,0.974
2020-11-25,798,dizel,1.039
2020-11-25,798,dizel-premium,1.189
2020-11-25,799,95,0.974
2020-11-25,799,KOEL,0.827
2020-11-25,799,dizel,1.039
2020-11-25,799,dizel-premium,1.189
2020-11-25,800,95,0.974
2020-11-25,800,dizel,1.039
2020-11-25,800,dizel-premium,1.189
2020-11-25,801,95,0.974
2020-11-25,801,dizel,1.039
2020-11-25,802,95,0.974
2020-11-25,802,dizel,1.039
2020-11-25,803,95,0.974
2020-11-25,803,KOEL,0.827
2020-11-25,803,dizel,1.039
2020-11-25,803,dizel-premium,1.189
2020-11-25,804,95,0.999
2020-11-25,804,dizel-premium,1.279
2020-11-25,805,95,0.999
2020-11-25,805,KOEL,0.827
2020-11-25,805,dizel-premium,1.279
2020-11-25,806,95,0.974
2020-11-25,806,dizel,1.039
2020-11-25,807,95,0.974
2020-11-25,807,KOEL,0.827
2020-11-25,807,dizel,1.039
2020-11-25,808,95,0.974
2020-11-25,808,dizel,1.039
2020-11-25,809,95,0.974
2020-11-25,809,dizel,1.039
2020-11-25,810,95,0.974
2020-11-25,810,KOEL,0.827
2020-11-25,810,dizel,1.039
2020-11-25,810,dizel-premium,1.189
2020-11-25,811,95,0.974
2020-11-25,811,dizel,1.039
2020-11-25,812,95,0.974
2020-11-25,812,dizel,1.039
2020-11-25,812,dizel-premium,1.189
2020-11-25,813,95,0.974
2020-11-25,813,dizel,1.039
2020-11-25,814,95,0.974
2020-11-25,814,KOEL,0.827
2020-11-25,814,dizel,1.039
2020-11-25,815,95,0.974
2020-11-25,815,KOEL,0.827
2020-11-25,815,dizel,1.039
2020-11-25,815,dizel-premium,1.189
2020-11-25,816,95,0.974
2020-11-25,816,dizel,1.039
2020-11-25,817,95,0.974
2020-11-25,817,dizel,1.039
2020-11-25,817,dizel-premium,1.189
2020-11-25,818,95,0.974
2020-11-25,818,dizel,1.039
2020-11-25,819,95,0.974
2020-11-25,819,dizel,1.039
2020-11-25,819,dizel-premium,1.189
2020-11-25,820,95,0.974
2020-11-25,820,dizel,1.039
2020-11-25,820,dizel-premium,1.189
2020-11-25,821,95,0.974
2020-11-25,821,KOEL,0.827
2020-11-25,821,dizel,1.039
2020-11-25,822,95,0.974
2020-11-25,822,dizel,1.039
2020-11-25,823,95,1.019
2020-11-25,823,dizel-premium,1.289
2020-11-25,824,95,0.974
2020-11-25,824,dizel,1.039
2020-11-25,825,95,0.974
2020-11-25,825,dizel,1.039
2020-11-25,826,95,0.974
2020-11-25,826,KOEL,0.827
2020-11-25,826,dizel,1.039
2020-11-25,827,95,0.974
2020-11-25,827,dizel,1.039
2020-11-25,828,95,1.019
2020-11-25,828,dizel-premium,1.289
2020-11-25,829,95,0.974
2020-11-25,829,KOEL,0.827
2020-11-25,829,dizel,1.039
2020-11-25,829,dizel-premium,1.189
2020-11-25,830,95,0.974
2020-11-25,830,dizel,1.039
2020-11-25,830,dizel-premium,1.189
2020-11-25,831,95,0.974
2020-11-25,831,KOEL,0.827
2020-11-25,831,dizel,1.039
2020-11-25,831,dizel-premium,1.189
2020-11-25,832,95,0.974
2020-11-25,832,dizel,1.039
2020-11-25,833,95,0.974
2020-11-25,833,dizel,1.039
2020-11-25,833,dizel-premium,1.189
2020-11-25,834,95,0.974
2020-11-25,834,KOEL,0.827
2020-11-25,834,dizel,1.039
2020-11-25,835,95,0.974
2020-11-25,835,KOEL,0.827
2020-11-25,835,dizel,1.039
2020-11-25,835,dizel-premium,1.189
2020-11-25,836,95,0.974
2020-11-25,836,dizel,1.039
2020-11-25,836,dizel-premium,1.189
2020-11-25,837,95,1.019
2020-11-25,837,dizel-premium,1.289
2020-11-25,838,95,0.974
2020-11-25,838,KOEL,0.827
2020-11-25,838,dizel,1.039
2020-11-25,838,dizel-premium,1.189
2020-11-25,839,95,0.974
2020-11-25,839,dizel,1.039
2020-11-25,840,95,0.974
2020-11-25,840,dizel,1.039
2020-11-25,840,dizel-premium,1.189
2020-11-25,841,95,0.974
2020-11-25,841,dizel,1.039
2020-11-25,841,dizel-premium,1.189
2020-11-25,842,95,0.974
2020-11-25,842,KOEL,0.827
2020-11-25,842,dizel,1.039
2020-11-25,843,95,0.974
2020-11-25,843,KOEL,0.827
2020-11-25,843,dizel,1.039
2020-11-25,844,95,1.019
2020-11-25,844,dizel-premium,1.289
2020-11-25,845,95,1.019
2020-11-25,845,dizel-premium,1.289
2020-11-25,846,95,0.974
2020-11-25,846,KOEL,0.827
2020-11-25,846,dizel,1.039
2020-11-25,847,95,1.019
2020-11-25,847,dizel-premium,1.289
2020-11-25,848,95,1.019
2020-11-25,848,dizel-premium,1.289
2020-11-25,849,95,0.974
2020-11-25,849,dizel,1.039
2020-11-25,849,dizel-premium,1.189
2020-11-25,850,95,0.974
2020-11-25,850,dizel,1.039
2020-11-25,851,95,0.974
2020-11-25,851,dizel,1.039
2020-11-25,851,dizel-premium,1.189
2020-11-25,852,95,0.974
2020-11-25,852,dizel,1.039
2020-11-25,853,95,0.974
2020-11-25,853,dizel,1.039
2020-11-25,854,95,0.974
2020-11-25,854,dizel,1.039
2020-11-25,854,dizel-premium,1.189
2020-11-25,855,95,0.974
2020-11-25,855,dizel,1.039
2020-11-25,855,dizel-premium,1.189
2020-11-25,856,95,0.974
2020-11-25,856,dizel,1.039
2020-11-25,856,dizel-premium,1.189
2020-11-25,857,95,0.974
2020-11-25,857,KOEL,0.827
2020-11-25,857,dizel,1.039
2020-11-25,857,dizel-premium,1.189
2020-11-25,858,95,0.974
2020-11-25,858,KOEL,0.827
2020-11-25,858,dizel,1.039
2020-11-25,859,95,0.974
2020-11-25,859,dizel,1.039
2020-11-25,860,95,0.974
2020-11-25,860,KOEL,0.827
2020-11-25,860,dizel,1.039
2020-11-25,861,95,1.019
2020-11-25,861,dizel-premium,1.289
2020-11-25,862,95,0.974
2020-11-25,862,KOEL,0.827
2020-11-25,862,dizel,1.039
2020-11-25,862,dizel-premium,1.189
2020-11-25,863,95,0.999
2020-11-25,863,KOEL,0.827
2020-11-25,864,95,0.999
2020-11-25,865,95,0.974
2020-11-25,865,KOEL,0.827
2020-11-25,865,dizel,1.039
2020-11-25,865,dizel-premium,1.189
2020-11-25,866,95,0.974
2020-11-25,866,dizel,1.039
2020-11-25,867,95,0.974
2020-11-25,867,dizel,1.039
2020-11-25,868,95,0.974
2020-11-25,868,dizel,1.039
2020-11-25,869,95,0.974
2020-11-25,869,KOEL,0.827
2020-11-25,869,dizel,1.039
2020-11-25,870,95,0.974
2020-11-25,870,dizel,1.039
2020-11-25,871,95,0.974
2020-11-25,871,KOEL,0.827
2020-11-25,871,dizel,1.039
2020-11-25,871,dizel-premium,1.189
2020-11-25,872,95,0.974
2020-11-25,872,dizel,1.039
2020-11-25,872,dizel-premium,1.189
2020-11-25,873,95,0.974
2020-11-25,873,dizel,1.039
2020-11-25,874,95,0.974
2020-11-25,874,KOEL,0.827
2020-11-25,874,dizel,1.039
2020-11-25,874,dizel-premium,1.189
2020-11-25,875,95,0.974
2020-11-25,875,KOEL,0.827
2020-11-25,875,dizel,1.039
2020-11-25,876,95,0.974
2020-11-25,876,dizel,1.039
2020-11-25,876,dizel-premium,1.189
2020-11-25,2236,95,0.974
2020-11-25,2236,dizel,1.039
2020-11-25,2236,dizel-premium,1.189
2020-11-25,2267,100,1.113
2020-11-25,2267,95,0.962
2020-11-25,2267,KOEL,0.823
2020-11-25,2267,dizel,1.029
2020-11-25,2268,100,1.113
2020-11-25,2268,95,0.967
2020-11-25,2268,KOEL,0.828
2020-11-25,2268,dizel,1.034
2020-11-25,2271,95,0.974
2020-11-25,2271,dizel,1.039
2020-11-25,2271,dizel-premium,1.189
2020-11-25,2302,95,0.966
2020-11-25,2302,KOEL,0.826
2020-11-25,2303,95,0.966
2020-11-25,2303,KOEL,0.826
2020-11-25,2304,95,0.966
2020-11-25,2304,KOEL,0.826
2020-11-25,2305,95,0.966
2020-11-25,2306,95,0.966
2020-11-25,2306,KOEL,0.826
2020-11-25,2307,95,0.966
2020-11-25,2314,95,0.966
2020-11-25,2314,KOEL,0.826
2020-11-25,2314,dizel,1.029
2020-11-25,2315,95,0.967
2020-11-25,2315,dizel,1.034
2020-11-25,2316,dizel,1.034
2020-11-25,2317,dizel,1.034
2020-11-25,2319,KOEL,0.826
2020-11-25,2319,dizel,1.034
2020-11-25,2320,KOEL,0.828
2020-11-25,2320,dizel,1.034
2020-11-26,2288,95,0.944
2020-11-26,2288,dizel,1.009
2020-11-26,2289,95,0.944
2020-11-26,2289,dizel,1.009
2020-11-26,2290,95,0.944
2020-11-26,2290,dizel,1.009
2020-11-26,2291,95,0.944
2020-11-26,2291,dizel,1.009
2020-11-26,2292,95,0.944
2020-11-26,2292,dizel,1.009
2020-11-26,2293,95,0.944
2020-11-26,2293,dizel,1.009
2020-11-26,2294,95,0.944
2020-11-26,2294,dizel,1.009
2020-11-26,2295,95,0.944
2020-11-26,2295,dizel,1.009
2020-11-28,2237,dizel,1.037
2020-11-28,2238,dizel,1.037
2020-11-28,2239,dizel,1.037
2020-11-28,2240,dizel,1.037
2020-11-28,2241,dizel,1.037
2020-11-28,2242,dizel,1.037
2020-11-28,2243,dizel,1.037
2020-11-28,2244,dizel,1.037
2020-11-28,2245,dizel,1.037
2020-11-28,2246,dizel,1.037
2020-11-28,2247,dizel,1.037
2020-11-28,2248,dizel,1.037
2020-11-28,2249,dizel,1.037
2020-11-28,2250,dizel,1.037
2020-11-28,2251,dizel,1.037
2020-11-28,2252,dizel,1.037
2020-11-28,2253,dizel,1.037
2020-11-28,2254,dizel,1.037
2020-11-28,2255,dizel,1.037
2020-11-28,2256,dizel,1.037
2020-11-28,2257,dizel,1.037
2020-11-29,777,100,1.179
2020-11-29,777,95,1.009
2020-11-29,777,dizel,1.059
2020-11-29,777,dizel-premium,1.279
2020-11-29,778,100,1.179
2020-11-29,778,95,1.009
2020-11-29,778,dizel,1.059
2020-11-29,778,dizel-premium,1.279
2020-11-29,781,100,1.179
2020-11-29,781,95,1.009
2020-11-29,781,dizel,1.059
2020-11-29,781,dizel-premium,1.279
2020-11-29,782,100,1.179
2020-11-29,782,95,1.009
2020-11-29,782,dizel,1.059
2020-11-29,782,dizel-premium,1.279
2020-11-29,790,100,1.179
2020-11-29,790,95,1.009
2020-11-29,790,dizel,1.059
2020-11-29,790,dizel-premium,1.279
2020-11-29,791,100,1.179
2020-11-29,791,95,1.009
2020-11-29,791,dizel,1.059
2020-11-29,791,dizel-premium,1.279
2020-11-29,793,100,1.179
2020-11-29,793,95,1.009
2020-11-29,793,dizel,1.059
2020-11-29,793,dizel-premium,1.279
2020-11-29,796,100,1.179
2020-11-29,796,95,1.009
2020-11-29,796,dizel,1.059
2020-11-29,796,dizel-premium,1.279
2020-11-29,823,100,1.179
2020-11-29,823,95,1.009
2020-11-29,823,dizel,1.059
2020-11-29,823,dizel-premium,1.279
2020-11-29,828,100,1.179
2020-11-29,828,95,1.009
2020-11-29,828,dizel,1.059
2020-11-29,828,dizel-premium,1.279
2020-11-29,837,100,1.179
2020-11-29,837,95,1.009
2020-11-29,837,dizel,1.059
2020-11-29,837,dizel-premium,1.279
2020-11-29,844,100,1.179
2020-11-29,844,95,1.009
2020-11-29,844,dizel,1.059
2020-11-29,844,dizel-premium,1.279
2020-11-29,845,100,1.179
2020-11-29,845,95,1.009
2020-11-29,845,dizel,1.059
2020-11-29,845,dizel-premium,1.279
2020-11-29,847,95,1.009
2020-11-29,847,dizel,1.059
2020-11-29,847,dizel-premium,1.279
2020-11-29,848,95,1.009
2020-11-29,848,dizel,1.059
2020-11-29,848,dizel-premium,1.279
2020-11-29,861,100,1.179
2020-11-29,861,95,1.009
2020-11-29,861,dizel,1.059
2020-11-29,861,dizel-premium,1.279
2020-12-01,1548,100,1.139
2020-12-01,1548,95,0.989
2020-12-01,1548,dizel,1.057
2020-12-01,1548,dizel-premium,1.202
2020-12-01,1549,100,1.139
2020-12-01,1549,95,0.989
2020-12-01,1549,dizel,1.057
2020-12-01,1549,dizel-premium,1.202
2020-12-01,1550,100,1.139
2020-12-01,1550,95,0.989
2020-12-01,1550,dizel,1.057
2020-12-01,1550,dizel-premium,1.202
2020-12-01,1551,100,1.139
2020-12-01,1551,95,0.989
2020-12-01,1551,dizel,1.057
2020-12-01,1551,dizel-premium,1.202
2020-12-01,1552,100,1.139
2020-12-01,1552,95,0.989
2020-12-01,1552,dizel,1.057
2020-12-01,1552,dizel-premium,1.202
2020-12-01,1553,100,1.139
2020-12-01,1553,95,0.989
2020-12-01,1553,dizel,1.057
2020-12-01,1554,100,1.139
2020-12-01,1554,95,0.989
2020-12-01,1554,dizel,1.057
2020-12-01,1554,dizel-premium,1.202
2020-12-01,1555,100,1.139
2020-12-01,1555,95,0.989
2020-12-01,1555,dizel,1.057
2020-12-01,1555,dizel-premium,1.202
2020-12-01,1556,100,1.139
2020-12-01,1556,95,0.989
2020-12-01,1556,dizel,1.057
2020-12-01,1556,dizel-premium,1.202
2020-12-01,1557,100,1.139
2020-12-01,1557,95,0.989
2020-12-01,1557,dizel,1.057
2020-12-01,1557,dizel-premium,1.202
2020-12-01,1558,100,1.139
2020-12-01,1558,95,0.989
2020-12-01,1558,dizel,1.057
2020-12-01,1558,dizel-premium,1.202
2020-12-01,1559,100,1.189
2020-12-01,1559,95,1.024
2020-12-01,1559,dizel,1.079
2020-12-01,1559,dizel-premium,1.299
2020-12-01,1560,100,1.139
2020-12-01,1560,95,0.989
2020-12-01,1560,dizel,1.057
2020-12-01,1561,100,1.139
2020-12-01,1561,95,0.989
2020-12-01,1561,KOEL,0.854
2020-12-01,1561,dizel,1.057
2020-12-01,1562,100,1.139
2020-12-01,1562,95,0.989
2020-12-01,1562,dizel,1.057
2020-12-01,1563,100,1.139
2020-12-01,1563,95,0.989
2020-12-01,1563,dizel,1.057
2020-12-01,1564,100,1.139
2020-12-01,1564,95,0.989
2020-12-01,1564,dizel,1.057
2020-12-01,1564,dizel-premium,1.202
2020-12-01,1565,100,1.139
2020-12-01,1565,95,0.989
2020-12-01,1565,dizel,1.057
2020-12-01,1566,100,1.139
2020-12-01,1566,95,0.989
2020-12-01,1566,dizel,1.057
2020-12-01,1567,100,1.139
2020-12-01,1567,95,0.989
2020-12-01,1567,dizel,1.057
2020-12-01,1568,100,1.189
2020-12-01,1568,95,1.024
2020-12-01,1568,dizel,1.079
2020-12-01,1568,dizel-premium,1.299
2020-12-01,1569,100,1.139
2020-12-01,1569,95,0.989
2020-12-01,1569,dizel,1.057
2020-12-01,1570,100,1.139
2020-12-01,1570,95,0.989
2020-12-01,1570,dizel,1.057
2020-12-01,1571,100,1.139
2020-12-01,1571,95,0.989
2020-12-01,1571,dizel,1.057
2020-12-01,1572,100,1.139
2020-12-01,1572,95,0.989
2020-12-01,1572,dizel,1.057
2020-12-01,1573,100,1.139
2020-12-01,1573,95,0.989
2020-12-01,1573,dizel,1.057
2020-12-01,1574,100,1.139
2020-12-01,1574,95,0.989
2020-12-01,1574,dizel,1.057
2020-12-01,1575,100,1.139
2020-12-01,1575,95,0.989
2020-12-01,1575,dizel,1.057
2020-12-01,1576,100,1.139
2020-12-01,1576,95,0.989
2020-12-01,1576,dizel,1.057
2020-12-01,1577,100,1.139
2020-12-01,1577,95,0.989
2020-12-01,1577,dizel,1.057
2020-12-01,1578,100,1.139
2020-12-01,1578,95,0.989
2020-12-01,1578,dizel,1.057
2020-12-01,1579,100,1.139
2020-12-01,1579,95,0.989
2020-12-01,1579,dizel,1.057
2020-12-01,1580,100,1.139
2020-12-01,1580,95,0.989
2020-12-01,1580,dizel,1.057
2020-12-01,1581,100,1.139
2020-12-01,1581,95,0.989
2020-12-01,1581,dizel,1.057
2020-12-01,1582,100,1.139
2020-12-01,1582,95,0.989
2020-12-01,1582,KOEL,0.854
2020-12-01,1582,dizel,1.057
2020-12-01,1583,100,1.139
2020-12-01,1583,95,0.989
2020-12-01,1583,KOEL,0.854
2020-12-01,1583,dizel,1.057
2020-12-01,1584,100,1.139
2020-12-01,1584,95,0.989
2020-12-01,1584,KOEL,0.854
2020-12-01,1584,dizel,1.057
2020-12-01,1585,100,1.139
2020-12-01,1585,95,0.989
2020-12-01,1585,dizel,1.057
2020-12-01,1585,dizel-premium,1.202
2020-12-01,1586,100,1.139
2020-12-01,1586,95,0.989
2020-12-01,1586,KOEL,0.854
2020-12-01,1586,dizel,1.057
2020-12-01,1587,100,1.139
2020-12-01,1587,95,0.989
2020-12-01,1587,KOEL,0.854
2020-12-01,1587,dizel,1.057
2020-12-01,1588,100,1.139
2020-12-01,1588,95,0.989
2020-12-01,1588,KOEL,0.854
2020-12-01,1588,dizel,1.057
2020-12-01,1588,dizel-premium,1.202
2020-12-01,1589,100,1.139
2020-12-01,1589,95,0.989
2020-12-01,1589,dizel,1.057
2020-12-01,1589,dizel-premium,1.202
2020-12-01,1590,100,1.139
2020-12-01,1590,95,0.989
2020-12-01,1590,dizel,1.057
2020-12-01,1591,100,1.139
2020-12-01,1591,95,0.989
2020-12-01,1591,dizel,1.057
2020-12-01,1592,100,1.139
2020-12-01,1592,95,0.989
2020-12-01,1592,KOEL,0.854
2020-12-01,1592,dizel,1.057
2020-12-01,1593,100,1.139
2020-12-01,1593,95,0.989
2020-12-01,1593,dizel,1.057
2020-12-01,1921,100,1.132
2020-12-01,1921,95,0.994
2020-12-01,1921,dizel,1.060
2020-12-01,1922,95,0.994
2020-12-01,1922,KOEL,0.855
2020-12-01,1922,dizel,1.060
2020-12-01,1923,100,1.182
2020-12-01,1923,95,1.024
2020-12-01,1923,dizel,1.083
2020-12-01,1924,95,0.994
2020-12-01,1924,KOEL,0.855
2020-12-01,1924,dizel,1.060
2020-12-01,1925,95,0.994
2020-12-01,1925,KOEL,0.855
2020-12-01,1925,dizel,1.060
2020-12-01,1926,95,0.994
2020-12-01,1926,KOEL,0.855
2020-12-01,1926,dizel,1.060
2020-12-01,1927,95,0.994
2020-12-01,1927,dizel,1.060
2020-12-01,1928,100,1.132
2020-12-01,1928,95,0.994
2020-12-01,1928,KOEL,0.855
2020-12-01,1928,dizel,1.060
2020-12-01,1929,100,1.132
2020-12-01,1929,95,0.994
2020-12-01,1929,KOEL,0.855
2020-12-01,1929,dizel,1.060
2020-12-01,1930,95,0.994
2020-12-01,1930,KOEL,0.855
2020-12-01,1930,dizel,1.060
2020-12-01,1931,95,0.994
2020-12-01,1931,KOEL,0.855
2020-12-01,1931,dizel,1.060
2020-12-01,1932,95,0.994
2020-12-01,1932,KOEL,0.855
2020-12-01,1932,dizel,1.060
2020-12-01,1933,95,0.994
2020-12-01,1933,KOEL,0.855
2020-12-01,1933,dizel,1.060
2020-12-01,1934,100,1.132
2020-12-01,1934,95,0.994
2020-12-01,1934,dizel,1.060
2020-12-01,1935,100,1.132
2020-12-01,1935,95,0.994
2020-12-01,1935,KOEL,0.855
2020-12-01,1935,dizel,1.060
2020-12-01,1936,95,0.994
2020-12-01,1936,KOEL,0.855
2020-12-01,1936,dizel,1.060
2020-12-01,1937,95,0.994
2020-12-01,1937,KOEL,0.855
2020-12-01,1937,dizel,1.060
2020-12-01,1938,95,0.994
2020-12-01,1938,KOEL,0.855
2020-12-01,1938,dizel,1.060
2020-12-01,1939,95,0.994
2020-12-01,1939,KOEL,0.855
2020-12-01,1939,dizel,1.060
2020-12-01,1940,95,0.994
2020-12-01,1940,KOEL,0.855
2020-12-01,1940,dizel,1.060
2020-12-01,1941,95,0.994
2020-12-01,1941,dizel,1.060
2020-12-01,1942,100,1.132
2020-12-01,1942,95,0.994
2020-12-01,1942,KOEL,0.855
2020-12-01,1942,dizel,1.060
2020-12-01,1943,100,1.132
2020-12-01,1943,95,0.994
2020-12-01,1943,KOEL,0.855
2020-12-01,1943,dizel,1.060
2020-12-01,1944,95,0.994
2020-12-01,1944,KOEL,0.855
2020-12-01,1944,dizel,1.060
2020-12-01,1945,100,1.182
2020-12-01,1945,95,1.024
2020-12-01,1945,dizel,1.083
2020-12-01,1946,95,0.994
2020-12-01,1946,KOEL,0.855
2020-12-01,1946,dizel,1.060
2020-12-01,1947,100,1.132
2020-12-01,1947,95,0.994
2020-12-01,1947,KOEL,0.855
2020-12-01,1947,dizel,1.060
2020-12-01,1948,100,1.132
2020-12-01,1948,95,0.994
2020-12-01,1948,KOEL,0.855
2020-12-01,1948,dizel,1.060
2020-12-01,1949,100,1.182
2020-12-01,1949,95,1.024
2020-12-01,1949,dizel,1.083
2020-12-01,1949,dizel-premium,1.291
2020-12-01,1950,100,1.132
2020-12-01,1950,95,0.994
2020-12-01,1950,KOEL,0.855
2020-12-01,1950,dizel,1.060
2020-12-01,1951,100,1.132
2020-12-01,1951,95,0.994
2020-12-01,1951,KOEL,0.855
2020-12-01,1951,dizel,1.060
2020-12-01,1952,100,1.132
2020-12-01,1952,95,0.994
2020-12-01,1952,dizel,1.060
2020-12-01,1953,95,0.994
2020-12-01,1953,KOEL,0.855
2020-12-01,1953,dizel,1.060
2020-12-01,1954,100,1.132
2020-12-01,1954,95,0.994
2020-12-01,1954,KOEL,0.855
2020-12-01,1954,dizel,1.060
2020-12-01,1955,100,1.132
2020-12-01,1955,95,0.994
2020-12-01,1955,dizel,1.060
2020-12-01,1956,100,1.132
2020-12-01,1956,95,0.994
2020-12-01,1956,dizel,1.060
2020-12-01,1957,100,1.132
2020-12-01,1957,95,0.994
2020-12-01,1957,KOEL,0.855
2020-12-01,1957,dizel,1.060
2020-12-01,1958,100,1.132
2020-12-01,1958,95,0.994
2020-12-01,1958,KOEL,0.855
2020-12-01,1958,dizel,1.060
2020-12-01,1959,100,1.132
2020-12-01,1959,95,0.994
2020-12-01,1959,dizel,1.060
2020-12-01,1960,100,1.132
2020-12-01,1960,95,0.994
2020-12-01,1960,dizel,1.060
2020-12-01,1961,100,1.132
2020-12-01,1961,95,0.994
2020-12-01,1961,KOEL,0.855
2020-12-01,1961,dizel,1.060
2020-12-01,1962,100,1.132
2020-12-01,1962,95,0.994
2020-12-01,1962,KOEL,0.855
2020-12-01,1962,dizel,1.060
2020-12-01,1963,100,1.132
2020-12-01,1963,95,0.994
2020-12-01,1963,KOEL,0.855
2020-12-01,1963,dizel,1.060
2020-12-01,1964,95,0.994
2020-12-01,1964,KOEL,0.855
2020-12-01,1964,dizel,1.060
2020-12-01,1965,95,0.994
2020-12-01,1965,KOEL,0.855
2020-12-01,1965,dizel,1.060
2020-12-01,1966,100,1.132
2020-12-01,1966,95,0.994
2020-12-01,1966,KOEL,0.855
2020-12-01,1966,dizel,1.060
2020-12-01,1967,95,0.994
2020-12-01,1967,KOEL,0.855
2020-12-01,1967,dizel,1.060
2020-12-01,1968,95,0.994
2020-12-01,1968,KOEL,0.855
2020-12-01,1968,dizel,1.060
2020-12-01,1969,100,1.132
2020-12-01,1969,95,0.994
2020-12-01,1969,KOEL,0.855
2020-12-01,1969,dizel,1.060
2020-12-01,1970,100,1.132
2020-12-01,1970,95,0.994
2020-12-01,1970,KOEL,0.855
2020-12-01,1970,dizel,1.060
2020-12-01,1971,100,1.132
2020-12-01,1971,95,0.994
2020-12-01,1971,dizel,1.060
2020-12-01,1972,100,1.132
2020-12-01,1972,95,0.994
2020-12-01,1972,KOEL,0.855
2020-12-01,1972,dizel,1.060
2020-12-01,1973,95,0.994
2020-12-01,1973,KOEL,0.855
2020-12-01,1973,dizel,1.060
2020-12-01,1974,95,0.994
2020-12-01,1974,KOEL,0.855
2020-12-01,1974,dizel,1.060
2020-12-01,1975,95,0.994
2020-12-01,1975,KOEL,0.855
2020-12-01,1975,dizel,1.060
2020-12-01,1976,100,1.182
2020-12-01,1976,95,1.024
2020-12-01,1976,dizel,1.083
2020-12-01,1977,100,1.182
2020-12-01,1977,95,1.024
2020-12-01,1977,dizel,1.083
2020-12-01,1977,dizel-premium,1.291
2020-12-01,1978,100,1.182
2020-12-01,1978,95,1.024
2020-12-01,1978,dizel,1.083
2020-12-01,1978,dizel-premium,1.291
2020-12-01,1979,100,1.132
2020-12-01,1979,95,0.994
2020-12-01,1979,KOEL,0.855
2020-12-01,1979,dizel,1.060
2020-12-01,1980,100,1.132
2020-12-01,1980,95,0.994
2020-12-01,1980,KOEL,0.855
2020-12-01,1980,dizel,1.060
2020-12-01,1981,100,1.132
2020-12-01,1981,95,0.994
2020-12-01,1981,dizel,1.060
2020-12-01,1982,95,0.994
2020-12-01,1982,KOEL,0.855
2020-12-01,1982,dizel,1.060
2020-12-01,1983,95,0.994
2020-12-01,1983,dizel,1.060
2020-12-01,1984,100,1.132
2020-12-01,1984,95,0.994
2020-12-01,1984,dizel,1.060
2020-12-01,1985,95,0.994
2020-12-01,1985,KOEL,0.855
2020-12-01,1985,dizel,1.060
2020-12-01,1986,100,1.132
2020-12-01,1986,95,0.994
2020-12-01,1986,KOEL,0.855
2020-12-01,1986,dizel,1.060
2020-12-01,1987,95,0.994
2020-12-01,1987,KOEL,0.855
2020-12-01,1987,dizel,1.060
2020-12-01,1988,95,0.994
2020-12-01,1988,KOEL,0.855
2020-12-01,1988,dizel,1.060
2020-12-01,1989,95,0.994
2020-12-01,1989,KOEL,0.855
2020-12-01,1989,dizel,1.060
2020-12-01,1990,100,1.132
2020-12-01,1990,95,0.994
2020-12-01,1990,dizel,1.060
2020-12-01,1991,95,0.994
2020-12-01,1991,KOEL,0.855
2020-12-01,1991,dizel,1.060
2020-12-01,1992,100,1.132
2020-12-01,1992,95,0.994
2020-12-01,1992,KOEL,0.855
2020-12-01,1992,dizel,1.060
2020-12-01,1993,100,1.132
2020-12-01,1993,95,0.994
2020-12-01,1993,KOEL,0.855
2020-12-01,1993,dizel,1.060
2020-12-01,1994,100,1.132
2020-12-01,1994,95,0.994
2020-12-01,1994,KOEL,0.855
2020-12-01,1994,dizel,1.060
2020-12-01,1995,100,1.132
2020-12-01,1995,95,0.994
2020-12-01,1995,KOEL,0.855
2020-12-01,1995,dizel,1.060
2020-12-01,1996,100,1.132
2020-12-01,1996,95,0.994
2020-12-01,1996,KOEL,0.855
2020-12-01,1996,dizel,1.060
2020-12-01,1997,100,1.182
2020-12-01,1997,95,1.024
2020-12-01,1997,dizel,1.083
2020-12-01,1998,100,1.132
2020-12-01,1998,95,0.994
2020-12-01,1998,dizel,1.060
2020-12-01,1999,100,1.132
2020-12-01,1999,95,0.994
2020-12-01,1999,KOEL,0.855
2020-12-01,1999,dizel,1.060
2020-12-01,2000,100,1.182
2020-12-01,2000,95,1.024
2020-12-01,2000,dizel,1.083
2020-12-01,2000,dizel-premium,1.291
2020-12-01,2001,100,1.132
2020-12-01,2001,95,0.994
2020-12-01,2001,KOEL,0.855
2020-12-01,2001,dizel,1.060
2020-12-01,2002,100,1.132
2020-12-01,2002,95,0.994
2020-12-01,2002,dizel,1.060
2020-12-01,2003,100,1.132
2020-12-01,2003,95,0.994
2020-12-01,2003,KOEL,0.855
2020-12-01,2003,dizel,1.060
2020-12-01,2004,100,1.132
2020-12-01,2004,95,0.994
2020-12-01,2004,dizel,1.060
2020-12-01,2005,100,1.132
2020-12-01,2005,95,0.994
2020-12-01,2005,dizel,1.060
2020-12-01,2006,100,1.132
2020-12-01,2006,95,0.994
2020-12-01,2006,dizel,1.060
2020-12-01,2007,100,1.132
2020-12-01,2007,95,0.994
2020-12-01,2007,KOEL,0.855
2020-12-01,2007,dizel,1.060
2020-12-01,2008,100,1.182
2020-12-01,2008,95,1.024
2020-12-01,2008,dizel,1.083
2020-12-01,2009,100,1.182
2020-12-01,2009,95,1.024
2020-12-01,2009,dizel,1.083
2020-12-01,2009,dizel-premium,1.291
2020-12-01,2010,100,1.132
2020-12-01,2010,95,0.994
2020-12-01,2010,KOEL,0.855
2020-12-01,2010,dizel,1.060
2020-12-01,2011,95,0.994
2020-12-01,2011,KOEL,0.855
2020-12-01,2011,dizel,1.060
2020-12-01,2012,95,0.994
2020-12-01,2012,KOEL,0.855
2020-12-01,2012,dizel,1.060
2020-12-01,2013,95,0.994
2020-12-01,2013,KOEL,0.855
2020-12-01,2013,dizel,1.060
2020-12-01,2014,100,1.132
2020-12-01,2014,95,0.994
2020-12-01,2014,KOEL,0.855
2020-12-01,2014,dizel,1.060
2020-12-01,2015,100,1.132
2020-12-01,2015,95,0.994
2020-12-01,2015,KOEL,0.855
2020-12-01,2015,dizel,1.060
2020-12-01,2016,100,1.132
2020-12-01,2016,95,0.994
2020-12-01,2016,dizel,1.060
2020-12-01,2017,95,0.994
2020-12-01,2017,KOEL,0.855
2020-12-01,2017,dizel,1.060
2020-12-01,2018,100,1.182
2020-12-01,2018,95,1.024
2020-12-01,2018,dizel,1.083
2020-12-01,2019,100,1.182
2020-12-01,2019,95,1.024
2020-12-01,2019,dizel,1.083
2020-12-01,2020,100,1.132
2020-12-01,2020,95,0.994
2020-12-01,2020,KOEL,0.855
2020-12-01,2020,dizel,1.060
2020-12-01,2021,100,1.132
2020-12-01,2021,95,0.994
2020-12-01,2021,dizel,1.060
2020-12-01,2022,100,1.132
2020-12-01,2022,95,0.994
2020-12-01,2022,KOEL,0.855
2020-12-01,2022,dizel,1.060
2020-12-01,2023,100,1.132
2020-12-01,2023,95,0.994
2020-12-01,2023,dizel,1.060
2020-12-01,2024,100,1.132
2020-12-01,2024,95,0.994
2020-12-01,2024,KOEL,0.855
2020-12-01,2024,dizel,1.060
2020-12-01,2025,95,0.994
2020-12-01,2025,KOEL,0.855
2020-12-01,2025,dizel,1.060
2020-12-01,2026,100,1.182
2020-12-01,2026,95,1.024
2020-12-01,2026,dizel,1.083
2020-12-01,2027,100,1.182
2020-12-01,2027,95,1.024
2020-12-01,2027,dizel,1.083
2020-12-01,2028,100,1.132
2020-12-01,2028,95,0.994
2020-12-01,2028,dizel,1.060
2020-12-01,2029,100,1.132
2020-12-01,2029,95,0.994
2020-12-01,2029,dizel,1.060
2020-12-01,2030,100,1.182
2020-12-01,2030,95,1.024
2020-12-01,2030,dizel,1.083
2020-12-01,2031,100,1.182
2020-12-01,2031,95,1.024
2020-12-01,2031,dizel,1.083
2020-12-01,2032,100,1.182
2020-12-01,2032,95,1.024
2020-12-01,2032,dizel,1.083
2020-12-01,2032,dizel-premium,1.291
2020-12-01,2033,100,1.132
2020-12-01,2033,95,0.994
2020-12-01,2033,dizel,1.060
2020-12-01,2034,100,1.132
2020-12-01,2034,95,0.994
2020-12-01,2034,dizel,1.060
2020-12-01,2035,95,0.994
2020-12-01,2035,dizel,1.060
2020-12-01,2036,100,1.132
2020-12-01,2036,95,0.994
2020-12-01,2036,dizel,1.060
2020-12-01,2037,100,1.132
2020-12-01,2037,95,0.994
2020-12-01,2037,dizel,1.060
2020-12-01,2038,95,0.994
2020-12-01,2038,dizel,1.060
2020-12-01,2039,100,1.132
2020-12-01,2039,95,0.994
2020-12-01,2039,dizel,1.060
2020-12-01,2040,100,1.132
2020-12-01,2040,95,0.994
2020-12-01,2040,KOEL,0.855
2020-12-01,2040,dizel,1.060
2020-12-01,2041,100,1.132
2020-12-01,2041,95,0.994
2020-12-01,2041,dizel,1.060
2020-12-01,2042,95,0.994
2020-12-01,2042,KOEL,0.855
2020-12-01,2042,dizel,1.060
2020-12-01,2043,100,1.132
2020-12-01,2043,95,0.994
2020-12-01,2043,dizel,1.060
2020-12-01,2044,100,1.132
2020-12-01,2044,95,0.994
2020-12-01,2044,dizel,1.060
2020-12-01,2045,100,1.132
2020-12-01,2045,95,0.994
2020-12-01,2045,dizel,1.060
2020-12-01,2046,100,1.132
2020-12-01,2046,95,0.994
2020-12-01,2046,dizel,1.060
2020-12-01,2047,100,1.132
2020-12-01,2047,95,0.994
2020-12-01,2047,dizel,1.060
2020-12-01,2048,100,1.132
2020-12-01,2048,95,0.994
2020-12-01,2048,dizel,1.060
2020-12-01,2049,100,1.132
2020-12-01,2049,95,0.994
2020-12-01,2049,KOEL,0.855
2020-12-01,2049,dizel,1.060
2020-12-01,2050,95,0.994
2020-12-01,2050,dizel,1.060
2020-12-01,2051,95,0.994
2020-12-01,2051,KOEL,0.855
2020-12-01,2051,dizel,1.060
2020-12-01,2052,100,1.132
2020-12-01,2052,95,0.994
2020-12-01,2052,dizel,1.060
2020-12-01,2053,95,0.994
2020-12-01,2053,KOEL,0.855
2020-12-01,2053,dizel,1.060
2020-12-01,2054,95,0.994
2020-12-01,2054,KOEL,0.855
2020-12-01,2054,dizel,1.060
2020-12-01,2055,95,0.994
2020-12-01,2055,dizel,1.060
2020-12-01,2056,100,1.132
2020-12-01,2056,95,0.994
2020-12-01,2056,dizel,1.060
2020-12-01,2057,95,0.994
2020-12-01,2057,dizel,1.060
2020-12-01,2058,95,0.994
2020-12-01,2058,dizel,1.060
2020-12-01,2059,100,1.182
2020-12-01,2059,95,1.024
2020-12-01,2059,dizel,1.083
2020-12-01,2059,dizel-premium,1.291
2020-12-01,2060,100,1.182
2020-12-01,2060,95,1.024
2020-12-01,2060,dizel,1.083
2020-12-01,2060,dizel-premium,1.291
2020-12-01,2061,100,1.132
2020-12-01,2061,95,0.994
2020-12-01,2061,KOEL,0.855
2020-12-01,2061,dizel,1.060
2020-12-01,2062,100,1.132
2020-12-01,2062,95,0.994
2020-12-01,2062,KOEL,0.855
2020-12-01,2062,dizel,1.060
2020-12-01,2063,100,1.132
2020-12-01,2063,95,0.994
2020-12-01,2063,dizel,1.060
2020-12-01,2064,100,1.132
2020-12-01,2064,95,0.994
2020-12-01,2064,KOEL,0.855
2020-12-01,2064,dizel,1.060
2020-12-01,2065,100,1.132
2020-12-01,2065,95,0.994
2020-12-01,2065,KOEL,0.855
2020-12-01,2065,dizel,1.060
2020-12-01,2066,95,0.994
2020-12-01,2066,KOEL,0.855
2020-12-01,2066,dizel,1.060
2020-12-01,2067,100,1.132
2020-12-01,2067,95,0.994
2020-12-01,2067,KOEL,0.855
2020-12-01,2067,dizel,1.060
2020-12-01,2068,95,0.994
2020-12-01,2068,dizel,1.060
2020-12-01,2069,100,1.132
2020-12-01,2069,95,0.994
2020-12-01,2069,dizel,1.060
2020-12-01,2070,100,1.132
2020-12-01,2070,95,0.994
2020-12-01,2070,KOEL,0.855
2020-12-01,2070,dizel,1.060
2020-12-01,2071,100,1.132
2020-12-01,2071,95,0.994
2020-12-01,2071,KOEL,0.855
2020-12-01,2071,dizel,1.060
2020-12-01,2072,95,0.994
2020-12-01,2072,KOEL,0.855
2020-12-01,2072,dizel,1.060
2020-12-01,2073,100,1.132
2020-12-01,2073,95,0.994
2020-12-01,2073,KOEL,0.855
2020-12-01,2073,dizel,1.060
2020-12-01,2074,100,1.132
2020-12-01,2074,95,0.994
2020-12-01,2074,KOEL,0.855
2020-12-01,2074,dizel,1.060
2020-12-01,2075,95,0.994
2020-12-01,2075,KOEL,0.855
2020-12-01,2075,dizel,1.060
2020-12-01,2076,95,0.994
2020-12-01,2076,KOEL,0.855
2020-12-01,2076,dizel,1.060
2020-12-01,2077,95,0.994
2020-12-01,2077,KOEL,0.855
2020-12-01,2077,dizel,1.060
2020-12-01,2078,95,0.994
2020-12-01,2078,KOEL,0.855
2020-12-01,2078,dizel,1.060
2020-12-01,2079,95,0.994
2020-12-01,2079,KOEL,0.855
2020-12-01,2079,dizel,1.060
2020-12-01,2080,100,1.132
2020-12-01,2080,95,0.994
2020-12-01,2080,KOEL,0.855
2020-12-01,2080,dizel,1.060
2020-12-01,2082,95,0.994
2020-12-01,2082,KOEL,0.855
2020-12-01,2082,dizel,1.060
2020-12-01,2083,95,0.994
2020-12-01,2083,KOEL,0.855
2020-12-01,2083,dizel,1.060
2020-12-01,2084,95,0.994
2020-12-01,2084,KOEL,0.855
2020-12-01,2084,dizel,1.060
2020-12-01,2085,95,0.994
2020-12-01,2085,dizel,1.060
2020-12-01,2086,95,0.994
2020-12-01,2086,KOEL,0.855
2020-12-01,2086,dizel,1.060
2020-12-01,2087,95,0.994
2020-12-01,2087,KOEL,0.855
2020-12-01,2087,dizel,1.060
2020-12-01,2088,100,1.182
2020-12-01,2088,95,1.024
2020-12-01,2088,dizel,1.083
2020-12-01,2088,dizel-premium,1.291
2020-12-01,2089,100,1.182
2020-12-01,2089,95,1.024
2020-12-01,2089,dizel,1.083
2020-12-01,2090,100,1.132
2020-12-01,2090,95,0.994
2020-12-01,2090,KOEL,0.855
2020-12-01,2090,dizel,1.060
2020-12-01,2091,100,1.132
2020-12-01,2091,95,0.994
2020-12-01,2091,KOEL,0.855
2020-12-01,2091,dizel,1.060
2020-12-01,2092,100,1.132
2020-12-01,2092,95,0.994
2020-12-01,2092,KOEL,0.855
2020-12-01,2092,dizel,1.060
2020-12-01,2093,95,0.994
2020-12-01,2093,KOEL,0.855
2020-12-01,2093,dizel,1.060
2020-12-01,2094,100,1.132
2020-12-01,2094,95,0.994
2020-12-01,2094,KOEL,0.855
2020-12-01,2094,dizel,1.060
2020-12-01,2095,100,1.182
2020-12-01,2095,95,1.024
2020-12-01,2095,dizel,1.083
2020-12-01,2095,dizel-premium,1.291
2020-12-01,2096,100,1.182
2020-12-01,2096,95,1.024
2020-12-01,2096,dizel,1.083
2020-12-01,2096,dizel-premium,1.291
2020-12-01,2097,95,0.994
2020-12-01,2097,KOEL,0.855
2020-12-01,2097,dizel,1.060
2020-12-01,2098,100,1.132
2020-12-01,2098,95,0.994
2020-12-01,2098,KOEL,0.855
2020-12-01,2098,dizel,1.060
2020-12-01,2099,100,1.132
2020-12-01,2099,95,0.994
2020-12-01,2099,KOEL,0.855
2020-12-01,2099,dizel,1.060
2020-12-01,2100,100,1.182
2020-12-01,2100,95,1.024
2020-12-01,2100,dizel,1.083
2020-12-01,2101,100,1.182
2020-12-01,2101,95,1.024
2020-12-01,2101,dizel,1.083
2020-12-01,2102,95,0.994
2020-12-01,2102,KOEL,0.855
2020-12-01,2102,dizel,1.060
2020-12-01,2103,95,0.994
2020-12-01,2103,KOEL,0.855
2020-12-01,2103,dizel,1.060
2020-12-01,2104,100,1.132
2020-12-01,2104,95,0.994
2020-12-01,2104,KOEL,0.855
2020-12-01,2104,dizel,1.060
2020-12-01,2105,95,0.994
2020-12-01,2105,KOEL,0.855
2020-12-01,2105,dizel,1.060
2020-12-01,2106,95,0.994
2020-12-01,2106,KOEL,0.855
2020-12-01,2106,dizel,1.060
2020-12-01,2107,95,0.994
2020-12-01,2107,KOEL,0.855
2020-12-01,2107,dizel,1.060
2020-12-01,2108,100,1.132
2020-12-01,2108,95,0.994
2020-12-01,2108,KOEL,0.855
2020-12-01,2108,dizel,1.060
2020-12-01,2109,95,0.994
2020-12-01,2109,KOEL,0.855
2020-12-01,2109,dizel,1.060
2020-12-01,2110,100,1.132
2020-12-01,2110,95,0.994
2020-12-01,2110,dizel,1.060
2020-12-01,2111,100,1.132
2020-12-01,2111,95,0.994
2020-12-01,2111,KOEL,0.855
2020-12-01,2111,dizel,1.060
2020-12-01,2112,100,1.132
2020-12-01,2112,95,0.994
2020-12-01,2112,dizel,1.060
2020-12-01,2113,95,0.994
2020-12-01,2113,dizel,1.060
2020-12-01,2114,95,0.994
2020-12-01,2114,KOEL,0.855
2020-12-01,2114,dizel,1.060
2020-12-01,2115,100,1.132
2020-12-01,2115,95,0.994
2020-12-01,2115,KOEL,0.855
2020-12-01,2115,dizel,1.060
2020-12-01,2116,95,0.994
2020-12-01,2116,KOEL,0.855
2020-12-01,2116,dizel,1.060
2020-12-01,2117,100,1.132
2020-12-01,2117,95,0.994
2020-12-01,2117,dizel,1.060
2020-12-01,2118,95,0.994
2020-12-01,2118,dizel,1.060
2020-12-01,2119,100,1.132
2020-12-01,2119,95,0.994
2020-12-01,2119,KOEL,0.855
2020-12-01,2119,dizel,1.060
2020-12-01,2120,100,1.182
2020-12-01,2120,95,1.024
2020-12-01,2120,dizel,1.083
2020-12-01,2121,100,1.132
2020-12-01,2121,95,0.994
2020-12-01,2121,KOEL,0.855
2020-12-01,2121,dizel,1.060
2020-12-01,2122,100,1.132
2020-12-01,2122,95,0.994
2020-12-01,2122,KOEL,0.855
2020-12-01,2122,dizel,1.060
2020-12-01,2123,100,1.182
2020-12-01,2123,95,1.024
2020-12-01,2123,dizel,1.083
2020-12-01,2124,95,0.994
2020-12-01,2124,KOEL,0.855
2020-12-01,2124,dizel,1.060
2020-12-01,2125,100,1.132
2020-12-01,2125,95,0.994
2020-12-01,2125,KOEL,0.855
2020-12-01,2125,dizel,1.060
2020-12-01,2126,100,1.132
2020-12-01,2126,95,0.994
2020-12-01,2126,dizel,1.060
2020-12-01,2127,95,0.994
2020-12-01,2127,KOEL,0.855
2020-12-01,2127,dizel,1.060
2020-12-01,2128,100,1.132
2020-12-01,2128,95,0.994
2020-12-01,2128,dizel,1.060
2020-12-01,2129,95,0.994
2020-12-01,2129,dizel,1.060
2020-12-01,2130,100,1.132
2020-12-01,2130,95,0.994
2020-12-01,2130,dizel,1.060
2020-12-01,2131,100,1.132
2020-12-01,2131,95,0.994
2020-12-01,2131,KOEL,0.855
2020-12-01,2131,dizel,1.060
2020-12-01,2132,100,1.132
2020-12-01,2132,95,0.994
2020-12-01,2132,KOEL,0.855
2020-12-01,2132,dizel,1.060
2020-12-01,2133,100,1.132
2020-12-01,2133,95,0.994
2020-12-01,2133,dizel,1.060
2020-12-01,2134,100,1.132
2020-12-01,2134,95,0.994
2020-12-01,2134,dizel,1.060
2020-12-01,2135,100,1.132
2020-12-01,2135,95,0.994
2020-12-01,2135,dizel,1.060
2020-12-01,2136,100,1.132
2020-12-01,2136,95,0.994
2020-12-01,2136,dizel,1.060
2020-12-01,2137,100,1.132
2020-12-01,2137,95,0.994
2020-12-01,2137,KOEL,0.855
2020-12-01,2137,dizel,1.060
2020-12-01,2138,100,1.132
2020-12-01,2138,95,0.994
2020-12-01,2138,dizel,1.060
2020-12-01,2139,100,1.132
2020-12-01,2139,95,0.994
2020-12-01,2139,KOEL,0.855
2020-12-01,2139,dizel,1.060
2020-12-01,2140,95,0.994
2020-12-01,2140,KOEL,0.855
2020-12-01,2140,dizel,1.060
2020-12-01,2141,100,1.182
2020-12-01,2141,95,1.024
2020-12-01,2141,dizel,1.083
2020-12-01,2142,95,0.994
2020-12-01,2142,KOEL,0.855
2020-12-01,2142,dizel,1.060
2020-12-01,2143,95,0.994
2020-12-01,2143,KOEL,0.855
2020-12-01,2143,dizel,1.060
2020-12-01,2144,100,1.132
2020-12-01,2144,95,0.994
2020-12-01,2144,KOEL,0.855
2020-12-01,2144,dizel,1.060
2020-12-01,2145,100,1.132
2020-12-01,2145,95,0.994
2020-12-01,2145,KOEL,0.855
2020-12-01,2145,dizel,1.060
2020-12-01,2146,100,1.132
2020-12-01,2146,95,0.994
2020-12-01,2146,KOEL,0.855
2020-12-01,2146,dizel,1.060
2020-12-01,2147,100,1.132
2020-12-01,2147,95,0.994
2020-12-01,2147,KOEL,0.855
2020-12-01,2147,dizel,1.060
2020-12-01,2148,100,1.132
2020-12-01,2148,95,0.994
2020-12-01,2148,KOEL,0.855
2020-12-01,2148,dizel,1.060
2020-12-01,2149,100,1.132
2020-12-01,2149,95,0.994
2020-12-01,2149,KOEL,0.855
2020-12-01,2149,dizel,1.060
2020-12-01,2150,100,1.132
2020-12-01,2150,95,0.994
2020-12-01,2150,KOEL,0.855
2020-12-01,2150,dizel,1.060
2020-12-01,2151,95,0.994
2020-12-01,2151,KOEL,0.855
2020-12-01,2151,dizel,1.060
2020-12-01,2152,95,0.994
2020-12-01,2152,KOEL,0.855
2020-12-01,2152,dizel,1.060
2020-12-01,2153,95,0.994
2020-12-01,2153,KOEL,0.855
2020-12-01,2153,dizel,1.060
2020-12-01,2154,95,0.994
2020-12-01,2154,KOEL,0.855
2020-12-01,2154,dizel,1.060
2020-12-01,2155,95,0.994
2020-12-01,2155,KOEL,0.855
2020-12-01,2155,dizel,1.060
2020-12-01,2156,95,0.994
2020-12-01,2156,KOEL,0.855
2020-12-01,2156,dizel,1.060
2020-12-01,2157,95,0.994
2020-12-01,2157,KOEL,0.855
2020-12-01,2157,dizel,1.060
2020-12-01,2158,100,1.132
2020-12-01,2158,95,0.994
2020-12-01,2158,KOEL,0.855
2020-12-01,2158,dizel,1.060
2020-12-01,2159,95,0.994
2020-12-01,2159,KOEL,0.855
2020-12-01,2159,dizel,1.060
2020-12-01,2160,95,0.994
2020-12-01,2160,KOEL,0.855
2020-12-01,2160,dizel,1.060
2020-12-01,2161,100,1.132
2020-12-01,2161,95,0.994
2020-12-01,2161,KOEL,0.855
2020-12-01,2161,dizel,1.060
2020-12-01,2162,100,1.182
2020-12-01,2162,95,1.024
2020-12-01,2162,dizel,1.083
2020-12-01,2163,100,1.132
2020-12-01,2163,95,0.994
2020-12-01,2163,KOEL,0.855
2020-12-01,2163,dizel,1.060
2020-12-01,2164,100,1.132
2020-12-01,2164,95,0.994
2020-12-01,2164,KOEL,0.855
2020-12-01,2164,dizel,1.060
2020-12-01,2165,95,0.994
2020-12-01,2165,KOEL,0.855
2020-12-01,2165,dizel,1.060
2020-12-01,2166,100,1.132
2020-12-01,2166,95,0.994
2020-12-01,2166,KOEL,0.855
2020-12-01,2166,dizel,1.060
2020-12-01,2167,100,1.132
2020-12-01,2167,95,0.994
2020-12-01,2167,dizel,1.060
2020-12-01,2168,100,1.132
2020-12-01,2168,95,0.994
2020-12-01,2168,KOEL,0.855
2020-12-01,2168,dizel,1.060
2020-12-01,2169,95,0.994
2020-12-01,2169,KOEL,0.855
2020-12-01,2169,dizel,1.060
2020-12-01,2170,95,0.994
2020-12-01,2170,KOEL,0.855
2020-12-01,2170,dizel,1.060
2020-12-01,2171,100,1.132
2020-12-01,2171,95,0.994
2020-12-01,2171,KOEL,0.855
2020-12-01,2171,dizel,1.060
2020-12-01,2172,100,1.132
2020-12-01,2172,95,0.994
2020-12-01,2172,dizel,1.060
2020-12-01,2173,95,0.994
2020-12-01,2173,KOEL,0.855
2020-12-01,2173,dizel,1.060
2020-12-01,2174,100,1.132
2020-12-01,2174,95,0.994
2020-12-01,2174,KOEL,0.855
2020-12-01,2174,dizel,1.060
2020-12-01,2175,100,1.182
2020-12-01,2175,95,1.024
2020-12-01,2175,dizel,1.083
2020-12-01,2176,100,1.182
2020-12-01,2176,95,1.024
2020-12-01,2176,dizel,1.083
2020-12-01,2177,95,0.994
2020-12-01,2177,KOEL,0.855
2020-12-01,2177,dizel,1.060
2020-12-01,2178,100,1.132
2020-12-01,2178,95,0.994
2020-12-01,2178,KOEL,0.855
2020-12-01,2178,dizel,1.060
2020-12-01,2179,95,0.994
2020-12-01,2179,KOEL,0.855
2020-12-01,2179,dizel,1.060
2020-12-01,2180,95,0.994
2020-12-01,2180,KOEL,0.855
2020-12-01,2180,dizel,1.060
2020-12-01,2181,95,0.994
2020-12-01,2181,KOEL,0.855
2020-12-01,2181,dizel,1.060
2020-12-01,2182,95,0.994
2020-12-01,2182,KOEL,0.855
2020-12-01,2182,dizel,1.060
2020-12-01,2183,95,0.994
2020-12-01,2183,dizel,1.060
2020-12-01,2184,95,0.994
2020-12-01,2184,KOEL,0.855
2020-12-01,2184,dizel,1.060
2020-12-01,2185,95,0.994
2020-12-01,2185,KOEL,0.855
2020-12-01,2185,dizel,1.060
2020-12-01,2186,100,1.132
2020-12-01,2186,95,0.994
2020-12-01,2186,KOEL,0.855
2020-12-01,2186,dizel,1.060
2020-12-01,2187,100,1.132
2020-12-01,2187,95,0.994
2020-12-01,2187,KOEL,0.855
2020-12-01,2187,dizel,1.060
2020-12-01,2188,100,1.132
2020-12-01,2188,95,0.994
2020-12-01,2188,KOEL,0.855
2020-12-01,2188,dizel,1.060
2020-12-01,2189,95,0.994
2020-12-01,2189,KOEL,0.855
2020-12-01,2189,dizel,1.060
2020-12-01,2190,100,1.132
2020-12-01,2190,95,0.994
2020-12-01,2190,KOEL,0.855
2020-12-01,2190,dizel,1.060
2020-12-01,2191,100,1.132
2020-12-01,2191,95,0.994
2020-12-01,2191,KOEL,0.855
2020-12-01,2191,dizel,1.060
2020-12-01,2192,100,1.132
2020-12-01,2192,95,0.994
2020-12-01,2192,KOEL,0.855
2020-12-01,2192,dizel,1.060
2020-12-01,2193,95,0.994
2020-12-01,2193,KOEL,0.855
2020-12-01,2193,dizel,1.060
2020-12-01,2194,100,1.132
2020-12-01,2194,95,0.994
2020-12-01,2194,dizel,1.060
2020-12-01,2195,100,1.132
2020-12-01,2195,95,0.994
2020-12-01,2195,KOEL,0.855
2020-12-01,2195,dizel,1.060
2020-12-01,2196,100,1.132
2020-12-01,2196,95,0.994
2020-12-01,2196,KOEL,0.855
2020-12-01,2196,dizel,1.060
2020-12-01,2197,100,1.132
2020-12-01,2197,95,0.994
2020-12-01,2197,dizel,1.060
2020-12-01,2198,100,1.132
2020-12-01,2198,95,0.994
2020-12-01,2198,KOEL,0.855
2020-12-01,2198,dizel,1.060
2020-12-01,2199,100,1.132
2020-12-01,2199,95,0.994
2020-12-01,2199,dizel,1.060
2020-12-01,2200,100,1.132
2020-12-01,2200,95,0.994
2020-12-01,2200,dizel,1.060
2020-12-01,2201,100,1.182
2020-12-01,2201,95,1.024
2020-12-01,2201,dizel,1.083
2020-12-01,2202,100,1.182
2020-12-01,2202,95,1.024
2020-12-01,2202,dizel,1.083
2020-12-01,2203,95,0.994
2020-12-01,2203,KOEL,0.855
2020-12-01,2203,dizel,1.060
2020-12-01,2204,100,1.132
2020-12-01,2204,95,0.994
2020-12-01,2204,dizel,1.060
2020-12-01,2205,100,1.132
2020-12-01,2205,95,0.994
2020-12-01,2205,KOEL,0.855
2020-12-01,2205,dizel,1.060
2020-12-01,2206,100,1.132
2020-12-01,2206,95,0.994
2020-12-01,2206,KOEL,0.855
2020-12-01,2206,dizel,1.060
2020-12-01,2207,100,1.132
2020-12-01,2207,95,0.994
2020-12-01,2207,dizel,1.060
2020-12-01,2208,95,0.994
2020-12-01,2208,KOEL,0.855
2020-12-01,2208,dizel,1.060
2020-12-01,2209,95,0.994
2020-12-01,2209,KOEL,0.855
2020-12-01,2209,dizel,1.060
2020-12-01,2210,100,1.132
2020-12-01,2210,95,0.994
2020-12-01,2210,KOEL,0.855
2020-12-01,2210,dizel,1.060
2020-12-01,2211,95,0.994
2020-12-01,2211,KOEL,0.855
2020-12-01,2211,dizel,1.060
2020-12-01,2212,100,1.132
2020-12-01,2212,95,0.994
2020-12-01,2212,KOEL,0.855
2020-12-01,2212,dizel,1.060
2020-12-01,2213,95,0.994
2020-12-01,2213,KOEL,0.855
2020-12-01,2213,dizel,1.060
2020-12-01,2214,95,0.994
2020-12-01,2214,KOEL,0.855
2020-12-01,2214,dizel,1.060
2020-12-01,2215,100,1.132
2020-12-01,2215,95,0.994
2020-12-01,2215,KOEL,0.855
2020-12-01,2215,dizel,1.060
2020-12-01,2216,100,1.182
2020-12-01,2216,95,1.024
2020-12-01,2216,dizel,1.083
2020-12-01,2216,dizel-premium,1.291
2020-12-01,2217,100,1.132
2020-12-01,2217,95,0.994
2020-12-01,2217,KOEL,0.855
2020-12-01,2217,dizel,1.060
2020-12-01,2218,100,1.132
2020-12-01,2218,95,0.994
2020-12-01,2218,KOEL,0.855
2020-12-01,2218,dizel,1.060
2020-12-01,2219,95,0.994
2020-12-01,2219,KOEL,0.855
2020-12-01,2219,dizel,1.060
2020-12-01,2220,100,1.132
2020-12-01,2220,95,0.994
2020-12-01,2220,KOEL,0.855
2020-12-01,2220,dizel,1.060
2020-12-01,2221,100,1.132
2020-12-01,2221,95,0.994
2020-12-01,2221,KOEL,0.855
2020-12-01,2221,dizel,1.060
2020-12-01,2222,100,1.132
2020-12-01,2222,95,0.994
2020-12-01,2222,KOEL,0.855
2020-12-01,2222,dizel,1.060
2020-12-01,2223,95,0.994
2020-12-01,2223,KOEL,0.855
2020-12-01,2223,dizel,1.060
2020-12-01,2224,95,0.994
2020-12-01,2224,KOEL,0.855
2020-12-01,2224,dizel,1.060
2020-12-01,2225,100,1.132
2020-12-01,2225,95,0.994
2020-12-01,2225,KOEL,0.855
2020-12-01,2225,dizel,1.060
2020-12-01,2227,100,1.132
2020-12-01,2227,95,0.994
2020-12-01,2227,dizel,1.060
2020-12-01,2228,100,1.132
2020-12-01,2228,95,0.994
2020-12-01,2228,KOEL,0.855
2020-12-01,2228,dizel,1.060
2020-12-01,2229,100,1.182
2020-12-01,2229,95,1.024
2020-12-01,2229,dizel,1.083
2020-12-01,2229,dizel-premium,1.291
2020-12-01,2230,100,1.182
2020-12-01,2230,95,1.024
2020-12-01,2230,dizel,1.083
2020-12-01,2230,dizel-premium,1.291
2020-12-01,2231,100,1.182
2020-12-01,2231,95,1.024
2020-12-01,2231,dizel,1.083
2020-12-01,2231,dizel-premium,1.291
2020-12-01,2232,100,1.182
2020-12-01,2232,95,1.024
2020-12-01,2232,dizel,1.083
2020-12-01,2232,dizel-premium,1.291
2020-12-01,2233,100,1.132
2020-12-01,2233,95,0.994
2020-12-01,2233,dizel,1.060
2020-12-01,2234,100,1.139
2020-12-01,2234,95,0.989
2020-12-01,2234,dizel,1.057
2020-12-01,2234,dizel-premium,1.202
2020-12-01,2235,100,1.139
2020-12-01,2235,95,0.989
2020-12-01,2235,dizel,1.057
2020-12-01,2235,dizel-premium,1.202
2020-12-01,2237,95,0.996
2020-12-01,2237,dizel,1.062
2020-12-01,2238,95,0.996
2020-12-01,2238,dizel,1.062
2020-12-01,2239,95,0.996
2020-12-01,2239,dizel,1.062
2020-12-01,2240,95,0.996
2020-12-01,2240,dizel,1.062
2020-12-01,2241,95,0.996
2020-12-01,2241,dizel,1.062
2020-12-01,2242,95,0.996
2020-12-01,2242,dizel,1.062
2020-12-01,2243,95,0.996
2020-12-01,2243,dizel,1.062
2020-12-01,2244,95,0.996
2020-12-01,2244,dizel,1.062
2020-12-01,2245,95,0.996
2020-12-01,2245,dizel,1.062
2020-12-01,2246,95,0.996
2020-12-01,2246,dizel,1.062
2020-12-01,2247,95,0.996
2020-12-01,2247,dizel,1.062
2020-12-01,2248,95,0.996
2020-12-01,2248,dizel,1.062
2020-12-01,2249,95,0.996
2020-12-01,2249,dizel,1.062
2020-12-01,2250,95,0.996
2020-12-01,2250,dizel,1.062
2020-12-01,2251,95,0.996
2020-12-01,2251,dizel,1.062
2020-12-01,2252,95,0.996
2020-12-01,2252,dizel,1.062
2020-12-01,2253,95,0.996
2020-12-01,2253,dizel,1.062
2020-12-01,2254,95,0.996
2020-12-01,2254,dizel,1.062
2020-12-01,2255,95,0.996
2020-12-01,2255,dizel,1.062
2020-12-01,2256,95,0.996
2020-12-01,2256,dizel,1.062
2020-12-01,2257,95,0.996
2020-12-01,2257,dizel,1.062
2020-12-01,2272,100,1.132
2020-12-01,2272,95,0.994
2020-12-01,2272,dizel,1.060
2020-12-01,2273,dizel,1.056
2020-12-01,2274,dizel,1.056
2020-12-01,2275,dizel,1.056
2020-12-01,2276,dizel,1.056
2020-12-01,2283,100,1.139
2020-12-01,2283,95,0.989
2020-12-01,2283,KOEL,0.854
2020-12-01,2283,dizel,1.057
2020-12-01,2283,dizel-premium,1.202
2020-12-01,2284,100,1.139
2020-12-01,2284,95,0.989
2020-12-01,2284,KOEL,0.854
2020-12-01,2284,dizel,1.057
2020-12-01,2284,dizel-premium,1.202
2020-12-01,2285,100,1.139
2020-12-01,2285,95,0.989
2020-12-01,2285,KOEL,0.854
2020-12-01,2285,dizel,1.057
2020-12-01,2285,dizel-premium,1.202
2020-12-01,2286,100,1.139
2020-12-01,2286,95,0.989
2020-12-01,2286,KOEL,0.854
2020-12-01,2286,dizel,1.057
2020-12-01,2286,dizel-premium,1.202
2020-12-01,2287,100,1.139
2020-12-01,2287,95,0.989
2020-12-01,2287,KOEL,0.854
2020-12-01,2287,dizel,1.057
2020-12-01,2287,dizel-premium,1.202
2020-12-01,2297,dizel,1.056
2020-12-01,2299,dizel,1.056
2020-12-01,2302,100,1.140
2020-12-01,2302,95,0.985
2020-12-01,2302,KOEL,0.851
2020-12-01,2302,dizel,1.055
2020-12-01,2303,95,0.985
2020-12-01,2303,KOEL,0.851
2020-12-01,2303,dizel,1.055
2020-12-01,2304,100,1.140
2020-12-01,2304,95,0.985
2020-12-01,2304,KOEL,0.851
2020-12-01,2304,dizel,1.055
2020-12-01,2305,100,1.140
2020-12-01,2305,95,0.985
2020-12-01,2305,KOEL,0.851
2020-12-01,2305,dizel,1.055
2020-12-01,2306,100,1.140
2020-12-01,2306,95,0.985
2020-12-01,2306,KOEL,0.851
2020-12-01,2306,dizel,1.055
2020-12-01,2307,95,0.985
2020-12-01,2307,dizel,1.055
2020-12-01,2308,dizel,1.055
2020-12-01,2309,dizel,1.055
2020-12-01,2310,dizel,1.055
2020-12-01,2315,95,0.985
2020-12-01,2315,dizel,1.055
2020-12-02,766,100,1.149
2020-12-02,766,95,0.994
2020-12-02,766,dizel,1.064
2020-12-02,767,100,1.149
2020-12-02,767,95,0.994
2020-12-02,767,KOEL,0.854
2020-12-02,767,dizel,1.064
2020-12-02,768,100,1.199
2020-12-02,768,95,1.019
2020-12-02,768,dizel,1.079
2020-12-02,768,dizel-premium,1.299
2020-12-02,769,95,0.994
2020-12-02,769,dizel,1.064
2020-12-02,770,100,1.149
2020-12-02,770,95,0.994
2020-12-02,770,dizel,1.064
2020-12-02,770,dizel-premium,1.209
2020-12-02,771,100,1.149
2020-12-02,771,95,0.994
2020-12-02,771,KOEL,0.854
2020-12-02,771,dizel,1.064
2020-12-02,771,dizel-premium,1.209
2020-12-02,772,100,1.149
2020-12-02,772,95,0.994
2020-12-02,772,dizel,1.064
2020-12-02,773,100,1.149
2020-12-02,773,95,0.994
2020-12-02,773,KOEL,0.854
2020-12-02,773,dizel,1.064
2020-12-02,774,100,1.149
2020-12-02,774,95,0.994
2020-12-02,774,dizel,1.064
2020-12-02,775,100,1.149
2020-12-02,775,95,0.994
2020-12-02,775,dizel,1.064
2020-12-02,775,dizel-premium,1.209
2020-12-02,776,100,1.149
2020-12-02,776,95,0.994
2020-12-02,776,KOEL,0.854
2020-12-02,776,dizel,1.064
2020-12-02,777,100,1.209
2020-12-02,777,95,1.039
2020-12-02,777,dizel,1.099
2020-12-02,777,dizel-premium,1.309
2020-12-02,778,100,1.209
2020-12-02,778,95,1.039
2020-12-02,778,dizel,1.099
2020-12-02,778,dizel-premium,1.309
2020-12-02,779,100,1.149
2020-12-02,779,95,0.994
2020-12-02,779,KOEL,0.854
2020-12-02,779,dizel,1.064
2020-12-02,780,100,1.149
2020-12-02,780,95,0.994
2020-12-02,780,KOEL,0.854
2020-12-02,780,dizel,1.064
2020-12-02,781,100,1.209
2020-12-02,781,95,1.039
2020-12-02,781,dizel,1.099
2020-12-02,781,dizel-premium,1.309
2020-12-02,782,100,1.209
2020-12-02,782,95,1.039
2020-12-02,782,dizel,1.099
2020-12-02,782,dizel-premium,1.309
2020-12-02,783,100,1.149
2020-12-02,783,95,0.994
2020-12-02,783,KOEL,0.854
2020-12-02,783,dizel,1.064
2020-12-02,784,dizel,1.064
2020-12-02,785,dizel,1.064
2020-12-02,786,dizel,1.064
2020-12-02,787,dizel,1.064
2020-12-02,788,dizel,1.064
2020-12-02,789,100,1.149
2020-12-02,789,95,0.994
2020-12-02,789,dizel,1.064
2020-12-02,789,dizel-premium,1.209
2020-12-02,790,100,1.209
2020-12-02,790,95,1.039
2020-12-02,790,dizel,1.099
2020-12-02,790,dizel-premium,1.309
2020-12-02,791,100,1.209
2020-12-02,791,95,1.039
2020-12-02,791,dizel,1.099
2020-12-02,791,dizel-premium,1.309
2020-12-02,792,100,1.149
2020-12-02,792,95,0.994
2020-12-02,792,KOEL,0.854
2020-12-02,792,dizel,1.064
2020-12-02,793,100,1.209
2020-12-02,793,95,1.039
2020-12-02,793,dizel,1.099
2020-12-02,793,dizel-premium,1.309
2020-12-02,794,95,0.994
2020-12-02,794,dizel,1.064
2020-12-02,795,100,1.149
2020-12-02,795,95,0.994
2020-12-02,795,KOEL,0.854
2020-12-02,795,dizel,1.064
2020-12-02,796,100,1.209
2020-12-02,796,95,1.039
2020-12-02,796,dizel,1.099
2020-12-02,796,dizel-premium,1.309
2020-12-02,797,100,1.149
2020-12-02,797,95,0.994
2020-12-02,797,KOEL,0.854
2020-12-02,797,dizel,1.064
2020-12-02,797,dizel-premium,1.209
2020-12-02,798,100,1.149
2020-12-02,798,95,0.994
2020-12-02,798,dizel,1.064
2020-12-02,798,dizel-premium,1.209
2020-12-02,799,100,1.149
2020-12-02,799,95,0.994
2020-12-02,799,KOEL,0.854
2020-12-02,799,dizel,1.064
2020-12-02,799,dizel-premium,1.209
2020-12-02,800,100,1.149
2020-12-02,800,95,0.994
2020-12-02,800,dizel,1.064
2020-12-02,800,dizel-premium,1.209
2020-12-02,801,100,1.149
2020-12-02,801,95,0.994
2020-12-02,801,dizel,1.064
2020-12-02,802,100,1.149
2020-12-02,802,95,0.994
2020-12-02,802,dizel,1.064
2020-12-02,803,100,1.149
2020-12-02,803,95,0.994
2020-12-02,803,KOEL,0.854
2020-12-02,803,dizel,1.064
2020-12-02,804,100,1.199
2020-12-02,804,95,1.019
2020-12-02,804,dizel,1.079
2020-12-02,804,dizel-premium,1.299
2020-12-02,805,100,1.199
2020-12-02,805,95,1.019
2020-12-02,805,KOEL,0.854
2020-12-02,805,dizel,1.079
2020-12-02,805,dizel-premium,1.299
2020-12-02,806,100,1.149
2020-12-02,806,95,0.994
2020-12-02,806,dizel,1.064
2020-12-02,807,100,1.149
2020-12-02,807,95,0.994
2020-12-02,807,KOEL,0.854
2020-12-02,807,dizel,1.064
2020-12-02,808,100,1.149
2020-12-02,808,95,0.994
2020-12-02,808,dizel,1.064
2020-12-02,809,100,1.149
2020-12-02,809,95,0.994
2020-12-02,809,dizel,1.064
2020-12-02,810,100,1.149
2020-12-02,810,95,0.994
2020-12-02,810,KOEL,0.854
2020-12-02,810,dizel,1.064
2020-12-02,810,dizel-premium,1.209
2020-12-02,811,95,0.994
2020-12-02,811,dizel,1.064
2020-12-02,812,100,1.149
2020-12-02,812,95,0.994
2020-12-02,812,dizel,1.064
2020-12-02,812,dizel-premium,1.209
2020-12-02,813,100,1.149
2020-12-02,813,95,0.994
2020-12-02,813,dizel,1.064
2020-12-02,814,100,1.149
2020-12-02,814,95,0.994
2020-12-02,814,KOEL,0.854
2020-12-02,814,dizel,1.064
2020-12-02,815,100,1.149
2020-12-02,815,95,0.994
2020-12-02,815,KOEL,0.854
2020-12-02,815,dizel,1.064
2020-12-02,815,dizel-premium,1.209
2020-12-02,816,100,1.149
2020-12-02,816,95,0.994
2020-12-02,816,dizel,1.064
2020-12-02,817,100,1.149
2020-12-02,817,95,0.994
2020-12-02,817,dizel,1.064
2020-12-02,817,dizel-premium,1.209
2020-12-02,818,100,1.149
2020-12-02,818,95,0.994
2020-12-02,818,dizel,1.064
2020-12-02,819,100,1.149
2020-12-02,819,95,0.994
2020-12-02,819,dizel,1.064
2020-12-02,819,dizel-premium,1.209
2020-12-02,820,100,1.149
2020-12-02,820,95,0.994
2020-12-02,820,dizel,1.064
2020-12-02,820,dizel-premium,1.209
2020-12-02,821,100,1.149
2020-12-02,821,95,0.994
2020-12-02,821,KOEL,0.854
2020-12-02,821,dizel,1.064
2020-12-02,822,100,1.149
2020-12-02,822,95,0.994
2020-12-02,822,dizel,1.064
2020-12-02,823,100,1.209
2020-12-02,823,95,1.039
2020-12-02,823,dizel,1.099
2020-12-02,823,dizel-premium,1.309
2020-12-02,824,95,0.994
2020-12-02,824,dizel,1.064
2020-12-02,825,100,1.149
2020-12-02,825,95,0.994
2020-12-02,825,dizel,1.064
2020-12-02,826,100,1.149
2020-12-02,826,95,0.994
2020-12-02,826,KOEL,0.854
2020-12-02,826,dizel,1.064
2020-12-02,827,95,0.994
2020-12-02,827,dizel,1.064
2020-12-02,828,100,1.209
2020-12-02,828,95,1.039
2020-12-02,828,dizel,1.099
2020-12-02,828,dizel-premium,1.309
2020-12-02,829,100,1.149
2020-12-02,829,95,0.994
2020-12-02,829,KOEL,0.854
2020-12-02,829,dizel,1.064
2020-12-02,829,dizel-premium,1.209
2020-12-02,830,100,1.149
2020-12-02,830,95,0.994
2020-12-02,830,dizel,1.064
2020-12-02,830,dizel-premium,1.209
2020-12-02,831,100,1.149
2020-12-02,831,95,0.994
2020-12-02,831,KOEL,0.854
2020-12-02,831,dizel,1.064
2020-12-02,831,dizel-premium,1.209
2020-12-02,832,95,0.994
2020-12-02,832,dizel,1.064
2020-12-02,833,100,1.149
2020-12-02,833,95,0.994
2020-12-02,833,dizel,1.064
2020-12-02,833,dizel-premium,1.209
2020-12-02,834,100,1.149
2020-12-02,834,95,0.994
2020-12-02,834,KOEL,0.854
2020-12-02,834,dizel,1.064
2020-12-02,835,100,1.149
2020-12-02,835,95,0.994
2020-12-02,835,KOEL,0.854
2020-12-02,835,dizel,1.064
2020-12-02,835,dizel-premium,1.209
2020-12-02,836,100,1.149
2020-12-02,836,95,0.994
2020-12-02,836,dizel,1.064
2020-12-02,836,dizel-premium,1.209
2020-12-02,837,100,1.209
2020-12-02,837,95,1.039
2020-12-02,837,dizel,1.099
2020-12-02,837,dizel-premium,1.309
2020-12-02,838,100,1.149
2020-12-02,838,95,0.994
2020-12-02,838,KOEL,0.854
2020-12-02,838,dizel,1.064
2020-12-02,838,dizel-premium,1.209
2020-12-02,839,100,1.149
2020-12-02,839,95,0.994
2020-12-02,839,dizel,1.064
2020-12-02,840,100,1.149
2020-12-02,840,95,0.994
2020-12-02,840,dizel,1.064
2020-12-02,840,dizel-premium,1.209
2020-12-02,841,100,1.149
2020-12-02,841,95,0.994
2020-12-02,841,dizel,1.064
2020-12-02,841,dizel-premium,1.209
2020-12-02,842,100,1.149
2020-12-02,842,95,0.994
2020-12-02,842,KOEL,0.854
2020-12-02,842,dizel,1.064
2020-12-02,843,100,1.149
2020-12-02,843,95,0.994
2020-12-02,843,KOEL,0.854
2020-12-02,843,dizel,1.064
2020-12-02,844,100,1.209
2020-12-02,844,95,1.039
2020-12-02,844,dizel,1.099
2020-12-02,844,dizel-premium,1.309
2020-12-02,845,100,1.209
2020-12-02,845,95,1.039
2020-12-02,845,dizel,1.099
2020-12-02,845,dizel-premium,1.309
2020-12-02,846,100,1.149
2020-12-02,846,95,0.994
2020-12-02,846,KOEL,0.854
2020-12-02,846,dizel,1.064
2020-12-02,847,95,1.039
2020-12-02,847,dizel,1.099
2020-12-02,847,dizel-premium,1.309
2020-12-02,848,95,1.039
2020-12-02,848,dizel,1.099
2020-12-02,848,dizel-premium,1.309
2020-12-02,849,100,1.149
2020-12-02,849,95,0.994
2020-12-02,849,dizel,1.064
2020-12-02,849,dizel-premium,1.209
2020-12-02,850,100,1.149
2020-12-02,850,95,0.994
2020-12-02,850,dizel,1.064
2020-12-02,851,100,1.149
2020-12-02,851,95,0.994
2020-12-02,851,dizel,1.064
2020-12-02,851,dizel-premium,1.209
2020-12-02,852,95,0.994
2020-12-02,852,dizel,1.064
2020-12-02,853,100,1.149
2020-12-02,853,95,0.994
2020-12-02,853,dizel,1.064
2020-12-02,854,100,1.149
2020-12-02,854,95,0.994
2020-12-02,854,dizel,1.064
2020-12-02,854,dizel-premium,1.209
2020-12-02,855,100,1.149
2020-12-02,855,95,0.994
2020-12-02,855,dizel,1.064
2020-12-02,855,dizel-premium,1.209
2020-12-02,856,100,1.149
2020-12-02,856,95,0.994
2020-12-02,856,dizel,1.064
2020-12-02,856,dizel-premium,1.209
2020-12-02,857,100,1.149
2020-12-02,857,95,0.994
2020-12-02,857,KOEL,0.854
2020-12-02,857,dizel,1.064
2020-12-02,857,dizel-premium,1.209
2020-12-02,858,100,1.149
2020-12-02,858,95,0.994
2020-12-02,858,KOEL,0.854
2020-12-02,858,dizel,1.064
2020-12-02,859,95,0.994
2020-12-02,859,dizel,1.064
2020-12-02,860,100,1.149
2020-12-02,860,95,0.994
2020-12-02,860,KOEL,0.854
2020-12-02,860,dizel,1.064
2020-12-02,861,100,1.209
2020-12-02,861,95,1.039
2020-12-02,861,dizel,1.099
2020-12-02,861,dizel-premium,1.309
2020-12-02,862,100,1.149
2020-12-02,862,95,0.994
2020-12-02,862,KOEL,0.854
2020-12-02,862,dizel,1.064
2020-12-02,862,dizel-premium,1.209
2020-12-02,863,100,1.199
2020-12-02,863,95,1.019
2020-12-02,863,KOEL,0.854
2020-12-02,863,dizel,1.079
2020-12-02,864,100,1.199
2020-12-02,864,95,1.019
2020-12-02,864,dizel,1.079
2020-12-02,865,100,1.149
2020-12-02,865,95,0.994
2020-12-02,865,KOEL,0.854
2020-12-02,865,dizel,1.064
2020-12-02,865,dizel-premium,1.209
2020-12-02,866,100,1.149
2020-12-02,866,95,0.994
2020-12-02,866,dizel,1.064
2020-12-02,867,100,1.149
2020-12-02,867,95,0.994
2020-12-02,867,dizel,1.064
2020-12-02,868,100,1.149
2020-12-02,868,95,0.994
2020-12-02,868,dizel,1.064
2020-12-02,869,100,1.149
2020-12-02,869,95,0.994
2020-12-02,869,KOEL,0.854
2020-12-02,869,dizel,1.064
2020-12-02,870,100,1.149
2020-12-02,870,95,0.994
2020-12-02,870,dizel,1.064
2020-12-02,871,100,1.149
2020-12-02,871,95,0.994
2020-12-02,871,KOEL,0.854
2020-12-02,871,dizel,1.064
2020-12-02,871,dizel-premium,1.209
2020-12-02,872,100,1.149
2020-12-02,872,95,0.994
2020-12-02,872,dizel,1.064
2020-12-02,872,dizel-premium,1.209
2020-12-02,873,100,1.149
2020-12-02,873,95,0.994
2020-12-02,873,dizel,1.064
2020-12-02,874,100,1.149
2020-12-02,874,95,0.994
2020-12-02,874,KOEL,0.854
2020-12-02,874,dizel,1.064
2020-12-02,874,dizel-premium,1.209
2020-12-02,875,100,1.149
2020-12-02,875,95,0.994
2020-12-02,875,KOEL,0.854
2020-12-02,875,dizel,1.064
2020-12-02,876,100,1.149
2020-12-02,876,95,0.994
2020-12-02,876,dizel,1.064
2020-12-02,876,dizel-premium,1.209
2020-12-02,1548,95,0.994
2020-12-02,1548,dizel,1.061
2020-12-02,1548,dizel-premium,1.209
2020-12-02,1549,95,0.994
2020-12-02,1549,dizel,1.061
2020-12-02,1549,dizel-premium,1.209
2020-12-02,1550,95,0.994
2020-12-02,1550,dizel,1.061
2020-12-02,1550,dizel-premium,1.209
2020-12-02,1551,95,0.994
2020-12-02,1551,dizel,1.061
2020-12-02,1551,dizel-premium,1.209
2020-12-02,1552,95,0.994
2020-12-02,1552,dizel,1.061
2020-12-02,1552,dizel-premium,1.209
2020-12-02,1553,95,0.994
2020-12-02,1553,dizel,1.061
2020-12-02,1554,95,0.994
2020-12-02,1554,dizel,1.061
2020-12-02,1554,dizel-premium,1.209
2020-12-02,1555,95,0.994
2020-12-02,1555,dizel,1.061
2020-12-02,1555,dizel-premium,1.209
2020-12-02,1556,95,0.994
2020-12-02,1556,dizel,1.061
2020-12-02,1556,dizel-premium,1.209
2020-12-02,1557,95,0.994
2020-12-02,1557,dizel,1.061
2020-12-02,1557,dizel-premium,1.209
2020-12-02,1558,95,0.994
2020-12-02,1558,dizel,1.061
2020-12-02,1558,dizel-premium,1.209
2020-12-02,1559,95,1.027
2020-12-02,1559,dizel,1.084
2020-12-02,1560,95,0.994
2020-12-02,1560,dizel,1.061
2020-12-02,1561,95,0.994
2020-12-02,1561,KOEL,0.855
2020-12-02,1561,dizel,1.061
2020-12-02,1562,95,0.994
2020-12-02,1562,dizel,1.061
2020-12-02,1563,95,0.994
2020-12-02,1563,dizel,1.061
2020-12-02,1564,95,0.994
2020-12-02,1564,dizel,1.061
2020-12-02,1564,dizel-premium,1.209
2020-12-02,1565,95,0.994
2020-12-02,1565,dizel,1.061
2020-12-02,1566,95,0.994
2020-12-02,1566,dizel,1.061
2020-12-02,1567,95,0.994
2020-12-02,1567,dizel,1.061
2020-12-02,1568,95,1.027
2020-12-02,1568,dizel,1.084
2020-12-02,1569,95,0.994
2020-12-02,1569,dizel,1.061
2020-12-02,1570,95,0.994
2020-12-02,1570,dizel,1.061
2020-12-02,1571,95,0.994
2020-12-02,1571,dizel,1.061
2020-12-02,1572,95,0.994
2020-12-02,1572,dizel,1.061
2020-12-02,1573,95,0.994
2020-12-02,1573,dizel,1.061
2020-12-02,1574,95,0.994
2020-12-02,1574,dizel,1.061
2020-12-02,1575,95,0.994
2020-12-02,1575,dizel,1.061
2020-12-02,1576,95,0.994
2020-12-02,1576,dizel,1.061
2020-12-02,1577,95,0.994
2020-12-02,1577,dizel,1.061
2020-12-02,1578,95,0.994
2020-12-02,1578,dizel,1.061
2020-12-02,1579,95,0.994
2020-12-02,1579,dizel,1.061
2020-12-02,1580,95,0.994
2020-12-02,1580,dizel,1.061
2020-12-02,1581,95,0.994
2020-12-02,1581,dizel,1.061
2020-12-02,1582,95,0.994
2020-12-02,1582,KOEL,0.855
2020-12-02,1582,dizel,1.061
2020-12-02,1583,95,0.994
2020-12-02,1583,KOEL,0.855
2020-12-02,1583,dizel,1.061
2020-12-02,1584,95,0.994
2020-12-02,1584,KOEL,0.855
2020-12-02,1584,dizel,1.061
2020-12-02,1585,95,0.994
2020-12-02,1585,dizel,1.061
2020-12-02,1585,dizel-premium,1.209
2020-12-02,1586,95,0.994
2020-12-02,1586,KOEL,0.855
2020-12-02,1586,dizel,1.061
2020-12-02,1587,95,0.994
2020-12-02,1587,KOEL,0.855
2020-12-02,1587,dizel,1.061
2020-12-02,1588,95,0.994
2020-12-02,1588,KOEL,0.855
2020-12-02,1588,dizel,1.061
2020-12-02,1588,dizel-premium,1.209
2020-12-02,1589,95,0.994
2020-12-02,1589,dizel,1.061
2020-12-02,1589,dizel-premium,1.209
2020-12-02,1590,95,0.994
2020-12-02,1590,dizel,1.061
2020-12-02,1591,95,0.994
2020-12-02,1591,dizel,1.061
2020-12-02,1592,95,0.994
2020-12-02,1592,KOEL,0.855
2020-12-02,1592,dizel,1.061
2020-12-02,1593,95,0.994
2020-12-02,1593,dizel,1.061
2020-12-02,2234,95,0.994
2020-12-02,2234,dizel,1.061
2020-12-02,2234,dizel-premium,1.209
2020-12-02,2235,95,0.994
2020-12-02,2235,dizel,1.061
2020-12-02,2235,dizel-premium,1.209
2020-12-02,2236,100,1.149
2020-12-02,2236,95,0.994
2020-12-02,2236,dizel,1.064
2020-12-02,2236,dizel-premium,1.209
2020-12-02,2258,dizel,1.065
2020-12-02,2259,dizel,1.065
2020-12-02,2260,dizel,1.065
2020-12-02,2261,dizel,1.065
2020-12-02,2262,dizel,1.065
2020-12-02,2263,dizel,1.065
2020-12-02,2264,dizel,1.065
2020-12-02,2265,dizel,1.065
2020-12-02,2266,100,1.160
2020-12-02,2266,95,0.999
2020-12-02,2266,dizel,1.065
2020-12-02,2267,100,1.132
2020-12-02,2267,95,0.989
2020-12-02,2267,KOEL,0.850
2020-12-02,2267,dizel,1.055
2020-12-02,2268,100,1.132
2020-12-02,2268,95,0.994
2020-12-02,2268,KOEL,0.855
2020-12-02,2268,dizel,1.060
2020-12-02,2271,100,1.149
2020-12-02,2271,95,0.994
2020-12-02,2271,dizel,1.064
2020-12-02,2271,dizel-premium,1.209
2020-12-02,2283,95,0.994
2020-12-02,2283,KOEL,0.855
2020-12-02,2283,dizel,1.061
2020-12-02,2283,dizel-premium,1.209
2020-12-02,2284,95,0.994
2020-12-02,2284,KOEL,0.855
2020-12-02,2284,dizel,1.061
2020-12-02,2284,dizel-premium,1.209
2020-12-02,2285,95,0.994
2020-12-02,2285,KOEL,0.855
2020-12-02,2285,dizel,1.061
2020-12-02,2285,dizel-premium,1.209
2020-12-02,2286,95,0.994
2020-12-02,2286,KOEL,0.855
2020-12-02,2286,dizel,1.061
2020-12-02,2286,dizel-premium,1.209
2020-12-02,2287,95,0.994
2020-12-02,2287,KOEL,0.855
2020-12-02,2287,dizel,1.061
2020-12-02,2287,dizel-premium,1.209
2020-12-02,2288,95,0.964
2020-12-02,2288,dizel,1.034
2020-12-02,2289,95,0.964
2020-12-02,2289,dizel,1.034
2020-12-02,2290,95,0.964
2020-12-02,2290,dizel,1.034
2020-12-02,2291,95,0.964
2020-12-02,2291,dizel,1.034
2020-12-02,2292,95,0.964
2020-12-02,2292,dizel,1.034
2020-12-02,2293,95,0.964
2020-12-02,2293,dizel,1.034
2020-12-02,2294,95,0.964
2020-12-02,2294,dizel,1.034
2020-12-02,2295,95,0.964
2020-12-02,2295,dizel,1.034
2020-12-02,2296,dizel,1.019
2020-12-02,2297,dizel,1.060
2020-12-02,2299,dizel,1.060
2020-12-02,2302,95,0.994
2020-12-02,2302,dizel,1.060
2020-12-02,2303,95,0.994
2020-12-02,2303,dizel,1.060
2020-12-02,2304,95,0.994
2020-12-02,2304,dizel,1.060
2020-12-02,2305,95,0.994
2020-12-02,2305,dizel,1.060
2020-12-02,2306,95,0.994
2020-12-02,2306,dizel,1.060
2020-12-02,2307,95,0.994
2020-12-02,2307,dizel,1.060
2020-12-02,2308,dizel,1.060
2020-12-02,2309,dizel,1.060
2020-12-02,2310,dizel,1.060
2020-12-02,2311,95,0.994
2020-12-02,2311,KOEL,0.854
2020-12-02,2311,dizel,1.064
2020-12-02,2314,95,0.984
2020-12-02,2314,KOEL,0.853
2020-12-02,2314,dizel,1.052
2020-12-02,2315,95,0.988
2020-12-02,2316,95,0.994
2020-12-02,2316,dizel,1.060
2020-12-02,2317,95,0.994
2020-12-02,2317,dizel,1.060
2020-12-02,2318,dizel,1.056
2020-12-02,2319,KOEL,0.853
2020-12-02,2319,dizel,1.060
2020-12-02,2320,KOEL,0.855
2020-12-02,2320,dizel,1.060
2020-12-03,766,95,0.999
2020-12-03,767,95,0.999
2020-12-03,769,95,0.999
2020-12-03,770,95,0.999
2020-12-03,771,95,0.999
2020-12-03,772,95,0.999
2020-12-03,773,95,0.999
2020-12-03,774,95,0.999
2020-12-03,775,95,0.999
2020-12-03,776,95,0.999
2020-12-03,779,95,0.999
2020-12-03,780,95,0.999
2020-12-03,783,95,0.999
2020-12-03,789,95,0.999
2020-12-03,792,95,0.999
2020-12-03,794,95,0.999
2020-12-03,795,95,0.999
2020-12-03,797,95,0.999
2020-12-03,798,95,0.999
2020-12-03,799,95,0.999
2020-12-03,800,95,0.999
2020-12-03,801,95,0.999
2020-12-03,802,95,0.999
2020-12-03,803,95,0.999
2020-12-03,806,95,0.999
2020-12-03,807,95,0.999
2020-12-03,808,95,0.999
2020-12-03,809,95,0.999
2020-12-03,810,95,0.999
2020-12-03,811,95,0.999
2020-12-03,812,95,0.999
2020-12-03,813,95,0.999
2020-12-03,814,95,0.999
2020-12-03,815,95,0.999
2020-12-03,816,95,0.999
2020-12-03,817,95,0.999
2020-12-03,818,95,0.999
2020-12-03,819,95,0.999
2020-12-03,820,95,0.999
2020-12-03,821,95,0.999
2020-12-03,822,95,0.999
2020-12-03,824,95,0.999
2020-12-03,825,95,0.999
2020-12-03,826,95,0.999
2020-12-03,827,95,0.999
2020-12-03,829,95,0.999
2020-12-03,830,95,0.999
2020-12-03,831,95,0.999
2020-12-03,832,95,0.999
2020-12-03,833,95,0.999
2020-12-03,834,95,0.999
2020-12-03,835,95,0.999
2020-12-03,836,95,0.999
2020-12-03,838,95,0.999
2020-12-03,839,95,0.999
2020-12-03,840,95,0.999
2020-12-03,841,95,0.999
2020-12-03,842,95,0.999
2020-12-03,843,95,0.999
2020-12-03,846,95,0.999
2020-12-03,849,95,0.999
2020-12-03,850,95,0.999
2020-12-03,851,95,0.999
2020-12-03,852,95,0.999
2020-12-03,853,95,0.999
2020-12-03,854,95,0.999
2020-12-03,855,95,0.999
2020-12-03,856,95,0.999
2020-12-03,857,95,0.999
2020-12-03,858,95,0.999
2020-12-03,859,95,0.999
2020-12-03,860,95,0.999
2020-12-03,862,95,0.999
2020-12-03,865,95,0.999
2020-12-03,866,95,0.999
2020-12-03,867,95,0.999
2020-12-03,868,95,0.999
2020-12-03,869,95,0.999
2020-12-03,870,95,0.999
2020-12-03,871,95,0.999
2020-12-03,872,95,0.999
2020-12-03,873,95,0.999
2020-12-03,874,95,0.999
2020-12-03,875,95,0.999
2020-12-03,876,95,0.999
2020-12-03,1559,100,1.199
2020-12-03,1559,95,1.029
2020-12-03,1568,100,1.199
2020-12-03,1568,95,1.029
2020-12-03,2236,95,0.999
2020-12-03,2271,95,0.999
2020-12-03,2273,dizel,1.060
2020-12-03,2274,dizel,1.060
2020-12-03,2275,dizel,1.060
2020-12-03,2276,dizel,1.060
2020-12-03,2314,95,0.974
2020-12-03,2314,dizel,1.041
2020-12-03,2315,95,0.993
2020-12-03,2315,dizel,1.059
2020-12-03,2321,KOEL,0.885
2020-12-03,2321,dizel,1.060
2020-12-04,1548,95,0.997
2020-12-04,1548,dizel-premium,1.199
2020-12-04,1549,95,0.997
2020-12-04,1549,dizel-premium,1.199
2020-12-04,1550,95,0.997
2020-12-04,1550,dizel-premium,1.199
2020-12-04,1551,95,0.997
2020-12-04,1551,dizel-premium,1.199
2020-12-04,1552,95,0.997
2020-12-04,1552,dizel-premium,1.199
2020-12-04,1553,95,0.997
2020-12-04,1554,95,0.997
2020-12-04,1554,dizel-premium,1.199
2020-12-04,1555,95,0.997
2020-12-04,1555,dizel-premium,1.199
2020-12-04,1556,95,0.997
2020-12-04,1556,dizel-premium,1.199
2020-12-04,1557,95,0.997
2020-12-04,1557,dizel-premium,1.199
2020-12-04,1558,95,0.997
2020-12-04,1558,dizel-premium,1.199
2020-12-04,1560,95,0.997
2020-12-04,1561,95,0.997
2020-12-04,1562,95,0.997
2020-12-04,1563,95,0.997
2020-12-04,1564,95,0.997
2020-12-04,1564,dizel-premium,1.199
2020-12-04,1565,95,0.997
2020-12-04,1566,95,0.997
2020-12-04,1567,95,0.997
2020-12-04,1569,95,0.997
2020-12-04,1570,95,0.997
2020-12-04,1571,95,0.997
2020-12-04,1572,95,0.997
2020-12-04,1573,95,0.997
2020-12-04,1574,95,0.997
2020-12-04,1575,95,0.997
2020-12-04,1576,95,0.997
2020-12-04,1577,95,0.997
2020-12-04,1578,95,0.997
2020-12-04,1579,95,0.997
2020-12-04,1580,95,0.997
2020-12-04,1581,95,0.997
2020-12-04,1582,95,0.997
2020-12-04,1583,95,0.997
2020-12-04,1584,95,0.997
2020-12-04,1585,95,0.997
2020-12-04,1585,dizel-premium,1.199
2020-12-04,1586,95,0.997
2020-12-04,1587,95,0.997
2020-12-04,1588,95,0.997
2020-12-04,1588,dizel-premium,1.199
2020-12-04,1589,95,0.997
2020-12-04,1589,dizel-premium,1.199
2020-12-04,1590,95,0.997
2020-12-04,1591,95,0.997
2020-12-04,1592,95,0.997
2020-12-04,1593,95,0.997
2020-12-04,2234,95,0.997
2020-12-04,2234,dizel-premium,1.199
2020-12-04,2235,95,0.997
2020-12-04,2235,dizel-premium,1.199
2020-12-04,2283,95,0.997
2020-12-04,2283,dizel-premium,1.199
2020-12-04,2284,95,0.997
2020-12-04,2284,dizel-premium,1.199
2020-12-04,2285,95,0.997
2020-12-04,2285,dizel-premium,1.199
2020-12-04,2286,95,0.997
2020-12-04,2286,dizel-premium,1.199
2020-12-04,2287,95,0.997
2020-12-04,2287,dizel-premium,1.199
2020-12-04,2305,avtoplin-lpg,0.590
2020-12-05,2318,dizel,1.060
2020-12-06,777,100,1.199
2020-12-06,777,95,1.029
2020-12-06,777,dizel,1.089
2020-12-06,777,dizel-premium,1.299
2020-12-06,778,100,1.199
2020-12-06,778,95,1.029
2020-12-06,778,dizel,1.089
2020-12-06,778,dizel-premium,1.299
2020-12-06,781,100,1.199
2020-12-06,781,95,1.029
2020-12-06,781,dizel,1.089
2020-12-06,781,dizel-premium,1.299
2020-12-06,782,100,1.199
2020-12-06,782,95,1.029
2020-12-06,782,dizel,1.089
2020-12-06,782,dizel-premium,1.299
2020-12-06,790,100,1.199
2020-12-06,790,95,1.029
2020-12-06,790,dizel,1.089
2020-12-06,790,dizel-premium,1.299
2020-12-06,791,100,1.199
2020-12-06,791,95,1.029
2020-12-06,791,dizel,1.089
2020-12-06,791,dizel-premium,1.299
2020-12-06,793,100,1.199
2020-12-06,793,95,1.029
2020-12-06,793,dizel,1.089
2020-12-06,793,dizel-premium,1.299
2020-12-06,796,100,1.199
2020-12-06,796,95,1.029
2020-12-06,796,dizel,1.089
2020-12-06,796,dizel-premium,1.299
2020-12-06,823,100,1.199
2020-12-06,823,95,1.029
2020-12-06,823,dizel,1.089
2020-12-06,823,dizel-premium,1.299
2020-12-06,828,100,1.199
2020-12-06,828,95,1.029
2020-12-06,828,dizel,1.089
2020-12-06,828,dizel-premium,1.299
2020-12-06,837,100,1.199
2020-12-06,837,95,1.029
2020-12-06,837,dizel,1.089
2020-12-06,837,dizel-premium,1.299
2020-12-06,844,100,1.199
2020-12-06,844,95,1.029
2020-12-06,844,dizel,1.089
2020-12-06,844,dizel-premium,1.299
2020-12-06,845,100,1.199
2020-12-06,845,95,1.029
2020-12-06,845,dizel,1.089
2020-12-06,845,dizel-premium,1.299
2020-12-06,847,95,1.029
2020-12-06,847,dizel,1.089
2020-12-06,847,dizel-premium,1.299
2020-12-06,848,95,1.029
2020-12-06,848,dizel,1.089
2020-12-06,848,dizel-premium,1.299
2020-12-06,861,100,1.199
2020-12-06,861,95,1.029
2020-12-06,861,dizel,1.089
2020-12-06,861,dizel-premium,1.299
2020-12-08,777,100,1.209
2020-12-08,777,95,1.039
2020-12-08,777,dizel,1.099
2020-12-08,777,dizel-premium,1.309
2020-12-08,778,100,1.209
2020-12-08,778,95,1.039
2020-12-08,778,dizel,1.099
2020-12-08,778,dizel-premium,1.309
2020-12-08,781,100,1.209
2020-12-08,781,95,1.039
2020-12-08,781,dizel,1.099
2020-12-08,781,dizel-premium,1.309
2020-12-08,782,100,1.209
2020-12-08,782,95,1.039
2020-12-08,782,dizel,1.099
2020-12-08,782,dizel-premium,1.309
2020-12-08,790,100,1.209
2020-12-08,790,95,1.039
2020-12-08,790,dizel,1.099
2020-12-08,790,dizel-premium,1.309
2020-12-08,791,100,1.209
2020-12-08,791,95,1.039
2020-12-08,791,dizel,1.099
2020-12-08,791,dizel-premium,1.309
2020-12-08,793,100,1.209
2020-12-08,793,95,1.039
2020-12-08,793,dizel,1.099
2020-12-08,793,dizel-premium,1.309
2020-12-08,796,100,1.209
2020-12-08,796,95,1.039
2020-12-08,796,dizel,1.099
2020-12-08,796,dizel-premium,1.309
2020-12-08,823,100,1.209
2020-12-08,823,95,1.039
2020-12-08,823,dizel,1.099
2020-12-08,823,dizel-premium,1.309
2020-12-08,828,100,1.209
2020-12-08,828,95,1.039
2020-12-08,828,dizel,1.099
2020-12-08,828,dizel-premium,1.309
2020-12-08,837,100,1.209
2020-12-08,837,95,1.039
2020-12-08,837,dizel,1.099
2020-12-08,837,dizel-premium,1.309
2020-12-08,844,100,1.209
2020-12-08,844,95,1.039
2020-12-08,844,dizel,1.099
2020-12-08,844,dizel-premium,1.309
2020-12-08,845,100,1.209
2020-12-08,845,95,1.039
2020-12-08,845,dizel,1.099
2020-12-08,845,dizel-premium,1.309
2020-12-08,847,95,1.039
2020-12-08,847,dizel,1.099
2020-12-08,847,dizel-premium,1.309
2020-12-08,848,95,1.039
2020-12-08,848,dizel,1.099
2020-12-08,848,dizel-premium,1.309
2020-12-08,861,100,1.209
2020-12-08,861,95,1.039
2020-12-08,861,dizel,1.099
2020-12-08,861,dizel-premium,1.309
2020-12-08,1548,95,0.999
2020-12-08,1549,95,0.999
2020-12-08,1550,95,0.999
2020-12-08,1551,95,0.999
2020-12-08,1552,95,0.999
2020-12-08,1553,95,0.999
2020-12-08,1554,95,0.999
2020-12-08,1555,95,0.999
2020-12-08,1556,95,0.999
2020-12-08,1557,95,0.999
2020-12-08,1558,95,0.999
2020-12-08,1559,95,1.031
2020-12-08,1560,95,0.999
2020-12-08,1561,95,0.999
2020-12-08,1562,95,0.999
2020-12-08,1563,95,0.999
2020-12-08,1564,95,0.999
2020-12-08,1565,95,0.999
2020-12-08,1566,95,0.999
2020-12-08,1567,95,0.999
2020-12-08,1568,95,1.031
2020-12-08,1569,95,0.999
2020-12-08,1570,95,0.999
2020-12-08,1571,95,0.999
2020-12-08,1572,95,0.999
2020-12-08,1573,95,0.999
2020-12-08,1574,95,0.999
2020-12-08,1575,95,0.999
2020-12-08,1576,95,0.999
2020-12-08,1577,95,0.999
2020-12-08,1578,95,0.999
2020-12-08,1579,95,0.999
2020-12-08,1580,95,0.999
2020-12-08,1581,95,0.999
2020-12-08,1582,95,0.999
2020-12-08,1583,95,0.999
2020-12-08,1584,95,0.999
2020-12-08,1585,95,0.999
2020-12-08,1586,95,0.999
2020-12-08,1587,95,0.999
2020-12-08,1588,95,0.999
2020-12-08,1589,95,0.999
2020-12-08,1590,95,0.999
2020-12-08,1591,95,0.999
2020-12-08,1592,95,0.999
2020-12-08,1593,95,0.999
2020-12-08,1921,100,1.133
2020-12-08,1921,95,0.995
2020-12-08,1921,dizel,1.061
2020-12-08,1922,95,0.995
2020-12-08,1922,dizel,1.061
2020-12-08,1923,100,1.183
2020-12-08,1923,95,1.026
2020-12-08,1923,dizel,1.084
2020-12-08,1924,95,0.995
2020-12-08,1924,dizel,1.061
2020-12-08,1925,95,0.995
2020-12-08,1925,dizel,1.061
2020-12-08,1926,95,0.995
2020-12-08,1926,dizel,1.061
2020-12-08,1927,95,0.995
2020-12-08,1927,dizel,1.061
2020-12-08,1928,100,1.133
2020-12-08,1928,95,0.995
2020-12-08,1928,dizel,1.061
2020-12-08,1929,100,1.133
2020-12-08,1929,95,0.995
2020-12-08,1929,dizel,1.061
2020-12-08,1930,95,0.995
2020-12-08,1930,dizel,1.061
2020-12-08,1931,95,0.995
2020-12-08,1931,dizel,1.061
2020-12-08,1932,95,0.995
2020-12-08,1932,dizel,1.061
2020-12-08,1933,95,0.995
2020-12-08,1933,dizel,1.061
2020-12-08,1934,100,1.133
2020-12-08,1934,95,0.995
2020-12-08,1934,dizel,1.061
2020-12-08,1935,100,1.133
2020-12-08,1935,95,0.995
2020-12-08,1935,dizel,1.061
2020-12-08,1936,95,0.995
2020-12-08,1936,dizel,1.061
2020-12-08,1937,95,0.995
2020-12-08,1937,dizel,1.061
2020-12-08,1938,95,0.995
2020-12-08,1938,dizel,1.061
2020-12-08,1939,95,0.995
2020-12-08,1939,dizel,1.061
2020-12-08,1940,95,0.995
2020-12-08,1940,dizel,1.061
2020-12-08,1941,95,0.995
2020-12-08,1941,dizel,1.061
2020-12-08,1942,100,1.133
2020-12-08,1942,95,0.995
2020-12-08,1942,dizel,1.061
2020-12-08,1943,100,1.133
2020-12-08,1943,95,0.995
2020-12-08,1943,dizel,1.061
2020-12-08,1944,95,0.995
2020-12-08,1944,dizel,1.061
2020-12-08,1945,100,1.183
2020-12-08,1945,95,1.026
2020-12-08,1945,dizel,1.084
2020-12-08,1946,95,0.995
2020-12-08,1946,dizel,1.061
2020-12-08,1947,100,1.133
2020-12-08,1947,95,0.995
2020-12-08,1947,dizel,1.061
2020-12-08,1948,100,1.133
2020-12-08,1948,95,0.995
2020-12-08,1948,dizel,1.061
2020-12-08,1949,100,1.183
2020-12-08,1949,95,1.026
2020-12-08,1949,dizel,1.084
2020-12-08,1949,dizel-premium,1.305
2020-12-08,1950,100,1.133
2020-12-08,1950,95,0.995
2020-12-08,1950,dizel,1.061
2020-12-08,1951,100,1.133
2020-12-08,1951,95,0.995
2020-12-08,1951,dizel,1.061
2020-12-08,1952,100,1.133
2020-12-08,1952,95,0.995
2020-12-08,1952,dizel,1.061
2020-12-08,1953,95,0.995
2020-12-08,1953,dizel,1.061
2020-12-08,1954,100,1.133
2020-12-08,1954,95,0.995
2020-12-08,1954,dizel,1.061
2020-12-08,1955,100,1.133
2020-12-08,1955,95,0.995
2020-12-08,1955,dizel,1.061
2020-12-08,1956,100,1.133
2020-12-08,1956,95,0.995
2020-12-08,1956,dizel,1.061
2020-12-08,1957,100,1.133
2020-12-08,1957,95,0.995
2020-12-08,1957,dizel,1.061
2020-12-08,1958,100,1.133
2020-12-08,1958,95,0.995
2020-12-08,1958,dizel,1.061
2020-12-08,1959,100,1.133
2020-12-08,1959,95,0.995
2020-12-08,1959,dizel,1.061
2020-12-08,1960,100,1.133
2020-12-08,1960,95,0.995
2020-12-08,1960,dizel,1.061
2020-12-08,1961,100,1.133
2020-12-08,1961,95,0.995
2020-12-08,1961,dizel,1.061
2020-12-08,1962,100,1.133
2020-12-08,1962,95,0.995
2020-12-08,1962,dizel,1.061
2020-12-08,1963,100,1.133
2020-12-08,1963,95,0.995
2020-12-08,1963,dizel,1.061
2020-12-08,1964,95,0.995
2020-12-08,1964,dizel,1.061
2020-12-08,1965,95,0.995
2020-12-08,1965,dizel,1.061
2020-12-08,1966,100,1.133
2020-12-08,1966,95,0.995
2020-12-08,1966,dizel,1.061
2020-12-08,1967,95,0.995
2020-12-08,1967,dizel,1.061
2020-12-08,1968,95,0.995
2020-12-08,1968,dizel,1.061
2020-12-08,1969,100,1.133
2020-12-08,1969,95,0.995
2020-12-08,1969,dizel,1.061
2020-12-08,1970,100,1.133
2020-12-08,1970,95,0.995
2020-12-08,1970,dizel,1.061
2020-12-08,1971,100,1.133
2020-12-08,1971,95,0.995
2020-12-08,1971,dizel,1.061
2020-12-08,1972,100,1.133
2020-12-08,1972,95,0.995
2020-12-08,1972,dizel,1.061
2020-12-08,1973,95,0.995
2020-12-08,1973,dizel,1.061
2020-12-08,1974,95,0.995
2020-12-08,1974,dizel,1.061
2020-12-08,1975,95,0.995
2020-12-08,1975,dizel,1.061
2020-12-08,1976,100,1.183
2020-12-08,1976,95,1.026
2020-12-08,1976,dizel,1.084
2020-12-08,1977,100,1.183
2020-12-08,1977,95,1.026
2020-12-08,1977,dizel,1.084
2020-12-08,1977,dizel-premium,1.305
2020-12-08,1978,100,1.183
2020-12-08,1978,95,1.026
2020-12-08,1978,dizel,1.084
2020-12-08,1978,dizel-premium,1.305
2020-12-08,1979,100,1.133
2020-12-08,1979,95,0.995
2020-12-08,1979,dizel,1.061
2020-12-08,1980,100,1.133
2020-12-08,1980,95,0.995
2020-12-08,1980,dizel,1.061
2020-12-08,1981,100,1.133
2020-12-08,1981,95,0.995
2020-12-08,1981,dizel,1.061
2020-12-08,1982,95,0.995
2020-12-08,1982,dizel,1.061
2020-12-08,1983,95,0.995
2020-12-08,1983,dizel,1.061
2020-12-08,1984,100,1.133
2020-12-08,1984,95,0.995
2020-12-08,1984,dizel,1.061
2020-12-08,1985,95,0.995
2020-12-08,1985,dizel,1.061
2020-12-08,1986,100,1.133
2020-12-08,1986,95,0.995
2020-12-08,1986,dizel,1.061
2020-12-08,1987,95,0.995
2020-12-08,1987,dizel,1.061
2020-12-08,1988,95,0.995
2020-12-08,1988,dizel,1.061
2020-12-08,1989,95,0.995
2020-12-08,1989,dizel,1.061
2020-12-08,1990,100,1.133
2020-12-08,1990,95,0.995
2020-12-08,1990,dizel,1.061
2020-12-08,1991,95,0.995
2020-12-08,1991,dizel,1.061
2020-12-08,1992,100,1.133
2020-12-08,1992,95,0.995
2020-12-08,1992,dizel,1.061
2020-12-08,1993,100,1.133
2020-12-08,1993,95,0.995
2020-12-08,1993,dizel,1.061
2020-12-08,1994,100,1.133
2020-12-08,1994,95,0.995
2020-12-08,1994,dizel,1.061
2020-12-08,1995,100,1.133
2020-12-08,1995,95,0.995
2020-12-08,1995,dizel,1.061
2020-12-08,1996,100,1.133
2020-12-08,1996,95,0.995
2020-12-08,1996,dizel,1.061
2020-12-08,1997,100,1.183
2020-12-08,1997,95,1.026
2020-12-08,1997,dizel,1.084
2020-12-08,1998,100,1.133
2020-12-08,1998,95,0.995
2020-12-08,1998,dizel,1.061
2020-12-08,1999,100,1.133
2020-12-08,1999,95,0.995
2020-12-08,1999,dizel,1.061
2020-12-08,2000,100,1.183
2020-12-08,2000,95,1.026
2020-12-08,2000,dizel,1.084
2020-12-08,2000,dizel-premium,1.305
2020-12-08,2001,100,1.133
2020-12-08,2001,95,0.995
2020-12-08,2001,dizel,1.061
2020-12-08,2002,100,1.133
2020-12-08,2002,95,0.995
2020-12-08,2002,dizel,1.061
2020-12-08,2003,100,1.133
2020-12-08,2003,95,0.995
2020-12-08,2003,dizel,1.061
2020-12-08,2004,100,1.133
2020-12-08,2004,95,0.995
2020-12-08,2004,dizel,1.061
2020-12-08,2005,100,1.133
2020-12-08,2005,95,0.995
2020-12-08,2005,dizel,1.061
2020-12-08,2006,100,1.133
2020-12-08,2006,95,0.995
2020-12-08,2006,dizel,1.061
2020-12-08,2007,100,1.133
2020-12-08,2007,95,0.995
2020-12-08,2007,dizel,1.061
2020-12-08,2008,100,1.183
2020-12-08,2008,95,1.026
2020-12-08,2008,dizel,1.084
2020-12-08,2009,100,1.183
2020-12-08,2009,95,1.026
2020-12-08,2009,dizel,1.084
2020-12-08,2009,dizel-premium,1.305
2020-12-08,2010,100,1.133
2020-12-08,2010,95,0.995
2020-12-08,2010,dizel,1.061
2020-12-08,2011,95,0.995
2020-12-08,2011,dizel,1.061
2020-12-08,2012,95,0.995
2020-12-08,2012,dizel,1.061
2020-12-08,2013,95,0.995
2020-12-08,2013,dizel,1.061
2020-12-08,2014,100,1.133
2020-12-08,2014,95,0.995
2020-12-08,2014,dizel,1.061
2020-12-08,2015,100,1.133
2020-12-08,2015,95,0.995
2020-12-08,2015,dizel,1.061
2020-12-08,2016,100,1.133
2020-12-08,2016,95,0.995
2020-12-08,2016,dizel,1.061
2020-12-08,2017,95,0.995
2020-12-08,2017,dizel,1.061
2020-12-08,2018,100,1.183
2020-12-08,2018,95,1.026
2020-12-08,2018,dizel,1.084
2020-12-08,2019,100,1.183
2020-12-08,2019,95,1.026
2020-12-08,2019,dizel,1.084
2020-12-08,2020,100,1.133
2020-12-08,2020,95,0.995
2020-12-08,2020,dizel,1.061
2020-12-08,2021,100,1.133
2020-12-08,2021,95,0.995
2020-12-08,2021,dizel,1.061
2020-12-08,2022,100,1.133
2020-12-08,2022,95,0.995
2020-12-08,2022,dizel,1.061
2020-12-08,2023,100,1.133
2020-12-08,2023,95,0.995
2020-12-08,2023,dizel,1.061
2020-12-08,2024,100,1.133
2020-12-08,2024,95,0.995
2020-12-08,2024,dizel,1.061
2020-12-08,2025,95,0.995
2020-12-08,2025,dizel,1.061
2020-12-08,2026,100,1.183
2020-12-08,2026,95,1.026
2020-12-08,2026,dizel,1.084
2020-12-08,2027,100,1.183
2020-12-08,2027,95,1.026
2020-12-08,2027,dizel,1.084
2020-12-08,2028,100,1.133
2020-12-08,2028,95,0.995
2020-12-08,2028,dizel,1.061
2020-12-08,2029,100,1.133
2020-12-08,2029,95,0.995
2020-12-08,2029,dizel,1.061
2020-12-08,2030,100,1.183
2020-12-08,2030,95,1.026
2020-12-08,2030,dizel,1.084
2020-12-08,2031,100,1.183
2020-12-08,2031,95,1.026
2020-12-08,2031,dizel,1.084
2020-12-08,2032,100,1.183
2020-12-08,2032,95,1.026
2020-12-08,2032,dizel,1.084
2020-12-08,2032,dizel-premium,1.305
2020-12-08,2033,100,1.133
2020-12-08,2033,95,0.995
2020-12-08,2033,dizel,1.061
2020-12-08,2034,100,1.133
2020-12-08,2034,95,0.995
2020-12-08,2034,dizel,1.061
2020-12-08,2035,95,0.995
2020-12-08,2035,dizel,1.061
2020-12-08,2036,100,1.133
2020-12-08,2036,95,0.995
2020-12-08,2036,dizel,1.061
2020-12-08,2037,100,1.133
2020-12-08,2037,95,0.995
2020-12-08,2037,dizel,1.061
2020-12-08,2038,95,0.995
2020-12-08,2038,dizel,1.061
2020-12-08,2039,100,1.133
2020-12-08,2039,95,0.995
2020-12-08,2039,dizel,1.061
2020-12-08,2040,100,1.133
2020-12-08,2040,95,0.995
2020-12-08,2040,dizel,1.061
2020-12-08,2041,100,1.133
2020-12-08,2041,95,0.995
2020-12-08,2041,dizel,1.061
2020-12-08,2042,95,0.995
2020-12-08,2042,dizel,1.061
2020-12-08,2043,100,1.133
2020-12-08,2043,95,0.995
2020-12-08,2043,dizel,1.061
2020-12-08,2044,100,1.133
2020-12-08,2044,95,0.995
2020-12-08,2044,dizel,1.061
2020-12-08,2045,100,1.133
2020-12-08,2045,95,0.995
2020-12-08,2045,dizel,1.061
2020-12-08,2046,100,1.133
2020-12-08,2046,95,0.995
2020-12-08,2046,dizel,1.061
2020-12-08,2047,100,1.133
2020-12-08,2047,95,0.995
2020-12-08,2047,dizel,1.061
2020-12-08,2048,100,1.133
2020-12-08,2048,95,0.995
2020-12-08,2048,dizel,1.061
2020-12-08,2049,100,1.133
2020-12-08,2049,95,0.995
2020-12-08,2049,dizel,1.061
2020-12-08,2050,95,0.995
2020-12-08,2050,dizel,1.061
2020-12-08,2051,95,0.995
2020-12-08,2051,dizel,1.061
2020-12-08,2052,100,1.133
2020-12-08,2052,95,0.995
2020-12-08,2052,dizel,1.061
2020-12-08,2053,95,0.995
2020-12-08,2053,dizel,1.061
2020-12-08,2054,95,0.995
2020-12-08,2054,dizel,1.061
2020-12-08,2055,95,0.995
2020-12-08,2055,dizel,1.061
2020-12-08,2056,100,1.133
2020-12-08,2056,95,0.995
2020-12-08,2056,dizel,1.061
2020-12-08,2057,95,0.995
2020-12-08,2057,dizel,1.061
2020-12-08,2058,95,0.995
2020-12-08,2058,dizel,1.061
2020-12-08,2059,100,1.183
2020-12-08,2059,95,1.026
2020-12-08,2059,dizel,1.084
2020-12-08,2059,dizel-premium,1.305
2020-12-08,2060,100,1.183
2020-12-08,2060,95,1.026
2020-12-08,2060,dizel,1.084
2020-12-08,2060,dizel-premium,1.305
2020-12-08,2061,100,1.133
2020-12-08,2061,95,0.995
2020-12-08,2061,dizel,1.061
2020-12-08,2062,100,1.133
2020-12-08,2062,95,0.995
2020-12-08,2062,dizel,1.061
2020-12-08,2063,100,1.133
2020-12-08,2063,95,0.995
2020-12-08,2063,dizel,1.061
2020-12-08,2064,100,1.133
2020-12-08,2064,95,0.995
2020-12-08,2064,dizel,1.061
2020-12-08,2065,100,1.133
2020-12-08,2065,95,0.995
2020-12-08,2065,dizel,1.061
2020-12-08,2066,95,0.995
2020-12-08,2066,dizel,1.061
2020-12-08,2067,100,1.133
2020-12-08,2067,95,0.995
2020-12-08,2067,dizel,1.061
2020-12-08,2068,95,0.995
2020-12-08,2068,dizel,1.061
2020-12-08,2069,100,1.133
2020-12-08,2069,95,0.995
2020-12-08,2069,dizel,1.061
2020-12-08,2070,100,1.133
2020-12-08,2070,95,0.995
2020-12-08,2070,dizel,1.061
2020-12-08,2071,100,1.133
2020-12-08,2071,95,0.995
2020-12-08,2071,dizel,1.061
2020-12-08,2072,95,0.995
2020-12-08,2072,dizel,1.061
2020-12-08,2073,100,1.133
2020-12-08,2073,95,0.995
2020-12-08,2073,dizel,1.061
2020-12-08,2074,100,1.133
2020-12-08,2074,95,0.995
2020-12-08,2074,dizel,1.061
2020-12-08,2075,95,0.995
2020-12-08,2075,dizel,1.061
2020-12-08,2076,95,0.995
2020-12-08,2076,dizel,1.061
2020-12-08,2077,95,0.995
2020-12-08,2077,dizel,1.061
2020-12-08,2078,95,0.995
2020-12-08,2078,dizel,1.061
2020-12-08,2079,95,0.995
2020-12-08,2079,dizel,1.061
2020-12-08,2080,100,1.133
2020-12-08,2080,95,0.995
2020-12-08,2080,dizel,1.061
2020-12-08,2082,95,0.995
2020-12-08,2082,dizel,1.061
2020-12-08,2083,95,0.995
2020-12-08,2083,dizel,1.061
2020-12-08,2084,95,0.995
2020-12-08,2084,dizel,1.061
2020-12-08,2085,95,0.995
2020-12-08,2085,dizel,1.061
2020-12-08,2086,95,0.995
2020-12-08,2086,dizel,1.061
2020-12-08,2087,95,0.995
2020-12-08,2087,dizel,1.061
2020-12-08,2088,100,1.183
2020-12-08,2088,95,1.026
2020-12-08,2088,dizel,1.084
2020-12-08,2088,dizel-premium,1.305
2020-12-08,2089,100,1.183
2020-12-08,2089,95,1.026
2020-12-08,2089,dizel,1.084
2020-12-08,2090,100,1.133
2020-12-08,2090,95,0.995
2020-12-08,2090,dizel,1.061
2020-12-08,2091,100,1.133
2020-12-08,2091,95,0.995
2020-12-08,2091,dizel,1.061
2020-12-08,2092,100,1.133
2020-12-08,2092,95,0.995
2020-12-08,2092,dizel,1.061
2020-12-08,2093,95,0.995
2020-12-08,2093,dizel,1.061
2020-12-08,2094,100,1.133
2020-12-08,2094,95,0.995
2020-12-08,2094,dizel,1.061
2020-12-08,2095,100,1.183
2020-12-08,2095,95,1.026
2020-12-08,2095,dizel,1.084
2020-12-08,2095,dizel-premium,1.305
2020-12-08,2096,100,1.183
2020-12-08,2096,95,1.026
2020-12-08,2096,dizel,1.084
2020-12-08,2096,dizel-premium,1.305
2020-12-08,2097,95,0.995
2020-12-08,2097,dizel,1.061
2020-12-08,2098,100,1.133
2020-12-08,2098,95,0.995
2020-12-08,2098,dizel,1.061
2020-12-08,2099,100,1.133
2020-12-08,2099,95,0.995
2020-12-08,2099,dizel,1.061
2020-12-08,2100,100,1.183
2020-12-08,2100,95,1.026
2020-12-08,2100,dizel,1.084
2020-12-08,2101,100,1.183
2020-12-08,2101,95,1.026
2020-12-08,2101,dizel,1.084
2020-12-08,2102,95,0.995
2020-12-08,2102,dizel,1.061
2020-12-08,2103,95,0.995
2020-12-08,2103,dizel,1.061
2020-12-08,2104,100,1.133
2020-12-08,2104,95,0.995
2020-12-08,2104,dizel,1.061
2020-12-08,2105,95,0.995
2020-12-08,2105,dizel,1.061
2020-12-08,2106,95,0.995
2020-12-08,2106,dizel,1.061
2020-12-08,2107,95,0.995
2020-12-08,2107,dizel,1.061
2020-12-08,2108,100,1.133
2020-12-08,2108,95,0.995
2020-12-08,2108,dizel,1.061
2020-12-08,2109,95,0.995
2020-12-08,2109,dizel,1.061
2020-12-08,2110,100,1.133
2020-12-08,2110,95,0.995
2020-12-08,2110,dizel,1.061
2020-12-08,2111,100,1.133
2020-12-08,2111,95,0.995
2020-12-08,2111,dizel,1.061
2020-12-08,2112,100,1.133
2020-12-08,2112,95,0.995
2020-12-08,2112,dizel,1.061
2020-12-08,2113,95,0.995
2020-12-08,2113,dizel,1.061
2020-12-08,2114,95,0.995
2020-12-08,2114,dizel,1.061
2020-12-08,2115,100,1.133
2020-12-08,2115,95,0.995
2020-12-08,2115,dizel,1.061
2020-12-08,2116,95,0.995
2020-12-08,2116,dizel,1.061
2020-12-08,2117,100,1.133
2020-12-08,2117,95,0.995
2020-12-08,2117,dizel,1.061
2020-12-08,2118,95,0.995
2020-12-08,2118,dizel,1.061
2020-12-08,2119,100,1.133
2020-12-08,2119,95,0.995
2020-12-08,2119,dizel,1.061
2020-12-08,2120,100,1.183
2020-12-08,2120,95,1.026
2020-12-08,2120,dizel,1.084
2020-12-08,2121,100,1.133
2020-12-08,2121,95,0.995
2020-12-08,2121,dizel,1.061
2020-12-08,2122,100,1.133
2020-12-08,2122,95,0.995
2020-12-08,2122,dizel,1.061
2020-12-08,2123,100,1.183
2020-12-08,2123,95,1.026
2020-12-08,2123,dizel,1.084
2020-12-08,2124,95,0.995
2020-12-08,2124,dizel,1.061
2020-12-08,2125,100,1.133
2020-12-08,2125,95,0.995
2020-12-08,2125,dizel,1.061
2020-12-08,2126,100,1.133
2020-12-08,2126,95,0.995
2020-12-08,2126,dizel,1.061
2020-12-08,2127,95,0.995
2020-12-08,2127,dizel,1.061
2020-12-08,2128,100,1.133
2020-12-08,2128,95,0.995
2020-12-08,2128,dizel,1.061
2020-12-08,2129,95,0.995
2020-12-08,2129,dizel,1.061
2020-12-08,2130,100,1.133
2020-12-08,2130,95,0.995
2020-12-08,2130,dizel,1.061
2020-12-08,2131,100,1.133
2020-12-08,2131,95,0.995
2020-12-08,2131,dizel,1.061
2020-12-08,2132,100,1.133
2020-12-08,2132,95,0.995
2020-12-08,2132,dizel,1.061
2020-12-08,2133,100,1.133
2020-12-08,2133,95,0.995
2020-12-08,2133,dizel,1.061
2020-12-08,2134,100,1.133
2020-12-08,2134,95,0.995
2020-12-08,2134,dizel,1.061
2020-12-08,2135,100,1.133
2020-12-08,2135,95,0.995
2020-12-08,2135,dizel,1.061
2020-12-08,2136,100,1.133
2020-12-08,2136,95,0.995
2020-12-08,2136,dizel,1.061
2020-12-08,2137,100,1.133
2020-12-08,2137,95,0.995
2020-12-08,2137,dizel,1.061
2020-12-08,2138,100,1.133
2020-12-08,2138,95,0.995
2020-12-08,2138,dizel,1.061
2020-12-08,2139,100,1.133
2020-12-08,2139,95,0.995
2020-12-08,2139,dizel,1.061
2020-12-08,2140,95,0.995
2020-12-08,2140,dizel,1.061
2020-12-08,2141,100,1.183
2020-12-08,2141,95,1.026
2020-12-08,2141,dizel,1.084
2020-12-08,2142,95,0.995
2020-12-08,2142,dizel,1.061
2020-12-08,2143,95,0.995
2020-12-08,2143,dizel,1.061
2020-12-08,2144,100,1.133
2020-12-08,2144,95,0.995
2020-12-08,2144,dizel,1.061
2020-12-08,2145,100,1.133
2020-12-08,2145,95,0.995
2020-12-08,2145,dizel,1.061
2020-12-08,2146,100,1.133
2020-12-08,2146,95,0.995
2020-12-08,2146,dizel,1.061
2020-12-08,2147,100,1.133
2020-12-08,2147,95,0.995
2020-12-08,2147,dizel,1.061
2020-12-08,2148,100,1.133
2020-12-08,2148,95,0.995
2020-12-08,2148,dizel,1.061
2020-12-08,2149,100,1.133
2020-12-08,2149,95,0.995
2020-12-08,2149,dizel,1.061
2020-12-08,2150,100,1.133
2020-12-08,2150,95,0.995
2020-12-08,2150,dizel,1.061
2020-12-08,2151,95,0.995
2020-12-08,2151,dizel,1.061
2020-12-08,2152,95,0.995
2020-12-08,2152,dizel,1.061
2020-12-08,2153,95,0.995
2020-12-08,2153,dizel,1.061
2020-12-08,2154,95,0.995
2020-12-08,2154,dizel,1.061
2020-12-08,2155,95,0.995
2020-12-08,2155,dizel,1.061
2020-12-08,2156,95,0.995
2020-12-08,2156,dizel,1.061
2020-12-08,2157,95,0.995
2020-12-08,2157,dizel,1.061
2020-12-08,2158,100,1.133
2020-12-08,2158,95,0.995
2020-12-08,2158,dizel,1.061
2020-12-08,2159,95,0.995
2020-12-08,2159,dizel,1.061
2020-12-08,2160,95,0.995
2020-12-08,2160,dizel,1.061
2020-12-08,2161,100,1.133
2020-12-08,2161,95,0.995
2020-12-08,2161,dizel,1.061
2020-12-08,2162,100,1.183
2020-12-08,2162,95,1.026
2020-12-08,2162,dizel,1.084
2020-12-08,2163,100,1.133
2020-12-08,2163,95,0.995
2020-12-08,2163,dizel,1.061
2020-12-08,2164,100,1.133
2020-12-08,2164,95,0.995
2020-12-08,2164,dizel,1.061
2020-12-08,2165,95,0.995
2020-12-08,2165,dizel,1.061
2020-12-08,2166,100,1.133
2020-12-08,2166,95,0.995
2020-12-08,2166,dizel,1.061
2020-12-08,2167,100,1.133
2020-12-08,2167,95,0.995
2020-12-08,2167,dizel,1.061
2020-12-08,2168,100,1.133
2020-12-08,2168,95,0.995
2020-12-08,2168,dizel,1.061
2020-12-08,2169,95,0.995
2020-12-08,2169,dizel,1.061
2020-12-08,2170,95,0.995
2020-12-08,2170,dizel,1.061
2020-12-08,2171,100,1.133
2020-12-08,2171,95,0.995
2020-12-08,2171,dizel,1.061
2020-12-08,2172,100,1.133
2020-12-08,2172,95,0.995
2020-12-08,2172,dizel,1.061
2020-12-08,2173,95,0.995
2020-12-08,2173,dizel,1.061
2020-12-08,2174,100,1.133
2020-12-08,2174,95,0.995
2020-12-08,2174,dizel,1.061
2020-12-08,2175,100,1.183
2020-12-08,2175,95,1.026
2020-12-08,2175,dizel,1.084
2020-12-08,2176,100,1.183
2020-12-08,2176,95,1.026
2020-12-08,2176,dizel,1.084
2020-12-08,2177,95,0.995
2020-12-08,2177,dizel,1.061
2020-12-08,2178,100,1.133
2020-12-08,2178,95,0.995
2020-12-08,2178,dizel,1.061
2020-12-08,2179,95,0.995
2020-12-08,2179,dizel,1.061
2020-12-08,2180,95,0.995
2020-12-08,2180,dizel,1.061
2020-12-08,2181,95,0.995
2020-12-08,2181,dizel,1.061
2020-12-08,2182,95,0.995
2020-12-08,2182,dizel,1.061
2020-12-08,2183,95,0.995
2020-12-08,2183,dizel,1.061
2020-12-08,2184,95,0.995
2020-12-08,2184,dizel,1.061
2020-12-08,2185,95,0.995
2020-12-08,2185,dizel,1.061
2020-12-08,2186,100,1.133
2020-12-08,2186,95,0.995
2020-12-08,2186,dizel,1.061
2020-12-08,2187,100,1.133
2020-12-08,2187,95,0.995
2020-12-08,2187,dizel,1.061
2020-12-08,2188,100,1.133
2020-12-08,2188,95,0.995
2020-12-08,2188,dizel,1.061
2020-12-08,2189,95,0.995
2020-12-08,2189,dizel,1.061
2020-12-08,2190,100,1.133
2020-12-08,2190,95,0.995
2020-12-08,2190,dizel,1.061
2020-12-08,2191,100,1.133
2020-12-08,2191,95,0.995
2020-12-08,2191,dizel,1.061
2020-12-08,2192,100,1.133
2020-12-08,2192,95,0.995
2020-12-08,2192,dizel,1.061
2020-12-08,2193,95,0.995
2020-12-08,2193,dizel,1.061
2020-12-08,2194,100,1.133
2020-12-08,2194,95,0.995
2020-12-08,2194,dizel,1.061
2020-12-08,2195,100,1.133
2020-12-08,2195,95,0.995
2020-12-08,2195,dizel,1.061
2020-12-08,2196,100,1.133
2020-12-08,2196,95,0.995
2020-12-08,2196,dizel,1.061
2020-12-08,2197,100,1.133
2020-12-08,2197,95,0.995
2020-12-08,2197,dizel,1.061
2020-12-08,2198,100,1.133
2020-12-08,2198,95,0.995
2020-12-08,2198,dizel,1.061
2020-12-08,2199,100,1.133
2020-12-08,2199,95,0.995
2020-12-08,2199,dizel,1.061
2020-12-08,2200,100,1.133
2020-12-08,2200,95,0.995
2020-12-08,2200,dizel,1.061
2020-12-08,2201,100,1.183
2020-12-08,2201,95,1.026
2020-12-08,2201,dizel,1.084
2020-12-08,2202,100,1.183
2020-12-08,2202,95,1.026
2020-12-08,2202,dizel,1.084
2020-12-08,2203,95,0.995
2020-12-08,2203,dizel,1.061
2020-12-08,2204,100,1.133
2020-12-08,2204,95,0.995
2020-12-08,2204,dizel,1.061
2020-12-08,2205,100,1.133
2020-12-08,2205,95,0.995
2020-12-08,2205,dizel,1.061
2020-12-08,2206,100,1.133
2020-12-08,2206,95,0.995
2020-12-08,2206,dizel,1.061
2020-12-08,2207,100,1.133
2020-12-08,2207,95,0.995
2020-12-08,2207,dizel,1.061
2020-12-08,2208,95,0.995
2020-12-08,2208,dizel,1.061
2020-12-08,2209,95,0.995
2020-12-08,2209,dizel,1.061
2020-12-08,2210,100,1.133
2020-12-08,2210,95,0.995
2020-12-08,2210,dizel,1.061
2020-12-08,2211,95,0.995
2020-12-08,2211,dizel,1.061
2020-12-08,2212,100,1.133
2020-12-08,2212,95,0.995
2020-12-08,2212,dizel,1.061
2020-12-08,2213,95,0.995
2020-12-08,2213,dizel,1.061
2020-12-08,2214,95,0.995
2020-12-08,2214,dizel,1.061
2020-12-08,2215,100,1.133
2020-12-08,2215,95,0.995
2020-12-08,2215,dizel,1.061
2020-12-08,2216,100,1.183
2020-12-08,2216,95,1.026
2020-12-08,2216,dizel,1.084
2020-12-08,2216,dizel-premium,1.305
2020-12-08,2217,100,1.133
2020-12-08,2217,95,0.995
2020-12-08,2217,dizel,1.061
2020-12-08,2218,100,1.133
2020-12-08,2218,95,0.995
2020-12-08,2218,dizel,1.061
2020-12-08,2219,95,0.995
2020-12-08,2219,dizel,1.061
2020-12-08,2220,100,1.133
2020-12-08,2220,95,0.995
2020-12-08,2220,dizel,1.061
2020-12-08,2221,100,1.133
2020-12-08,2221,95,0.995
2020-12-08,2221,dizel,1.061
2020-12-08,2222,100,1.133
2020-12-08,2222,95,0.995
2020-12-08,2222,dizel,1.061
2020-12-08,2223,95,0.995
2020-12-08,2223,dizel,1.061
2020-12-08,2224,95,0.995
2020-12-08,2224,dizel,1.061
2020-12-08,2225,100,1.133
2020-12-08,2225,95,0.995
2020-12-08,2225,dizel,1.061
2020-12-08,2227,100,1.133
2020-12-08,2227,95,0.995
2020-12-08,2227,dizel,1.061
2020-12-08,2228,100,1.133
2020-12-08,2228,95,0.995
2020-12-08,2228,dizel,1.061
2020-12-08,2229,100,1.183
2020-12-08,2229,95,1.026
2020-12-08,2229,dizel,1.084
2020-12-08,2229,dizel-premium,1.305
2020-12-08,2230,100,1.183
2020-12-08,2230,95,1.026
2020-12-08,2230,dizel,1.084
2020-12-08,2230,dizel-premium,1.305
2020-12-08,2231,100,1.183
2020-12-08,2231,95,1.026
2020-12-08,2231,dizel,1.084
2020-12-08,2231,dizel-premium,1.305
2020-12-08,2232,100,1.183
2020-12-08,2232,95,1.026
2020-12-08,2232,dizel,1.084
2020-12-08,2232,dizel-premium,1.305
2020-12-08,2233,100,1.133
2020-12-08,2233,95,0.995
2020-12-08,2233,dizel,1.061
2020-12-08,2234,95,0.999
2020-12-08,2235,95,0.999
2020-12-08,2237,95,0.999
2020-12-08,2237,dizel,1.064
2020-12-08,2238,95,0.999
2020-12-08,2238,dizel,1.064
2020-12-08,2239,95,0.999
2020-12-08,2239,dizel,1.064
2020-12-08,2240,95,0.999
2020-12-08,2240,dizel,1.064
2020-12-08,2241,95,0.999
2020-12-08,2241,dizel,1.064
2020-12-08,2242,95,0.999
2020-12-08,2242,dizel,1.064
2020-12-08,2243,95,0.999
2020-12-08,2243,dizel,1.064
2020-12-08,2244,95,0.999
2020-12-08,2244,dizel,1.064
2020-12-08,2245,95,0.999
2020-12-08,2245,dizel,1.064
2020-12-08,2246,95,0.999
2020-12-08,2246,dizel,1.064
2020-12-08,2247,95,0.999
2020-12-08,2247,dizel,1.064
2020-12-08,2248,95,0.999
2020-12-08,2248,dizel,1.064
2020-12-08,2249,95,0.999
2020-12-08,2249,dizel,1.064
2020-12-08,2250,95,0.999
2020-12-08,2250,dizel,1.064
2020-12-08,2251,95,0.999
2020-12-08,2251,dizel,1.064
2020-12-08,2252,95,0.999
2020-12-08,2252,dizel,1.064
2020-12-08,2253,95,0.999
2020-12-08,2253,dizel,1.064
2020-12-08,2254,95,0.999
2020-12-08,2254,dizel,1.064
2020-12-08,2255,95,0.999
2020-12-08,2255,dizel,1.064
2020-12-08,2256,95,0.999
2020-12-08,2256,dizel,1.064
2020-12-08,2257,95,0.999
2020-12-08,2257,dizel,1.064
2020-12-08,2272,100,1.133
2020-12-08,2272,95,0.995
2020-12-08,2272,dizel,1.061
2020-12-08,2283,95,0.999
2020-12-08,2284,95,0.999
2020-12-08,2285,95,0.999
2020-12-08,2286,95,0.999
2020-12-08,2287,95,0.999
2020-12-08,2312,dizel,0.990
2020-12-09,1548,dizel,1.062
2020-12-09,1548,dizel-premium,1.209
2020-12-09,1549,dizel,1.062
2020-12-09,1549,dizel-premium,1.209
2020-12-09,1550,dizel,1.062
2020-12-09,1550,dizel-premium,1.209
2020-12-09,1551,dizel,1.062
2020-12-09,1551,dizel-premium,1.209
2020-12-09,1552,dizel,1.062
2020-12-09,1552,dizel-premium,1.209
2020-12-09,1553,dizel,1.062
2020-12-09,1554,dizel,1.062
2020-12-09,1554,dizel-premium,1.209
2020-12-09,1555,dizel,1.062
2020-12-09,1555,dizel-premium,1.209
2020-12-09,1556,dizel,1.062
2020-12-09,1556,dizel-premium,1.209
2020-12-09,1557,dizel,1.062
2020-12-09,1557,dizel-premium,1.209
2020-12-09,1558,dizel,1.062
2020-12-09,1558,dizel-premium,1.209
2020-12-09,1559,dizel,1.085
2020-12-09,1559,dizel-premium,1.305
2020-12-09,1560,dizel,1.062
2020-12-09,1561,dizel,1.062
2020-12-09,1562,dizel,1.062
2020-12-09,1563,dizel,1.062
2020-12-09,1564,dizel,1.062
2020-12-09,1564,dizel-premium,1.209
2020-12-09,1565,dizel,1.062
2020-12-09,1566,dizel,1.062
2020-12-09,1567,dizel,1.062
2020-12-09,1568,dizel,1.085
2020-12-09,1568,dizel-premium,1.305
2020-12-09,1569,dizel,1.062
2020-12-09,1570,dizel,1.062
2020-12-09,1571,dizel,1.062
2020-12-09,1572,dizel,1.062
2020-12-09,1573,dizel,1.062
2020-12-09,1574,dizel,1.062
2020-12-09,1575,dizel,1.062
2020-12-09,1576,dizel,1.062
2020-12-09,1577,dizel,1.062
2020-12-09,1578,dizel,1.062
2020-12-09,1579,dizel,1.062
2020-12-09,1580,dizel,1.062
2020-12-09,1581,dizel,1.062
2020-12-09,1582,dizel,1.062
2020-12-09,1583,dizel,1.062
2020-12-09,1584,dizel,1.062
2020-12-09,1585,dizel,1.062
2020-12-09,1585,dizel-premium,1.209
2020-12-09,1586,dizel,1.062
2020-12-09,1587,dizel,1.062
2020-12-09,1588,dizel,1.062
2020-12-09,1588,dizel-premium,1.209
2020-12-09,1589,dizel,1.062
2020-12-09,1589,dizel-premium,1.209
2020-12-09,1590,dizel,1.062
2020-12-09,1591,dizel,1.062
2020-12-09,1592,dizel,1.062
2020-12-09,1593,dizel,1.062
2020-12-09,2234,dizel,1.062
2020-12-09,2234,dizel-premium,1.209
2020-12-09,2235,dizel,1.062
2020-12-09,2235,dizel-premium,1.209
2020-12-09,2267,100,1.133
2020-12-09,2267,95,0.990
2020-12-09,2267,dizel,1.056
2020-12-09,2268,100,1.133
2020-12-09,2268,95,0.995
2020-12-09,2268,dizel,1.061
2020-12-09,2273,dizel,1.061
2020-12-09,2274,dizel,1.061
2020-12-09,2275,dizel,1.061
2020-12-09,2276,dizel,1.061
2020-12-09,2283,dizel,1.062
2020-12-09,2283,dizel-premium,1.209
2020-12-09,2284,dizel,1.062
2020-12-09,2284,dizel-premium,1.209
2020-12-09,2285,dizel,1.062
2020-12-09,2285,dizel-premium,1.209
2020-12-09,2286,dizel,1.062
2020-12-09,2286,dizel-premium,1.209
2020-12-09,2287,dizel,1.062
2020-12-09,2287,dizel-premium,1.209
2020-12-09,2314,95,0.976
2020-12-09,2314,dizel,1.038
2020-12-09,2315,95,0.995
2020-12-09,2316,95,0.995
2020-12-09,2316,dizel,1.061
2020-12-09,2317,95,0.995
2020-12-09,2317,dizel,1.061
2020-12-09,2319,dizel,1.061
2020-12-10,777,95,1.044
2020-12-10,777,dizel-premium,1.319
2020-12-10,778,95,1.044
2020-12-10,778,dizel-premium,1.319
2020-12-10,781,95,1.044
2020-12-10,781,dizel-premium,1.319
2020-12-10,782,95,1.044
2020-12-10,782,dizel-premium,1.319
2020-12-10,790,95,1.044
2020-12-10,790,dizel-premium,1.319
2020-12-10,791,95,1.044
2020-12-10,791,dizel-premium,1.319
2020-12-10,793,95,1.044
2020-12-10,793,dizel-premium,1.319
2020-12-10,796,95,1.044
2020-12-10,796,dizel-premium,1.319
2020-12-10,823,95,1.044
2020-12-10,823,dizel-premium,1.319
2020-12-10,828,95,1.044
2020-12-10,828,dizel-premium,1.319
2020-12-10,837,95,1.044
2020-12-10,837,dizel-premium,1.319
2020-12-10,844,95,1.044
2020-12-10,844,dizel-premium,1.319
2020-12-10,845,95,1.044
2020-12-10,845,dizel-premium,1.319
2020-12-10,847,95,1.044
2020-12-10,847,dizel-premium,1.319
2020-12-10,848,95,1.044
2020-12-10,848,dizel-premium,1.319
2020-12-10,861,95,1.044
2020-12-10,861,dizel-premium,1.319
2020-12-10,2296,95,0.920
2020-12-11,2313,95,0.999
2020-12-11,2313,dizel,1.064
2020-12-11,2321,dizel,1.061
2020-12-13,777,100,1.199
2020-12-13,777,95,1.034
2020-12-13,777,dizel,1.089
2020-12-13,777,dizel-premium,1.309
2020-12-13,778,100,1.199
2020-12-13,778,95,1.034
2020-12-13,778,dizel,1.089
2020-12-13,778,dizel-premium,1.309
2020-12-13,781,100,1.199
2020-12-13,781,95,1.034
2020-12-13,781,dizel,1.089
2020-12-13,781,dizel-premium,1.309
2020-12-13,782,100,1.199
2020-12-13,782,95,1.034
2020-12-13,782,dizel,1.089
2020-12-13,782,dizel-premium,1.309
2020-12-13,790,100,1.199
2020-12-13,790,95,1.034
2020-12-13,790,dizel,1.089
2020-12-13,790,dizel-premium,1.309
2020-12-13,791,100,1.199
2020-12-13,791,95,1.034
2020-12-13,791,dizel,1.089
2020-12-13,791,dizel-premium,1.309
2020-12-13,793,100,1.199
2020-12-13,793,95,1.034
2020-12-13,793,dizel,1.089
2020-12-13,793,dizel-premium,1.309
2020-12-13,796,100,1.199
2020-12-13,796,95,1.034
2020-12-13,796,dizel,1.089
2020-12-13,796,dizel-premium,1.309
2020-12-13,823,100,1.199
2020-12-13,823,95,1.034
2020-12-13,823,dizel,1.089
2020-12-13,823,dizel-premium,1.309
2020-12-13,828,100,1.199
2020-12-13,828,95,1.034
2020-12-13,828,dizel,1.089
2020-12-13,828,dizel-premium,1.309
2020-12-13,837,100,1.199
2020-12-13,837,95,1.034
2020-12-13,837,dizel,1.089
2020-12-13,837,dizel-premium,1.309
2020-12-13,844,100,1.199
2020-12-13,844,95,1.034
2020-12-13,844,dizel,1.089
2020-12-13,844,dizel-premium,1.309
2020-12-13,845,100,1.199
2020-12-13,845,95,1.034
2020-12-13,845,dizel,1.089
2020-12-13,845,dizel-premium,1.309
2020-12-13,847,95,1.034
2020-12-13,847,dizel,1.089
2020-12-13,847,dizel-premium,1.309
2020-12-13,848,95,1.034
2020-12-13,848,dizel,1.089
2020-12-13,848,dizel-premium,1.309
2020-12-13,861,100,1.199
2020-12-13,861,95,1.034
2020-12-13,861,dizel,1.089
2020-12-13,861,dizel-premium,1.309
2020-12-15,766,100,1.159
2020-12-15,766,95,1.009
2020-12-15,766,dizel,1.079
2020-12-15,767,100,1.159
2020-12-15,767,95,1.009
2020-12-15,767,dizel,1.079
2020-12-15,768,100,1.214
2020-12-15,768,95,1.034
2020-12-15,768,dizel,1.099
2020-12-15,768,dizel-premium,1.329
2020-12-15,769,95,1.009
2020-12-15,769,dizel,1.079
2020-12-15,770,100,1.159
2020-12-15,770,95,1.009
2020-12-15,770,dizel,1.079
2020-12-15,770,dizel-premium,1.229
2020-12-15,771,100,1.159
2020-12-15,771,95,1.009
2020-12-15,771,dizel,1.079
2020-12-15,771,dizel-premium,1.229
2020-12-15,772,100,1.159
2020-12-15,772,95,1.009
2020-12-15,772,dizel,1.079
2020-12-15,773,100,1.159
2020-12-15,773,95,1.009
2020-12-15,773,dizel,1.079
2020-12-15,774,100,1.159
2020-12-15,774,95,1.009
2020-12-15,774,dizel,1.079
2020-12-15,775,100,1.159
2020-12-15,775,95,1.009
2020-12-15,775,dizel,1.079
2020-12-15,775,dizel-premium,1.229
2020-12-15,776,100,1.159
2020-12-15,776,95,1.009
2020-12-15,776,dizel,1.079
2020-12-15,777,100,1.224
2020-12-15,777,95,1.054
2020-12-15,777,dizel,1.119
2020-12-15,777,dizel-premium,1.339
2020-12-15,778,100,1.224
2020-12-15,778,95,1.054
2020-12-15,778,dizel,1.119
2020-12-15,778,dizel-premium,1.339
2020-12-15,779,100,1.159
2020-12-15,779,95,1.009
2020-12-15,779,dizel,1.079
2020-12-15,780,100,1.159
2020-12-15,780,95,1.009
2020-12-15,780,dizel,1.079
2020-12-15,781,100,1.224
2020-12-15,781,95,1.054
2020-12-15,781,dizel,1.119
2020-12-15,781,dizel-premium,1.339
2020-12-15,782,100,1.224
2020-12-15,782,95,1.054
2020-12-15,782,dizel,1.119
2020-12-15,782,dizel-premium,1.339
2020-12-15,783,100,1.159
2020-12-15,783,95,1.009
2020-12-15,783,dizel,1.079
2020-12-15,784,dizel,1.079
2020-12-15,785,dizel,1.079
2020-12-15,786,dizel,1.079
2020-12-15,787,dizel,1.079
2020-12-15,788,dizel,1.079
2020-12-15,789,100,1.159
2020-12-15,789,95,1.009
2020-12-15,789,dizel,1.079
2020-12-15,789,dizel-premium,1.229
2020-12-15,790,100,1.224
2020-12-15,790,95,1.054
2020-12-15,790,dizel,1.119
2020-12-15,790,dizel-premium,1.339
2020-12-15,791,100,1.224
2020-12-15,791,95,1.054
2020-12-15,791,dizel,1.119
2020-12-15,791,dizel-premium,1.339
2020-12-15,792,100,1.159
2020-12-15,792,95,1.009
2020-12-15,792,dizel,1.079
2020-12-15,793,100,1.224
2020-12-15,793,95,1.054
2020-12-15,793,dizel,1.119
2020-12-15,793,dizel-premium,1.339
2020-12-15,794,95,1.009
2020-12-15,794,dizel,1.079
2020-12-15,795,100,1.159
2020-12-15,795,95,1.009
2020-12-15,795,dizel,1.079
2020-12-15,796,100,1.224
2020-12-15,796,95,1.054
2020-12-15,796,dizel,1.119
2020-12-15,796,dizel-premium,1.339
2020-12-15,797,100,1.159
2020-12-15,797,95,1.009
2020-12-15,797,dizel,1.079
2020-12-15,797,dizel-premium,1.229
2020-12-15,798,100,1.159
2020-12-15,798,95,1.009
2020-12-15,798,dizel,1.079
2020-12-15,798,dizel-premium,1.229
2020-12-15,799,100,1.159
2020-12-15,799,95,1.009
2020-12-15,799,dizel,1.079
2020-12-15,799,dizel-premium,1.229
2020-12-15,800,100,1.159
2020-12-15,800,95,1.009
2020-12-15,800,dizel,1.079
2020-12-15,800,dizel-premium,1.229
2020-12-15,801,100,1.159
2020-12-15,801,95,1.009
2020-12-15,801,dizel,1.079
2020-12-15,802,100,1.159
2020-12-15,802,95,1.009
2020-12-15,802,dizel,1.079
2020-12-15,803,100,1.159
2020-12-15,803,95,1.009
2020-12-15,803,dizel,1.079
2020-12-15,803,dizel-premium,1.229
2020-12-15,804,100,1.214
2020-12-15,804,95,1.034
2020-12-15,804,dizel,1.099
2020-12-15,804,dizel-premium,1.329
2020-12-15,805,100,1.214
2020-12-15,805,95,1.034
2020-12-15,805,dizel,1.099
2020-12-15,805,dizel-premium,1.329
2020-12-15,806,100,1.159
2020-12-15,806,95,1.009
2020-12-15,806,dizel,1.079
2020-12-15,807,100,1.159
2020-12-15,807,95,1.009
2020-12-15,807,dizel,1.079
2020-12-15,808,100,1.159
2020-12-15,808,95,1.009
2020-12-15,808,dizel,1.079
2020-12-15,809,100,1.159
2020-12-15,809,95,1.009
2020-12-15,809,dizel,1.079
2020-12-15,810,100,1.159
2020-12-15,810,95,1.009
2020-12-15,810,dizel,1.079
2020-12-15,810,dizel-premium,1.229
2020-12-15,811,95,1.009
2020-12-15,811,dizel,1.079
2020-12-15,812,100,1.159
2020-12-15,812,95,1.009
2020-12-15,812,dizel,1.079
2020-12-15,812,dizel-premium,1.229
2020-12-15,813,100,1.159
2020-12-15,813,95,1.009
2020-12-15,813,dizel,1.079
2020-12-15,814,100,1.159
2020-12-15,814,95,1.009
2020-12-15,814,dizel,1.079
2020-12-15,815,100,1.159
2020-12-15,815,95,1.009
2020-12-15,815,dizel,1.079
2020-12-15,815,dizel-premium,1.229
2020-12-15,816,100,1.159
2020-12-15,816,95,1.009
2020-12-15,816,dizel,1.079
2020-12-15,817,100,1.159
2020-12-15,817,95,1.009
2020-12-15,817,dizel,1.079
2020-12-15,817,dizel-premium,1.229
2020-12-15,818,100,1.159
2020-12-15,818,95,1.009
2020-12-15,818,dizel,1.079
2020-12-15,819,100,1.159
2020-12-15,819,95,1.009
2020-12-15,819,dizel,1.079
2020-12-15,819,dizel-premium,1.229
2020-12-15,820,100,1.159
2020-12-15,820,95,1.009
2020-12-15,820,dizel,1.079
2020-12-15,820,dizel-premium,1.229
2020-12-15,821,100,1.159
2020-12-15,821,95,1.009
2020-12-15,821,dizel,1.079
2020-12-15,822,100,1.159
2020-12-15,822,95,1.009
2020-12-15,822,dizel,1.079
2020-12-15,823,100,1.224
2020-12-15,823,95,1.054
2020-12-15,823,dizel,1.119
2020-12-15,823,dizel-premium,1.339
2020-12-15,824,95,1.009
2020-12-15,824,dizel,1.079
2020-12-15,825,100,1.159
2020-12-15,825,95,1.009
2020-12-15,825,dizel,1.079
2020-12-15,826,100,1.159
2020-12-15,826,95,1.009
2020-12-15,826,dizel,1.079
2020-12-15,827,95,1.009
2020-12-15,827,dizel,1.079
2020-12-15,828,100,1.224
2020-12-15,828,95,1.054
2020-12-15,828,dizel,1.119
2020-12-15,828,dizel-premium,1.339
2020-12-15,829,100,1.159
2020-12-15,829,95,1.009
2020-12-15,829,dizel,1.079
2020-12-15,829,dizel-premium,1.229
2020-12-15,830,100,1.159
2020-12-15,830,95,1.009
2020-12-15,830,dizel,1.079
2020-12-15,830,dizel-premium,1.229
2020-12-15,831,100,1.159
2020-12-15,831,95,1.009
2020-12-15,831,dizel,1.079
2020-12-15,831,dizel-premium,1.229
2020-12-15,832,95,1.009
2020-12-15,832,dizel,1.079
2020-12-15,833,100,1.159
2020-12-15,833,95,1.009
2020-12-15,833,dizel,1.079
2020-12-15,833,dizel-premium,1.229
2020-12-15,834,100,1.159
2020-12-15,834,95,1.009
2020-12-15,834,dizel,1.079
2020-12-15,835,100,1.159
2020-12-15,835,95,1.009
2020-12-15,835,dizel,1.079
2020-12-15,835,dizel-premium,1.229
2020-12-15,836,100,1.159
2020-12-15,836,95,1.009
2020-12-15,836,dizel,1.079
2020-12-15,836,dizel-premium,1.229
2020-12-15,837,100,1.224
2020-12-15,837,95,1.054
2020-12-15,837,dizel,1.119
2020-12-15,837,dizel-premium,1.339
2020-12-15,838,100,1.159
2020-12-15,838,95,1.009
2020-12-15,838,dizel,1.079
2020-12-15,838,dizel-premium,1.229
2020-12-15,839,100,1.159
2020-12-15,839,95,1.009
2020-12-15,839,dizel,1.079
2020-12-15,840,100,1.159
2020-12-15,840,95,1.009
2020-12-15,840,dizel,1.079
2020-12-15,840,dizel-premium,1.229
2020-12-15,841,100,1.159
2020-12-15,841,95,1.009
2020-12-15,841,dizel,1.079
2020-12-15,841,dizel-premium,1.229
2020-12-15,842,100,1.159
2020-12-15,842,95,1.009
2020-12-15,842,dizel,1.079
2020-12-15,843,100,1.159
2020-12-15,843,95,1.009
2020-12-15,843,dizel,1.079
2020-12-15,844,100,1.224
2020-12-15,844,95,1.054
2020-12-15,844,dizel,1.119
2020-12-15,844,dizel-premium,1.339
2020-12-15,845,100,1.224
2020-12-15,845,95,1.054
2020-12-15,845,dizel,1.119
2020-12-15,845,dizel-premium,1.339
2020-12-15,846,100,1.159
2020-12-15,846,95,1.009
2020-12-15,846,dizel,1.079
2020-12-15,847,95,1.054
2020-12-15,847,dizel,1.119
2020-12-15,847,dizel-premium,1.339
2020-12-15,848,95,1.054
2020-12-15,848,dizel,1.119
2020-12-15,848,dizel-premium,1.339
2020-12-15,849,100,1.159
2020-12-15,849,95,1.009
2020-12-15,849,dizel,1.079
2020-12-15,849,dizel-premium,1.229
2020-12-15,850,100,1.159
2020-12-15,850,95,1.009
2020-12-15,850,dizel,1.079
2020-12-15,851,100,1.159
2020-12-15,851,95,1.009
2020-12-15,851,dizel,1.079
2020-12-15,851,dizel-premium,1.229
2020-12-15,852,95,1.009
2020-12-15,852,dizel,1.079
2020-12-15,853,100,1.159
2020-12-15,853,95,1.009
2020-12-15,853,dizel,1.079
2020-12-15,854,100,1.159
2020-12-15,854,95,1.009
2020-12-15,854,dizel,1.079
2020-12-15,854,dizel-premium,1.229
2020-12-15,855,100,1.159
2020-12-15,855,95,1.009
2020-12-15,855,dizel,1.079
2020-12-15,855,dizel-premium,1.229
2020-12-15,856,100,1.159
2020-12-15,856,95,1.009
2020-12-15,856,dizel,1.079
2020-12-15,856,dizel-premium,1.229
2020-12-15,857,100,1.159
2020-12-15,857,95,1.009
2020-12-15,857,dizel,1.079
2020-12-15,857,dizel-premium,1.229
2020-12-15,858,100,1.159
2020-12-15,858,95,1.009
2020-12-15,858,dizel,1.079
2020-12-15,859,95,1.009
2020-12-15,859,dizel,1.079
2020-12-15,860,100,1.159
2020-12-15,860,95,1.009
2020-12-15,860,dizel,1.079
2020-12-15,861,100,1.224
2020-12-15,861,95,1.054
2020-12-15,861,dizel,1.119
2020-12-15,861,dizel-premium,1.339
2020-12-15,862,100,1.159
2020-12-15,862,95,1.009
2020-12-15,862,dizel,1.079
2020-12-15,862,dizel-premium,1.229
2020-12-15,863,100,1.214
2020-12-15,863,95,1.034
2020-12-15,863,dizel,1.099
2020-12-15,864,100,1.214
2020-12-15,864,95,1.034
2020-12-15,864,dizel,1.099
2020-12-15,865,100,1.159
2020-12-15,865,95,1.009
2020-12-15,865,dizel,1.079
2020-12-15,865,dizel-premium,1.229
2020-12-15,866,100,1.159
2020-12-15,866,95,1.009
2020-12-15,866,dizel,1.079
2020-12-15,867,100,1.159
2020-12-15,867,95,1.009
2020-12-15,867,dizel,1.079
2020-12-15,868,100,1.159
2020-12-15,868,95,1.009
2020-12-15,868,dizel,1.079
2020-12-15,869,100,1.159
2020-12-15,869,95,1.009
2020-12-15,869,dizel,1.079
2020-12-15,870,100,1.159
2020-12-15,870,95,1.009
2020-12-15,870,dizel,1.079
2020-12-15,871,100,1.159
2020-12-15,871,95,1.009
2020-12-15,871,dizel,1.079
2020-12-15,871,dizel-premium,1.229
2020-12-15,872,100,1.159
2020-12-15,872,95,1.009
2020-12-15,872,dizel,1.079
2020-12-15,872,dizel-premium,1.229
2020-12-15,873,100,1.159
2020-12-15,873,95,1.009
2020-12-15,873,dizel,1.079
2020-12-15,874,100,1.159
2020-12-15,874,95,1.009
2020-12-15,874,dizel,1.079
2020-12-15,874,dizel-premium,1.229
2020-12-15,875,100,1.159
2020-12-15,875,95,1.009
2020-12-15,875,dizel,1.079
2020-12-15,876,100,1.159
2020-12-15,876,95,1.009
2020-12-15,876,dizel,1.079
2020-12-15,876,dizel-premium,1.229
2020-12-15,1548,100,1.149
2020-12-15,1548,95,1.009
2020-12-15,1548,dizel,1.076
2020-12-15,1548,dizel-premium,1.223
2020-12-15,1549,100,1.149
2020-12-15,1549,95,1.009
2020-12-15,1549,dizel,1.076
2020-12-15,1549,dizel-premium,1.223
2020-12-15,1550,100,1.149
2020-12-15,1550,95,1.009
2020-12-15,1550,dizel,1.076
2020-12-15,1550,dizel-premium,1.223
2020-12-15,1551,100,1.149
2020-12-15,1551,95,1.009
2020-12-15,1551,dizel,1.076
2020-12-15,1551,dizel-premium,1.223
2020-12-15,1552,100,1.149
2020-12-15,1552,95,1.009
2020-12-15,1552,dizel,1.076
2020-12-15,1552,dizel-premium,1.223
2020-12-15,1553,100,1.149
2020-12-15,1553,95,1.009
2020-12-15,1553,dizel,1.076
2020-12-15,1554,100,1.149
2020-12-15,1554,95,1.009
2020-12-15,1554,dizel,1.076
2020-12-15,1554,dizel-premium,1.223
2020-12-15,1555,100,1.149
2020-12-15,1555,95,1.009
2020-12-15,1555,dizel,1.076
2020-12-15,1555,dizel-premium,1.223
2020-12-15,1556,100,1.149
2020-12-15,1556,95,1.009
2020-12-15,1556,dizel,1.076
2020-12-15,1556,dizel-premium,1.223
2020-12-15,1557,100,1.149
2020-12-15,1557,95,1.009
2020-12-15,1557,dizel,1.076
2020-12-15,1557,dizel-premium,1.223
2020-12-15,1558,100,1.149
2020-12-15,1558,95,1.009
2020-12-15,1558,dizel,1.076
2020-12-15,1558,dizel-premium,1.223
2020-12-15,1559,100,1.209
2020-12-15,1559,95,1.040
2020-12-15,1559,dizel,1.099
2020-12-15,1559,dizel-premium,1.319
2020-12-15,1560,100,1.149
2020-12-15,1560,95,1.009
2020-12-15,1560,dizel,1.076
2020-12-15,1561,100,1.149
2020-12-15,1561,95,1.009
2020-12-15,1561,KOEL,0.868
2020-12-15,1561,dizel,1.076
2020-12-15,1562,100,1.149
2020-12-15,1562,95,1.009
2020-12-15,1562,dizel,1.076
2020-12-15,1563,100,1.149
2020-12-15,1563,95,1.009
2020-12-15,1563,dizel,1.076
2020-12-15,1564,100,1.149
2020-12-15,1564,95,1.009
2020-12-15,1564,dizel,1.076
2020-12-15,1564,dizel-premium,1.223
2020-12-15,1565,100,1.149
2020-12-15,1565,95,1.009
2020-12-15,1565,dizel,1.076
2020-12-15,1566,100,1.149
2020-12-15,1566,95,1.009
2020-12-15,1566,dizel,1.076
2020-12-15,1567,100,1.149
2020-12-15,1567,95,1.009
2020-12-15,1567,dizel,1.076
2020-12-15,1568,100,1.209
2020-12-15,1568,95,1.040
2020-12-15,1568,dizel,1.099
2020-12-15,1568,dizel-premium,1.319
2020-12-15,1569,100,1.149
2020-12-15,1569,95,1.009
2020-12-15,1569,dizel,1.076
2020-12-15,1570,100,1.149
2020-12-15,1570,95,1.009
2020-12-15,1570,dizel,1.076
2020-12-15,1571,100,1.149
2020-12-15,1571,95,1.009
2020-12-15,1571,dizel,1.076
2020-12-15,1572,100,1.149
2020-12-15,1572,95,1.009
2020-12-15,1572,dizel,1.076
2020-12-15,1573,100,1.149
2020-12-15,1573,95,1.009
2020-12-15,1573,dizel,1.076
2020-12-15,1574,100,1.149
2020-12-15,1574,95,1.009
2020-12-15,1574,dizel,1.076
2020-12-15,1575,100,1.149
2020-12-15,1575,95,1.009
2020-12-15,1575,dizel,1.076
2020-12-15,1576,100,1.149
2020-12-15,1576,95,1.009
2020-12-15,1576,dizel,1.076
2020-12-15,1577,100,1.149
2020-12-15,1577,95,1.009
2020-12-15,1577,dizel,1.076
2020-12-15,1578,100,1.149
2020-12-15,1578,95,1.009
2020-12-15,1578,dizel,1.076
2020-12-15,1579,100,1.149
2020-12-15,1579,95,1.009
2020-12-15,1579,dizel,1.076
2020-12-15,1580,100,1.149
2020-12-15,1580,95,1.009
2020-12-15,1580,dizel,1.076
2020-12-15,1581,100,1.149
2020-12-15,1581,95,1.009
2020-12-15,1581,dizel,1.076
2020-12-15,1582,100,1.149
2020-12-15,1582,95,1.009
2020-12-15,1582,KOEL,0.868
2020-12-15,1582,dizel,1.076
2020-12-15,1583,100,1.149
2020-12-15,1583,95,1.009
2020-12-15,1583,KOEL,0.868
2020-12-15,1583,dizel,1.076
2020-12-15,1584,100,1.149
2020-12-15,1584,95,1.009
2020-12-15,1584,KOEL,0.868
2020-12-15,1584,dizel,1.076
2020-12-15,1585,100,1.149
2020-12-15,1585,95,1.009
2020-12-15,1585,dizel,1.076
2020-12-15,1585,dizel-premium,1.223
2020-12-15,1586,100,1.149
2020-12-15,1586,95,1.009
2020-12-15,1586,KOEL,0.868
2020-12-15,1586,dizel,1.076
2020-12-15,1587,100,1.149
2020-12-15,1587,95,1.009
2020-12-15,1587,KOEL,0.868
2020-12-15,1587,dizel,1.076
2020-12-15,1588,100,1.149
2020-12-15,1588,95,1.009
2020-12-15,1588,KOEL,0.868
2020-12-15,1588,dizel,1.076
2020-12-15,1588,dizel-premium,1.223
2020-12-15,1589,100,1.149
2020-12-15,1589,95,1.009
2020-12-15,1589,dizel,1.076
2020-12-15,1589,dizel-premium,1.223
2020-12-15,1590,100,1.149
2020-12-15,1590,95,1.009
2020-12-15,1590,dizel,1.076
2020-12-15,1591,100,1.149
2020-12-15,1591,95,1.009
2020-12-15,1591,dizel,1.076
2020-12-15,1592,100,1.149
2020-12-15,1592,95,1.009
2020-12-15,1592,KOEL,0.868
2020-12-15,1592,dizel,1.076
2020-12-15,1593,100,1.149
2020-12-15,1593,95,1.009
2020-12-15,1593,dizel,1.076
2020-12-15,1921,100,1.142
2020-12-15,1921,95,1.005
2020-12-15,1921,dizel,1.074
2020-12-15,1922,95,1.005
2020-12-15,1922,KOEL,0.867
2020-12-15,1922,dizel,1.074
2020-12-15,1923,100,1.192
2020-12-15,1923,95,1.035
2020-12-15,1923,dizel,1.097
2020-12-15,1924,95,1.005
2020-12-15,1924,KOEL,0.867
2020-12-15,1924,dizel,1.074
2020-12-15,1925,95,1.005
2020-12-15,1925,KOEL,0.867
2020-12-15,1925,dizel,1.074
2020-12-15,1926,95,1.005
2020-12-15,1926,KOEL,0.867
2020-12-15,1926,dizel,1.074
2020-12-15,1927,95,1.005
2020-12-15,1927,dizel,1.074
2020-12-15,1928,100,1.142
2020-12-15,1928,95,1.005
2020-12-15,1928,KOEL,0.867
2020-12-15,1928,dizel,1.074
2020-12-15,1929,100,1.142
2020-12-15,1929,95,1.005
2020-12-15,1929,KOEL,0.867
2020-12-15,1929,dizel,1.074
2020-12-15,1930,95,1.005
2020-12-15,1930,KOEL,0.867
2020-12-15,1930,dizel,1.074
2020-12-15,1931,95,1.005
2020-12-15,1931,KOEL,0.867
2020-12-15,1931,dizel,1.074
2020-12-15,1932,95,1.005
2020-12-15,1932,KOEL,0.867
2020-12-15,1932,dizel,1.074
2020-12-15,1933,95,1.005
2020-12-15,1933,KOEL,0.867
2020-12-15,1933,dizel,1.074
2020-12-15,1934,100,1.142
2020-12-15,1934,95,1.005
2020-12-15,1934,dizel,1.074
2020-12-15,1935,100,1.142
2020-12-15,1935,95,1.005
2020-12-15,1935,KOEL,0.867
2020-12-15,1935,dizel,1.074
2020-12-15,1936,95,1.005
2020-12-15,1936,KOEL,0.867
2020-12-15,1936,dizel,1.074
2020-12-15,1937,95,1.005
2020-12-15,1937,KOEL,0.867
2020-12-15,1937,dizel,1.074
2020-12-15,1938,95,1.005
2020-12-15,1938,KOEL,0.867
2020-12-15,1938,dizel,1.074
2020-12-15,1939,95,1.005
2020-12-15,1939,KOEL,0.867
2020-12-15,1939,dizel,1.074
2020-12-15,1940,95,1.005
2020-12-15,1940,KOEL,0.867
2020-12-15,1940,dizel,1.074
2020-12-15,1941,95,1.005
2020-12-15,1941,dizel,1.074
2020-12-15,1942,100,1.142
2020-12-15,1942,95,1.005
2020-12-15,1942,KOEL,0.867
2020-12-15,1942,dizel,1.074
2020-12-15,1943,100,1.142
2020-12-15,1943,95,1.005
2020-12-15,1943,KOEL,0.867
2020-12-15,1943,dizel,1.074
2020-12-15,1944,95,1.005
2020-12-15,1944,KOEL,0.867
2020-12-15,1944,dizel,1.074
2020-12-15,1945,100,1.192
2020-12-15,1945,95,1.035
2020-12-15,1945,dizel,1.097
2020-12-15,1946,95,1.005
2020-12-15,1946,KOEL,0.867
2020-12-15,1946,dizel,1.074
2020-12-15,1947,100,1.142
2020-12-15,1947,95,1.005
2020-12-15,1947,KOEL,0.867
2020-12-15,1947,dizel,1.074
2020-12-15,1948,100,1.142
2020-12-15,1948,95,1.005
2020-12-15,1948,KOEL,0.867
2020-12-15,1948,dizel,1.074
2020-12-15,1949,100,1.192
2020-12-15,1949,95,1.035
2020-12-15,1949,dizel,1.097
2020-12-15,1949,dizel-premium,1.319
2020-12-15,1950,100,1.142
2020-12-15,1950,95,1.005
2020-12-15,1950,KOEL,0.867
2020-12-15,1950,dizel,1.074
2020-12-15,1951,100,1.142
2020-12-15,1951,95,1.005
2020-12-15,1951,KOEL,0.867
2020-12-15,1951,dizel,1.074
2020-12-15,1952,100,1.142
2020-12-15,1952,95,1.005
2020-12-15,1952,dizel,1.074
2020-12-15,1953,95,1.005
2020-12-15,1953,KOEL,0.867
2020-12-15,1953,dizel,1.074
2020-12-15,1954,100,1.142
2020-12-15,1954,95,1.005
2020-12-15,1954,KOEL,0.867
2020-12-15,1954,dizel,1.074
2020-12-15,1955,100,1.142
2020-12-15,1955,95,1.005
2020-12-15,1955,dizel,1.074
2020-12-15,1956,100,1.142
2020-12-15,1956,95,1.005
2020-12-15,1956,dizel,1.074
2020-12-15,1957,100,1.142
2020-12-15,1957,95,1.005
2020-12-15,1957,KOEL,0.867
2020-12-15,1957,dizel,1.074
2020-12-15,1958,100,1.142
2020-12-15,1958,95,1.005
2020-12-15,1958,KOEL,0.867
2020-12-15,1958,dizel,1.074
2020-12-15,1959,100,1.142
2020-12-15,1959,95,1.005
2020-12-15,1959,dizel,1.074
2020-12-15,1960,100,1.142
2020-12-15,1960,95,1.005
2020-12-15,1960,dizel,1.074
2020-12-15,1961,100,1.142
2020-12-15,1961,95,1.005
2020-12-15,1961,KOEL,0.867
2020-12-15,1961,dizel,1.074
2020-12-15,1962,100,1.142
2020-12-15,1962,95,1.005
2020-12-15,1962,KOEL,0.867
2020-12-15,1962,dizel,1.074
2020-12-15,1963,100,1.142
2020-12-15,1963,95,1.005
2020-12-15,1963,KOEL,0.867
2020-12-15,1963,dizel,1.074
2020-12-15,1964,95,1.005
2020-12-15,1964,KOEL,0.867
2020-12-15,1964,dizel,1.074
2020-12-15,1965,95,1.005
2020-12-15,1965,KOEL,0.867
2020-12-15,1965,dizel,1.074
2020-12-15,1966,100,1.142
2020-12-15,1966,95,1.005
2020-12-15,1966,KOEL,0.867
2020-12-15,1966,dizel,1.074
2020-12-15,1967,95,1.005
2020-12-15,1967,KOEL,0.867
2020-12-15,1967,dizel,1.074
2020-12-15,1968,95,1.005
2020-12-15,1968,KOEL,0.867
2020-12-15,1968,dizel,1.074
2020-12-15,1969,100,1.142
2020-12-15,1969,95,1.005
2020-12-15,1969,KOEL,0.867
2020-12-15,1969,dizel,1.074
2020-12-15,1970,100,1.142
2020-12-15,1970,95,1.005
2020-12-15,1970,KOEL,0.867
2020-12-15,1970,dizel,1.074
2020-12-15,1971,100,1.142
2020-12-15,1971,95,1.005
2020-12-15,1971,dizel,1.074
2020-12-15,1972,100,1.142
2020-12-15,1972,95,1.005
2020-12-15,1972,KOEL,0.867
2020-12-15,1972,dizel,1.074
2020-12-15,1973,95,1.005
2020-12-15,1973,KOEL,0.867
2020-12-15,1973,dizel,1.074
2020-12-15,1974,95,1.005
2020-12-15,1974,KOEL,0.867
2020-12-15,1974,dizel,1.074
2020-12-15,1975,95,1.005
2020-12-15,1975,KOEL,0.867
2020-12-15,1975,dizel,1.074
2020-12-15,1976,100,1.192
2020-12-15,1976,95,1.035
2020-12-15,1976,dizel,1.097
2020-12-15,1977,100,1.192
2020-12-15,1977,95,1.035
2020-12-15,1977,dizel,1.097
2020-12-15,1977,dizel-premium,1.319
2020-12-15,1978,100,1.192
2020-12-15,1978,95,1.035
2020-12-15,1978,dizel,1.097
2020-12-15,1978,dizel-premium,1.319
2020-12-15,1979,100,1.142
2020-12-15,1979,95,1.005
2020-12-15,1979,KOEL,0.867
2020-12-15,1979,dizel,1.074
2020-12-15,1980,100,1.142
2020-12-15,1980,95,1.005
2020-12-15,1980,KOEL,0.867
2020-12-15,1980,dizel,1.074
2020-12-15,1981,100,1.142
2020-12-15,1981,95,1.005
2020-12-15,1981,dizel,1.074
2020-12-15,1982,95,1.005
2020-12-15,1982,KOEL,0.867
2020-12-15,1982,dizel,1.074
2020-12-15,1983,95,1.005
2020-12-15,1983,dizel,1.074
2020-12-15,1984,100,1.142
2020-12-15,1984,95,1.005
2020-12-15,1984,dizel,1.074
2020-12-15,1985,95,1.005
2020-12-15,1985,KOEL,0.867
2020-12-15,1985,dizel,1.074
2020-12-15,1986,100,1.142
2020-12-15,1986,95,1.005
2020-12-15,1986,KOEL,0.867
2020-12-15,1986,dizel,1.074
2020-12-15,1987,95,1.005
2020-12-15,1987,KOEL,0.867
2020-12-15,1987,dizel,1.074
2020-12-15,1988,95,1.005
2020-12-15,1988,KOEL,0.867
2020-12-15,1988,dizel,1.074
2020-12-15,1989,95,1.005
2020-12-15,1989,KOEL,0.867
2020-12-15,1989,dizel,1.074
2020-12-15,1990,100,1.142
2020-12-15,1990,95,1.005
2020-12-15,1990,dizel,1.074
2020-12-15,1991,95,1.005
2020-12-15,1991,KOEL,0.867
2020-12-15,1991,dizel,1.074
2020-12-15,1992,100,1.142
2020-12-15,1992,95,1.005
2020-12-15,1992,KOEL,0.867
2020-12-15,1992,dizel,1.074
2020-12-15,1993,100,1.142
2020-12-15,1993,95,1.005
2020-12-15,1993,KOEL,0.867
2020-12-15,1993,dizel,1.074
2020-12-15,1994,100,1.142
2020-12-15,1994,95,1.005
2020-12-15,1994,KOEL,0.867
2020-12-15,1994,dizel,1.074
2020-12-15,1995,100,1.142
2020-12-15,1995,95,1.005
2020-12-15,1995,KOEL,0.867
2020-12-15,1995,dizel,1.074
2020-12-15,1996,100,1.142
2020-12-15,1996,95,1.005
2020-12-15,1996,KOEL,0.867
2020-12-15,1996,dizel,1.074
2020-12-15,1997,100,1.192
2020-12-15,1997,95,1.035
2020-12-15,1997,dizel,1.097
2020-12-15,1998,100,1.142
2020-12-15,1998,95,1.005
2020-12-15,1998,dizel,1.074
2020-12-15,1999,100,1.142
2020-12-15,1999,95,1.005
2020-12-15,1999,KOEL,0.867
2020-12-15,1999,dizel,1.074
2020-12-15,2000,100,1.192
2020-12-15,2000,95,1.035
2020-12-15,2000,dizel,1.097
2020-12-15,2000,dizel-premium,1.319
2020-12-15,2001,100,1.142
2020-12-15,2001,95,1.005
2020-12-15,2001,KOEL,0.867
2020-12-15,2001,dizel,1.074
2020-12-15,2002,100,1.142
2020-12-15,2002,95,1.005
2020-12-15,2002,dizel,1.074
2020-12-15,2003,100,1.142
2020-12-15,2003,95,1.005
2020-12-15,2003,KOEL,0.867
2020-12-15,2003,dizel,1.074
2020-12-15,2004,100,1.142
2020-12-15,2004,95,1.005
2020-12-15,2004,dizel,1.074
2020-12-15,2005,100,1.142
2020-12-15,2005,95,1.005
2020-12-15,2005,dizel,1.074
2020-12-15,2006,100,1.142
2020-12-15,2006,95,1.005
2020-12-15,2006,dizel,1.074
2020-12-15,2007,100,1.142
2020-12-15,2007,95,1.005
2020-12-15,2007,KOEL,0.867
2020-12-15,2007,dizel,1.074
2020-12-15,2008,100,1.192
2020-12-15,2008,95,1.035
2020-12-15,2008,dizel,1.097
2020-12-15,2009,100,1.192
2020-12-15,2009,95,1.035
2020-12-15,2009,dizel,1.097
2020-12-15,2009,dizel-premium,1.319
2020-12-15,2010,100,1.142
2020-12-15,2010,95,1.005
2020-12-15,2010,KOEL,0.867
2020-12-15,2010,dizel,1.074
2020-12-15,2011,95,1.005
2020-12-15,2011,KOEL,0.867
2020-12-15,2011,dizel,1.074
2020-12-15,2012,95,1.005
2020-12-15,2012,KOEL,0.867
2020-12-15,2012,dizel,1.074
2020-12-15,2013,95,1.005
2020-12-15,2013,KOEL,0.867
2020-12-15,2013,dizel,1.074
2020-12-15,2014,100,1.142
2020-12-15,2014,95,1.005
2020-12-15,2014,KOEL,0.867
2020-12-15,2014,dizel,1.074
2020-12-15,2015,100,1.142
2020-12-15,2015,95,1.005
2020-12-15,2015,KOEL,0.867
2020-12-15,2015,dizel,1.074
2020-12-15,2016,100,1.142
2020-12-15,2016,95,1.005
2020-12-15,2016,dizel,1.074
2020-12-15,2017,95,1.005
2020-12-15,2017,KOEL,0.867
2020-12-15,2017,dizel,1.074
2020-12-15,2018,100,1.192
2020-12-15,2018,95,1.035
2020-12-15,2018,dizel,1.097
2020-12-15,2019,100,1.192
2020-12-15,2019,95,1.035
2020-12-15,2019,dizel,1.097
2020-12-15,2020,100,1.142
2020-12-15,2020,95,1.005
2020-12-15,2020,KOEL,0.867
2020-12-15,2020,dizel,1.074
2020-12-15,2021,100,1.142
2020-12-15,2021,95,1.005
2020-12-15,2021,dizel,1.074
2020-12-15,2022,100,1.142
2020-12-15,2022,95,1.005
2020-12-15,2022,KOEL,0.867
2020-12-15,2022,dizel,1.074
2020-12-15,2023,100,1.142
2020-12-15,2023,95,1.005
2020-12-15,2023,dizel,1.074
2020-12-15,2024,100,1.142
2020-12-15,2024,95,1.005
2020-12-15,2024,KOEL,0.867
2020-12-15,2024,dizel,1.074
2020-12-15,2025,95,1.005
2020-12-15,2025,KOEL,0.867
2020-12-15,2025,dizel,1.074
2020-12-15,2026,100,1.192
2020-12-15,2026,95,1.035
2020-12-15,2026,dizel,1.097
2020-12-15,2027,100,1.192
2020-12-15,2027,95,1.035
2020-12-15,2027,dizel,1.097
2020-12-15,2028,100,1.142
2020-12-15,2028,95,1.005
2020-12-15,2028,dizel,1.074
2020-12-15,2029,100,1.142
2020-12-15,2029,95,1.005
2020-12-15,2029,dizel,1.074
2020-12-15,2030,100,1.192
2020-12-15,2030,95,1.035
2020-12-15,2030,dizel,1.097
2020-12-15,2031,100,1.192
2020-12-15,2031,95,1.035
2020-12-15,2031,dizel,1.097
2020-12-15,2032,100,1.192
2020-12-15,2032,95,1.035
2020-12-15,2032,dizel,1.097
2020-12-15,2032,dizel-premium,1.319
2020-12-15,2033,100,1.142
2020-12-15,2033,95,1.005
2020-12-15,2033,dizel,1.074
2020-12-15,2034,100,1.142
2020-12-15,2034,95,1.005
2020-12-15,2034,dizel,1.074
2020-12-15,2035,95,1.005
2020-12-15,2035,dizel,1.074
2020-12-15,2036,100,1.142
2020-12-15,2036,95,1.005
2020-12-15,2036,dizel,1.074
2020-12-15,2037,100,1.142
2020-12-15,2037,95,1.005
2020-12-15,2037,dizel,1.074
2020-12-15,2038,95,1.005
2020-12-15,2038,dizel,1.074
2020-12-15,2039,100,1.142
2020-12-15,2039,95,1.005
2020-12-15,2039,dizel,1.074
2020-12-15,2040,100,1.142
2020-12-15,2040,95,1.005
2020-12-15,2040,KOEL,0.867
2020-12-15,2040,dizel,1.074
2020-12-15,2041,100,1.142
2020-12-15,2041,95,1.005
2020-12-15,2041,dizel,1.074
2020-12-15,2042,95,1.005
2020-12-15,2042,KOEL,0.867
2020-12-15,2042,dizel,1.074
2020-12-15,2043,100,1.142
2020-12-15,2043,95,1.005
2020-12-15,2043,dizel,1.074
2020-12-15,2044,100,1.142
2020-12-15,2044,95,1.005
2020-12-15,2044,dizel,1.074
2020-12-15,2045,100,1.142
2020-12-15,2045,95,1.005
2020-12-15,2045,dizel,1.074
2020-12-15,2046,100,1.142
2020-12-15,2046,95,1.005
2020-12-15,2046,dizel,1.074
2020-12-15,2047,100,1.142
2020-12-15,2047,95,1.005
2020-12-15,2047,dizel,1.074
2020-12-15,2048,100,1.142
2020-12-15,2048,95,1.005
2020-12-15,2048,dizel,1.074
2020-12-15,2049,100,1.142
2020-12-15,2049,95,1.005
2020-12-15,2049,KOEL,0.867
2020-12-15,2049,dizel,1.074
2020-12-15,2050,95,1.005
2020-12-15,2050,dizel,1.074
2020-12-15,2051,95,1.005
2020-12-15,2051,KOEL,0.867
2020-12-15,2051,dizel,1.074
2020-12-15,2052,100,1.142
2020-12-15,2052,95,1.005
2020-12-15,2052,dizel,1.074
2020-12-15,2053,95,1.005
2020-12-15,2053,KOEL,0.867
2020-12-15,2053,dizel,1.074
2020-12-15,2054,95,1.005
2020-12-15,2054,KOEL,0.867
2020-12-15,2054,dizel,1.074
2020-12-15,2055,95,1.005
2020-12-15,2055,dizel,1.074
2020-12-15,2056,100,1.142
2020-12-15,2056,95,1.005
2020-12-15,2056,dizel,1.074
2020-12-15,2057,95,1.005
2020-12-15,2057,dizel,1.074
2020-12-15,2058,95,1.005
2020-12-15,2058,dizel,1.074
2020-12-15,2059,100,1.192
2020-12-15,2059,95,1.035
2020-12-15,2059,dizel,1.097
2020-12-15,2059,dizel-premium,1.319
2020-12-15,2060,100,1.192
2020-12-15,2060,95,1.035
2020-12-15,2060,dizel,1.097
2020-12-15,2060,dizel-premium,1.319
2020-12-15,2061,100,1.142
2020-12-15,2061,95,1.005
2020-12-15,2061,KOEL,0.867
2020-12-15,2061,dizel,1.074
2020-12-15,2062,100,1.142
2020-12-15,2062,95,1.005
2020-12-15,2062,KOEL,0.867
2020-12-15,2062,dizel,1.074
2020-12-15,2063,100,1.142
2020-12-15,2063,95,1.005
2020-12-15,2063,dizel,1.074
2020-12-15,2064,100,1.142
2020-12-15,2064,95,1.005
2020-12-15,2064,KOEL,0.867
2020-12-15,2064,dizel,1.074
2020-12-15,2065,100,1.142
2020-12-15,2065,95,1.005
2020-12-15,2065,KOEL,0.867
2020-12-15,2065,dizel,1.074
2020-12-15,2066,95,1.005
2020-12-15,2066,KOEL,0.867
2020-12-15,2066,dizel,1.074
2020-12-15,2067,100,1.142
2020-12-15,2067,95,1.005
2020-12-15,2067,KOEL,0.867
2020-12-15,2067,dizel,1.074
2020-12-15,2068,95,1.005
2020-12-15,2068,dizel,1.074
2020-12-15,2069,100,1.142
2020-12-15,2069,95,1.005
2020-12-15,2069,dizel,1.074
2020-12-15,2070,100,1.142
2020-12-15,2070,95,1.005
2020-12-15,2070,KOEL,0.867
2020-12-15,2070,dizel,1.074
2020-12-15,2071,100,1.142
2020-12-15,2071,95,1.005
2020-12-15,2071,KOEL,0.867
2020-12-15,2071,dizel,1.074
2020-12-15,2072,95,1.005
2020-12-15,2072,KOEL,0.867
2020-12-15,2072,dizel,1.074
2020-12-15,2073,100,1.142
2020-12-15,2073,95,1.005
2020-12-15,2073,KOEL,0.867
2020-12-15,2073,dizel,1.074
2020-12-15,2074,100,1.142
2020-12-15,2074,95,1.005
2020-12-15,2074,KOEL,0.867
2020-12-15,2074,dizel,1.074
2020-12-15,2075,95,1.005
2020-12-15,2075,KOEL,0.867
2020-12-15,2075,dizel,1.074
2020-12-15,2076,95,1.005
2020-12-15,2076,KOEL,0.867
2020-12-15,2076,dizel,1.074
2020-12-15,2077,95,1.005
2020-12-15,2077,KOEL,0.867
2020-12-15,2077,dizel,1.074
2020-12-15,2078,95,1.005
2020-12-15,2078,KOEL,0.867
2020-12-15,2078,dizel,1.074
2020-12-15,2079,95,1.005
2020-12-15,2079,KOEL,0.867
2020-12-15,2079,dizel,1.074
2020-12-15,2080,100,1.142
2020-12-15,2080,95,1.005
2020-12-15,2080,KOEL,0.867
2020-12-15,2080,dizel,1.074
2020-12-15,2082,95,1.005
2020-12-15,2082,KOEL,0.867
2020-12-15,2082,dizel,1.074
2020-12-15,2083,95,1.005
2020-12-15,2083,KOEL,0.867
2020-12-15,2083,dizel,1.074
2020-12-15,2084,95,1.005
2020-12-15,2084,KOEL,0.867
2020-12-15,2084,dizel,1.074
2020-12-15,2085,95,1.005
2020-12-15,2085,dizel,1.074
2020-12-15,2086,95,1.005
2020-12-15,2086,KOEL,0.867
2020-12-15,2086,dizel,1.074
2020-12-15,2087,95,1.005
2020-12-15,2087,KOEL,0.867
2020-12-15,2087,dizel,1.074
2020-12-15,2088,100,1.192
2020-12-15,2088,95,1.035
2020-12-15,2088,dizel,1.097
2020-12-15,2088,dizel-premium,1.319
2020-12-15,2089,100,1.192
2020-12-15,2089,95,1.035
2020-12-15,2089,dizel,1.097
2020-12-15,2090,100,1.142
2020-12-15,2090,95,1.005
2020-12-15,2090,KOEL,0.867
2020-12-15,2090,dizel,1.074
2020-12-15,2091,100,1.142
2020-12-15,2091,95,1.005
2020-12-15,2091,KOEL,0.867
2020-12-15,2091,dizel,1.074
2020-12-15,2092,100,1.142
2020-12-15,2092,95,1.005
2020-12-15,2092,KOEL,0.867
2020-12-15,2092,dizel,1.074
2020-12-15,2093,95,1.005
2020-12-15,2093,KOEL,0.867
2020-12-15,2093,dizel,1.074
2020-12-15,2094,100,1.142
2020-12-15,2094,95,1.005
2020-12-15,2094,KOEL,0.867
2020-12-15,2094,dizel,1.074
2020-12-15,2095,100,1.192
2020-12-15,2095,95,1.035
2020-12-15,2095,dizel,1.097
2020-12-15,2095,dizel-premium,1.319
2020-12-15,2096,100,1.192
2020-12-15,2096,95,1.035
2020-12-15,2096,dizel,1.097
2020-12-15,2096,dizel-premium,1.319
2020-12-15,2097,95,1.005
2020-12-15,2097,KOEL,0.867
2020-12-15,2097,dizel,1.074
2020-12-15,2098,100,1.142
2020-12-15,2098,95,1.005
2020-12-15,2098,KOEL,0.867
2020-12-15,2098,dizel,1.074
2020-12-15,2099,100,1.142
2020-12-15,2099,95,1.005
2020-12-15,2099,KOEL,0.867
2020-12-15,2099,dizel,1.074
2020-12-15,2100,100,1.192
2020-12-15,2100,95,1.035
2020-12-15,2100,dizel,1.097
2020-12-15,2101,100,1.192
2020-12-15,2101,95,1.035
2020-12-15,2101,dizel,1.097
2020-12-15,2102,95,1.005
2020-12-15,2102,KOEL,0.867
2020-12-15,2102,dizel,1.074
2020-12-15,2103,95,1.005
2020-12-15,2103,KOEL,0.867
2020-12-15,2103,dizel,1.074
2020-12-15,2104,100,1.142
2020-12-15,2104,95,1.005
2020-12-15,2104,KOEL,0.867
2020-12-15,2104,dizel,1.074
2020-12-15,2105,95,1.005
2020-12-15,2105,KOEL,0.867
2020-12-15,2105,dizel,1.074
2020-12-15,2106,95,1.005
2020-12-15,2106,KOEL,0.867
2020-12-15,2106,dizel,1.074
2020-12-15,2107,95,1.005
2020-12-15,2107,KOEL,0.867
2020-12-15,2107,dizel,1.074
2020-12-15,2108,100,1.142
2020-12-15,2108,95,1.005
2020-12-15,2108,KOEL,0.867
2020-12-15,2108,dizel,1.074
2020-12-15,2109,95,1.005
2020-12-15,2109,KOEL,0.867
2020-12-15,2109,dizel,1.074
2020-12-15,2110,100,1.142
2020-12-15,2110,95,1.005
2020-12-15,2110,dizel,1.074
2020-12-15,2111,100,1.142
2020-12-15,2111,95,1.005
2020-12-15,2111,KOEL,0.867
2020-12-15,2111,dizel,1.074
2020-12-15,2112,100,1.142
2020-12-15,2112,95,1.005
2020-12-15,2112,dizel,1.074
2020-12-15,2113,95,1.005
2020-12-15,2113,dizel,1.074
2020-12-15,2114,95,1.005
2020-12-15,2114,KOEL,0.867
2020-12-15,2114,dizel,1.074
2020-12-15,2115,100,1.142
2020-12-15,2115,95,1.005
2020-12-15,2115,KOEL,0.867
2020-12-15,2115,dizel,1.074
2020-12-15,2116,95,1.005
2020-12-15,2116,KOEL,0.867
2020-12-15,2116,dizel,1.074
2020-12-15,2117,100,1.142
2020-12-15,2117,95,1.005
2020-12-15,2117,dizel,1.074
2020-12-15,2118,95,1.005
2020-12-15,2118,dizel,1.074
2020-12-15,2119,100,1.142
2020-12-15,2119,95,1.005
2020-12-15,2119,KOEL,0.867
2020-12-15,2119,dizel,1.074
2020-12-15,2120,100,1.192
2020-12-15,2120,95,1.035
2020-12-15,2120,dizel,1.097
2020-12-15,2121,100,1.142
2020-12-15,2121,95,1.005
2020-12-15,2121,KOEL,0.867
2020-12-15,2121,dizel,1.074
2020-12-15,2122,100,1.142
2020-12-15,2122,95,1.005
2020-12-15,2122,KOEL,0.867
2020-12-15,2122,dizel,1.074
2020-12-15,2123,100,1.192
2020-12-15,2123,95,1.035
2020-12-15,2123,dizel,1.097
2020-12-15,2124,95,1.005
2020-12-15,2124,KOEL,0.867
2020-12-15,2124,dizel,1.074
2020-12-15,2125,100,1.142
2020-12-15,2125,95,1.005
2020-12-15,2125,KOEL,0.867
2020-12-15,2125,dizel,1.074
2020-12-15,2126,100,1.142
2020-12-15,2126,95,1.005
2020-12-15,2126,dizel,1.074
2020-12-15,2127,95,1.005
2020-12-15,2127,KOEL,0.867
2020-12-15,2127,dizel,1.074
2020-12-15,2128,100,1.142
2020-12-15,2128,95,1.005
2020-12-15,2128,dizel,1.074
2020-12-15,2129,95,1.005
2020-12-15,2129,dizel,1.074
2020-12-15,2130,100,1.142
2020-12-15,2130,95,1.005
2020-12-15,2130,dizel,1.074
2020-12-15,2131,100,1.142
2020-12-15,2131,95,1.005
2020-12-15,2131,KOEL,0.867
2020-12-15,2131,dizel,1.074
2020-12-15,2132,100,1.142
2020-12-15,2132,95,1.005
2020-12-15,2132,KOEL,0.867
2020-12-15,2132,dizel,1.074
2020-12-15,2133,100,1.142
2020-12-15,2133,95,1.005
2020-12-15,2133,dizel,1.074
2020-12-15,2134,100,1.142
2020-12-15,2134,95,1.005
2020-12-15,2134,dizel,1.074
2020-12-15,2135,100,1.142
2020-12-15,2135,95,1.005
2020-12-15,2135,dizel,1.074
2020-12-15,2136,100,1.142
2020-12-15,2136,95,1.005
2020-12-15,2136,dizel,1.074
2020-12-15,2137,100,1.142
2020-12-15,2137,95,1.005
2020-12-15,2137,KOEL,0.867
2020-12-15,2137,dizel,1.074
2020-12-15,2138,100,1.142
2020-12-15,2138,95,1.005
2020-12-15,2138,dizel,1.074
2020-12-15,2139,100,1.142
2020-12-15,2139,95,1.005
2020-12-15,2139,KOEL,0.867
2020-12-15,2139,dizel,1.074
2020-12-15,2140,95,1.005
2020-12-15,2140,KOEL,0.867
2020-12-15,2140,dizel,1.074
2020-12-15,2141,100,1.192
2020-12-15,2141,95,1.035
2020-12-15,2141,dizel,1.097
2020-12-15,2142,95,1.005
2020-12-15,2142,KOEL,0.867
2020-12-15,2142,dizel,1.074
2020-12-15,2143,95,1.005
2020-12-15,2143,KOEL,0.867
2020-12-15,2143,dizel,1.074
2020-12-15,2144,100,1.142
2020-12-15,2144,95,1.005
2020-12-15,2144,KOEL,0.867
2020-12-15,2144,dizel,1.074
2020-12-15,2145,100,1.142
2020-12-15,2145,95,1.005
2020-12-15,2145,KOEL,0.867
2020-12-15,2145,dizel,1.074
2020-12-15,2146,100,1.142
2020-12-15,2146,95,1.005
2020-12-15,2146,KOEL,0.867
2020-12-15,2146,dizel,1.074
2020-12-15,2147,100,1.142
2020-12-15,2147,95,1.005
2020-12-15,2147,KOEL,0.867
2020-12-15,2147,dizel,1.074
2020-12-15,2148,100,1.142
2020-12-15,2148,95,1.005
2020-12-15,2148,KOEL,0.867
2020-12-15,2148,dizel,1.074
2020-12-15,2149,100,1.142
2020-12-15,2149,95,1.005
2020-12-15,2149,KOEL,0.867
2020-12-15,2149,dizel,1.074
2020-12-15,2150,100,1.142
2020-12-15,2150,95,1.005
2020-12-15,2150,KOEL,0.867
2020-12-15,2150,dizel,1.074
2020-12-15,2151,95,1.005
2020-12-15,2151,KOEL,0.867
2020-12-15,2151,dizel,1.074
2020-12-15,2152,95,1.005
2020-12-15,2152,KOEL,0.867
2020-12-15,2152,dizel,1.074
2020-12-15,2153,95,1.005
2020-12-15,2153,KOEL,0.867
2020-12-15,2153,dizel,1.074
2020-12-15,2154,95,1.005
2020-12-15,2154,KOEL,0.867
2020-12-15,2154,dizel,1.074
2020-12-15,2155,95,1.005
2020-12-15,2155,KOEL,0.867
2020-12-15,2155,dizel,1.074
2020-12-15,2156,95,1.005
2020-12-15,2156,KOEL,0.867
2020-12-15,2156,dizel,1.074
2020-12-15,2157,95,1.005
2020-12-15,2157,KOEL,0.867
2020-12-15,2157,dizel,1.074
2020-12-15,2158,100,1.142
2020-12-15,2158,95,1.005
2020-12-15,2158,KOEL,0.867
2020-12-15,2158,dizel,1.074
2020-12-15,2159,95,1.005
2020-12-15,2159,KOEL,0.867
2020-12-15,2159,dizel,1.074
2020-12-15,2160,95,1.005
2020-12-15,2160,KOEL,0.867
2020-12-15,2160,dizel,1.074
2020-12-15,2161,100,1.142
2020-12-15,2161,95,1.005
2020-12-15,2161,KOEL,0.867
2020-12-15,2161,dizel,1.074
2020-12-15,2162,100,1.192
2020-12-15,2162,95,1.035
2020-12-15,2162,dizel,1.097
2020-12-15,2163,100,1.142
2020-12-15,2163,95,1.005
2020-12-15,2163,KOEL,0.867
2020-12-15,2163,dizel,1.074
2020-12-15,2164,100,1.142
2020-12-15,2164,95,1.005
2020-12-15,2164,KOEL,0.867
2020-12-15,2164,dizel,1.074
2020-12-15,2165,95,1.005
2020-12-15,2165,KOEL,0.867
2020-12-15,2165,dizel,1.074
2020-12-15,2166,100,1.142
2020-12-15,2166,95,1.005
2020-12-15,2166,KOEL,0.867
2020-12-15,2166,dizel,1.074
2020-12-15,2167,100,1.142
2020-12-15,2167,95,1.005
2020-12-15,2167,dizel,1.074
2020-12-15,2168,100,1.142
2020-12-15,2168,95,1.005
2020-12-15,2168,KOEL,0.867
2020-12-15,2168,dizel,1.074
2020-12-15,2169,95,1.005
2020-12-15,2169,KOEL,0.867
2020-12-15,2169,dizel,1.074
2020-12-15,2170,95,1.005
2020-12-15,2170,KOEL,0.867
2020-12-15,2170,dizel,1.074
2020-12-15,2171,100,1.142
2020-12-15,2171,95,1.005
2020-12-15,2171,KOEL,0.867
2020-12-15,2171,dizel,1.074
2020-12-15,2172,100,1.142
2020-12-15,2172,95,1.005
2020-12-15,2172,dizel,1.074
2020-12-15,2173,95,1.005
2020-12-15,2173,KOEL,0.867
2020-12-15,2173,dizel,1.074
2020-12-15,2174,100,1.142
2020-12-15,2174,95,1.005
2020-12-15,2174,KOEL,0.867
2020-12-15,2174,dizel,1.074
2020-12-15,2175,100,1.192
2020-12-15,2175,95,1.035
2020-12-15,2175,dizel,1.097
2020-12-15,2176,100,1.192
2020-12-15,2176,95,1.035
2020-12-15,2176,dizel,1.097
2020-12-15,2177,95,1.005
2020-12-15,2177,KOEL,0.867
2020-12-15,2177,dizel,1.074
2020-12-15,2178,100,1.142
2020-12-15,2178,95,1.005
2020-12-15,2178,KOEL,0.867
2020-12-15,2178,dizel,1.074
2020-12-15,2179,95,1.005
2020-12-15,2179,KOEL,0.867
2020-12-15,2179,dizel,1.074
2020-12-15,2180,95,1.005
2020-12-15,2180,KOEL,0.867
2020-12-15,2180,dizel,1.074
2020-12-15,2181,95,1.005
2020-12-15,2181,KOEL,0.867
2020-12-15,2181,dizel,1.074
2020-12-15,2182,95,1.005
2020-12-15,2182,KOEL,0.867
2020-12-15,2182,dizel,1.074
2020-12-15,2183,95,1.005
2020-12-15,2183,dizel,1.074
2020-12-15,2184,95,1.005
2020-12-15,2184,KOEL,0.867
2020-12-15,2184,dizel,1.074
2020-12-15,2185,95,1.005
2020-12-15,2185,KOEL,0.867
2020-12-15,2185,dizel,1.074
2020-12-15,2186,100,1.142
2020-12-15,2186,95,1.005
2020-12-15,2186,KOEL,0.867
2020-12-15,2186,dizel,1.074
2020-12-15,2187,100,1.142
2020-12-15,2187,95,1.005
2020-12-15,2187,KOEL,0.867
2020-12-15,2187,dizel,1.074
2020-12-15,2188,100,1.142
2020-12-15,2188,95,1.005
2020-12-15,2188,KOEL,0.867
2020-12-15,2188,dizel,1.074
2020-12-15,2189,95,1.005
2020-12-15,2189,KOEL,0.867
2020-12-15,2189,dizel,1.074
2020-12-15,2190,100,1.142
2020-12-15,2190,95,1.005
2020-12-15,2190,KOEL,0.867
2020-12-15,2190,dizel,1.074
2020-12-15,2191,100,1.142
2020-12-15,2191,95,1.005
2020-12-15,2191,KOEL,0.867
2020-12-15,2191,dizel,1.074
2020-12-15,2192,100,1.142
2020-12-15,2192,95,1.005
2020-12-15,2192,KOEL,0.867
2020-12-15,2192,dizel,1.074
2020-12-15,2193,95,1.005
2020-12-15,2193,KOEL,0.867
2020-12-15,2193,dizel,1.074
2020-12-15,2194,100,1.142
2020-12-15,2194,95,1.005
2020-12-15,2194,dizel,1.074
2020-12-15,2195,100,1.142
2020-12-15,2195,95,1.005
2020-12-15,2195,KOEL,0.867
2020-12-15,2195,dizel,1.074
2020-12-15,2196,100,1.142
2020-12-15,2196,95,1.005
2020-12-15,2196,KOEL,0.867
2020-12-15,2196,dizel,1.074
2020-12-15,2197,100,1.142
2020-12-15,2197,95,1.005
2020-12-15,2197,dizel,1.074
2020-12-15,2198,100,1.142
2020-12-15,2198,95,1.005
2020-12-15,2198,KOEL,0.867
2020-12-15,2198,dizel,1.074
2020-12-15,2199,100,1.142
2020-12-15,2199,95,1.005
2020-12-15,2199,dizel,1.074
2020-12-15,2200,100,1.142
2020-12-15,2200,95,1.005
2020-12-15,2200,dizel,1.074
2020-12-15,2201,100,1.192
2020-12-15,2201,95,1.035
2020-12-15,2201,dizel,1.097
2020-12-15,2202,100,1.192
2020-12-15,2202,95,1.035
2020-12-15,2202,dizel,1.097
2020-12-15,2203,95,1.005
2020-12-15,2203,KOEL,0.867
2020-12-15,2203,dizel,1.074
2020-12-15,2204,100,1.142
2020-12-15,2204,95,1.005
2020-12-15,2204,dizel,1.074
2020-12-15,2205,100,1.142
2020-12-15,2205,95,1.005
2020-12-15,2205,KOEL,0.867
2020-12-15,2205,dizel,1.074
2020-12-15,2206,100,1.142
2020-12-15,2206,95,1.005
2020-12-15,2206,KOEL,0.867
2020-12-15,2206,dizel,1.074
2020-12-15,2207,100,1.142
2020-12-15,2207,95,1.005
2020-12-15,2207,dizel,1.074
2020-12-15,2208,95,1.005
2020-12-15,2208,KOEL,0.867
2020-12-15,2208,dizel,1.074
2020-12-15,2209,95,1.005
2020-12-15,2209,KOEL,0.867
2020-12-15,2209,dizel,1.074
2020-12-15,2210,100,1.142
2020-12-15,2210,95,1.005
2020-12-15,2210,KOEL,0.867
2020-12-15,2210,dizel,1.074
2020-12-15,2211,95,1.005
2020-12-15,2211,KOEL,0.867
2020-12-15,2211,dizel,1.074
2020-12-15,2212,100,1.142
2020-12-15,2212,95,1.005
2020-12-15,2212,KOEL,0.867
2020-12-15,2212,dizel,1.074
2020-12-15,2213,95,1.005
2020-12-15,2213,KOEL,0.867
2020-12-15,2213,dizel,1.074
2020-12-15,2214,95,1.005
2020-12-15,2214,KOEL,0.867
2020-12-15,2214,dizel,1.074
2020-12-15,2215,100,1.142
2020-12-15,2215,95,1.005
2020-12-15,2215,KOEL,0.867
2020-12-15,2215,dizel,1.074
2020-12-15,2216,100,1.192
2020-12-15,2216,95,1.035
2020-12-15,2216,dizel,1.097
2020-12-15,2216,dizel-premium,1.319
2020-12-15,2217,100,1.142
2020-12-15,2217,95,1.005
2020-12-15,2217,KOEL,0.867
2020-12-15,2217,dizel,1.074
2020-12-15,2218,100,1.142
2020-12-15,2218,95,1.005
2020-12-15,2218,KOEL,0.867
2020-12-15,2218,dizel,1.074
2020-12-15,2219,95,1.005
2020-12-15,2219,KOEL,0.867
2020-12-15,2219,dizel,1.074
2020-12-15,2220,100,1.142
2020-12-15,2220,95,1.005
2020-12-15,2220,KOEL,0.867
2020-12-15,2220,dizel,1.074
2020-12-15,2221,100,1.142
2020-12-15,2221,95,1.005
2020-12-15,2221,KOEL,0.867
2020-12-15,2221,dizel,1.074
2020-12-15,2222,100,1.142
2020-12-15,2222,95,1.005
2020-12-15,2222,KOEL,0.867
2020-12-15,2222,dizel,1.074
2020-12-15,2223,95,1.005
2020-12-15,2223,KOEL,0.867
2020-12-15,2223,dizel,1.074
2020-12-15,2224,95,1.005
2020-12-15,2224,KOEL,0.867
2020-12-15,2224,dizel,1.074
2020-12-15,2225,100,1.142
2020-12-15,2225,95,1.005
2020-12-15,2225,KOEL,0.867
2020-12-15,2225,dizel,1.074
2020-12-15,2227,100,1.142
2020-12-15,2227,95,1.005
2020-12-15,2227,dizel,1.074
2020-12-15,2228,100,1.142
2020-12-15,2228,95,1.005
2020-12-15,2228,KOEL,0.867
2020-12-15,2228,dizel,1.074
2020-12-15,2229,100,1.192
2020-12-15,2229,95,1.035
2020-12-15,2229,dizel,1.097
2020-12-15,2229,dizel-premium,1.319
2020-12-15,2230,100,1.192
2020-12-15,2230,95,1.035
2020-12-15,2230,dizel,1.097
2020-12-15,2230,dizel-premium,1.319
2020-12-15,2231,100,1.192
2020-12-15,2231,95,1.035
2020-12-15,2231,dizel,1.097
2020-12-15,2231,dizel-premium,1.319
2020-12-15,2232,100,1.192
2020-12-15,2232,95,1.035
2020-12-15,2232,dizel,1.097
2020-12-15,2232,dizel-premium,1.319
2020-12-15,2233,100,1.142
2020-12-15,2233,95,1.005
2020-12-15,2233,dizel,1.074
2020-12-15,2234,100,1.149
2020-12-15,2234,95,1.009
2020-12-15,2234,dizel,1.076
2020-12-15,2234,dizel-premium,1.223
2020-12-15,2235,100,1.149
2020-12-15,2235,95,1.009
2020-12-15,2235,dizel,1.076
2020-12-15,2235,dizel-premium,1.223
2020-12-15,2236,100,1.159
2020-12-15,2236,95,1.009
2020-12-15,2236,dizel,1.079
2020-12-15,2236,dizel-premium,1.229
2020-12-15,2237,95,1.007
2020-12-15,2237,dizel,1.076
2020-12-15,2238,95,1.007
2020-12-15,2238,dizel,1.076
2020-12-15,2239,95,1.007
2020-12-15,2239,dizel,1.076
2020-12-15,2240,95,1.007
2020-12-15,2240,dizel,1.076
2020-12-15,2241,95,1.007
2020-12-15,2241,dizel,1.076
2020-12-15,2242,95,1.007
2020-12-15,2242,dizel,1.076
2020-12-15,2243,95,1.007
2020-12-15,2243,dizel,1.076
2020-12-15,2244,95,1.007
2020-12-15,2244,dizel,1.076
2020-12-15,2245,95,1.007
2020-12-15,2245,dizel,1.076
2020-12-15,2246,95,1.007
2020-12-15,2246,dizel,1.076
2020-12-15,2247,95,1.007
2020-12-15,2247,dizel,1.076
2020-12-15,2248,95,1.007
2020-12-15,2248,dizel,1.076
2020-12-15,2249,95,1.007
2020-12-15,2249,dizel,1.076
2020-12-15,2250,95,1.007
2020-12-15,2250,dizel,1.076
2020-12-15,2251,95,1.007
2020-12-15,2251,dizel,1.076
2020-12-15,2252,95,1.007
2020-12-15,2252,dizel,1.076
2020-12-15,2253,95,1.007
2020-12-15,2253,dizel,1.076
2020-12-15,2254,95,1.007
2020-12-15,2254,dizel,1.076
2020-12-15,2255,95,1.007
2020-12-15,2255,dizel,1.076
2020-12-15,2256,95,1.007
2020-12-15,2256,dizel,1.076
2020-12-15,2257,95,1.007
2020-12-15,2257,dizel,1.076
2020-12-15,2271,100,1.159
2020-12-15,2271,95,1.009
2020-12-15,2271,dizel,1.079
2020-12-15,2271,dizel-premium,1.229
2020-12-15,2272,100,1.142
2020-12-15,2272,95,1.005
2020-12-15,2272,dizel,1.074
2020-12-15,2283,100,1.149
2020-12-15,2283,95,1.009
2020-12-15,2283,KOEL,0.868
2020-12-15,2283,dizel,1.076
2020-12-15,2283,dizel-premium,1.223
2020-12-15,2284,100,1.149
2020-12-15,2284,95,1.009
2020-12-15,2284,KOEL,0.868
2020-12-15,2284,dizel,1.076
2020-12-15,2284,dizel-premium,1.223
2020-12-15,2285,100,1.149
2020-12-15,2285,95,1.009
2020-12-15,2285,KOEL,0.868
2020-12-15,2285,dizel,1.076
2020-12-15,2285,dizel-premium,1.223
2020-12-15,2286,100,1.149
2020-12-15,2286,95,1.009
2020-12-15,2286,KOEL,0.868
2020-12-15,2286,dizel,1.076
2020-12-15,2286,dizel-premium,1.223
2020-12-15,2287,100,1.149
2020-12-15,2287,95,1.009
2020-12-15,2287,KOEL,0.868
2020-12-15,2287,dizel,1.076
2020-12-15,2287,dizel-premium,1.223
2020-12-15,2302,100,1.150
2020-12-15,2302,95,1.003
2020-12-15,2302,dizel,1.074
2020-12-15,2303,95,1.003
2020-12-15,2303,KOEL,0.863
2020-12-15,2303,dizel,1.074
2020-12-15,2304,100,1.150
2020-12-15,2304,95,1.003
2020-12-15,2304,KOEL,0.863
2020-12-15,2304,dizel,1.074
2020-12-15,2305,100,1.150
2020-12-15,2305,95,1.003
2020-12-15,2305,KOEL,0.863
2020-12-15,2305,dizel,1.074
2020-12-15,2306,100,1.150
2020-12-15,2306,95,1.003
2020-12-15,2306,KOEL,0.863
2020-12-15,2306,dizel,1.074
2020-12-15,2307,95,1.003
2020-12-15,2307,dizel,1.074
2020-12-15,2308,dizel,1.074
2020-12-15,2309,dizel,1.074
2020-12-15,2310,dizel,1.074
2020-12-15,2312,dizel,1.000
2020-12-15,2318,dizel,1.069
2020-12-15,2321,KOEL,0.868
2020-12-15,2321,dizel,1.075
2020-12-16,767,KOEL,0.866
2020-12-16,771,KOEL,0.866
2020-12-16,773,KOEL,0.866
2020-12-16,776,KOEL,0.866
2020-12-16,779,KOEL,0.866
2020-12-16,780,KOEL,0.866
2020-12-16,783,KOEL,0.866
2020-12-16,792,KOEL,0.866
2020-12-16,795,KOEL,0.866
2020-12-16,797,KOEL,0.866
2020-12-16,799,KOEL,0.866
2020-12-16,803,KOEL,0.866
2020-12-16,805,KOEL,0.866
2020-12-16,807,KOEL,0.866
2020-12-16,810,KOEL,0.866
2020-12-16,814,KOEL,0.866
2020-12-16,815,KOEL,0.866
2020-12-16,821,KOEL,0.866
2020-12-16,826,KOEL,0.866
2020-12-16,829,KOEL,0.866
2020-12-16,831,KOEL,0.866
2020-12-16,834,KOEL,0.866
2020-12-16,835,KOEL,0.866
2020-12-16,838,KOEL,0.866
2020-12-16,842,KOEL,0.866
2020-12-16,843,KOEL,0.866
2020-12-16,846,KOEL,0.866
2020-12-16,857,KOEL,0.866
2020-12-16,858,KOEL,0.866
2020-12-16,860,KOEL,0.866
2020-12-16,862,KOEL,0.866
2020-12-16,863,KOEL,0.866
2020-12-16,865,KOEL,0.866
2020-12-16,869,KOEL,0.866
2020-12-16,871,KOEL,0.866
2020-12-16,874,KOEL,0.866
2020-12-16,875,KOEL,0.866
2020-12-16,1548,dizel-premium,1.229
2020-12-16,1549,dizel-premium,1.229
2020-12-16,1550,dizel-premium,1.229
2020-12-16,1551,dizel-premium,1.229
2020-12-16,1552,dizel-premium,1.229
2020-12-16,1554,dizel-premium,1.229
2020-12-16,1555,dizel-premium,1.229
2020-12-16,1556,dizel-premium,1.229
2020-12-16,1557,dizel-premium,1.229
2020-12-16,1558,dizel-premium,1.229
2020-12-16,1559,dizel-premium,1.329
2020-12-16,1564,dizel-premium,1.229
2020-12-16,1568,dizel-premium,1.329
2020-12-16,1585,dizel-premium,1.229
2020-12-16,1588,dizel-premium,1.229
2020-12-16,1589,dizel-premium,1.229
2020-12-16,2234,dizel-premium,1.229
2020-12-16,2235,dizel-premium,1.229
2020-12-16,2237,95,1.009
2020-12-16,2237,dizel,1.079
2020-12-16,2238,95,1.009
2020-12-16,2238,dizel,1.079
2020-12-16,2239,95,1.009
2020-12-16,2239,dizel,1.079
2020-12-16,2240,95,1.009
2020-12-16,2240,dizel,1.079
2020-12-16,2241,95,1.009
2020-12-16,2241,dizel,1.079
2020-12-16,2242,95,1.009
2020-12-16,2242,dizel,1.079
2020-12-16,2243,95,1.009
2020-12-16,2243,dizel,1.079
2020-12-16,2244,95,1.009
2020-12-16,2244,dizel,1.079
2020-12-16,2245,95,1.009
2020-12-16,2245,dizel,1.079
2020-12-16,2246,95,1.009
2020-12-16,2246,dizel,1.079
2020-12-16,2247,95,1.009
2020-12-16,2247,dizel,1.079
2020-12-16,2248,95,1.009
2020-12-16,2248,dizel,1.079
2020-12-16,2249,95,1.009
2020-12-16,2249,dizel,1.079
2020-12-16,2250,95,1.009
2020-12-16,2250,dizel,1.079
2020-12-16,2251,95,1.009
2020-12-16,2251,dizel,1.079
2020-12-16,2252,95,1.009
2020-12-16,2252,dizel,1.079
2020-12-16,2253,95,1.009
2020-12-16,2253,dizel,1.079
2020-12-16,2254,95,1.009
2020-12-16,2254,dizel,1.079
2020-12-16,2255,95,1.009
2020-12-16,2255,dizel,1.079
2020-12-16,2256,95,1.009
2020-12-16,2256,dizel,1.079
2020-12-16,2257,95,1.009
2020-12-16,2257,dizel,1.079
2020-12-16,2267,100,1.142
2020-12-16,2267,95,1.003
2020-12-16,2267,KOEL,0.865
2020-12-16,2267,dizel,1.072
2020-12-16,2268,100,1.142
2020-12-16,2268,95,1.005
2020-12-16,2268,KOEL,0.867
2020-12-16,2268,dizel,1.074
2020-12-16,2273,dizel,1.074
2020-12-16,2274,dizel,1.074
2020-12-16,2275,dizel,1.074
2020-12-16,2276,dizel,1.074
2020-12-16,2283,dizel-premium,1.229
2020-12-16,2284,dizel-premium,1.229
2020-12-16,2285,dizel-premium,1.229
2020-12-16,2286,dizel-premium,1.229
2020-12-16,2287,dizel-premium,1.229
2020-12-16,2288,95,0.979
2020-12-16,2288,dizel,1.049
2020-12-16,2289,95,0.979
2020-12-16,2289,dizel,1.049
2020-12-16,2290,95,0.979
2020-12-16,2290,dizel,1.049
2020-12-16,2291,95,0.979
2020-12-16,2291,dizel,1.049
2020-12-16,2292,95,0.979
2020-12-16,2292,dizel,1.049
2020-12-16,2293,95,0.979
2020-12-16,2293,dizel,1.049
2020-12-16,2294,95,0.979
2020-12-16,2294,dizel,1.049
2020-12-16,2295,95,0.979
2020-12-16,2295,dizel,1.049
2020-12-16,2297,95,0.975
2020-12-16,2297,KOEL,0.817
2020-12-16,2297,dizel,1.074
2020-12-16,2299,95,0.975
2020-12-16,2299,KOEL,0.867
2020-12-16,2299,dizel,1.074
2020-12-16,2302,KOEL,0.863
2020-12-16,2311,95,1.009
2020-12-16,2311,dizel,1.076
2020-12-16,2312,dizel,1.014
2020-12-16,2313,95,1.009
2020-12-16,2313,KOEL,0.863
2020-12-16,2313,dizel,1.076
2020-12-16,2314,95,0.989
2020-12-16,2314,KOEL,0.863
2020-12-16,2314,dizel,1.056
2020-12-16,2315,95,1.005
2020-12-16,2315,dizel,1.073
2020-12-16,2316,95,1.005
2020-12-16,2316,dizel,1.074
2020-12-16,2317,95,1.005
2020-12-16,2317,dizel,1.074
2020-12-16,2319,KOEL,0.865
2020-12-16,2319,dizel,1.074
2020-12-16,2320,KOEL,0.867
2020-12-16,2320,dizel,1.074
2020-12-16,2321,KOEL,0.867
2020-12-16,2321,dizel,1.074
2020-12-17,2296,100,1.099
2020-12-17,2296,95,0.950
2020-12-17,2296,dizel,1.039
2020-12-17,2302,95,1.005
2020-12-17,2303,95,1.005
2020-12-17,2304,95,1.005
2020-12-17,2305,95,1.005
2020-12-17,2306,95,1.005
2020-12-17,2307,95,1.005
2020-12-18,2258,dizel,1.079
2020-12-18,2259,dizel,1.079
2020-12-18,2260,dizel,1.079
2020-12-18,2261,dizel,1.079
2020-12-18,2262,dizel,1.079
2020-12-18,2263,dizel,1.079
2020-12-18,2264,dizel,1.079
2020-12-18,2265,dizel,1.079
2020-12-18,2266,95,1.007
2020-12-18,2266,dizel,1.079
2020-12-22,777,100,1.214
2020-12-22,777,95,1.044
2020-12-22,777,dizel,1.109
2020-12-22,777,dizel-premium,1.329
2020-12-22,778,100,1.214
2020-12-22,778,95,1.044
2020-12-22,778,dizel,1.109
2020-12-22,778,dizel-premium,1.329
2020-12-22,781,100,1.214
2020-12-22,781,95,1.044
2020-12-22,781,dizel,1.109
2020-12-22,781,dizel-premium,1.329
2020-12-22,782,100,1.214
2020-12-22,782,95,1.044
2020-12-22,782,dizel,1.109
2020-12-22,782,dizel-premium,1.329
2020-12-22,790,100,1.214
2020-12-22,790,95,1.044
2020-12-22,790,dizel,1.109
2020-12-22,790,dizel-premium,1.329
2020-12-22,791,100,1.214
2020-12-22,791,95,1.044
2020-12-22,791,dizel,1.109
2020-12-22,791,dizel-premium,1.329
2020-12-22,793,100,1.214
2020-12-22,793,95,1.044
2020-12-22,793,dizel,1.109
2020-12-22,793,dizel-premium,1.329
2020-12-22,796,100,1.214
2020-12-22,796,95,1.044
2020-12-22,796,dizel,1.109
2020-12-22,796,dizel-premium,1.329
2020-12-22,823,100,1.214
2020-12-22,823,95,1.044
2020-12-22,823,dizel,1.109
2020-12-22,823,dizel-premium,1.329
2020-12-22,828,100,1.214
2020-12-22,828,95,1.044
2020-12-22,828,dizel,1.109
2020-12-22,828,dizel-premium,1.329
2020-12-22,837,100,1.214
2020-12-22,837,95,1.044
2020-12-22,837,dizel,1.109
2020-12-22,837,dizel-premium,1.329
2020-12-22,844,100,1.214
2020-12-22,844,95,1.044
2020-12-22,844,dizel,1.109
2020-12-22,844,dizel-premium,1.329
2020-12-22,845,100,1.214
2020-12-22,845,95,1.044
2020-12-22,845,dizel,1.109
2020-12-22,845,dizel-premium,1.329
2020-12-22,847,95,1.044
2020-12-22,847,dizel,1.109
2020-12-22,847,dizel-premium,1.329
2020-12-22,848,95,1.044
2020-12-22,848,dizel,1.109
2020-12-22,848,dizel-premium,1.329
2020-12-22,861,100,1.214
2020-12-22,861,95,1.044
2020-12-22,861,dizel,1.109
2020-12-22,861,dizel-premium,1.329
2020-12-22,1548,100,1.165
2020-12-22,1548,95,1.018
2020-12-22,1548,dizel,1.083
2020-12-22,1548,dizel-premium,1.236
2020-12-22,1549,100,1.165
2020-12-22,1549,95,1.018
2020-12-22,1549,dizel,1.083
2020-12-22,1549,dizel-premium,1.236
2020-12-22,1550,100,1.165
2020-12-22,1550,95,1.018
2020-12-22,1550,dizel,1.083
2020-12-22,1550,dizel-premium,1.236
2020-12-22,1551,100,1.165
2020-12-22,1551,95,1.018
2020-12-22,1551,dizel,1.083
2020-12-22,1551,dizel-premium,1.236
2020-12-22,1552,100,1.165
2020-12-22,1552,95,1.018
2020-12-22,1552,dizel,1.083
2020-12-22,1552,dizel-premium,1.236
2020-12-22,1553,100,1.165
2020-12-22,1553,95,1.018
2020-12-22,1553,dizel,1.083
2020-12-22,1554,100,1.165
2020-12-22,1554,95,1.018
2020-12-22,1554,dizel,1.083
2020-12-22,1554,dizel-premium,1.236
2020-12-22,1555,100,1.165
2020-12-22,1555,95,1.018
2020-12-22,1555,dizel,1.083
2020-12-22,1555,dizel-premium,1.236
2020-12-22,1556,100,1.165
2020-12-22,1556,95,1.018
2020-12-22,1556,dizel,1.083
2020-12-22,1556,dizel-premium,1.236
2020-12-22,1557,100,1.165
2020-12-22,1557,95,1.018
2020-12-22,1557,dizel,1.083
2020-12-22,1557,dizel-premium,1.236
2020-12-22,1558,100,1.165
2020-12-22,1558,95,1.018
2020-12-22,1558,dizel,1.083
2020-12-22,1558,dizel-premium,1.236
2020-12-22,1559,100,1.220
2020-12-22,1559,95,1.049
2020-12-22,1559,dizel,1.106
2020-12-22,1559,dizel-premium,1.336
2020-12-22,1560,100,1.165
2020-12-22,1560,95,1.018
2020-12-22,1560,dizel,1.083
2020-12-22,1561,100,1.165
2020-12-22,1561,95,1.018
2020-12-22,1561,KOEL,0.877
2020-12-22,1561,dizel,1.083
2020-12-22,1562,100,1.165
2020-12-22,1562,95,1.018
2020-12-22,1562,dizel,1.083
2020-12-22,1563,100,1.165
2020-12-22,1563,95,1.018
2020-12-22,1563,dizel,1.083
2020-12-22,1564,100,1.165
2020-12-22,1564,95,1.018
2020-12-22,1564,dizel,1.083
2020-12-22,1564,dizel-premium,1.236
2020-12-22,1565,100,1.165
2020-12-22,1565,95,1.018
2020-12-22,1565,dizel,1.083
2020-12-22,1566,100,1.165
2020-12-22,1566,95,1.018
2020-12-22,1566,dizel,1.083
2020-12-22,1567,100,1.165
2020-12-22,1567,95,1.018
2020-12-22,1567,dizel,1.083
2020-12-22,1568,100,1.220
2020-12-22,1568,95,1.049
2020-12-22,1568,dizel,1.106
2020-12-22,1568,dizel-premium,1.336
2020-12-22,1569,100,1.165
2020-12-22,1569,95,1.018
2020-12-22,1569,dizel,1.083
2020-12-22,1570,100,1.165
2020-12-22,1570,95,1.018
2020-12-22,1570,dizel,1.083
2020-12-22,1571,100,1.165
2020-12-22,1571,95,1.018
2020-12-22,1571,dizel,1.083
2020-12-22,1572,100,1.165
2020-12-22,1572,95,1.018
2020-12-22,1572,dizel,1.083
2020-12-22,1573,100,1.165
2020-12-22,1573,95,1.018
2020-12-22,1573,dizel,1.083
2020-12-22,1574,100,1.165
2020-12-22,1574,95,1.018
2020-12-22,1574,dizel,1.083
2020-12-22,1575,100,1.165
2020-12-22,1575,95,1.018
2020-12-22,1575,dizel,1.083
2020-12-22,1576,100,1.165
2020-12-22,1576,95,1.018
2020-12-22,1576,dizel,1.083
2020-12-22,1577,100,1.165
2020-12-22,1577,95,1.018
2020-12-22,1577,dizel,1.083
2020-12-22,1578,100,1.165
2020-12-22,1578,95,1.018
2020-12-22,1578,dizel,1.083
2020-12-22,1579,100,1.165
2020-12-22,1579,95,1.018
2020-12-22,1579,dizel,1.083
2020-12-22,1580,100,1.165
2020-12-22,1580,95,1.018
2020-12-22,1580,dizel,1.083
2020-12-22,1581,100,1.165
2020-12-22,1581,95,1.018
2020-12-22,1581,dizel,1.083
2020-12-22,1582,100,1.165
2020-12-22,1582,95,1.018
2020-12-22,1582,KOEL,0.877
2020-12-22,1582,dizel,1.083
2020-12-22,1583,100,1.165
2020-12-22,1583,95,1.018
2020-12-22,1583,KOEL,0.877
2020-12-22,1583,dizel,1.083
2020-12-22,1584,100,1.165
2020-12-22,1584,95,1.018
2020-12-22,1584,KOEL,0.877
2020-12-22,1584,dizel,1.083
2020-12-22,1585,100,1.165
2020-12-22,1585,95,1.018
2020-12-22,1585,dizel,1.083
2020-12-22,1585,dizel-premium,1.236
2020-12-22,1586,100,1.165
2020-12-22,1586,95,1.018
2020-12-22,1586,KOEL,0.877
2020-12-22,1586,dizel,1.083
2020-12-22,1587,100,1.165
2020-12-22,1587,95,1.018
2020-12-22,1587,KOEL,0.877
2020-12-22,1587,dizel,1.083
2020-12-22,1588,100,1.165
2020-12-22,1588,95,1.018
2020-12-22,1588,KOEL,0.877
2020-12-22,1588,dizel,1.083
2020-12-22,1588,dizel-premium,1.236
2020-12-22,1589,100,1.165
2020-12-22,1589,95,1.018
2020-12-22,1589,dizel,1.083
2020-12-22,1589,dizel-premium,1.236
2020-12-22,1590,100,1.165
2020-12-22,1590,95,1.018
2020-12-22,1590,dizel,1.083
2020-12-22,1591,100,1.165
2020-12-22,1591,95,1.018
2020-12-22,1591,dizel,1.083
2020-12-22,1592,100,1.165
2020-12-22,1592,95,1.018
2020-12-22,1592,KOEL,0.877
2020-12-22,1592,dizel,1.083
2020-12-22,1593,100,1.165
2020-12-22,1593,95,1.018
2020-12-22,1593,dizel,1.083
2020-12-22,1921,100,1.150
2020-12-22,1921,95,1.013
2020-12-22,1921,dizel,1.081
2020-12-22,1922,95,1.013
2020-12-22,1922,KOEL,0.878
2020-12-22,1922,dizel,1.081
2020-12-22,1923,100,1.200
2020-12-22,1923,95,1.044
2020-12-22,1923,dizel,1.104
2020-12-22,1924,95,1.013
2020-12-22,1924,KOEL,0.878
2020-12-22,1924,dizel,1.081
2020-12-22,1925,95,1.013
2020-12-22,1925,KOEL,0.878
2020-12-22,1925,dizel,1.081
2020-12-22,1926,95,1.013
2020-12-22,1926,KOEL,0.878
2020-12-22,1926,dizel,1.081
2020-12-22,1927,95,1.013
2020-12-22,1927,dizel,1.081
2020-12-22,1928,100,1.150
2020-12-22,1928,95,1.013
2020-12-22,1928,KOEL,0.878
2020-12-22,1928,dizel,1.081
2020-12-22,1929,100,1.150
2020-12-22,1929,95,1.013
2020-12-22,1929,KOEL,0.878
2020-12-22,1929,dizel,1.081
2020-12-22,1930,95,1.013
2020-12-22,1930,KOEL,0.878
2020-12-22,1930,dizel,1.081
2020-12-22,1931,95,1.013
2020-12-22,1931,KOEL,0.878
2020-12-22,1931,dizel,1.081
2020-12-22,1932,95,1.013
2020-12-22,1932,KOEL,0.878
2020-12-22,1932,dizel,1.081
2020-12-22,1933,95,1.013
2020-12-22,1933,KOEL,0.878
2020-12-22,1933,dizel,1.081
2020-12-22,1934,100,1.150
2020-12-22,1934,95,1.013
2020-12-22,1934,dizel,1.081
2020-12-22,1935,100,1.150
2020-12-22,1935,95,1.013
2020-12-22,1935,KOEL,0.878
2020-12-22,1935,dizel,1.081
2020-12-22,1936,95,1.013
2020-12-22,1936,KOEL,0.878
2020-12-22,1936,dizel,1.081
2020-12-22,1937,95,1.013
2020-12-22,1937,KOEL,0.878
2020-12-22,1937,dizel,1.081
2020-12-22,1938,95,1.013
2020-12-22,1938,KOEL,0.878
2020-12-22,1938,dizel,1.081
2020-12-22,1939,95,1.013
2020-12-22,1939,KOEL,0.878
2020-12-22,1939,dizel,1.081
2020-12-22,1940,95,1.013
2020-12-22,1940,KOEL,0.878
2020-12-22,1940,dizel,1.081
2020-12-22,1941,95,1.013
2020-12-22,1941,dizel,1.081
2020-12-22,1942,100,1.150
2020-12-22,1942,95,1.013
2020-12-22,1942,KOEL,0.878
2020-12-22,1942,dizel,1.081
2020-12-22,1943,100,1.150
2020-12-22,1943,95,1.013
2020-12-22,1943,KOEL,0.878
2020-12-22,1943,dizel,1.081
2020-12-22,1944,95,1.013
2020-12-22,1944,KOEL,0.878
2020-12-22,1944,dizel,1.081
2020-12-22,1945,100,1.200
2020-12-22,1945,95,1.044
2020-12-22,1945,dizel,1.104
2020-12-22,1946,95,1.013
2020-12-22,1946,KOEL,0.878
2020-12-22,1946,dizel,1.081
2020-12-22,1947,100,1.150
2020-12-22,1947,95,1.013
2020-12-22,1947,KOEL,0.878
2020-12-22,1947,dizel,1.081
2020-12-22,1948,100,1.150
2020-12-22,1948,95,1.013
2020-12-22,1948,KOEL,0.878
2020-12-22,1948,dizel,1.081
2020-12-22,1949,100,1.200
2020-12-22,1949,95,1.044
2020-12-22,1949,dizel,1.104
2020-12-22,1949,dizel-premium,1.328
2020-12-22,1950,100,1.150
2020-12-22,1950,95,1.013
2020-12-22,1950,KOEL,0.878
2020-12-22,1950,dizel,1.081
2020-12-22,1951,100,1.150
2020-12-22,1951,95,1.013
2020-12-22,1951,KOEL,0.878
2020-12-22,1951,dizel,1.081
2020-12-22,1952,100,1.150
2020-12-22,1952,95,1.013
2020-12-22,1952,dizel,1.081
2020-12-22,1953,95,1.013
2020-12-22,1953,KOEL,0.878
2020-12-22,1953,dizel,1.081
2020-12-22,1954,100,1.150
2020-12-22,1954,95,1.013
2020-12-22,1954,KOEL,0.878
2020-12-22,1954,dizel,1.081
2020-12-22,1955,100,1.150
2020-12-22,1955,95,1.013
2020-12-22,1955,dizel,1.081
2020-12-22,1956,100,1.150
2020-12-22,1956,95,1.013
2020-12-22,1956,dizel,1.081
2020-12-22,1957,100,1.150
2020-12-22,1957,95,1.013
2020-12-22,1957,KOEL,0.878
2020-12-22,1957,dizel,1.081
2020-12-22,1958,100,1.150
2020-12-22,1958,95,1.013
2020-12-22,1958,KOEL,0.878
2020-12-22,1958,dizel,1.081
2020-12-22,1959,100,1.150
2020-12-22,1959,95,1.013
2020-12-22,1959,dizel,1.081
2020-12-22,1960,100,1.150
2020-12-22,1960,95,1.013
2020-12-22,1960,dizel,1.081
2020-12-22,1961,100,1.150
2020-12-22,1961,95,1.013
2020-12-22,1961,KOEL,0.878
2020-12-22,1961,dizel,1.081
2020-12-22,1962,100,1.150
2020-12-22,1962,95,1.013
2020-12-22,1962,KOEL,0.878
2020-12-22,1962,dizel,1.081
2020-12-22,1963,100,1.150
2020-12-22,1963,95,1.013
2020-12-22,1963,KOEL,0.878
2020-12-22,1963,dizel,1.081
2020-12-22,1964,95,1.013
2020-12-22,1964,KOEL,0.878
2020-12-22,1964,dizel,1.081
2020-12-22,1965,95,1.013
2020-12-22,1965,KOEL,0.878
2020-12-22,1965,dizel,1.081
2020-12-22,1966,100,1.150
2020-12-22,1966,95,1.013
2020-12-22,1966,KOEL,0.878
2020-12-22,1966,dizel,1.081
2020-12-22,1967,95,1.013
2020-12-22,1967,KOEL,0.878
2020-12-22,1967,dizel,1.081
2020-12-22,1968,95,1.013
2020-12-22,1968,KOEL,0.878
2020-12-22,1968,dizel,1.081
2020-12-22,1969,100,1.150
2020-12-22,1969,95,1.013
2020-12-22,1969,KOEL,0.878
2020-12-22,1969,dizel,1.081
2020-12-22,1970,100,1.150
2020-12-22,1970,95,1.013
2020-12-22,1970,KOEL,0.878
2020-12-22,1970,dizel,1.081
2020-12-22,1971,100,1.150
2020-12-22,1971,95,1.013
2020-12-22,1971,dizel,1.081
2020-12-22,1972,100,1.150
2020-12-22,1972,95,1.013
2020-12-22,1972,KOEL,0.878
2020-12-22,1972,dizel,1.081
2020-12-22,1973,95,1.013
2020-12-22,1973,KOEL,0.878
2020-12-22,1973,dizel,1.081
2020-12-22,1974,95,1.013
2020-12-22,1974,KOEL,0.878
2020-12-22,1974,dizel,1.081
2020-12-22,1975,95,1.013
2020-12-22,1975,KOEL,0.878
2020-12-22,1975,dizel,1.081
2020-12-22,1976,100,1.200
2020-12-22,1976,95,1.044
2020-12-22,1976,dizel,1.104
2020-12-22,1977,100,1.200
2020-12-22,1977,95,1.044
2020-12-22,1977,dizel,1.104
2020-12-22,1977,dizel-premium,1.328
2020-12-22,1978,100,1.200
2020-12-22,1978,95,1.044
2020-12-22,1978,dizel,1.104
2020-12-22,1978,dizel-premium,1.328
2020-12-22,1979,100,1.150
2020-12-22,1979,95,1.013
2020-12-22,1979,KOEL,0.878
2020-12-22,1979,dizel,1.081
2020-12-22,1980,100,1.150
2020-12-22,1980,95,1.013
2020-12-22,1980,KOEL,0.878
2020-12-22,1980,dizel,1.081
2020-12-22,1981,100,1.150
2020-12-22,1981,95,1.013
2020-12-22,1981,dizel,1.081
2020-12-22,1982,95,1.013
2020-12-22,1982,KOEL,0.878
2020-12-22,1982,dizel,1.081
2020-12-22,1983,95,1.013
2020-12-22,1983,dizel,1.081
2020-12-22,1984,100,1.150
2020-12-22,1984,95,1.013
2020-12-22,1984,dizel,1.081
2020-12-22,1985,95,1.013
2020-12-22,1985,KOEL,0.878
2020-12-22,1985,dizel,1.081
2020-12-22,1986,100,1.150
2020-12-22,1986,95,1.013
2020-12-22,1986,KOEL,0.878
2020-12-22,1986,dizel,1.081
2020-12-22,1987,95,1.013
2020-12-22,1987,KOEL,0.878
2020-12-22,1987,dizel,1.081
2020-12-22,1988,95,1.013
2020-12-22,1988,KOEL,0.878
2020-12-22,1988,dizel,1.081
2020-12-22,1989,95,1.013
2020-12-22,1989,KOEL,0.878
2020-12-22,1989,dizel,1.081
2020-12-22,1990,100,1.150
2020-12-22,1990,95,1.013
2020-12-22,1990,dizel,1.081
2020-12-22,1991,95,1.013
2020-12-22,1991,KOEL,0.878
2020-12-22,1991,dizel,1.081
2020-12-22,1992,100,1.150
2020-12-22,1992,95,1.013
2020-12-22,1992,KOEL,0.878
2020-12-22,1992,dizel,1.081
2020-12-22,1993,100,1.150
2020-12-22,1993,95,1.013
2020-12-22,1993,KOEL,0.878
2020-12-22,1993,dizel,1.081
2020-12-22,1994,100,1.150
2020-12-22,1994,95,1.013
2020-12-22,1994,KOEL,0.878
2020-12-22,1994,dizel,1.081
2020-12-22,1995,100,1.150
2020-12-22,1995,95,1.013
2020-12-22,1995,KOEL,0.878
2020-12-22,1995,dizel,1.081
2020-12-22,1996,100,1.150
2020-12-22,1996,95,1.013
2020-12-22,1996,KOEL,0.878
2020-12-22,1996,dizel,1.081
2020-12-22,1997,100,1.200
2020-12-22,1997,95,1.044
2020-12-22,1997,dizel,1.104
2020-12-22,1998,100,1.150
2020-12-22,1998,95,1.013
2020-12-22,1998,dizel,1.081
2020-12-22,1999,100,1.150
2020-12-22,1999,95,1.013
2020-12-22,1999,KOEL,0.878
2020-12-22,1999,dizel,1.081
2020-12-22,2000,100,1.200
2020-12-22,2000,95,1.044
2020-12-22,2000,dizel,1.104
2020-12-22,2000,dizel-premium,1.328
2020-12-22,2001,100,1.150
2020-12-22,2001,95,1.013
2020-12-22,2001,KOEL,0.878
2020-12-22,2001,dizel,1.081
2020-12-22,2002,100,1.150
2020-12-22,2002,95,1.013
2020-12-22,2002,dizel,1.081
2020-12-22,2003,100,1.150
2020-12-22,2003,95,1.013
2020-12-22,2003,KOEL,0.878
2020-12-22,2003,dizel,1.081
2020-12-22,2004,100,1.150
2020-12-22,2004,95,1.013
2020-12-22,2004,dizel,1.081
2020-12-22,2005,100,1.150
2020-12-22,2005,95,1.013
2020-12-22,2005,dizel,1.081
2020-12-22,2006,100,1.150
2020-12-22,2006,95,1.013
2020-12-22,2006,dizel,1.081
2020-12-22,2007,100,1.150
2020-12-22,2007,95,1.013
2020-12-22,2007,KOEL,0.878
2020-12-22,2007,dizel,1.081
2020-12-22,2008,100,1.200
2020-12-22,2008,95,1.044
2020-12-22,2008,dizel,1.104
2020-12-22,2009,100,1.200
2020-12-22,2009,95,1.044
2020-12-22,2009,dizel,1.104
2020-12-22,2009,dizel-premium,1.328
2020-12-22,2010,100,1.150
2020-12-22,2010,95,1.013
2020-12-22,2010,KOEL,0.878
2020-12-22,2010,dizel,1.081
2020-12-22,2011,95,1.013
2020-12-22,2011,KOEL,0.878
2020-12-22,2011,dizel,1.081
2020-12-22,2012,95,1.013
2020-12-22,2012,KOEL,0.878
2020-12-22,2012,dizel,1.081
2020-12-22,2013,95,1.013
2020-12-22,2013,KOEL,0.878
2020-12-22,2013,dizel,1.081
2020-12-22,2014,100,1.150
2020-12-22,2014,95,1.013
2020-12-22,2014,KOEL,0.878
2020-12-22,2014,dizel,1.081
2020-12-22,2015,100,1.150
2020-12-22,2015,95,1.013
2020-12-22,2015,KOEL,0.878
2020-12-22,2015,dizel,1.081
2020-12-22,2016,100,1.150
2020-12-22,2016,95,1.013
2020-12-22,2016,dizel,1.081
2020-12-22,2017,95,1.013
2020-12-22,2017,KOEL,0.878
2020-12-22,2017,dizel,1.081
2020-12-22,2018,100,1.200
2020-12-22,2018,95,1.044
2020-12-22,2018,dizel,1.104
2020-12-22,2019,100,1.200
2020-12-22,2019,95,1.044
2020-12-22,2019,dizel,1.104
2020-12-22,2020,100,1.150
2020-12-22,2020,95,1.013
2020-12-22,2020,KOEL,0.878
2020-12-22,2020,dizel,1.081
2020-12-22,2021,100,1.150
2020-12-22,2021,95,1.013
2020-12-22,2021,dizel,1.081
2020-12-22,2022,100,1.150
2020-12-22,2022,95,1.013
2020-12-22,2022,KOEL,0.878
2020-12-22,2022,dizel,1.081
2020-12-22,2023,100,1.150
2020-12-22,2023,95,1.013
2020-12-22,2023,dizel,1.081
2020-12-22,2024,100,1.150
2020-12-22,2024,95,1.013
2020-12-22,2024,KOEL,0.878
2020-12-22,2024,dizel,1.081
2020-12-22,2025,95,1.013
2020-12-22,2025,KOEL,0.878
2020-12-22,2025,dizel,1.081
2020-12-22,2026,100,1.200
2020-12-22,2026,95,1.044
2020-12-22,2026,dizel,1.104
2020-12-22,2027,100,1.200
2020-12-22,2027,95,1.044
2020-12-22,2027,dizel,1.104
2020-12-22,2028,100,1.150
2020-12-22,2028,95,1.013
2020-12-22,2028,dizel,1.081
2020-12-22,2029,100,1.150
2020-12-22,2029,95,1.013
2020-12-22,2029,dizel,1.081
2020-12-22,2030,100,1.200
2020-12-22,2030,95,1.044
2020-12-22,2030,dizel,1.104
2020-12-22,2031,100,1.200
2020-12-22,2031,95,1.044
2020-12-22,2031,dizel,1.104
2020-12-22,2032,100,1.200
2020-12-22,2032,95,1.044
2020-12-22,2032,dizel,1.104
2020-12-22,2032,dizel-premium,1.328
2020-12-22,2033,100,1.150
2020-12-22,2033,95,1.013
2020-12-22,2033,dizel,1.081
2020-12-22,2034,100,1.150
2020-12-22,2034,95,1.013
2020-12-22,2034,dizel,1.081
2020-12-22,2035,95,1.013
2020-12-22,2035,dizel,1.081
2020-12-22,2036,100,1.150
2020-12-22,2036,95,1.013
2020-12-22,2036,dizel,1.081
2020-12-22,2037,100,1.150
2020-12-22,2037,95,1.013
2020-12-22,2037,dizel,1.081
2020-12-22,2038,95,1.013
2020-12-22,2038,dizel,1.081
2020-12-22,2039,100,1.150
2020-12-22,2039,95,1.013
2020-12-22,2039,dizel,1.081
2020-12-22,2040,100,1.150
2020-12-22,2040,95,1.013
2020-12-22,2040,KOEL,0.878
2020-12-22,2040,dizel,1.081
2020-12-22,2041,100,1.150
2020-12-22,2041,95,1.013
2020-12-22,2041,dizel,1.081
2020-12-22,2042,95,1.013
2020-12-22,2042,KOEL,0.878
2020-12-22,2042,dizel,1.081
2020-12-22,2043,100,1.150
2020-12-22,2043,95,1.013
2020-12-22,2043,dizel,1.081
2020-12-22,2044,100,1.150
2020-12-22,2044,95,1.013
2020-12-22,2044,dizel,1.081
2020-12-22,2045,100,1.150
2020-12-22,2045,95,1.013
2020-12-22,2045,dizel,1.081
2020-12-22,2046,100,1.150
2020-12-22,2046,95,1.013
2020-12-22,2046,dizel,1.081
2020-12-22,2047,100,1.150
2020-12-22,2047,95,1.013
2020-12-22,2047,dizel,1.081
2020-12-22,2048,100,1.150
2020-12-22,2048,95,1.013
2020-12-22,2048,dizel,1.081
2020-12-22,2049,100,1.150
2020-12-22,2049,95,1.013
2020-12-22,2049,KOEL,0.878
2020-12-22,2049,dizel,1.081
2020-12-22,2050,95,1.013
2020-12-22,2050,dizel,1.081
2020-12-22,2051,95,1.013
2020-12-22,2051,KOEL,0.878
2020-12-22,2051,dizel,1.081
2020-12-22,2052,100,1.150
2020-12-22,2052,95,1.013
2020-12-22,2052,dizel,1.081
2020-12-22,2053,95,1.013
2020-12-22,2053,KOEL,0.878
2020-12-22,2053,dizel,1.081
2020-12-22,2054,95,1.013
2020-12-22,2054,KOEL,0.878
2020-12-22,2054,dizel,1.081
2020-12-22,2055,95,1.013
2020-12-22,2055,dizel,1.081
2020-12-22,2056,100,1.150
2020-12-22,2056,95,1.013
2020-12-22,2056,dizel,1.081
2020-12-22,2057,95,1.013
2020-12-22,2057,dizel,1.081
2020-12-22,2058,95,1.013
2020-12-22,2058,dizel,1.081
2020-12-22,2059,100,1.200
2020-12-22,2059,95,1.044
2020-12-22,2059,dizel,1.104
2020-12-22,2059,dizel-premium,1.328
2020-12-22,2060,100,1.200
2020-12-22,2060,95,1.044
2020-12-22,2060,dizel,1.104
2020-12-22,2060,dizel-premium,1.328
2020-12-22,2061,100,1.150
2020-12-22,2061,95,1.013
2020-12-22,2061,KOEL,0.878
2020-12-22,2061,dizel,1.081
2020-12-22,2062,100,1.150
2020-12-22,2062,95,1.013
2020-12-22,2062,KOEL,0.878
2020-12-22,2062,dizel,1.081
2020-12-22,2063,100,1.150
2020-12-22,2063,95,1.013
2020-12-22,2063,dizel,1.081
2020-12-22,2064,100,1.150
2020-12-22,2064,95,1.013
2020-12-22,2064,KOEL,0.878
2020-12-22,2064,dizel,1.081
2020-12-22,2065,100,1.150
2020-12-22,2065,95,1.013
2020-12-22,2065,KOEL,0.878
2020-12-22,2065,dizel,1.081
2020-12-22,2066,95,1.013
2020-12-22,2066,KOEL,0.878
2020-12-22,2066,dizel,1.081
2020-12-22,2067,100,1.150
2020-12-22,2067,95,1.013
2020-12-22,2067,KOEL,0.878
2020-12-22,2067,dizel,1.081
2020-12-22,2068,95,1.013
2020-12-22,2068,dizel,1.081
2020-12-22,2069,100,1.150
2020-12-22,2069,95,1.013
2020-12-22,2069,dizel,1.081
2020-12-22,2070,100,1.150
2020-12-22,2070,95,1.013
2020-12-22,2070,KOEL,0.878
2020-12-22,2070,dizel,1.081
2020-12-22,2071,100,1.150
2020-12-22,2071,95,1.013
2020-12-22,2071,KOEL,0.878
2020-12-22,2071,dizel,1.081
2020-12-22,2072,95,1.013
2020-12-22,2072,KOEL,0.878
2020-12-22,2072,dizel,1.081
2020-12-22,2073,100,1.150
2020-12-22,2073,95,1.013
2020-12-22,2073,KOEL,0.878
2020-12-22,2073,dizel,1.081
2020-12-22,2074,100,1.150
2020-12-22,2074,95,1.013
2020-12-22,2074,KOEL,0.878
2020-12-22,2074,dizel,1.081
2020-12-22,2075,95,1.013
2020-12-22,2075,KOEL,0.878
2020-12-22,2075,dizel,1.081
2020-12-22,2076,95,1.013
2020-12-22,2076,KOEL,0.878
2020-12-22,2076,dizel,1.081
2020-12-22,2077,95,1.013
2020-12-22,2077,KOEL,0.878
2020-12-22,2077,dizel,1.081
2020-12-22,2078,95,1.013
2020-12-22,2078,KOEL,0.878
2020-12-22,2078,dizel,1.081
2020-12-22,2079,95,1.013
2020-12-22,2079,KOEL,0.878
2020-12-22,2079,dizel,1.081
2020-12-22,2080,100,1.150
2020-12-22,2080,95,1.013
2020-12-22,2080,KOEL,0.878
2020-12-22,2080,dizel,1.081
2020-12-22,2082,95,1.013
2020-12-22,2082,KOEL,0.878
2020-12-22,2082,dizel,1.081
2020-12-22,2083,95,1.013
2020-12-22,2083,KOEL,0.878
2020-12-22,2083,dizel,1.081
2020-12-22,2084,95,1.013
2020-12-22,2084,KOEL,0.878
2020-12-22,2084,dizel,1.081
2020-12-22,2085,95,1.013
2020-12-22,2085,dizel,1.081
2020-12-22,2086,95,1.013
2020-12-22,2086,KOEL,0.878
2020-12-22,2086,dizel,1.081
2020-12-22,2087,95,1.013
2020-12-22,2087,KOEL,0.878
2020-12-22,2087,dizel,1.081
2020-12-22,2088,100,1.200
2020-12-22,2088,95,1.044
2020-12-22,2088,dizel,1.104
2020-12-22,2088,dizel-premium,1.328
2020-12-22,2089,100,1.200
2020-12-22,2089,95,1.044
2020-12-22,2089,dizel,1.104
2020-12-22,2090,100,1.150
2020-12-22,2090,95,1.013
2020-12-22,2090,KOEL,0.878
2020-12-22,2090,dizel,1.081
2020-12-22,2091,100,1.150
2020-12-22,2091,95,1.013
2020-12-22,2091,KOEL,0.878
2020-12-22,2091,dizel,1.081
2020-12-22,2092,100,1.150
2020-12-22,2092,95,1.013
2020-12-22,2092,KOEL,0.878
2020-12-22,2092,dizel,1.081
2020-12-22,2093,95,1.013
2020-12-22,2093,KOEL,0.878
2020-12-22,2093,dizel,1.081
2020-12-22,2094,100,1.150
2020-12-22,2094,95,1.013
2020-12-22,2094,KOEL,0.878
2020-12-22,2094,dizel,1.081
2020-12-22,2095,100,1.200
2020-12-22,2095,95,1.044
2020-12-22,2095,dizel,1.104
2020-12-22,2095,dizel-premium,1.328
2020-12-22,2096,100,1.200
2020-12-22,2096,95,1.044
2020-12-22,2096,dizel,1.104
2020-12-22,2096,dizel-premium,1.328
2020-12-22,2097,95,1.013
2020-12-22,2097,KOEL,0.878
2020-12-22,2097,dizel,1.081
2020-12-22,2098,100,1.150
2020-12-22,2098,95,1.013
2020-12-22,2098,KOEL,0.878
2020-12-22,2098,dizel,1.081
2020-12-22,2099,100,1.150
2020-12-22,2099,95,1.013
2020-12-22,2099,KOEL,0.878
2020-12-22,2099,dizel,1.081
2020-12-22,2100,100,1.200
2020-12-22,2100,95,1.044
2020-12-22,2100,dizel,1.104
2020-12-22,2101,100,1.200
2020-12-22,2101,95,1.044
2020-12-22,2101,dizel,1.104
2020-12-22,2102,95,1.013
2020-12-22,2102,KOEL,0.878
2020-12-22,2102,dizel,1.081
2020-12-22,2103,95,1.013
2020-12-22,2103,KOEL,0.878
2020-12-22,2103,dizel,1.081
2020-12-22,2104,100,1.150
2020-12-22,2104,95,1.013
2020-12-22,2104,KOEL,0.878
2020-12-22,2104,dizel,1.081
2020-12-22,2105,95,1.013
2020-12-22,2105,KOEL,0.878
2020-12-22,2105,dizel,1.081
2020-12-22,2106,95,1.013
2020-12-22,2106,KOEL,0.878
2020-12-22,2106,dizel,1.081
2020-12-22,2107,95,1.013
2020-12-22,2107,KOEL,0.878
2020-12-22,2107,dizel,1.081
2020-12-22,2108,100,1.150
2020-12-22,2108,95,1.013
2020-12-22,2108,KOEL,0.878
2020-12-22,2108,dizel,1.081
2020-12-22,2109,95,1.013
2020-12-22,2109,KOEL,0.878
2020-12-22,2109,dizel,1.081
2020-12-22,2110,100,1.150
2020-12-22,2110,95,1.013
2020-12-22,2110,dizel,1.081
2020-12-22,2111,100,1.150
2020-12-22,2111,95,1.013
2020-12-22,2111,KOEL,0.878
2020-12-22,2111,dizel,1.081
2020-12-22,2112,100,1.150
2020-12-22,2112,95,1.013
2020-12-22,2112,dizel,1.081
2020-12-22,2113,95,1.013
2020-12-22,2113,dizel,1.081
2020-12-22,2114,95,1.013
2020-12-22,2114,KOEL,0.878
2020-12-22,2114,dizel,1.081
2020-12-22,2115,100,1.150
2020-12-22,2115,95,1.013
2020-12-22,2115,KOEL,0.878
2020-12-22,2115,dizel,1.081
2020-12-22,2116,95,1.013
2020-12-22,2116,KOEL,0.878
2020-12-22,2116,dizel,1.081
2020-12-22,2117,100,1.150
2020-12-22,2117,95,1.013
2020-12-22,2117,dizel,1.081
2020-12-22,2118,95,1.013
2020-12-22,2118,dizel,1.081
2020-12-22,2119,100,1.150
2020-12-22,2119,95,1.013
2020-12-22,2119,KOEL,0.878
2020-12-22,2119,dizel,1.081
2020-12-22,2120,100,1.200
2020-12-22,2120,95,1.044
2020-12-22,2120,dizel,1.104
2020-12-22,2121,100,1.150
2020-12-22,2121,95,1.013
2020-12-22,2121,KOEL,0.878
2020-12-22,2121,dizel,1.081
2020-12-22,2122,100,1.150
2020-12-22,2122,95,1.013
2020-12-22,2122,KOEL,0.878
2020-12-22,2122,dizel,1.081
2020-12-22,2123,100,1.200
2020-12-22,2123,95,1.044
2020-12-22,2123,dizel,1.104
2020-12-22,2124,95,1.013
2020-12-22,2124,KOEL,0.878
2020-12-22,2124,dizel,1.081
2020-12-22,2125,100,1.150
2020-12-22,2125,95,1.013
2020-12-22,2125,KOEL,0.878
2020-12-22,2125,dizel,1.081
2020-12-22,2126,100,1.150
2020-12-22,2126,95,1.013
2020-12-22,2126,dizel,1.081
2020-12-22,2127,95,1.013
2020-12-22,2127,KOEL,0.878
2020-12-22,2127,dizel,1.081
2020-12-22,2128,100,1.150
2020-12-22,2128,95,1.013
2020-12-22,2128,dizel,1.081
2020-12-22,2129,95,1.013
2020-12-22,2129,dizel,1.081
2020-12-22,2130,100,1.150
2020-12-22,2130,95,1.013
2020-12-22,2130,dizel,1.081
2020-12-22,2131,100,1.150
2020-12-22,2131,95,1.013
2020-12-22,2131,KOEL,0.878
2020-12-22,2131,dizel,1.081
2020-12-22,2132,100,1.150
2020-12-22,2132,95,1.013
2020-12-22,2132,KOEL,0.878
2020-12-22,2132,dizel,1.081
2020-12-22,2133,100,1.150
2020-12-22,2133,95,1.013
2020-12-22,2133,dizel,1.081
2020-12-22,2134,100,1.150
2020-12-22,2134,95,1.013
2020-12-22,2134,dizel,1.081
2020-12-22,2135,100,1.150
2020-12-22,2135,95,1.013
2020-12-22,2135,dizel,1.081
2020-12-22,2136,100,1.150
2020-12-22,2136,95,1.013
2020-12-22,2136,dizel,1.081
2020-12-22,2137,100,1.150
2020-12-22,2137,95,1.013
2020-12-22,2137,KOEL,0.878
2020-12-22,2137,dizel,1.081
2020-12-22,2138,100,1.150
2020-12-22,2138,95,1.013
2020-12-22,2138,dizel,1.081
2020-12-22,2139,100,1.150
2020-12-22,2139,95,1.013
2020-12-22,2139,KOEL,0.878
2020-12-22,2139,dizel,1.081
2020-12-22,2140,95,1.013
2020-12-22,2140,KOEL,0.878
2020-12-22,2140,dizel,1.081
2020-12-22,2141,100,1.200
2020-12-22,2141,95,1.044
2020-12-22,2141,dizel,1.104
2020-12-22,2142,95,1.013
2020-12-22,2142,KOEL,0.878
2020-12-22,2142,dizel,1.081
2020-12-22,2143,95,1.013
2020-12-22,2143,KOEL,0.878
2020-12-22,2143,dizel,1.081
2020-12-22,2144,100,1.150
2020-12-22,2144,95,1.013
2020-12-22,2144,KOEL,0.878
2020-12-22,2144,dizel,1.081
2020-12-22,2145,100,1.150
2020-12-22,2145,95,1.013
2020-12-22,2145,KOEL,0.878
2020-12-22,2145,dizel,1.081
2020-12-22,2146,100,1.150
2020-12-22,2146,95,1.013
2020-12-22,2146,KOEL,0.878
2020-12-22,2146,dizel,1.081
2020-12-22,2147,100,1.150
2020-12-22,2147,95,1.013
2020-12-22,2147,KOEL,0.878
2020-12-22,2147,dizel,1.081
2020-12-22,2148,100,1.150
2020-12-22,2148,95,1.013
2020-12-22,2148,KOEL,0.878
2020-12-22,2148,dizel,1.081
2020-12-22,2149,100,1.150
2020-12-22,2149,95,1.013
2020-12-22,2149,KOEL,0.878
2020-12-22,2149,dizel,1.081
2020-12-22,2150,100,1.150
2020-12-22,2150,95,1.013
2020-12-22,2150,KOEL,0.878
2020-12-22,2150,dizel,1.081
2020-12-22,2151,95,1.013
2020-12-22,2151,KOEL,0.878
2020-12-22,2151,dizel,1.081
2020-12-22,2152,95,1.013
2020-12-22,2152,KOEL,0.878
2020-12-22,2152,dizel,1.081
2020-12-22,2153,95,1.013
2020-12-22,2153,KOEL,0.878
2020-12-22,2153,dizel,1.081
2020-12-22,2154,95,1.013
2020-12-22,2154,KOEL,0.878
2020-12-22,2154,dizel,1.081
2020-12-22,2155,95,1.013
2020-12-22,2155,KOEL,0.878
2020-12-22,2155,dizel,1.081
2020-12-22,2156,95,1.013
2020-12-22,2156,KOEL,0.878
2020-12-22,2156,dizel,1.081
2020-12-22,2157,95,1.013
2020-12-22,2157,KOEL,0.878
2020-12-22,2157,dizel,1.081
2020-12-22,2158,100,1.150
2020-12-22,2158,95,1.013
2020-12-22,2158,KOEL,0.878
2020-12-22,2158,dizel,1.081
2020-12-22,2159,95,1.013
2020-12-22,2159,KOEL,0.878
2020-12-22,2159,dizel,1.081
2020-12-22,2160,95,1.013
2020-12-22,2160,KOEL,0.878
2020-12-22,2160,dizel,1.081
2020-12-22,2161,100,1.150
2020-12-22,2161,95,1.013
2020-12-22,2161,KOEL,0.878
2020-12-22,2161,dizel,1.081
2020-12-22,2162,100,1.200
2020-12-22,2162,95,1.044
2020-12-22,2162,dizel,1.104
2020-12-22,2163,100,1.150
2020-12-22,2163,95,1.013
2020-12-22,2163,KOEL,0.878
2020-12-22,2163,dizel,1.081
2020-12-22,2164,100,1.150
2020-12-22,2164,95,1.013
2020-12-22,2164,KOEL,0.878
2020-12-22,2164,dizel,1.081
2020-12-22,2165,95,1.013
2020-12-22,2165,KOEL,0.878
2020-12-22,2165,dizel,1.081
2020-12-22,2166,100,1.150
2020-12-22,2166,95,1.013
2020-12-22,2166,KOEL,0.878
2020-12-22,2166,dizel,1.081
2020-12-22,2167,100,1.150
2020-12-22,2167,95,1.013
2020-12-22,2167,dizel,1.081
2020-12-22,2168,100,1.150
2020-12-22,2168,95,1.013
2020-12-22,2168,KOEL,0.878
2020-12-22,2168,dizel,1.081
2020-12-22,2169,95,1.013
2020-12-22,2169,KOEL,0.878
2020-12-22,2169,dizel,1.081
2020-12-22,2170,95,1.013
2020-12-22,2170,KOEL,0.878
2020-12-22,2170,dizel,1.081
2020-12-22,2171,100,1.150
2020-12-22,2171,95,1.013
2020-12-22,2171,KOEL,0.878
2020-12-22,2171,dizel,1.081
2020-12-22,2172,100,1.150
2020-12-22,2172,95,1.013
2020-12-22,2172,dizel,1.081
2020-12-22,2173,95,1.013
2020-12-22,2173,KOEL,0.878
2020-12-22,2173,dizel,1.081
2020-12-22,2174,100,1.150
2020-12-22,2174,95,1.013
2020-12-22,2174,KOEL,0.878
2020-12-22,2174,dizel,1.081
2020-12-22,2175,100,1.200
2020-12-22,2175,95,1.044
2020-12-22,2175,dizel,1.104
2020-12-22,2176,100,1.200
2020-12-22,2176,95,1.044
2020-12-22,2176,dizel,1.104
2020-12-22,2177,95,1.013
2020-12-22,2177,KOEL,0.878
2020-12-22,2177,dizel,1.081
2020-12-22,2178,100,1.150
2020-12-22,2178,95,1.013
2020-12-22,2178,KOEL,0.878
2020-12-22,2178,dizel,1.081
2020-12-22,2179,95,1.013
2020-12-22,2179,KOEL,0.878
2020-12-22,2179,dizel,1.081
2020-12-22,2180,95,1.013
2020-12-22,2180,KOEL,0.878
2020-12-22,2180,dizel,1.081
2020-12-22,2181,95,1.013
2020-12-22,2181,KOEL,0.878
2020-12-22,2181,dizel,1.081
2020-12-22,2182,95,1.013
2020-12-22,2182,KOEL,0.878
2020-12-22,2182,dizel,1.081
2020-12-22,2183,95,1.013
2020-12-22,2183,dizel,1.081
2020-12-22,2184,95,1.013
2020-12-22,2184,KOEL,0.878
2020-12-22,2184,dizel,1.081
2020-12-22,2185,95,1.013
2020-12-22,2185,KOEL,0.878
2020-12-22,2185,dizel,1.081
2020-12-22,2186,100,1.150
2020-12-22,2186,95,1.013
2020-12-22,2186,KOEL,0.878
2020-12-22,2186,dizel,1.081
2020-12-22,2187,100,1.150
2020-12-22,2187,95,1.013
2020-12-22,2187,KOEL,0.878
2020-12-22,2187,dizel,1.081
2020-12-22,2188,100,1.150
2020-12-22,2188,95,1.013
2020-12-22,2188,KOEL,0.878
2020-12-22,2188,dizel,1.081
2020-12-22,2189,95,1.013
2020-12-22,2189,KOEL,0.878
2020-12-22,2189,dizel,1.081
2020-12-22,2190,100,1.150
2020-12-22,2190,95,1.013
2020-12-22,2190,KOEL,0.878
2020-12-22,2190,dizel,1.081
2020-12-22,2191,100,1.150
2020-12-22,2191,95,1.013
2020-12-22,2191,KOEL,0.878
2020-12-22,2191,dizel,1.081
2020-12-22,2192,100,1.150
2020-12-22,2192,95,1.013
2020-12-22,2192,KOEL,0.878
2020-12-22,2192,dizel,1.081
2020-12-22,2193,95,1.013
2020-12-22,2193,KOEL,0.878
2020-12-22,2193,dizel,1.081
2020-12-22,2194,100,1.150
2020-12-22,2194,95,1.013
2020-12-22,2194,dizel,1.081
2020-12-22,2195,100,1.150
2020-12-22,2195,95,1.013
2020-12-22,2195,KOEL,0.878
2020-12-22,2195,dizel,1.081
2020-12-22,2196,100,1.150
2020-12-22,2196,95,1.013
2020-12-22,2196,KOEL,0.878
2020-12-22,2196,dizel,1.081
2020-12-22,2197,100,1.150
2020-12-22,2197,95,1.013
2020-12-22,2197,dizel,1.081
2020-12-22,2198,100,1.150
2020-12-22,2198,95,1.013
2020-12-22,2198,KOEL,0.878
2020-12-22,2198,dizel,1.081
2020-12-22,2199,100,1.150
2020-12-22,2199,95,1.013
2020-12-22,2199,dizel,1.081
2020-12-22,2200,100,1.150
2020-12-22,2200,95,1.013
2020-12-22,2200,dizel,1.081
2020-12-22,2201,100,1.200
2020-12-22,2201,95,1.044
2020-12-22,2201,dizel,1.104
2020-12-22,2202,100,1.200
2020-12-22,2202,95,1.044
2020-12-22,2202,dizel,1.104
2020-12-22,2203,95,1.013
2020-12-22,2203,KOEL,0.878
2020-12-22,2203,dizel,1.081
2020-12-22,2204,100,1.150
2020-12-22,2204,95,1.013
2020-12-22,2204,dizel,1.081
2020-12-22,2205,100,1.150
2020-12-22,2205,95,1.013
2020-12-22,2205,KOEL,0.878
2020-12-22,2205,dizel,1.081
2020-12-22,2206,100,1.150
2020-12-22,2206,95,1.013
2020-12-22,2206,KOEL,0.878
2020-12-22,2206,dizel,1.081
2020-12-22,2207,100,1.150
2020-12-22,2207,95,1.013
2020-12-22,2207,dizel,1.081
2020-12-22,2208,95,1.013
2020-12-22,2208,KOEL,0.878
2020-12-22,2208,dizel,1.081
2020-12-22,2209,95,1.013
2020-12-22,2209,KOEL,0.878
2020-12-22,2209,dizel,1.081
2020-12-22,2210,100,1.150
2020-12-22,2210,95,1.013
2020-12-22,2210,KOEL,0.878
2020-12-22,2210,dizel,1.081
2020-12-22,2211,95,1.013
2020-12-22,2211,KOEL,0.878
2020-12-22,2211,dizel,1.081
2020-12-22,2212,100,1.150
2020-12-22,2212,95,1.013
2020-12-22,2212,KOEL,0.878
2020-12-22,2212,dizel,1.081
2020-12-22,2213,95,1.013
2020-12-22,2213,KOEL,0.878
2020-12-22,2213,dizel,1.081
2020-12-22,2214,95,1.013
2020-12-22,2214,KOEL,0.878
2020-12-22,2214,dizel,1.081
2020-12-22,2215,100,1.150
2020-12-22,2215,95,1.013
2020-12-22,2215,KOEL,0.878
2020-12-22,2215,dizel,1.081
2020-12-22,2216,100,1.200
2020-12-22,2216,95,1.044
2020-12-22,2216,dizel,1.104
2020-12-22,2216,dizel-premium,1.328
2020-12-22,2217,100,1.150
2020-12-22,2217,95,1.013
2020-12-22,2217,KOEL,0.878
2020-12-22,2217,dizel,1.081
2020-12-22,2218,100,1.150
2020-12-22,2218,95,1.013
2020-12-22,2218,KOEL,0.878
2020-12-22,2218,dizel,1.081
2020-12-22,2219,95,1.013
2020-12-22,2219,KOEL,0.878
2020-12-22,2219,dizel,1.081
2020-12-22,2220,100,1.150
2020-12-22,2220,95,1.013
2020-12-22,2220,KOEL,0.878
2020-12-22,2220,dizel,1.081
2020-12-22,2221,100,1.150
2020-12-22,2221,95,1.013
2020-12-22,2221,KOEL,0.878
2020-12-22,2221,dizel,1.081
2020-12-22,2222,100,1.150
2020-12-22,2222,95,1.013
2020-12-22,2222,KOEL,0.878
2020-12-22,2222,dizel,1.081
2020-12-22,2223,95,1.013
2020-12-22,2223,KOEL,0.878
2020-12-22,2223,dizel,1.081
2020-12-22,2224,95,1.013
2020-12-22,2224,KOEL,0.878
2020-12-22,2224,dizel,1.081
2020-12-22,2225,100,1.150
2020-12-22,2225,95,1.013
2020-12-22,2225,KOEL,0.878
2020-12-22,2225,dizel,1.081
2020-12-22,2227,100,1.150
2020-12-22,2227,95,1.013
2020-12-22,2227,dizel,1.081
2020-12-22,2228,100,1.150
2020-12-22,2228,95,1.013
2020-12-22,2228,KOEL,0.878
2020-12-22,2228,dizel,1.081
2020-12-22,2229,100,1.200
2020-12-22,2229,95,1.044
2020-12-22,2229,dizel,1.104
2020-12-22,2229,dizel-premium,1.328
2020-12-22,2230,100,1.200
2020-12-22,2230,95,1.044
2020-12-22,2230,dizel,1.104
2020-12-22,2230,dizel-premium,1.328
2020-12-22,2231,100,1.200
2020-12-22,2231,95,1.044
2020-12-22,2231,dizel,1.104
2020-12-22,2231,dizel-premium,1.328
2020-12-22,2232,100,1.200
2020-12-22,2232,95,1.044
2020-12-22,2232,dizel,1.104
2020-12-22,2232,dizel-premium,1.328
2020-12-22,2233,100,1.150
2020-12-22,2233,95,1.013
2020-12-22,2233,dizel,1.081
2020-12-22,2234,100,1.165
2020-12-22,2234,95,1.018
2020-12-22,2234,dizel,1.083
2020-12-22,2234,dizel-premium,1.236
2020-12-22,2235,100,1.165
2020-12-22,2235,95,1.018
2020-12-22,2235,dizel,1.083
2020-12-22,2235,dizel-premium,1.236
2020-12-22,2237,95,1.017
2020-12-22,2237,dizel,1.086
2020-12-22,2238,95,1.017
2020-12-22,2238,dizel,1.086
2020-12-22,2239,95,1.017
2020-12-22,2239,dizel,1.086
2020-12-22,2240,95,1.017
2020-12-22,2240,dizel,1.086
2020-12-22,2241,95,1.017
2020-12-22,2241,dizel,1.086
2020-12-22,2242,95,1.017
2020-12-22,2242,dizel,1.086
2020-12-22,2243,95,1.017
2020-12-22,2243,dizel,1.086
2020-12-22,2244,95,1.017
2020-12-22,2244,dizel,1.086
2020-12-22,2245,95,1.017
2020-12-22,2245,dizel,1.086
2020-12-22,2246,95,1.017
2020-12-22,2246,dizel,1.086
2020-12-22,2247,95,1.017
2020-12-22,2247,dizel,1.086
2020-12-22,2248,95,1.017
2020-12-22,2248,dizel,1.086
2020-12-22,2249,95,1.017
2020-12-22,2249,dizel,1.086
2020-12-22,2250,95,1.017
2020-12-22,2250,dizel,1.086
2020-12-22,2251,95,1.017
2020-12-22,2251,dizel,1.086
2020-12-22,2252,95,1.017
2020-12-22,2252,dizel,1.086
2020-12-22,2253,95,1.017
2020-12-22,2253,dizel,1.086
2020-12-22,2254,95,1.017
2020-12-22,2254,dizel,1.086
2020-12-22,2255,95,1.017
2020-12-22,2255,dizel,1.086
2020-12-22,2256,95,1.017
2020-12-22,2256,dizel,1.086
2020-12-22,2257,95,1.017
2020-12-22,2257,dizel,1.086
2020-12-22,2272,100,1.150
2020-12-22,2272,95,1.013
2020-12-22,2272,dizel,1.081
2020-12-22,2283,100,1.165
2020-12-22,2283,95,1.018
2020-12-22,2283,KOEL,0.877
2020-12-22,2283,dizel,1.083
2020-12-22,2283,dizel-premium,1.236
2020-12-22,2284,100,1.165
2020-12-22,2284,95,1.018
2020-12-22,2284,KOEL,0.877
2020-12-22,2284,dizel,1.083
2020-12-22,2284,dizel-premium,1.236
2020-12-22,2285,100,1.165
2020-12-22,2285,95,1.018
2020-12-22,2285,KOEL,0.877
2020-12-22,2285,dizel,1.083
2020-12-22,2285,dizel-premium,1.236
2020-12-22,2286,100,1.165
2020-12-22,2286,95,1.018
2020-12-22,2286,KOEL,0.877
2020-12-22,2286,dizel,1.083
2020-12-22,2286,dizel-premium,1.236
2020-12-22,2287,100,1.165
2020-12-22,2287,95,1.018
2020-12-22,2287,KOEL,0.877
2020-12-22,2287,dizel,1.083
2020-12-22,2287,dizel-premium,1.236
2020-12-22,2297,dizel,1.081
2020-12-22,2299,dizel,1.081
2020-12-22,2302,95,1.014
2020-12-22,2302,KOEL,0.874
2020-12-22,2302,dizel,1.081
2020-12-22,2303,95,1.014
2020-12-22,2303,KOEL,0.874
2020-12-22,2303,dizel,1.081
2020-12-22,2304,100,1.159
2020-12-22,2304,95,1.014
2020-12-22,2304,KOEL,0.874
2020-12-22,2304,dizel,1.081
2020-12-22,2305,100,1.159
2020-12-22,2305,95,1.014
2020-12-22,2305,dizel,1.081
2020-12-22,2306,100,1.159
2020-12-22,2306,95,1.014
2020-12-22,2306,KOEL,0.874
2020-12-22,2306,dizel,1.081
2020-12-22,2307,95,1.014
2020-12-22,2307,dizel,1.081
2020-12-22,2308,dizel,1.081
2020-12-22,2309,dizel,1.081
2020-12-22,2310,dizel,1.081
2020-12-22,2318,dizel,1.076
2020-12-22,2319,KOEL,0.876
2020-12-22,2319,dizel,1.081
2020-12-22,2321,KOEL,0.878
2020-12-22,2321,dizel,1.081
2020-12-23,766,100,1.169
2020-12-23,766,95,1.019
2020-12-23,766,dizel,1.089
2020-12-23,767,100,1.169
2020-12-23,767,95,1.019
2020-12-23,767,KOEL,0.877
2020-12-23,767,dizel,1.089
2020-12-23,768,100,1.229
2020-12-23,768,95,1.044
2020-12-23,768,dizel,1.104
2020-12-23,768,dizel-premium,1.339
2020-12-23,769,95,1.019
2020-12-23,769,dizel,1.089
2020-12-23,770,100,1.169
2020-12-23,770,95,1.019
2020-12-23,770,dizel,1.089
2020-12-23,770,dizel-premium,1.239
2020-12-23,771,100,1.169
2020-12-23,771,95,1.019
2020-12-23,771,KOEL,0.877
2020-12-23,771,dizel,1.089
2020-12-23,771,dizel-premium,1.239
2020-12-23,772,100,1.169
2020-12-23,772,95,1.019
2020-12-23,772,dizel,1.089
2020-12-23,773,100,1.169
2020-12-23,773,95,1.019
2020-12-23,773,KOEL,0.877
2020-12-23,773,dizel,1.089
2020-12-23,774,100,1.169
2020-12-23,774,95,1.019
2020-12-23,774,dizel,1.089
2020-12-23,775,100,1.169
2020-12-23,775,95,1.019
2020-12-23,775,dizel,1.089
2020-12-23,775,dizel-premium,1.239
2020-12-23,776,100,1.169
2020-12-23,776,95,1.019
2020-12-23,776,KOEL,0.877
2020-12-23,776,dizel,1.089
2020-12-23,777,100,1.239
2020-12-23,777,95,1.064
2020-12-23,777,dizel,1.124
2020-12-23,777,dizel-premium,1.349
2020-12-23,778,100,1.239
2020-12-23,778,95,1.064
2020-12-23,778,dizel,1.124
2020-12-23,778,dizel-premium,1.349
2020-12-23,779,100,1.169
2020-12-23,779,95,1.019
2020-12-23,779,KOEL,0.877
2020-12-23,779,dizel,1.089
2020-12-23,780,100,1.169
2020-12-23,780,95,1.019
2020-12-23,780,KOEL,0.877
2020-12-23,780,dizel,1.089
2020-12-23,781,100,1.239
2020-12-23,781,95,1.064
2020-12-23,781,dizel,1.124
2020-12-23,781,dizel-premium,1.349
2020-12-23,782,100,1.239
2020-12-23,782,95,1.064
2020-12-23,782,dizel,1.124
2020-12-23,782,dizel-premium,1.349
2020-12-23,783,100,1.169
2020-12-23,783,95,1.019
2020-12-23,783,KOEL,0.877
2020-12-23,783,dizel,1.089
2020-12-23,784,dizel,1.089
2020-12-23,785,dizel,1.089
2020-12-23,786,dizel,1.089
2020-12-23,787,dizel,1.089
2020-12-23,788,dizel,1.089
2020-12-23,789,100,1.169
2020-12-23,789,95,1.019
2020-12-23,789,dizel,1.089
2020-12-23,789,dizel-premium,1.239
2020-12-23,790,100,1.239
2020-12-23,790,95,1.064
2020-12-23,790,dizel,1.124
2020-12-23,790,dizel-premium,1.349
2020-12-23,791,100,1.239
2020-12-23,791,95,1.064
2020-12-23,791,dizel,1.124
2020-12-23,791,dizel-premium,1.349
2020-12-23,792,100,1.169
2020-12-23,792,95,1.019
2020-12-23,792,KOEL,0.877
2020-12-23,792,dizel,1.089
2020-12-23,793,100,1.239
2020-12-23,793,95,1.064
2020-12-23,793,dizel,1.124
2020-12-23,793,dizel-premium,1.349
2020-12-23,794,95,1.019
2020-12-23,794,dizel,1.089
2020-12-23,795,100,1.169
2020-12-23,795,95,1.019
2020-12-23,795,KOEL,0.877
2020-12-23,795,dizel,1.089
2020-12-23,796,100,1.239
2020-12-23,796,95,1.064
2020-12-23,796,dizel,1.124
2020-12-23,796,dizel-premium,1.349
2020-12-23,797,100,1.169
2020-12-23,797,95,1.019
2020-12-23,797,KOEL,0.877
2020-12-23,797,dizel,1.089
2020-12-23,797,dizel-premium,1.239
2020-12-23,798,100,1.169
2020-12-23,798,95,1.019
2020-12-23,798,dizel,1.089
2020-12-23,798,dizel-premium,1.239
2020-12-23,799,100,1.169
2020-12-23,799,95,1.019
2020-12-23,799,KOEL,0.877
2020-12-23,799,dizel,1.089
2020-12-23,799,dizel-premium,1.239
2020-12-23,800,100,1.169
2020-12-23,800,95,1.019
2020-12-23,800,dizel,1.089
2020-12-23,800,dizel-premium,1.239
2020-12-23,801,100,1.169
2020-12-23,801,95,1.019
2020-12-23,801,dizel,1.089
2020-12-23,802,100,1.169
2020-12-23,802,95,1.019
2020-12-23,802,dizel,1.089
2020-12-23,803,100,1.169
2020-12-23,803,95,1.019
2020-12-23,803,KOEL,0.877
2020-12-23,803,dizel,1.089
2020-12-23,803,dizel-premium,1.239
2020-12-23,804,100,1.229
2020-12-23,804,95,1.044
2020-12-23,804,dizel,1.104
2020-12-23,804,dizel-premium,1.339
2020-12-23,805,100,1.229
2020-12-23,805,95,1.044
2020-12-23,805,KOEL,0.877
2020-12-23,805,dizel,1.104
2020-12-23,805,dizel-premium,1.339
2020-12-23,806,100,1.169
2020-12-23,806,95,1.019
2020-12-23,806,dizel,1.089
2020-12-23,807,100,1.169
2020-12-23,807,95,1.019
2020-12-23,807,KOEL,0.877
2020-12-23,807,dizel,1.089
2020-12-23,808,100,1.169
2020-12-23,808,95,1.019
2020-12-23,808,dizel,1.089
2020-12-23,809,100,1.169
2020-12-23,809,95,1.019
2020-12-23,809,dizel,1.089
2020-12-23,810,100,1.169
2020-12-23,810,95,1.019
2020-12-23,810,KOEL,0.877
2020-12-23,810,dizel,1.089
2020-12-23,810,dizel-premium,1.239
2020-12-23,811,95,1.019
2020-12-23,811,dizel,1.089
2020-12-23,812,100,1.169
2020-12-23,812,95,1.019
2020-12-23,812,dizel,1.089
2020-12-23,812,dizel-premium,1.239
2020-12-23,813,100,1.169
2020-12-23,813,95,1.019
2020-12-23,813,dizel,1.089
2020-12-23,814,100,1.169
2020-12-23,814,95,1.019
2020-12-23,814,KOEL,0.877
2020-12-23,814,dizel,1.089
2020-12-23,815,100,1.169
2020-12-23,815,95,1.019
2020-12-23,815,KOEL,0.877
2020-12-23,815,dizel,1.089
2020-12-23,815,dizel-premium,1.239
2020-12-23,816,100,1.169
2020-12-23,816,95,1.019
2020-12-23,816,dizel,1.089
2020-12-23,817,100,1.169
2020-12-23,817,95,1.019
2020-12-23,817,dizel,1.089
2020-12-23,817,dizel-premium,1.239
2020-12-23,818,100,1.169
2020-12-23,818,95,1.019
2020-12-23,818,dizel,1.089
2020-12-23,819,100,1.169
2020-12-23,819,95,1.019
2020-12-23,819,dizel,1.089
2020-12-23,819,dizel-premium,1.239
2020-12-23,820,100,1.169
2020-12-23,820,95,1.019
2020-12-23,820,dizel,1.089
2020-12-23,820,dizel-premium,1.239
2020-12-23,821,100,1.169
2020-12-23,821,95,1.019
2020-12-23,821,KOEL,0.877
2020-12-23,821,dizel,1.089
2020-12-23,822,100,1.169
2020-12-23,822,95,1.019
2020-12-23,822,dizel,1.089
2020-12-23,823,100,1.239
2020-12-23,823,95,1.064
2020-12-23,823,dizel,1.124
2020-12-23,823,dizel-premium,1.349
2020-12-23,824,95,1.019
2020-12-23,824,dizel,1.089
2020-12-23,825,100,1.169
2020-12-23,825,95,1.019
2020-12-23,825,dizel,1.089
2020-12-23,826,100,1.169
2020-12-23,826,95,1.019
2020-12-23,826,KOEL,0.877
2020-12-23,826,dizel,1.089
2020-12-23,827,95,1.019
2020-12-23,827,dizel,1.089
2020-12-23,828,100,1.239
2020-12-23,828,95,1.064
2020-12-23,828,dizel,1.124
2020-12-23,828,dizel-premium,1.349
2020-12-23,829,100,1.169
2020-12-23,829,95,1.019
2020-12-23,829,KOEL,0.877
2020-12-23,829,dizel,1.089
2020-12-23,829,dizel-premium,1.239
2020-12-23,830,100,1.169
2020-12-23,830,95,1.019
2020-12-23,830,dizel,1.089
2020-12-23,830,dizel-premium,1.239
2020-12-23,831,100,1.169
2020-12-23,831,95,1.019
2020-12-23,831,KOEL,0.877
2020-12-23,831,dizel,1.089
2020-12-23,831,dizel-premium,1.239
2020-12-23,832,95,1.019
2020-12-23,832,dizel,1.089
2020-12-23,833,100,1.169
2020-12-23,833,95,1.019
2020-12-23,833,dizel,1.089
2020-12-23,833,dizel-premium,1.239
2020-12-23,834,100,1.169
2020-12-23,834,95,1.019
2020-12-23,834,KOEL,0.877
2020-12-23,834,dizel,1.089
2020-12-23,835,100,1.169
2020-12-23,835,95,1.019
2020-12-23,835,KOEL,0.877
2020-12-23,835,dizel,1.089
2020-12-23,835,dizel-premium,1.239
2020-12-23,836,100,1.169
2020-12-23,836,95,1.019
2020-12-23,836,dizel,1.089
2020-12-23,837,100,1.239
2020-12-23,837,95,1.064
2020-12-23,837,dizel,1.124
2020-12-23,837,dizel-premium,1.349
2020-12-23,838,100,1.169
2020-12-23,838,95,1.019
2020-12-23,838,KOEL,0.877
2020-12-23,838,dizel,1.089
2020-12-23,838,dizel-premium,1.239
2020-12-23,839,100,1.169
2020-12-23,839,95,1.019
2020-12-23,839,dizel,1.089
2020-12-23,840,100,1.169
2020-12-23,840,95,1.019
2020-12-23,840,dizel,1.089
2020-12-23,840,dizel-premium,1.239
2020-12-23,841,100,1.169
2020-12-23,841,95,1.019
2020-12-23,841,dizel,1.089
2020-12-23,841,dizel-premium,1.239
2020-12-23,842,100,1.169
2020-12-23,842,95,1.019
2020-12-23,842,KOEL,0.877
2020-12-23,842,dizel,1.089
2020-12-23,843,100,1.169
2020-12-23,843,95,1.019
2020-12-23,843,KOEL,0.877
2020-12-23,843,dizel,1.089
2020-12-23,844,100,1.239
2020-12-23,844,95,1.064
2020-12-23,844,dizel,1.124
2020-12-23,844,dizel-premium,1.349
2020-12-23,845,100,1.239
2020-12-23,845,95,1.064
2020-12-23,845,dizel,1.124
2020-12-23,845,dizel-premium,1.349
2020-12-23,846,100,1.169
2020-12-23,846,95,1.019
2020-12-23,846,KOEL,0.877
2020-12-23,846,dizel,1.089
2020-12-23,847,95,1.064
2020-12-23,847,dizel,1.124
2020-12-23,847,dizel-premium,1.349
2020-12-23,848,95,1.064
2020-12-23,848,dizel,1.124
2020-12-23,848,dizel-premium,1.349
2020-12-23,849,100,1.169
2020-12-23,849,95,1.019
2020-12-23,849,dizel,1.089
2020-12-23,849,dizel-premium,1.239
2020-12-23,850,100,1.169
2020-12-23,850,95,1.019
2020-12-23,850,dizel,1.089
2020-12-23,851,100,1.169
2020-12-23,851,95,1.019
2020-12-23,851,dizel,1.089
2020-12-23,851,dizel-premium,1.239
2020-12-23,852,95,1.019
2020-12-23,852,dizel,1.089
2020-12-23,853,100,1.169
2020-12-23,853,95,1.019
2020-12-23,853,dizel,1.089
2020-12-23,854,100,1.169
2020-12-23,854,95,1.019
2020-12-23,854,dizel,1.089
2020-12-23,854,dizel-premium,1.239
2020-12-23,855,100,1.169
2020-12-23,855,95,1.019
2020-12-23,855,dizel,1.089
2020-12-23,855,dizel-premium,1.239
2020-12-23,856,100,1.169
2020-12-23,856,95,1.019
2020-12-23,856,dizel,1.089
2020-12-23,856,dizel-premium,1.239
2020-12-23,857,100,1.169
2020-12-23,857,95,1.019
2020-12-23,857,KOEL,0.877
2020-12-23,857,dizel,1.089
2020-12-23,857,dizel-premium,1.239
2020-12-23,858,100,1.169
2020-12-23,858,95,1.019
2020-12-23,858,KOEL,0.877
2020-12-23,858,dizel,1.089
2020-12-23,859,95,1.019
2020-12-23,859,dizel,1.089
2020-12-23,860,100,1.169
2020-12-23,860,95,1.019
2020-12-23,860,KOEL,0.877
2020-12-23,860,dizel,1.089
2020-12-23,861,100,1.239
2020-12-23,861,95,1.064
2020-12-23,861,dizel,1.124
2020-12-23,861,dizel-premium,1.349
2020-12-23,862,100,1.169
2020-12-23,862,95,1.019
2020-12-23,862,KOEL,0.877
2020-12-23,862,dizel,1.089
2020-12-23,862,dizel-premium,1.239
2020-12-23,863,100,1.229
2020-12-23,863,95,1.044
2020-12-23,863,KOEL,0.877
2020-12-23,863,dizel,1.104
2020-12-23,864,100,1.229
2020-12-23,864,95,1.044
2020-12-23,864,dizel,1.104
2020-12-23,865,100,1.169
2020-12-23,865,95,1.019
2020-12-23,865,KOEL,0.877
2020-12-23,865,dizel,1.089
2020-12-23,865,dizel-premium,1.239
2020-12-23,866,100,1.169
2020-12-23,866,95,1.019
2020-12-23,866,dizel,1.089
2020-12-23,867,100,1.169
2020-12-23,867,95,1.019
2020-12-23,867,dizel,1.089
2020-12-23,868,100,1.169
2020-12-23,868,95,1.019
2020-12-23,868,dizel,1.089
2020-12-23,869,100,1.169
2020-12-23,869,95,1.019
2020-12-23,869,KOEL,0.877
2020-12-23,869,dizel,1.089
2020-12-23,870,100,1.169
2020-12-23,870,95,1.019
2020-12-23,870,dizel,1.089
2020-12-23,871,100,1.169
2020-12-23,871,95,1.019
2020-12-23,871,KOEL,0.877
2020-12-23,871,dizel,1.089
2020-12-23,871,dizel-premium,1.239
2020-12-23,872,100,1.169
2020-12-23,872,95,1.019
2020-12-23,872,dizel,1.089
2020-12-23,872,dizel-premium,1.239
2020-12-23,873,100,1.169
2020-12-23,873,95,1.019
2020-12-23,873,dizel,1.089
2020-12-23,874,100,1.169
2020-12-23,874,95,1.019
2020-12-23,874,KOEL,0.877
2020-12-23,874,dizel,1.089
2020-12-23,874,dizel-premium,1.239
2020-12-23,875,100,1.169
2020-12-23,875,95,1.019
2020-12-23,875,KOEL,0.877
2020-12-23,875,dizel,1.089
2020-12-23,876,100,1.169
2020-12-23,876,95,1.019
2020-12-23,876,dizel,1.089
2020-12-23,876,dizel-premium,1.239
2020-12-23,1548,95,1.019
2020-12-23,1548,dizel-premium,1.239
2020-12-23,1549,95,1.019
2020-12-23,1549,dizel-premium,1.239
2020-12-23,1550,95,1.019
2020-12-23,1550,dizel-premium,1.239
2020-12-23,1551,95,1.019
2020-12-23,1551,dizel-premium,1.239
2020-12-23,1552,95,1.019
2020-12-23,1552,dizel-premium,1.239
2020-12-23,1553,95,1.019
2020-12-23,1554,95,1.019
2020-12-23,1554,dizel-premium,1.239
2020-12-23,1555,95,1.019
2020-12-23,1555,dizel-premium,1.239
2020-12-23,1556,95,1.019
2020-12-23,1556,dizel-premium,1.239
2020-12-23,1557,95,1.019
2020-12-23,1557,dizel-premium,1.239
2020-12-23,1558,95,1.019
2020-12-23,1558,dizel-premium,1.239
2020-12-23,1559,100,1.225
2020-12-23,1559,dizel,1.109
2020-12-23,1559,dizel-premium,1.339
2020-12-23,1560,95,1.019
2020-12-23,1561,95,1.019
2020-12-23,1562,95,1.019
2020-12-23,1563,95,1.019
2020-12-23,1564,95,1.019
2020-12-23,1564,dizel-premium,1.239
2020-12-23,1565,95,1.019
2020-12-23,1566,95,1.019
2020-12-23,1567,95,1.019
2020-12-23,1568,100,1.225
2020-12-23,1568,dizel,1.109
2020-12-23,1568,dizel-premium,1.339
2020-12-23,1569,95,1.019
2020-12-23,1570,95,1.019
2020-12-23,1571,95,1.019
2020-12-23,1572,95,1.019
2020-12-23,1573,95,1.019
2020-12-23,1574,95,1.019
2020-12-23,1575,95,1.019
2020-12-23,1576,95,1.019
2020-12-23,1577,95,1.019
2020-12-23,1578,95,1.019
2020-12-23,1579,95,1.019
2020-12-23,1580,95,1.019
2020-12-23,1581,95,1.019
2020-12-23,1582,95,1.019
2020-12-23,1583,95,1.019
2020-12-23,1584,95,1.019
2020-12-23,1585,95,1.019
2020-12-23,1585,dizel-premium,1.239
2020-12-23,1586,95,1.019
2020-12-23,1587,95,1.019
2020-12-23,1588,95,1.019
2020-12-23,1588,dizel-premium,1.239
2020-12-23,1589,95,1.019
2020-12-23,1589,dizel-premium,1.239
2020-12-23,1590,95,1.019
2020-12-23,1591,95,1.019
2020-12-23,1592,95,1.019
2020-12-23,1593,95,1.019
2020-12-23,2234,95,1.019
2020-12-23,2234,dizel-premium,1.239
2020-12-23,2235,95,1.019
2020-12-23,2235,dizel-premium,1.239
2020-12-23,2236,100,1.169
2020-12-23,2236,95,1.019
2020-12-23,2236,dizel,1.089
2020-12-23,2236,dizel-premium,1.239
2020-12-23,2268,100,1.150
2020-12-23,2268,95,1.013
2020-12-23,2268,KOEL,0.878
2020-12-23,2268,dizel,1.081
2020-12-23,2271,100,1.169
2020-12-23,2271,95,1.019
2020-12-23,2271,dizel,1.089
2020-12-23,2271,dizel-premium,1.239
2020-12-23,2273,dizel,1.081
2020-12-23,2274,dizel,1.081
2020-12-23,2275,dizel,1.081
2020-12-23,2276,dizel,1.081
2020-12-23,2283,95,1.019
2020-12-23,2283,dizel-premium,1.239
2020-12-23,2284,95,1.019
2020-12-23,2284,dizel-premium,1.239
2020-12-23,2285,95,1.019
2020-12-23,2285,dizel-premium,1.239
2020-12-23,2286,95,1.019
2020-12-23,2286,dizel-premium,1.239
2020-12-23,2287,95,1.019
2020-12-23,2287,dizel-premium,1.239
2020-12-23,2288,95,0.989
2020-12-23,2288,dizel,1.059
2020-12-23,2289,95,0.989
2020-12-23,2289,dizel,1.059
2020-12-23,2290,95,0.989
2020-12-23,2290,dizel,1.059
2020-12-23,2291,95,0.989
2020-12-23,2291,dizel,1.059
2020-12-23,2292,95,0.989
2020-12-23,2292,dizel,1.059
2020-12-23,2293,95,0.989
2020-12-23,2293,dizel,1.059
2020-12-23,2294,95,0.989
2020-12-23,2294,dizel,1.059
2020-12-23,2295,95,0.989
2020-12-23,2295,dizel,1.059
2020-12-23,2297,95,0.983
2020-12-23,2297,KOEL,0.828
2020-12-23,2299,95,0.983
2020-12-23,2299,KOEL,0.878
2020-12-23,2302,100,1.159
2020-12-23,2311,95,1.018
2020-12-23,2311,KOEL,0.878
2020-12-23,2311,dizel,1.083
2020-12-23,2312,dizel,1.019
2020-12-23,2314,95,0.998
2020-12-23,2314,dizel,1.063
2020-12-23,2315,95,1.013
2020-12-23,2315,dizel,1.080
2020-12-23,2316,95,1.013
2020-12-23,2316,dizel,1.081
2020-12-23,2317,95,1.013
2020-12-23,2317,dizel,1.081
2020-12-23,2320,KOEL,0.878
2020-12-23,2320,dizel,1.081
2020-12-24,787,dizel,
2020-12-24,2313,95,1.019
2020-12-24,2313,dizel,1.083
2020-12-24,2314,KOEL,0.875
2020-12-24,2318,dizel,1.081
2020-12-27,777,100,1.229
2020-12-27,777,95,1.054
2020-12-27,777,dizel,1.114
2020-12-27,777,dizel-premium,1.339
2020-12-27,778,100,1.229
2020-12-27,778,95,1.054
2020-12-27,778,dizel,1.114
2020-12-27,778,dizel-premium,1.339
2020-12-27,781,100,1.229
2020-12-27,781,95,1.054
2020-12-27,781,dizel,1.114
2020-12-27,781,dizel-premium,1.339
2020-12-27,782,100,1.229
2020-12-27,782,95,1.054
2020-12-27,782,dizel,1.114
2020-12-27,782,dizel-premium,1.339
2020-12-27,790,100,1.229
2020-12-27,790,95,1.054
2020-12-27,790,dizel,1.114
2020-12-27,790,dizel-premium,1.339
2020-12-27,791,100,1.229
2020-12-27,791,95,1.054
2020-12-27,791,dizel,1.114
2020-12-27,791,dizel-premium,1.339
2020-12-27,793,100,1.229
2020-12-27,793,95,1.054
2020-12-27,793,dizel,1.114
2020-12-27,793,dizel-premium,1.339
2020-12-27,796,100,1.229
2020-12-27,796,95,1.054
2020-12-27,796,dizel,1.114
2020-12-27,796,dizel-premium,1.339
2020-12-27,823,100,1.229
2020-12-27,823,95,1.054
2020-12-27,823,dizel,1.114
2020-12-27,823,dizel-premium,1.339
2020-12-27,828,100,1.229
2020-12-27,828,95,1.054
2020-12-27,828,dizel,1.114
2020-12-27,828,dizel-premium,1.339
2020-12-27,837,100,1.229
2020-12-27,837,95,1.054
2020-12-27,837,dizel,1.114
2020-12-27,837,dizel-premium,1.339
2020-12-27,844,100,1.229
2020-12-27,844,95,1.054
2020-12-27,844,dizel,1.114
2020-12-27,844,dizel-premium,1.339
2020-12-27,845,100,1.229
2020-12-27,845,95,1.054
2020-12-27,845,dizel,1.114
2020-12-27,845,dizel-premium,1.339
2020-12-27,847,95,1.054
2020-12-27,847,dizel,1.114
2020-12-27,847,dizel-premium,1.339
2020-12-27,848,95,1.054
2020-12-27,848,dizel,1.114
2020-12-27,848,dizel-premium,1.339
2020-12-27,861,100,1.229
2020-12-27,861,95,1.054
2020-12-27,861,dizel,1.114
2020-12-27,861,dizel-premium,1.339
2020-12-29,770,dizel-premium,1.249
2020-12-29,771,dizel-premium,1.249
2020-12-29,775,dizel-premium,1.249
2020-12-29,777,100,1.239
2020-12-29,777,95,1.064
2020-12-29,777,dizel,1.124
2020-12-29,777,dizel-premium,1.349
2020-12-29,778,100,1.239
2020-12-29,778,95,1.064
2020-12-29,778,dizel,1.124
2020-12-29,778,dizel-premium,1.349
2020-12-29,781,100,1.239
2020-12-29,781,95,1.064
2020-12-29,781,dizel,1.124
2020-12-29,781,dizel-premium,1.349
2020-12-29,782,100,1.239
2020-12-29,782,95,1.064
2020-12-29,782,dizel,1.124
2020-12-29,782,dizel-premium,1.349
2020-12-29,789,dizel-premium,1.249
2020-12-29,790,100,1.239
2020-12-29,790,95,1.064
2020-12-29,790,dizel,1.124
2020-12-29,790,dizel-premium,1.349
2020-12-29,791,100,1.239
2020-12-29,791,95,1.064
2020-12-29,791,dizel,1.124
2020-12-29,791,dizel-premium,1.349
2020-12-29,793,100,1.239
2020-12-29,793,95,1.064
2020-12-29,793,dizel,1.124
2020-12-29,793,dizel-premium,1.349
2020-12-29,796,100,1.239
2020-12-29,796,95,1.064
2020-12-29,796,dizel,1.124
2020-12-29,796,dizel-premium,1.349
2020-12-29,797,dizel-premium,1.249
2020-12-29,798,dizel-premium,1.249
2020-12-29,799,dizel-premium,1.249
2020-12-29,800,dizel-premium,1.249
2020-12-29,803,dizel-premium,1.249
2020-12-29,810,dizel-premium,1.249
2020-12-29,812,dizel-premium,1.249
2020-12-29,815,dizel-premium,1.249
2020-12-29,817,dizel-premium,1.249
2020-12-29,819,dizel-premium,1.249
2020-12-29,820,dizel-premium,1.249
2020-12-29,823,100,1.239
2020-12-29,823,95,1.064
2020-12-29,823,dizel,1.124
2020-12-29,823,dizel-premium,1.349
2020-12-29,828,100,1.239
2020-12-29,828,95,1.064
2020-12-29,828,dizel,1.124
2020-12-29,828,dizel-premium,1.349
2020-12-29,829,dizel-premium,1.249
2020-12-29,830,dizel-premium,1.249
2020-12-29,831,dizel-premium,1.249
2020-12-29,833,dizel-premium,1.249
2020-12-29,835,dizel-premium,1.249
2020-12-29,836,dizel-premium,1.249
2020-12-29,837,100,1.239
2020-12-29,837,95,1.064
2020-12-29,837,dizel,1.124
2020-12-29,837,dizel-premium,1.349
2020-12-29,838,dizel-premium,1.249
2020-12-29,840,dizel-premium,1.249
2020-12-29,841,dizel-premium,1.249
2020-12-29,844,100,1.239
2020-12-29,844,95,1.064
2020-12-29,844,dizel,1.124
2020-12-29,844,dizel-premium,1.349
2020-12-29,845,100,1.239
2020-12-29,845,95,1.064
2020-12-29,845,dizel,1.124
2020-12-29,845,dizel-premium,1.349
2020-12-29,847,95,1.064
2020-12-29,847,dizel,1.124
2020-12-29,847,dizel-premium,1.349
2020-12-29,848,95,1.064
2020-12-29,848,dizel,1.124
2020-12-29,848,dizel-premium,1.349
2020-12-29,849,dizel-premium,1.249
2020-12-29,851,dizel-premium,1.249
2020-12-29,854,dizel-premium,1.249
2020-12-29,855,dizel-premium,1.249
2020-12-29,856,dizel-premium,1.249
2020-12-29,857,dizel-premium,1.249
2020-12-29,861,100,1.239
2020-12-29,861,95,1.064
2020-12-29,861,dizel,1.124
2020-12-29,861,dizel-premium,1.349
2020-12-29,862,dizel-premium,1.249
2020-12-29,865,dizel-premium,1.249
2020-12-29,871,dizel-premium,1.249
2020-12-29,872,dizel-premium,1.249
2020-12-29,874,dizel-premium,1.249
2020-12-29,876,dizel-premium,1.249
2020-12-29,1548,dizel,1.085
2020-12-29,1548,dizel-premium,1.241
2020-12-29,1549,dizel,1.085
2020-12-29,1549,dizel-premium,1.241
2020-12-29,1550,dizel,1.085
2020-12-29,1550,dizel-premium,1.241
2020-12-29,1551,dizel,1.085
2020-12-29,1551,dizel-premium,1.241
2020-12-29,1552,dizel,1.085
2020-12-29,1552,dizel-premium,1.241
2020-12-29,1553,dizel,1.085
2020-12-29,1554,dizel,1.085
2020-12-29,1554,dizel-premium,1.241
2020-12-29,1555,dizel,1.085
2020-12-29,1555,dizel-premium,1.241
2020-12-29,1556,dizel,1.085
2020-12-29,1556,dizel-premium,1.241
2020-12-29,1557,dizel,1.085
2020-12-29,1557,dizel-premium,1.241
2020-12-29,1558,dizel,1.085
2020-12-29,1558,dizel-premium,1.241
2020-12-29,1559,dizel,1.111
2020-12-29,1559,dizel-premium,1.341
2020-12-29,1560,dizel,1.085
2020-12-29,1561,dizel,1.085
2020-12-29,1562,dizel,1.085
2020-12-29,1563,dizel,1.085
2020-12-29,1564,dizel,1.085
2020-12-29,1564,dizel-premium,1.241
2020-12-29,1565,dizel,1.085
2020-12-29,1566,dizel,1.085
2020-12-29,1567,dizel,1.085
2020-12-29,1568,dizel,1.111
2020-12-29,1568,dizel-premium,1.341
2020-12-29,1569,dizel,1.085
2020-12-29,1570,dizel,1.085
2020-12-29,1571,dizel,1.085
2020-12-29,1572,dizel,1.085
2020-12-29,1573,dizel,1.085
2020-12-29,1574,dizel,1.085
2020-12-29,1575,dizel,1.085
2020-12-29,1576,dizel,1.085
2020-12-29,1577,dizel,1.085
2020-12-29,1578,dizel,1.085
2020-12-29,1579,dizel,1.085
2020-12-29,1580,dizel,1.085
2020-12-29,1581,dizel,1.085
2020-12-29,1582,dizel,1.085
2020-12-29,1583,dizel,1.085
2020-12-29,1584,dizel,1.085
2020-12-29,1585,dizel,1.085
2020-12-29,1585,dizel-premium,1.241
2020-12-29,1586,dizel,1.085
2020-12-29,1587,dizel,1.085
2020-12-29,1588,dizel,1.085
2020-12-29,1588,dizel-premium,1.241
2020-12-29,1589,dizel,1.085
2020-12-29,1589,dizel-premium,1.241
2020-12-29,1590,dizel,1.085
2020-12-29,1591,dizel,1.085
2020-12-29,1592,dizel,1.085
2020-12-29,1593,dizel,1.085
2020-12-29,1921,100,1.146
2020-12-29,1921,95,1.014
2020-12-29,1921,dizel,1.085
2020-12-29,1922,95,1.014
2020-12-29,1922,KOEL,0.875
2020-12-29,1922,dizel,1.085
2020-12-29,1923,100,1.196
2020-12-29,1923,dizel,1.108
2020-12-29,1924,95,1.014
2020-12-29,1924,KOEL,0.875
2020-12-29,1924,dizel,1.085
2020-12-29,1925,95,1.014
2020-12-29,1925,KOEL,0.875
2020-12-29,1925,dizel,1.085
2020-12-29,1926,95,1.014
2020-12-29,1926,KOEL,0.875
2020-12-29,1926,dizel,1.085
2020-12-29,1927,95,1.014
2020-12-29,1927,dizel,1.085
2020-12-29,1928,100,1.146
2020-12-29,1928,95,1.014
2020-12-29,1928,KOEL,0.875
2020-12-29,1928,dizel,1.085
2020-12-29,1929,100,1.146
2020-12-29,1929,95,1.014
2020-12-29,1929,KOEL,0.875
2020-12-29,1929,dizel,1.085
2020-12-29,1930,95,1.014
2020-12-29,1930,KOEL,0.875
2020-12-29,1930,dizel,1.085
2020-12-29,1931,95,1.014
2020-12-29,1931,KOEL,0.875
2020-12-29,1931,dizel,1.085
2020-12-29,1932,95,1.014
2020-12-29,1932,KOEL,0.875
2020-12-29,1932,dizel,1.085
2020-12-29,1933,95,1.014
2020-12-29,1933,KOEL,0.875
2020-12-29,1933,dizel,1.085
2020-12-29,1934,100,1.146
2020-12-29,1934,95,1.014
2020-12-29,1934,dizel,1.085
2020-12-29,1935,100,1.146
2020-12-29,1935,95,1.014
2020-12-29,1935,KOEL,0.875
2020-12-29,1935,dizel,1.085
2020-12-29,1936,95,1.014
2020-12-29,1936,KOEL,0.875
2020-12-29,1936,dizel,1.085
2020-12-29,1937,95,1.014
2020-12-29,1937,KOEL,0.875
2020-12-29,1937,dizel,1.085
2020-12-29,1938,95,1.014
2020-12-29,1938,KOEL,0.875
2020-12-29,1938,dizel,1.085
2020-12-29,1939,95,1.014
2020-12-29,1939,KOEL,0.875
2020-12-29,1939,dizel,1.085
2020-12-29,1940,95,1.014
2020-12-29,1940,KOEL,0.875
2020-12-29,1940,dizel,1.085
2020-12-29,1941,95,1.014
2020-12-29,1941,dizel,1.085
2020-12-29,1942,100,1.146
2020-12-29,1942,95,1.014
2020-12-29,1942,KOEL,0.875
2020-12-29,1942,dizel,1.085
2020-12-29,1943,100,1.146
2020-12-29,1943,95,1.014
2020-12-29,1943,KOEL,0.875
2020-12-29,1943,dizel,1.085
2020-12-29,1944,95,1.014
2020-12-29,1944,KOEL,0.875
2020-12-29,1944,dizel,1.085
2020-12-29,1945,100,1.196
2020-12-29,1945,dizel,1.108
2020-12-29,1946,95,1.014
2020-12-29,1946,KOEL,0.875
2020-12-29,1946,dizel,1.085
2020-12-29,1947,100,1.146
2020-12-29,1947,95,1.014
2020-12-29,1947,KOEL,0.875
2020-12-29,1947,dizel,1.085
2020-12-29,1948,100,1.146
2020-12-29,1948,95,1.014
2020-12-29,1948,KOEL,0.875
2020-12-29,1948,dizel,1.085
2020-12-29,1949,100,1.196
2020-12-29,1949,dizel,1.108
2020-12-29,1949,dizel-premium,1.331
2020-12-29,1950,100,1.146
2020-12-29,1950,95,1.014
2020-12-29,1950,KOEL,0.875
2020-12-29,1950,dizel,1.085
2020-12-29,1951,100,1.146
2020-12-29,1951,95,1.014
2020-12-29,1951,KOEL,0.875
2020-12-29,1951,dizel,1.085
2020-12-29,1952,100,1.146
2020-12-29,1952,95,1.014
2020-12-29,1952,dizel,1.085
2020-12-29,1953,95,1.014
2020-12-29,1953,KOEL,0.875
2020-12-29,1953,dizel,1.085
2020-12-29,1954,100,1.146
2020-12-29,1954,95,1.014
2020-12-29,1954,KOEL,0.875
2020-12-29,1954,dizel,1.085
2020-12-29,1955,100,1.146
2020-12-29,1955,95,1.014
2020-12-29,1955,dizel,1.085
2020-12-29,1956,100,1.146
2020-12-29,1956,95,1.014
2020-12-29,1956,dizel,1.085
2020-12-29,1957,100,1.146
2020-12-29,1957,95,1.014
2020-12-29,1957,KOEL,0.875
2020-12-29,1957,dizel,1.085
2020-12-29,1958,100,1.146
2020-12-29,1958,95,1.014
2020-12-29,1958,KOEL,0.875
2020-12-29,1958,dizel,1.085
2020-12-29,1959,100,1.146
2020-12-29,1959,95,1.014
2020-12-29,1959,dizel,1.085
2020-12-29,1960,100,1.146
2020-12-29,1960,95,1.014
2020-12-29,1960,dizel,1.085
2020-12-29,1961,100,1.146
2020-12-29,1961,95,1.014
2020-12-29,1961,KOEL,0.875
2020-12-29,1961,dizel,1.085
2020-12-29,1962,100,1.146
2020-12-29,1962,95,1.014
2020-12-29,1962,KOEL,0.875
2020-12-29,1962,dizel,1.085
2020-12-29,1963,100,1.146
2020-12-29,1963,95,1.014
2020-12-29,1963,KOEL,0.875
2020-12-29,1963,dizel,1.085
2020-12-29,1964,95,1.014
2020-12-29,1964,KOEL,0.875
2020-12-29,1964,dizel,1.085
2020-12-29,1965,95,1.014
2020-12-29,1965,KOEL,0.875
2020-12-29,1965,dizel,1.085
2020-12-29,1966,100,1.146
2020-12-29,1966,95,1.014
2020-12-29,1966,KOEL,0.875
2020-12-29,1966,dizel,1.085
2020-12-29,1967,95,1.014
2020-12-29,1967,KOEL,0.875
2020-12-29,1967,dizel,1.085
2020-12-29,1968,95,1.014
2020-12-29,1968,KOEL,0.875
2020-12-29,1968,dizel,1.085
2020-12-29,1969,100,1.146
2020-12-29,1969,95,1.014
2020-12-29,1969,KOEL,0.875
2020-12-29,1969,dizel,1.085
2020-12-29,1970,100,1.146
2020-12-29,1970,95,1.014
2020-12-29,1970,KOEL,0.875
2020-12-29,1970,dizel,1.085
2020-12-29,1971,100,1.146
2020-12-29,1971,95,1.014
2020-12-29,1971,dizel,1.085
2020-12-29,1972,100,1.146
2020-12-29,1972,95,1.014
2020-12-29,1972,KOEL,0.875
2020-12-29,1972,dizel,1.085
2020-12-29,1973,95,1.014
2020-12-29,1973,KOEL,0.875
2020-12-29,1973,dizel,1.085
2020-12-29,1974,95,1.014
2020-12-29,1974,KOEL,0.875
2020-12-29,1974,dizel,1.085
2020-12-29,1975,95,1.014
2020-12-29,1975,KOEL,0.875
2020-12-29,1975,dizel,1.085
2020-12-29,1976,100,1.196
2020-12-29,1976,dizel,1.108
2020-12-29,1977,100,1.196
2020-12-29,1977,dizel,1.108
2020-12-29,1977,dizel-premium,1.331
2020-12-29,1978,100,1.196
2020-12-29,1978,dizel,1.108
2020-12-29,1978,dizel-premium,1.331
2020-12-29,1979,100,1.146
2020-12-29,1979,95,1.014
2020-12-29,1979,KOEL,0.875
2020-12-29,1979,dizel,1.085
2020-12-29,1980,100,1.146
2020-12-29,1980,95,1.014
2020-12-29,1980,KOEL,0.875
2020-12-29,1980,dizel,1.085
2020-12-29,1981,100,1.146
2020-12-29,1981,95,1.014
2020-12-29,1981,dizel,1.085
2020-12-29,1982,95,1.014
2020-12-29,1982,KOEL,0.875
2020-12-29,1982,dizel,1.085
2020-12-29,1983,95,1.014
2020-12-29,1983,dizel,1.085
2020-12-29,1984,100,1.146
2020-12-29,1984,95,1.014
2020-12-29,1984,dizel,1.085
2020-12-29,1985,95,1.014
2020-12-29,1985,KOEL,0.875
2020-12-29,1985,dizel,1.085
2020-12-29,1986,100,1.146
2020-12-29,1986,95,1.014
2020-12-29,1986,KOEL,0.875
2020-12-29,1986,dizel,1.085
2020-12-29,1987,95,1.014
2020-12-29,1987,KOEL,0.875
2020-12-29,1987,dizel,1.085
2020-12-29,1988,95,1.014
2020-12-29,1988,KOEL,0.875
2020-12-29,1988,dizel,1.085
2020-12-29,1989,95,1.014
2020-12-29,1989,KOEL,0.875
2020-12-29,1989,dizel,1.085
2020-12-29,1990,100,1.146
2020-12-29,1990,95,1.014
2020-12-29,1990,dizel,1.085
2020-12-29,1991,95,1.014
2020-12-29,1991,KOEL,0.875
2020-12-29,1991,dizel,1.085
2020-12-29,1992,100,1.146
2020-12-29,1992,95,1.014
2020-12-29,1992,KOEL,0.875
2020-12-29,1992,dizel,1.085
2020-12-29,1993,100,1.146
2020-12-29,1993,95,1.014
2020-12-29,1993,KOEL,0.875
2020-12-29,1993,dizel,1.085
2020-12-29,1994,100,1.146
2020-12-29,1994,95,1.014
2020-12-29,1994,KOEL,0.875
2020-12-29,1994,dizel,1.085
2020-12-29,1995,100,1.146
2020-12-29,1995,95,1.014
2020-12-29,1995,KOEL,0.875
2020-12-29,1995,dizel,1.085
2020-12-29,1996,100,1.146
2020-12-29,1996,95,1.014
2020-12-29,1996,KOEL,0.875
2020-12-29,1996,dizel,1.085
2020-12-29,1997,100,1.196
2020-12-29,1997,dizel,1.108
2020-12-29,1998,100,1.146
2020-12-29,1998,95,1.014
2020-12-29,1998,dizel,1.085
2020-12-29,1999,100,1.146
2020-12-29,1999,95,1.014
2020-12-29,1999,KOEL,0.875
2020-12-29,1999,dizel,1.085
2020-12-29,2000,100,1.196
2020-12-29,2000,dizel,1.108
2020-12-29,2000,dizel-premium,1.331
2020-12-29,2001,100,1.146
2020-12-29,2001,95,1.014
2020-12-29,2001,KOEL,0.875
2020-12-29,2001,dizel,1.085
2020-12-29,2002,100,1.146
2020-12-29,2002,95,1.014
2020-12-29,2002,dizel,1.085
2020-12-29,2003,100,1.146
2020-12-29,2003,95,1.014
2020-12-29,2003,KOEL,0.875
2020-12-29,2003,dizel,1.085
2020-12-29,2004,100,1.146
2020-12-29,2004,95,1.014
2020-12-29,2004,dizel,1.085
2020-12-29,2005,100,1.146
2020-12-29,2005,95,1.014
2020-12-29,2005,dizel,1.085
2020-12-29,2006,100,1.146
2020-12-29,2006,95,1.014
2020-12-29,2006,dizel,1.085
2020-12-29,2007,100,1.146
2020-12-29,2007,95,1.014
2020-12-29,2007,KOEL,0.875
2020-12-29,2007,dizel,1.085
2020-12-29,2008,100,1.196
2020-12-29,2008,dizel,1.108
2020-12-29,2009,100,1.196
2020-12-29,2009,dizel,1.108
2020-12-29,2009,dizel-premium,1.331
2020-12-29,2010,100,1.146
2020-12-29,2010,95,1.014
2020-12-29,2010,KOEL,0.875
2020-12-29,2010,dizel,1.085
2020-12-29,2011,95,1.014
2020-12-29,2011,KOEL,0.875
2020-12-29,2011,dizel,1.085
2020-12-29,2012,95,1.014
2020-12-29,2012,KOEL,0.875
2020-12-29,2012,dizel,1.085
2020-12-29,2013,95,1.014
2020-12-29,2013,KOEL,0.875
2020-12-29,2013,dizel,1.085
2020-12-29,2014,100,1.146
2020-12-29,2014,95,1.014
2020-12-29,2014,KOEL,0.875
2020-12-29,2014,dizel,1.085
2020-12-29,2015,100,1.146
2020-12-29,2015,95,1.014
2020-12-29,2015,KOEL,0.875
2020-12-29,2015,dizel,1.085
2020-12-29,2016,100,1.146
2020-12-29,2016,95,1.014
2020-12-29,2016,dizel,1.085
2020-12-29,2017,95,1.014
2020-12-29,2017,KOEL,0.875
2020-12-29,2017,dizel,1.085
2020-12-29,2018,100,1.196
2020-12-29,2018,dizel,1.108
2020-12-29,2019,100,1.196
2020-12-29,2019,dizel,1.108
2020-12-29,2020,100,1.146
2020-12-29,2020,95,1.014
2020-12-29,2020,KOEL,0.875
2020-12-29,2020,dizel,1.085
2020-12-29,2021,100,1.146
2020-12-29,2021,95,1.014
2020-12-29,2021,dizel,1.085
2020-12-29,2022,100,1.146
2020-12-29,2022,95,1.014
2020-12-29,2022,KOEL,0.875
2020-12-29,2022,dizel,1.085
2020-12-29,2023,100,1.146
2020-12-29,2023,95,1.014
2020-12-29,2023,dizel,1.085
2020-12-29,2024,100,1.146
2020-12-29,2024,95,1.014
2020-12-29,2024,KOEL,0.875
2020-12-29,2024,dizel,1.085
2020-12-29,2025,95,1.014
2020-12-29,2025,KOEL,0.875
2020-12-29,2025,dizel,1.085
2020-12-29,2026,100,1.196
2020-12-29,2026,dizel,1.108
2020-12-29,2027,100,1.196
2020-12-29,2027,dizel,1.108
2020-12-29,2028,100,1.146
2020-12-29,2028,95,1.014
2020-12-29,2028,dizel,1.085
2020-12-29,2029,100,1.146
2020-12-29,2029,95,1.014
2020-12-29,2029,dizel,1.085
2020-12-29,2030,100,1.196
2020-12-29,2030,dizel,1.108
2020-12-29,2031,100,1.196
2020-12-29,2031,dizel,1.108
2020-12-29,2032,100,1.196
2020-12-29,2032,dizel,1.108
2020-12-29,2032,dizel-premium,1.331
2020-12-29,2033,100,1.146
2020-12-29,2033,95,1.014
2020-12-29,2033,dizel,1.085
2020-12-29,2034,100,1.146
2020-12-29,2034,95,1.014
2020-12-29,2034,dizel,1.085
2020-12-29,2035,95,1.014
2020-12-29,2035,dizel,1.085
2020-12-29,2036,100,1.146
2020-12-29,2036,95,1.014
2020-12-29,2036,dizel,1.085
2020-12-29,2037,100,1.146
2020-12-29,2037,95,1.014
2020-12-29,2037,dizel,1.085
2020-12-29,2038,95,1.014
2020-12-29,2038,dizel,1.085
2020-12-29,2039,100,1.146
2020-12-29,2039,95,1.014
2020-12-29,2039,dizel,1.085
2020-12-29,2040,100,1.146
2020-12-29,2040,95,1.014
2020-12-29,2040,KOEL,0.875
2020-12-29,2040,dizel,1.085
2020-12-29,2041,100,1.146
2020-12-29,2041,95,1.014
2020-12-29,2041,dizel,1.085
2020-12-29,2042,95,1.014
2020-12-29,2042,KOEL,0.875
2020-12-29,2042,dizel,1.085
2020-12-29,2043,100,1.146
2020-12-29,2043,95,1.014
2020-12-29,2043,dizel,1.085
2020-12-29,2044,100,1.146
2020-12-29,2044,95,1.014
2020-12-29,2044,dizel,1.085
2020-12-29,2045,100,1.146
2020-12-29,2045,95,1.014
2020-12-29,2045,dizel,1.085
2020-12-29,2046,100,1.146
2020-12-29,2046,95,1.014
2020-12-29,2046,dizel,1.085
2020-12-29,2047,100,1.146
2020-12-29,2047,95,1.014
2020-12-29,2047,dizel,1.085
2020-12-29,2048,100,1.146
2020-12-29,2048,95,1.014
2020-12-29,2048,dizel,1.085
2020-12-29,2049,100,1.146
2020-12-29,2049,95,1.014
2020-12-29,2049,KOEL,0.875
2020-12-29,2049,dizel,1.085
2020-12-29,2050,95,1.014
2020-12-29,2050,dizel,1.085
2020-12-29,2051,95,1.014
2020-12-29,2051,KOEL,0.875
2020-12-29,2051,dizel,1.085
2020-12-29,2052,100,1.146
2020-12-29,2052,95,1.014
2020-12-29,2052,dizel,1.085
2020-12-29,2053,95,1.014
2020-12-29,2053,KOEL,0.875
2020-12-29,2053,dizel,1.085
2020-12-29,2054,95,1.014
2020-12-29,2054,KOEL,0.875
2020-12-29,2054,dizel,1.085
2020-12-29,2055,95,1.014
2020-12-29,2055,dizel,1.085
2020-12-29,2056,100,1.146
2020-12-29,2056,95,1.014
2020-12-29,2056,dizel,1.085
2020-12-29,2057,95,1.014
2020-12-29,2057,dizel,1.085
2020-12-29,2058,95,1.014
2020-12-29,2058,dizel,1.085
2020-12-29,2059,100,1.196
2020-12-29,2059,dizel,1.108
2020-12-29,2059,dizel-premium,1.331
2020-12-29,2060,100,1.196
2020-12-29,2060,dizel,1.108
2020-12-29,2060,dizel-premium,1.331
2020-12-29,2061,100,1.146
2020-12-29,2061,95,1.014
2020-12-29,2061,KOEL,0.875
2020-12-29,2061,dizel,1.085
2020-12-29,2062,100,1.146
2020-12-29,2062,95,1.014
2020-12-29,2062,KOEL,0.875
2020-12-29,2062,dizel,1.085
2020-12-29,2063,100,1.146
2020-12-29,2063,95,1.014
2020-12-29,2063,dizel,1.085
2020-12-29,2064,100,1.146
2020-12-29,2064,95,1.014
2020-12-29,2064,KOEL,0.875
2020-12-29,2064,dizel,1.085
2020-12-29,2065,100,1.146
2020-12-29,2065,95,1.014
2020-12-29,2065,KOEL,0.875
2020-12-29,2065,dizel,1.085
2020-12-29,2066,95,1.014
2020-12-29,2066,KOEL,0.875
2020-12-29,2066,dizel,1.085
2020-12-29,2067,100,1.146
2020-12-29,2067,95,1.014
2020-12-29,2067,KOEL,0.875
2020-12-29,2067,dizel,1.085
2020-12-29,2068,95,1.014
2020-12-29,2068,dizel,1.085
2020-12-29,2069,100,1.146
2020-12-29,2069,95,1.014
2020-12-29,2069,dizel,1.085
2020-12-29,2070,100,1.146
2020-12-29,2070,95,1.014
2020-12-29,2070,KOEL,0.875
2020-12-29,2070,dizel,1.085
2020-12-29,2071,100,1.146
2020-12-29,2071,95,1.014
2020-12-29,2071,KOEL,0.875
2020-12-29,2071,dizel,1.085
2020-12-29,2072,95,1.014
2020-12-29,2072,KOEL,0.875
2020-12-29,2072,dizel,1.085
2020-12-29,2073,100,1.146
2020-12-29,2073,95,1.014
2020-12-29,2073,KOEL,0.875
2020-12-29,2073,dizel,1.085
2020-12-29,2074,100,1.146
2020-12-29,2074,95,1.014
2020-12-29,2074,KOEL,0.875
2020-12-29,2074,dizel,1.085
2020-12-29,2075,95,1.014
2020-12-29,2075,KOEL,0.875
2020-12-29,2075,dizel,1.085
2020-12-29,2076,95,1.014
2020-12-29,2076,KOEL,0.875
2020-12-29,2076,dizel,1.085
2020-12-29,2077,95,1.014
2020-12-29,2077,KOEL,0.875
2020-12-29,2077,dizel,1.085
2020-12-29,2078,95,1.014
2020-12-29,2078,KOEL,0.875
2020-12-29,2078,dizel,1.085
2020-12-29,2079,95,1.014
2020-12-29,2079,KOEL,0.875
2020-12-29,2079,dizel,1.085
2020-12-29,2080,100,1.146
2020-12-29,2080,95,1.014
2020-12-29,2080,KOEL,0.875
2020-12-29,2080,dizel,1.085
2020-12-29,2082,95,1.014
2020-12-29,2082,KOEL,0.875
2020-12-29,2082,dizel,1.085
2020-12-29,2083,95,1.014
2020-12-29,2083,KOEL,0.875
2020-12-29,2083,dizel,1.085
2020-12-29,2084,95,1.014
2020-12-29,2084,KOEL,0.875
2020-12-29,2084,dizel,1.085
2020-12-29,2085,95,1.014
2020-12-29,2085,dizel,1.085
2020-12-29,2086,95,1.014
2020-12-29,2086,KOEL,0.875
2020-12-29,2086,dizel,1.085
2020-12-29,2087,95,1.014
2020-12-29,2087,KOEL,0.875
2020-12-29,2087,dizel,1.085
2020-12-29,2088,100,1.196
2020-12-29,2088,dizel,1.108
2020-12-29,2088,dizel-premium,1.331
2020-12-29,2089,100,1.196
2020-12-29,2089,dizel,1.108
2020-12-29,2090,100,1.146
2020-12-29,2090,95,1.014
2020-12-29,2090,KOEL,0.875
2020-12-29,2090,dizel,1.085
2020-12-29,2091,100,1.146
2020-12-29,2091,95,1.014
2020-12-29,2091,KOEL,0.875
2020-12-29,2091,dizel,1.085
2020-12-29,2092,100,1.146
2020-12-29,2092,95,1.014
2020-12-29,2092,KOEL,0.875
2020-12-29,2092,dizel,1.085
2020-12-29,2093,95,1.014
2020-12-29,2093,KOEL,0.875
2020-12-29,2093,dizel,1.085
2020-12-29,2094,100,1.146
2020-12-29,2094,95,1.014
2020-12-29,2094,KOEL,0.875
2020-12-29,2094,dizel,1.085
2020-12-29,2095,100,1.196
2020-12-29,2095,dizel,1.108
2020-12-29,2095,dizel-premium,1.331
2020-12-29,2096,100,1.196
2020-12-29,2096,dizel,1.108
2020-12-29,2096,dizel-premium,1.331
2020-12-29,2097,95,1.014
2020-12-29,2097,KOEL,0.875
2020-12-29,2097,dizel,1.085
2020-12-29,2098,100,1.146
2020-12-29,2098,95,1.014
2020-12-29,2098,KOEL,0.875
2020-12-29,2098,dizel,1.085
2020-12-29,2099,100,1.146
2020-12-29,2099,95,1.014
2020-12-29,2099,KOEL,0.875
2020-12-29,2099,dizel,1.085
2020-12-29,2100,100,1.196
2020-12-29,2100,dizel,1.108
2020-12-29,2101,100,1.196
2020-12-29,2101,dizel,1.108
2020-12-29,2102,95,1.014
2020-12-29,2102,KOEL,0.875
2020-12-29,2102,dizel,1.085
2020-12-29,2103,95,1.014
2020-12-29,2103,KOEL,0.875
2020-12-29,2103,dizel,1.085
2020-12-29,2104,100,1.146
2020-12-29,2104,95,1.014
2020-12-29,2104,KOEL,0.875
2020-12-29,2104,dizel,1.085
2020-12-29,2105,95,1.014
2020-12-29,2105,KOEL,0.875
2020-12-29,2105,dizel,1.085
2020-12-29,2106,95,1.014
2020-12-29,2106,KOEL,0.875
2020-12-29,2106,dizel,1.085
2020-12-29,2107,95,1.014
2020-12-29,2107,KOEL,0.875
2020-12-29,2107,dizel,1.085
2020-12-29,2108,100,1.146
2020-12-29,2108,95,1.014
2020-12-29,2108,KOEL,0.875
2020-12-29,2108,dizel,1.085
2020-12-29,2109,95,1.014
2020-12-29,2109,KOEL,0.875
2020-12-29,2109,dizel,1.085
2020-12-29,2110,100,1.146
2020-12-29,2110,95,1.014
2020-12-29,2110,dizel,1.085
2020-12-29,2111,100,1.146
2020-12-29,2111,95,1.014
2020-12-29,2111,KOEL,0.875
2020-12-29,2111,dizel,1.085
2020-12-29,2112,100,1.146
2020-12-29,2112,95,1.014
2020-12-29,2112,dizel,1.085
2020-12-29,2113,95,1.014
2020-12-29,2113,dizel,1.085
2020-12-29,2114,95,1.014
2020-12-29,2114,KOEL,0.875
2020-12-29,2114,dizel,1.085
2020-12-29,2115,100,1.146
2020-12-29,2115,95,1.014
2020-12-29,2115,KOEL,0.875
2020-12-29,2115,dizel,1.085
2020-12-29,2116,95,1.014
2020-12-29,2116,KOEL,0.875
2020-12-29,2116,dizel,1.085
2020-12-29,2117,100,1.146
2020-12-29,2117,95,1.014
2020-12-29,2117,dizel,1.085
2020-12-29,2118,95,1.014
2020-12-29,2118,dizel,1.085
2020-12-29,2119,100,1.146
2020-12-29,2119,95,1.014
2020-12-29,2119,KOEL,0.875
2020-12-29,2119,dizel,1.085
2020-12-29,2120,100,1.196
2020-12-29,2120,dizel,1.108
2020-12-29,2121,100,1.146
2020-12-29,2121,95,1.014
2020-12-29,2121,KOEL,0.875
2020-12-29,2121,dizel,1.085
2020-12-29,2122,100,1.146
2020-12-29,2122,95,1.014
2020-12-29,2122,KOEL,0.875
2020-12-29,2122,dizel,1.085
2020-12-29,2123,100,1.196
2020-12-29,2123,dizel,1.108
2020-12-29,2124,95,1.014
2020-12-29,2124,KOEL,0.875
2020-12-29,2124,dizel,1.085
2020-12-29,2125,100,1.146
2020-12-29,2125,95,1.014
2020-12-29,2125,KOEL,0.875
2020-12-29,2125,dizel,1.085
2020-12-29,2126,100,1.146
2020-12-29,2126,95,1.014
2020-12-29,2126,dizel,1.085
2020-12-29,2127,95,1.014
2020-12-29,2127,KOEL,0.875
2020-12-29,2127,dizel,1.085
2020-12-29,2128,100,1.146
2020-12-29,2128,95,1.014
2020-12-29,2128,dizel,1.085
2020-12-29,2129,95,1.014
2020-12-29,2129,dizel,1.085
2020-12-29,2130,100,1.146
2020-12-29,2130,95,1.014
2020-12-29,2130,dizel,1.085
2020-12-29,2131,100,1.146
2020-12-29,2131,95,1.014
2020-12-29,2131,KOEL,0.875
2020-12-29,2131,dizel,1.085
2020-12-29,2132,100,1.146
2020-12-29,2132,95,1.014
2020-12-29,2132,KOEL,0.875
2020-12-29,2132,dizel,1.085
2020-12-29,2133,100,1.146
2020-12-29,2133,95,1.014
2020-12-29,2133,dizel,1.085
2020-12-29,2134,100,1.146
2020-12-29,2134,95,1.014
2020-12-29,2134,dizel,1.085
2020-12-29,2135,100,1.146
2020-12-29,2135,95,1.014
2020-12-29,2135,dizel,1.085
2020-12-29,2136,100,1.146
2020-12-29,2136,95,1.014
2020-12-29,2136,dizel,1.085
2020-12-29,2137,100,1.146
2020-12-29,2137,95,1.014
2020-12-29,2137,KOEL,0.875
2020-12-29,2137,dizel,1.085
2020-12-29,2138,100,1.146
2020-12-29,2138,95,1.014
2020-12-29,2138,dizel,1.085
2020-12-29,2139,100,1.146
2020-12-29,2139,95,1.014
2020-12-29,2139,KOEL,0.875
2020-12-29,2139,dizel,1.085
2020-12-29,2140,95,1.014
2020-12-29,2140,KOEL,0.875
2020-12-29,2140,dizel,1.085
2020-12-29,2141,100,1.196
2020-12-29,2141,dizel,1.108
2020-12-29,2142,95,1.014
2020-12-29,2142,KOEL,0.875
2020-12-29,2142,dizel,1.085
2020-12-29,2143,95,1.014
2020-12-29,2143,KOEL,0.875
2020-12-29,2143,dizel,1.085
2020-12-29,2144,100,1.146
2020-12-29,2144,95,1.014
2020-12-29,2144,KOEL,0.875
2020-12-29,2144,dizel,1.085
2020-12-29,2145,100,1.146
2020-12-29,2145,95,1.014
2020-12-29,2145,KOEL,0.875
2020-12-29,2145,dizel,1.085
2020-12-29,2146,100,1.146
2020-12-29,2146,95,1.014
2020-12-29,2146,KOEL,0.875
2020-12-29,2146,dizel,1.085
2020-12-29,2147,100,1.146
2020-12-29,2147,95,1.014
2020-12-29,2147,KOEL,0.875
2020-12-29,2147,dizel,1.085
2020-12-29,2148,100,1.146
2020-12-29,2148,95,1.014
2020-12-29,2148,KOEL,0.875
2020-12-29,2148,dizel,1.085
2020-12-29,2149,100,1.146
2020-12-29,2149,95,1.014
2020-12-29,2149,KOEL,0.875
2020-12-29,2149,dizel,1.085
2020-12-29,2150,100,1.146
2020-12-29,2150,95,1.014
2020-12-29,2150,KOEL,0.875
2020-12-29,2150,dizel,1.085
2020-12-29,2151,95,1.014
2020-12-29,2151,KOEL,0.875
2020-12-29,2151,dizel,1.085
2020-12-29,2152,95,1.014
2020-12-29,2152,KOEL,0.875
2020-12-29,2152,dizel,1.085
2020-12-29,2153,95,1.014
2020-12-29,2153,KOEL,0.875
2020-12-29,2153,dizel,1.085
2020-12-29,2154,95,1.014
2020-12-29,2154,KOEL,0.875
2020-12-29,2154,dizel,1.085
2020-12-29,2155,95,1.014
2020-12-29,2155,KOEL,0.875
2020-12-29,2155,dizel,1.085
2020-12-29,2156,95,1.014
2020-12-29,2156,KOEL,0.875
2020-12-29,2156,dizel,1.085
2020-12-29,2157,95,1.014
2020-12-29,2157,KOEL,0.875
2020-12-29,2157,dizel,1.085
2020-12-29,2158,100,1.146
2020-12-29,2158,95,1.014
2020-12-29,2158,KOEL,0.875
2020-12-29,2158,dizel,1.085
2020-12-29,2159,95,1.014
2020-12-29,2159,KOEL,0.875
2020-12-29,2159,dizel,1.085
2020-12-29,2160,95,1.014
2020-12-29,2160,KOEL,0.875
2020-12-29,2160,dizel,1.085
2020-12-29,2161,100,1.146
2020-12-29,2161,95,1.014
2020-12-29,2161,KOEL,0.875
2020-12-29,2161,dizel,1.085
2020-12-29,2162,100,1.196
2020-12-29,2162,dizel,1.108
2020-12-29,2163,100,1.146
2020-12-29,2163,95,1.014
2020-12-29,2163,KOEL,0.875
2020-12-29,2163,dizel,1.085
2020-12-29,2164,100,1.146
2020-12-29,2164,95,1.014
2020-12-29,2164,KOEL,0.875
2020-12-29,2164,dizel,1.085
2020-12-29,2165,95,1.014
2020-12-29,2165,KOEL,0.875
2020-12-29,2165,dizel,1.085
2020-12-29,2166,100,1.146
2020-12-29,2166,95,1.014
2020-12-29,2166,KOEL,0.875
2020-12-29,2166,dizel,1.085
2020-12-29,2167,100,1.146
2020-12-29,2167,95,1.014
2020-12-29,2167,dizel,1.085
2020-12-29,2168,100,1.146
2020-12-29,2168,95,1.014
2020-12-29,2168,KOEL,0.875
2020-12-29,2168,dizel,1.085
2020-12-29,2169,95,1.014
2020-12-29,2169,KOEL,0.875
2020-12-29,2169,dizel,1.085
2020-12-29,2170,95,1.014
2020-12-29,2170,KOEL,0.875
2020-12-29,2170,dizel,1.085
2020-12-29,2171,100,1.146
2020-12-29,2171,95,1.014
2020-12-29,2171,KOEL,0.875
2020-12-29,2171,dizel,1.085
2020-12-29,2172,100,1.146
2020-12-29,2172,95,1.014
2020-12-29,2172,dizel,1.085
2020-12-29,2173,95,1.014
2020-12-29,2173,KOEL,0.875
2020-12-29,2173,dizel,1.085
2020-12-29,2174,100,1.146
2020-12-29,2174,95,1.014
2020-12-29,2174,KOEL,0.875
2020-12-29,2174,dizel,1.085
2020-12-29,2175,100,1.196
2020-12-29,2175,dizel,1.108
2020-12-29,2176,100,1.196
2020-12-29,2176,dizel,1.108
2020-12-29,2177,95,1.014
2020-12-29,2177,KOEL,0.875
2020-12-29,2177,dizel,1.085
2020-12-29,2178,100,1.146
2020-12-29,2178,95,1.014
2020-12-29,2178,KOEL,0.875
2020-12-29,2178,dizel,1.085
2020-12-29,2179,95,1.014
2020-12-29,2179,KOEL,0.875
2020-12-29,2179,dizel,1.085
2020-12-29,2180,95,1.014
2020-12-29,2180,KOEL,0.875
2020-12-29,2180,dizel,1.085
2020-12-29,2181,95,1.014
2020-12-29,2181,KOEL,0.875
2020-12-29,2181,dizel,1.085
2020-12-29,2182,95,1.014
2020-12-29,2182,KOEL,0.875
2020-12-29,2182,dizel,1.085
2020-12-29,2183,95,1.014
2020-12-29,2183,dizel,1.085
2020-12-29,2184,95,1.014
2020-12-29,2184,KOEL,0.875
2020-12-29,2184,dizel,1.085
2020-12-29,2185,95,1.014
2020-12-29,2185,KOEL,0.875
2020-12-29,2185,dizel,1.085
2020-12-29,2186,100,1.146
2020-12-29,2186,95,1.014
2020-12-29,2186,KOEL,0.875
2020-12-29,2186,dizel,1.085
2020-12-29,2187,100,1.146
2020-12-29,2187,95,1.014
2020-12-29,2187,KOEL,0.875
2020-12-29,2187,dizel,1.085
2020-12-29,2188,100,1.146
2020-12-29,2188,95,1.014
2020-12-29,2188,KOEL,0.875
2020-12-29,2188,dizel,1.085
2020-12-29,2189,95,1.014
2020-12-29,2189,KOEL,0.875
2020-12-29,2189,dizel,1.085
2020-12-29,2190,100,1.146
2020-12-29,2190,95,1.014
2020-12-29,2190,KOEL,0.875
2020-12-29,2190,dizel,1.085
2020-12-29,2191,100,1.146
2020-12-29,2191,95,1.014
2020-12-29,2191,KOEL,0.875
2020-12-29,2191,dizel,1.085
2020-12-29,2192,100,1.146
2020-12-29,2192,95,1.014
2020-12-29,2192,KOEL,0.875
2020-12-29,2192,dizel,1.085
2020-12-29,2193,95,1.014
2020-12-29,2193,KOEL,0.875
2020-12-29,2193,dizel,1.085
2020-12-29,2194,100,1.146
2020-12-29,2194,95,1.014
2020-12-29,2194,dizel,1.085
2020-12-29,2195,100,1.146
2020-12-29,2195,95,1.014
2020-12-29,2195,KOEL,0.875
2020-12-29,2195,dizel,1.085
2020-12-29,2196,100,1.146
2020-12-29,2196,95,1.014
2020-12-29,2196,KOEL,0.875
2020-12-29,2196,dizel,1.085
2020-12-29,2197,100,1.146
2020-12-29,2197,95,1.014
2020-12-29,2197,dizel,1.085
2020-12-29,2198,100,1.146
2020-12-29,2198,95,1.014
2020-12-29,2198,KOEL,0.875
2020-12-29,2198,dizel,1.085
2020-12-29,2199,100,1.146
2020-12-29,2199,95,1.014
2020-12-29,2199,dizel,1.085
2020-12-29,2200,100,1.146
2020-12-29,2200,95,1.014
2020-12-29,2200,dizel,1.085
2020-12-29,2201,100,1.196
2020-12-29,2201,dizel,1.108
2020-12-29,2202,100,1.196
2020-12-29,2202,dizel,1.108
2020-12-29,2203,95,1.014
2020-12-29,2203,KOEL,0.875
2020-12-29,2203,dizel,1.085
2020-12-29,2204,100,1.146
2020-12-29,2204,95,1.014
2020-12-29,2204,dizel,1.085
2020-12-29,2205,100,1.146
2020-12-29,2205,95,1.014
2020-12-29,2205,KOEL,0.875
2020-12-29,2205,dizel,1.085
2020-12-29,2206,100,1.146
2020-12-29,2206,95,1.014
2020-12-29,2206,KOEL,0.875
2020-12-29,2206,dizel,1.085
2020-12-29,2207,100,1.146
2020-12-29,2207,95,1.014
2020-12-29,2207,dizel,1.085
2020-12-29,2208,95,1.014
2020-12-29,2208,KOEL,0.875
2020-12-29,2208,dizel,1.085
2020-12-29,2209,95,1.014
2020-12-29,2209,KOEL,0.875
2020-12-29,2209,dizel,1.085
2020-12-29,2210,100,1.146
2020-12-29,2210,95,1.014
2020-12-29,2210,KOEL,0.875
2020-12-29,2210,dizel,1.085
2020-12-29,2211,95,1.014
2020-12-29,2211,KOEL,0.875
2020-12-29,2211,dizel,1.085
2020-12-29,2212,100,1.146
2020-12-29,2212,95,1.014
2020-12-29,2212,KOEL,0.875
2020-12-29,2212,dizel,1.085
2020-12-29,2213,95,1.014
2020-12-29,2213,KOEL,0.875
2020-12-29,2213,dizel,1.085
2020-12-29,2214,95,1.014
2020-12-29,2214,KOEL,0.875
2020-12-29,2214,dizel,1.085
2020-12-29,2215,100,1.146
2020-12-29,2215,95,1.014
2020-12-29,2215,KOEL,0.875
2020-12-29,2215,dizel,1.085
2020-12-29,2216,100,1.196
2020-12-29,2216,dizel,1.108
2020-12-29,2216,dizel-premium,1.331
2020-12-29,2217,100,1.146
2020-12-29,2217,95,1.014
2020-12-29,2217,KOEL,0.875
2020-12-29,2217,dizel,1.085
2020-12-29,2218,100,1.146
2020-12-29,2218,95,1.014
2020-12-29,2218,KOEL,0.875
2020-12-29,2218,dizel,1.085
2020-12-29,2219,95,1.014
2020-12-29,2219,KOEL,0.875
2020-12-29,2219,dizel,1.085
2020-12-29,2220,100,1.146
2020-12-29,2220,95,1.014
2020-12-29,2220,KOEL,0.875
2020-12-29,2220,dizel,1.085
2020-12-29,2221,100,1.146
2020-12-29,2221,95,1.014
2020-12-29,2221,KOEL,0.875
2020-12-29,2221,dizel,1.085
2020-12-29,2222,100,1.146
2020-12-29,2222,95,1.014
2020-12-29,2222,KOEL,0.875
2020-12-29,2222,dizel,1.085
2020-12-29,2223,95,1.014
2020-12-29,2223,KOEL,0.875
2020-12-29,2223,dizel,1.085
2020-12-29,2224,95,1.014
2020-12-29,2224,KOEL,0.875
2020-12-29,2224,dizel,1.085
2020-12-29,2225,100,1.146
2020-12-29,2225,95,1.014
2020-12-29,2225,KOEL,0.875
2020-12-29,2225,dizel,1.085
2020-12-29,2227,100,1.146
2020-12-29,2227,95,1.014
2020-12-29,2227,dizel,1.085
2020-12-29,2228,100,1.146
2020-12-29,2228,95,1.014
2020-12-29,2228,KOEL,0.875
2020-12-29,2228,dizel,1.085
2020-12-29,2229,100,1.196
2020-12-29,2229,dizel,1.108
2020-12-29,2229,dizel-premium,1.331
2020-12-29,2230,100,1.196
2020-12-29,2230,dizel,1.108
2020-12-29,2230,dizel-premium,1.331
2020-12-29,2231,100,1.196
2020-12-29,2231,dizel,1.108
2020-12-29,2231,dizel-premium,1.331
2020-12-29,2232,100,1.196
2020-12-29,2232,dizel,1.108
2020-12-29,2232,dizel-premium,1.331
2020-12-29,2233,100,1.146
2020-12-29,2233,95,1.014
2020-12-29,2233,dizel,1.085
2020-12-29,2234,dizel,1.085
2020-12-29,2234,dizel-premium,1.241
2020-12-29,2235,dizel,1.085
2020-12-29,2235,dizel-premium,1.241
2020-12-29,2236,dizel-premium,1.249
2020-12-29,2237,95,1.018
2020-12-29,2237,dizel,1.089
2020-12-29,2238,95,1.018
2020-12-29,2238,dizel,1.089
2020-12-29,2239,95,1.018
2020-12-29,2239,dizel,1.089
2020-12-29,2240,95,1.018
2020-12-29,2240,dizel,1.089
2020-12-29,2241,95,1.018
2020-12-29,2241,dizel,1.089
2020-12-29,2242,95,1.018
2020-12-29,2242,dizel,1.089
2020-12-29,2243,95,1.018
2020-12-29,2243,dizel,1.089
2020-12-29,2244,95,1.018
2020-12-29,2244,dizel,1.089
2020-12-29,2245,95,1.018
2020-12-29,2245,dizel,1.089
2020-12-29,2246,95,1.018
2020-12-29,2246,dizel,1.089
2020-12-29,2247,95,1.018
2020-12-29,2247,dizel,1.089
2020-12-29,2248,95,1.018
2020-12-29,2248,dizel,1.089
2020-12-29,2249,95,1.018
2020-12-29,2249,dizel,1.089
2020-12-29,2250,95,1.018
2020-12-29,2250,dizel,1.089
2020-12-29,2251,95,1.018
2020-12-29,2251,dizel,1.089
2020-12-29,2252,95,1.018
2020-12-29,2252,dizel,1.089
2020-12-29,2253,95,1.018
2020-12-29,2253,dizel,1.089
2020-12-29,2254,95,1.018
2020-12-29,2254,dizel,1.089
2020-12-29,2255,95,1.018
2020-12-29,2255,dizel,1.089
2020-12-29,2256,95,1.018
2020-12-29,2256,dizel,1.089
2020-12-29,2257,95,1.018
2020-12-29,2257,dizel,1.089
2020-12-29,2271,dizel-premium,1.249
2020-12-29,2272,100,1.146
2020-12-29,2272,95,1.014
2020-12-29,2272,dizel,1.085
2020-12-29,2283,dizel,1.085
2020-12-29,2283,dizel-premium,1.241
2020-12-29,2284,dizel,1.085
2020-12-29,2284,dizel-premium,1.241
2020-12-29,2285,dizel,1.085
2020-12-29,2285,dizel-premium,1.241
2020-12-29,2286,dizel,1.085
2020-12-29,2286,dizel-premium,1.241
2020-12-29,2287,dizel,1.085
2020-12-29,2287,dizel-premium,1.241
2020-12-29,2302,KOEL,0.876
2020-12-29,2302,dizel,1.084
2020-12-29,2303,KOEL,0.876
2020-12-29,2303,dizel,1.084
2020-12-29,2304,KOEL,0.876
2020-12-29,2304,dizel,1.084
2020-12-29,2305,dizel,1.084
2020-12-29,2306,KOEL,0.876
2020-12-29,2306,dizel,1.084
2020-12-29,2307,dizel,1.084
2020-12-29,2308,dizel,1.084
2020-12-29,2309,dizel,1.084
2020-12-29,2310,dizel,1.084
2020-12-29,2319,KOEL,0.873
2020-12-29,2319,dizel,1.085
2020-12-30,767,KOEL,0.874
2020-12-30,768,dizel,1.109
2020-12-30,768,dizel-premium,1.349
2020-12-30,771,KOEL,0.874
2020-12-30,773,KOEL,0.874
2020-12-30,776,KOEL,0.874
2020-12-30,777,dizel,1.129
2020-12-30,777,dizel-premium,1.359
2020-12-30,778,dizel,1.129
2020-12-30,778,dizel-premium,1.359
2020-12-30,779,KOEL,0.874
2020-12-30,780,KOEL,0.874
2020-12-30,781,dizel,1.129
2020-12-30,781,dizel-premium,1.359
2020-12-30,782,dizel,1.129
2020-12-30,782,dizel-premium,1.359
2020-12-30,783,KOEL,0.874
2020-12-30,790,dizel,1.129
2020-12-30,790,dizel-premium,1.359
2020-12-30,791,dizel,1.129
2020-12-30,791,dizel-premium,1.359
2020-12-30,792,KOEL,0.874
2020-12-30,793,dizel,1.129
2020-12-30,793,dizel-premium,1.359
2020-12-30,796,dizel,1.129
2020-12-30,796,dizel-premium,1.359
2020-12-30,797,KOEL,0.874
2020-12-30,799,KOEL,0.874
2020-12-30,803,KOEL,0.874
2020-12-30,804,dizel,1.109
2020-12-30,804,dizel-premium,1.349
2020-12-30,805,KOEL,0.874
2020-12-30,805,dizel,1.109
2020-12-30,805,dizel-premium,1.349
2020-12-30,807,KOEL,0.874
2020-12-30,810,KOEL,0.874
2020-12-30,814,KOEL,0.874
2020-12-30,815,KOEL,0.874
2020-12-30,821,KOEL,0.874
2020-12-30,823,dizel,1.129
2020-12-30,823,dizel-premium,1.359
2020-12-30,826,KOEL,0.874
2020-12-30,828,dizel,1.129
2020-12-30,828,dizel-premium,1.359
2020-12-30,829,KOEL,0.874
2020-12-30,831,KOEL,0.874
2020-12-30,834,KOEL,0.874
2020-12-30,835,KOEL,0.874
2020-12-30,837,dizel,1.129
2020-12-30,837,dizel-premium,1.359
2020-12-30,838,KOEL,0.874
2020-12-30,842,KOEL,0.874
2020-12-30,843,KOEL,0.874
2020-12-30,844,dizel,1.129
2020-12-30,844,dizel-premium,1.359
2020-12-30,845,dizel,1.129
2020-12-30,845,dizel-premium,1.359
2020-12-30,846,KOEL,0.874
2020-12-30,847,dizel,1.129
2020-12-30,847,dizel-premium,1.359
2020-12-30,848,dizel,1.129
2020-12-30,848,dizel-premium,1.359
2020-12-30,855,KOEL,0.874
2020-12-30,858,KOEL,0.874
2020-12-30,860,KOEL,0.874
2020-12-30,861,dizel,1.129
2020-12-30,861,dizel-premium,1.359
2020-12-30,862,KOEL,0.874
2020-12-30,863,KOEL,0.874
2020-12-30,863,dizel,1.109
2020-12-30,864,dizel,1.109
2020-12-30,865,KOEL,0.874
2020-12-30,869,KOEL,0.874
2020-12-30,871,KOEL,0.874
2020-12-30,874,KOEL,0.874
2020-12-30,875,KOEL,0.874
2020-12-30,2258,dizel,1.090
2020-12-30,2259,dizel,1.090
2020-12-30,2260,dizel,1.090
2020-12-30,2261,dizel,1.090
2020-12-30,2262,dizel,1.090
2020-12-30,2263,dizel,1.090
2020-12-30,2264,dizel,1.090
2020-12-30,2265,dizel,1.090
2020-12-30,2266,95,1.017
2020-12-30,2266,dizel,1.090
2020-12-30,2267,100,1.146
2020-12-30,2267,95,1.012
2020-12-30,2267,KOEL,0.873
2020-12-30,2267,dizel,1.083
2020-12-30,2273,dizel,1.085
2020-12-30,2274,dizel,1.085
2020-12-30,2275,dizel,1.085
2020-12-30,2276,dizel,1.085
2020-12-30,2297,95,0.984
2020-12-30,2297,KOEL,0.825
2020-12-30,2297,dizel,1.085
2020-12-30,2299,95,0.984
2020-12-30,2299,KOEL,0.875
2020-12-30,2299,dizel,1.085
2020-12-30,2312,dizel,1.025
2020-12-30,2314,95,0.999
2020-12-30,2314,dizel,1.065
2020-12-30,2315,95,1.014
2020-12-30,2315,dizel,1.085
2020-12-30,2316,95,1.014
2020-12-30,2316,dizel,1.085
2020-12-30,2317,95,1.014
2020-12-30,2317,dizel,1.085
2020-12-30,2320,KOEL,0.875
2020-12-30,2320,dizel,1.085
2020-12-30,2322,dizel,1.041
2020-12-31,1548,dizel,1.087
2020-12-31,1548,dizel-premium,1.249
2020-12-31,1549,dizel,1.087
2020-12-31,1549,dizel-premium,1.249
2020-12-31,1550,dizel,1.087
2020-12-31,1550,dizel-premium,1.249
2020-12-31,1551,dizel,1.087
2020-12-31,1551,dizel-premium,1.249
2020-12-31,1552,dizel,1.087
2020-12-31,1552,dizel-premium,1.249
2020-12-31,1553,dizel,1.087
2020-12-31,1554,dizel,1.087
2020-12-31,1554,dizel-premium,1.249
2020-12-31,1555,dizel,1.087
2020-12-31,1555,dizel-premium,1.249
2020-12-31,1556,dizel,1.087
2020-12-31,1556,dizel-premium,1.249
2020-12-31,1557,dizel,1.087
2020-12-31,1557,dizel-premium,1.249
2020-12-31,1558,dizel,1.087
2020-12-31,1558,dizel-premium,1.249
2020-12-31,1559,dizel-premium,1.349
2020-12-31,1560,dizel,1.087
2020-12-31,1561,KOEL,0.875
2020-12-31,1561,dizel,1.087
2020-12-31,1562,dizel,1.087
2020-12-31,1563,dizel,1.087
2020-12-31,1564,dizel,1.087
2020-12-31,1564,dizel-premium,1.249
2020-12-31,1565,dizel,1.087
2020-12-31,1566,dizel,1.087
2020-12-31,1567,dizel,1.087
2020-12-31,1568,dizel-premium,1.349
2020-12-31,1569,dizel,1.087
2020-12-31,1570,dizel,1.087
2020-12-31,1571,dizel,1.087
2020-12-31,1572,dizel,1.087
2020-12-31,1573,dizel,1.087
2020-12-31,1574,dizel,1.087
2020-12-31,1575,dizel,1.087
2020-12-31,1576,dizel,1.087
2020-12-31,1577,dizel,1.087
2020-12-31,1578,dizel,1.087
2020-12-31,1579,dizel,1.087
2020-12-31,1580,dizel,1.087
2020-12-31,1581,dizel,1.087
2020-12-31,1582,KOEL,0.875
2020-12-31,1582,dizel,1.087
2020-12-31,1583,KOEL,0.875
2020-12-31,1583,dizel,1.087
2020-12-31,1584,KOEL,0.875
2020-12-31,1584,dizel,1.087
2020-12-31,1585,dizel,1.087
2020-12-31,1585,dizel-premium,1.249
2020-12-31,1586,KOEL,0.875
2020-12-31,1586,dizel,1.087
2020-12-31,1587,KOEL,0.875
2020-12-31,1587,dizel,1.087
2020-12-31,1588,KOEL,0.875
2020-12-31,1588,dizel,1.087
2020-12-31,1588,dizel-premium,1.249
2020-12-31,1589,dizel,1.087
2020-12-31,1589,dizel-premium,1.249
2020-12-31,1590,dizel,1.087
2020-12-31,1591,dizel,1.087
2020-12-31,1592,KOEL,0.875
2020-12-31,1592,dizel,1.087
2020-12-31,1593,dizel,1.087
2020-12-31,2234,dizel,1.087
2020-12-31,2234,dizel-premium,1.249
2020-12-31,2235,dizel,1.087
2020-12-31,2235,dizel-premium,1.249
2020-12-31,2283,KOEL,0.875
2020-12-31,2283,dizel,1.087
2020-12-31,2283,dizel-premium,1.249
2020-12-31,2284,KOEL,0.875
2020-12-31,2284,dizel,1.087
2020-12-31,2284,dizel-premium,1.249
2020-12-31,2285,KOEL,0.875
2020-12-31,2285,dizel,1.087
2020-12-31,2285,dizel-premium,1.249
2020-12-31,2286,KOEL,0.875
2020-12-31,2286,dizel,1.087
2020-12-31,2286,dizel-premium,1.249
2020-12-31,2287,KOEL,0.875
2020-12-31,2287,dizel,1.087
2020-12-31,2287,dizel-premium,1.249
2020-12-31,2314,KOEL,0.872
2020-12-31,2321,KOEL,0.875
2020-12-31,2321,dizel,1.085
